[
  {
    "Type": "StructProperty",
    "Name": "UberGraphFrame",
    "Outer": "Apollo_WoodMines_Archway_C",
    "Class": "UScriptClass'StructProperty'",
    "PropertyFlags": "Transient | DuplicateTransient",
    "Struct": {
      "ObjectName": "ScriptStruct'PointerToUberGraphFrame'",
      "ObjectPath": "/Script/Engine"
    }
  },
  {
    "Type": "BlueprintGeneratedClass",
    "Name": "Apollo_WoodMines_Archway_C",
    "Class": "UScriptClass'BlueprintGeneratedClass'",
    "Super": {
      "ObjectName": "BlueprintGeneratedClass'Parent_BuildingWall_C'",
      "ObjectPath": "FortniteGame/Content/Building/ActorBlueprints/Wall/Parent_BuildingWall.1"
    },
    "Properties": {
      "SimpleConstructionScript": {
        "ObjectName": "SimpleConstructionScript'Apollo_WoodMines_Archway_C:SimpleConstructionScript_125__5D28889F'",
        "ObjectPath": "FortniteGame/Content/Athena/Apollo/Environments/BuildingActors/Wood/Bridges/Apollo_WoodMines_Archway.12"
      },
      "UberGraphFramePointerProperty": {
        "ObjectName": "StructProperty'Apollo_WoodMines_Archway_C:UberGraphFrame'",
        "ObjectPath": "FortniteGame/Content/Athena/Apollo/Environments/BuildingActors/Wood/Bridges/Apollo_WoodMines_Archway.0"
      },
      "UberGraphFunction": {
        "ObjectName": "Function'Apollo_WoodMines_Archway_C:ExecuteUbergraph_Apollo_WoodMines_Archway'",
        "ObjectPath": "FortniteGame/Content/Athena/Apollo/Environments/BuildingActors/Wood/Bridges/Apollo_WoodMines_Archway.7"
      }
    },
    "SuperStruct": {
      "ObjectName": "BlueprintGeneratedClass'Parent_BuildingWall_C'",
      "ObjectPath": "FortniteGame/Content/Building/ActorBlueprints/Wall/Parent_BuildingWall.1"
    },
    "Children": [
      {
        "ObjectName": "StructProperty'Apollo_WoodMines_Archway_C:UberGraphFrame'",
        "ObjectPath": "FortniteGame/Content/Athena/Apollo/Environments/BuildingActors/Wood/Bridges/Apollo_WoodMines_Archway.0"
      },
      {
        "ObjectName": "Function'Apollo_WoodMines_Archway_C:ReceiveBeginPlay'",
        "ObjectPath": "FortniteGame/Content/Athena/Apollo/Environments/BuildingActors/Wood/Bridges/Apollo_WoodMines_Archway.8"
      },
      {
        "ObjectName": "Function'Apollo_WoodMines_Archway_C:ExecuteUbergraph_Apollo_WoodMines_Archway'",
        "ObjectPath": "FortniteGame/Content/Athena/Apollo/Environments/BuildingActors/Wood/Bridges/Apollo_WoodMines_Archway.7"
      },
      {
        "ObjectName": "ObjectProperty'Apollo_WoodMines_Archway_C:WoodCreakSound'",
        "ObjectPath": "FortniteGame/Content/Athena/Apollo/Environments/BuildingActors/Wood/Bridges/Apollo_WoodMines_Archway.5"
      },
      {
        "ObjectName": "BoolProperty'Apollo_WoodMines_Archway_C:PlayCreakSound'",
        "ObjectPath": "FortniteGame/Content/Athena/Apollo/Environments/BuildingActors/Wood/Bridges/Apollo_WoodMines_Archway.4"
      }
    ],
    "ClassFlags": "CLASS_MinimalAPI",
    "ClassWithin": null,
    "ClassConfigName": "/Game/AI/HotSpots/BuildingActorHotSpot_Arch_589823",
    "ClassGeneratedBy": null
  },
  {
    "Type": "Apollo_WoodMines_Archway_C",
    "Name": "Default__Apollo_WoodMines_Archway_C",
    "Class": "BlueprintGeneratedClass'FortniteGame/Content/Athena/Apollo/Environments/BuildingActors/Wood/Bridges/Apollo_WoodMines_Archway.Apollo_WoodMines_Archway_C'",
    "Template": {
      "ObjectName": "Parent_BuildingWall_C'Default__Parent_BuildingWall_C'",
      "ObjectPath": "FortniteGame/Content/Building/ActorBlueprints/Wall/Parent_BuildingWall.2"
    },
    "Properties": {
      "UberGraphFrame": {},
      "PlayCreakSound": true,
      "StaticMesh": {
        "ObjectName": "StaticMesh'Apollo_WoodMines_Archway'",
        "ObjectPath": "FortniteGame/Content/Environments/Apollo/Wood/Bridges/Meshes/Apollo_WoodMines_Archway.1"
      },
      "ResourceType": "EFortResourceType::Wood",
      "StaticMeshComponent": {
        "ObjectName": "StaticMeshComponent'Default__Apollo_WoodMines_Archway_C:StaticMeshComponent0'",
        "ObjectPath": "FortniteGame/Content/Athena/Apollo/Environments/BuildingActors/Wood/Bridges/Apollo_WoodMines_Archway.13"
      },
      "BuildingResourceAmountOverride": {
        "CurveTable": {
          "ObjectName": "CurveTable'AthenaResourceRates'",
          "ObjectPath": "FortniteGame/Content/Athena/Balance/DataTables/AthenaResourceRates.0"
        },
        "RowName": "LDBuildingNormal"
      },
      "EditModePatternData": {
        "ObjectName": "BuildingEditModeMetadata_Wall'EMP_Wall_Archway'",
        "ObjectPath": "FortniteGame/Content/Building/EditModePatterns/Wall/EMP_Wall_Archway.0"
      },
      "AreaClass": {
        "AssetPathName": "/Game/Building/NavigationAreas/FortMetaNavWallAreaDef.FortMetaNavWallAreaDef_C",
        "SubPathString": ""
      },
      "CurrentBuildingLevel": 1,
      "AttributeInitKeys": {
        "AttributeInitCategory": "BuildingWood",
        "AttributeInitSubCategory": "2"
      },
      "AttributeInitKeys": {
        "AttributeInitCategory": "BuildingWood",
        "AttributeInitSubCategory": "2"
      },
      "bDestroyOnPlayerBuildingPlacement": true,
      "HotSpotConfig": {
        "ObjectName": "BuildingActorHotSpotConfig'BuildingActorHotSpot_Arch'",
        "ObjectPath": "FortniteGame/Content/AI/HotSpots/BuildingActorHotSpot_Arch.0"
      },
      "RootComponent": {
        "ObjectName": "StaticMeshComponent'Default__Apollo_WoodMines_Archway_C:StaticMeshComponent0'",
        "ObjectPath": "FortniteGame/Content/Athena/Apollo/Environments/BuildingActors/Wood/Bridges/Apollo_WoodMines_Archway.13"
      }
    }
  },
  {
    "Type": "AudioComponent",
    "Name": "AudioComponent_2__5D67AF7F",
    "Outer": "Apollo_WoodMines_Archway_C",
    "Class": "UScriptClass'AudioComponent'",
    "Properties": {
      "Sound": {
        "ObjectName": "SoundCue'Wood_Creak_Medium_Loop_Cue'",
        "ObjectPath": "FortniteGame/Content/Sounds/Fort_Ambient_NonLoop/Wood/Wood_Creak_Medium_Loop_Cue.0"
      },
      "RelativeLocation": {
        "X": 0.0,
        "Y": 0.0,
        "Z": 233.34966
      },
      "bAutoActivate": false
    }
  },
  {
    "Type": "BoolProperty",
    "Name": "PlayCreakSound",
    "Outer": "Apollo_WoodMines_Archway_C",
    "Class": "UScriptClass'BoolProperty'",
    "PropertyFlags": "Edit | BlueprintVisible",
    "BoolSize": 1,
    "bIsNativeBool": true
  },
  {
    "Type": "ObjectProperty",
    "Name": "WoodCreakSound",
    "Outer": "Apollo_WoodMines_Archway_C",
    "Class": "UScriptClass'ObjectProperty'",
    "PropertyFlags": "BlueprintVisible | InstancedReference | NonTransactional",
    "PropertyClass": {
      "ObjectName": "Class'AudioComponent'",
      "ObjectPath": "/Script/Engine"
    }
  },
  {
    "Type": "IntProperty",
    "Name": "EntryPoint",
    "Outer": "ExecuteUbergraph_Apollo_WoodMines_Archway",
    "Class": "UScriptClass'IntProperty'",
    "PropertyFlags": "BlueprintVisible | BlueprintReadOnly | Parm"
  },
  {
    "Type": "Function",
    "Name": "ExecuteUbergraph_Apollo_WoodMines_Archway",
    "Outer": "Apollo_WoodMines_Archway_C",
    "Class": "UScriptClass'Function'",
    "Children": [
      {
        "ObjectName": "IntProperty'Apollo_WoodMines_Archway_C:ExecuteUbergraph_Apollo_WoodMines_Archway.EntryPoint'",
        "ObjectPath": "FortniteGame/Content/Athena/Apollo/Environments/BuildingActors/Wood/Bridges/Apollo_WoodMines_Archway.6"
      }
    ],
    "FunctionFlags": "FUNC_None"
  },
  {
    "Type": "Function",
    "Name": "ReceiveBeginPlay",
    "Outer": "Apollo_WoodMines_Archway_C",
    "Class": "UScriptClass'Function'",
    "SuperStruct": {
      "ObjectName": "Function'Actor:ReceiveBeginPlay'",
      "ObjectPath": "/Script/Engine"
    },
    "FunctionFlags": "FUNC_None"
  },
  {
    "Type": "SceneComponent",
    "Name": "SceneComponent_83",
    "Outer": "Apollo_WoodMines_Archway_C",
    "Class": "UScriptClass'SceneComponent'"
  },
  {
    "Type": "SCS_Node",
    "Name": "SCS_Node_97",
    "Outer": "SimpleConstructionScript_125__5D28889F",
    "Class": "UScriptClass'SCS_Node'",
    "Properties": {
      "ComponentClass": {
        "ObjectName": "Class'SceneComponent'",
        "ObjectPath": "/Script/Engine"
      },
      "ComponentTemplate": {
        "ObjectName": "SceneComponent'Apollo_WoodMines_Archway_C:SceneComponent_83'",
        "ObjectPath": "FortniteGame/Content/Athena/Apollo/Environments/BuildingActors/Wood/Bridges/Apollo_WoodMines_Archway.9"
      },
      "VariableGuid": "56BC9799-C494E6E6-321D4295-7D5EB316",
      "InternalVariableName": "DefaultSceneRoot"
    }
  },
  {
    "Type": "SCS_Node",
    "Name": "SCS_Node_99",
    "Outer": "SimpleConstructionScript_125__5D28889F",
    "Class": "UScriptClass'SCS_Node'",
    "Properties": {
      "ComponentClass": {
        "ObjectName": "Class'AudioComponent'",
        "ObjectPath": "/Script/Engine"
      },
      "ComponentTemplate": {
        "ObjectName": "AudioComponent'Apollo_WoodMines_Archway_C:AudioComponent_2__5D67AF7F'",
        "ObjectPath": "FortniteGame/Content/Athena/Apollo/Environments/BuildingActors/Wood/Bridges/Apollo_WoodMines_Archway.3"
      },
      "ParentComponentOrVariableName": "StaticMeshComponent0",
      "bIsParentComponentNative": true,
      "VariableGuid": "49EE9039-849D76A7-8AB308C7-2230D777",
      "InternalVariableName": "WoodCreakSound"
    }
  },
  {
    "Type": "SimpleConstructionScript",
    "Name": "SimpleConstructionScript_125__5D28889F",
    "Outer": "Apollo_WoodMines_Archway_C",
    "Class": "UScriptClass'SimpleConstructionScript'",
    "Properties": {
      "RootNodes": [
        {
          "ObjectName": "SCS_Node'Apollo_WoodMines_Archway_C:SimpleConstructionScript_125__5D28889F.SCS_Node_99'",
          "ObjectPath": "FortniteGame/Content/Athena/Apollo/Environments/BuildingActors/Wood/Bridges/Apollo_WoodMines_Archway.11"
        }
      ],
      "AllNodes": [
        {
          "ObjectName": "SCS_Node'Apollo_WoodMines_Archway_C:SimpleConstructionScript_125__5D28889F.SCS_Node_99'",
          "ObjectPath": "FortniteGame/Content/Athena/Apollo/Environments/BuildingActors/Wood/Bridges/Apollo_WoodMines_Archway.11"
        }
      ],
      "DefaultSceneRootNode": {
        "ObjectName": "SCS_Node'Apollo_WoodMines_Archway_C:SimpleConstructionScript_125__5D28889F.SCS_Node_97'",
        "ObjectPath": "FortniteGame/Content/Athena/Apollo/Environments/BuildingActors/Wood/Bridges/Apollo_WoodMines_Archway.10"
      }
    }
  },
  {
    "Type": "StaticMeshComponent",
    "Name": "StaticMeshComponent0",
    "Outer": "Default__Apollo_WoodMines_Archway_C",
    "Class": "UScriptClass'StaticMeshComponent'",
    "Template": {
      "ObjectName": "StaticMeshComponent'Default__Parent_BuildingWall_C:StaticMeshComponent0'",
      "ObjectPath": "FortniteGame/Content/Building/ActorBlueprints/Wall/Parent_BuildingWall.6"
    },
    "Properties": {
      "StaticMesh": {
        "ObjectName": "StaticMesh'Apollo_WoodMines_Archway'",
        "ObjectPath": "FortniteGame/Content/Environments/Apollo/Wood/Bridges/Meshes/Apollo_WoodMines_Archway.1"
      },
      "BodyInstance": {
        "bAutoWeld": false
      }
    }
  }
]