[
  {
    "Type": "BodySetup",
    "Name": "BodySetup_1",
    "Outer": "BridgeGirder_A",
    "Class": "UScriptClass'BodySetup'",
    "Properties": {
      "AggGeom": {
        "ConvexElems": [
          {
            "VertexData": [
              {
                "X": -256.0,
                "Y": 40.0,
                "Z": -2.4492936E-15
              },
              {
                "X": 256.0,
                "Y": 40.0,
                "Z": -2.4492936E-15
              },
              {
                "X": -256.0,
                "Y": -40.0,
                "Z": 2.4492936E-15
              },
              {
                "X": 256.0,
                "Y": -40.0,
                "Z": 2.4492936E-15
              },
              {
                "X": -256.0,
                "Y": 40.0,
                "Z": 24.0
              },
              {
                "X": 256.0,
                "Y": 40.0,
                "Z": 24.0
              },
              {
                "X": -256.0,
                "Y": -40.0,
                "Z": 24.0
              },
              {
                "X": 256.0,
                "Y": -40.0,
                "Z": 24.0
              }
            ],
            "ElemBox": {
              "Min": {
                "X": -256.0,
                "Y": -40.0,
                "Z": -2.4492936E-15
              },
              "Max": {
                "X": 256.0,
                "Y": 40.0,
                "Z": 24.0
              },
              "IsValid": 1
            },
            "Transform": {
              "Rotation": {
                "X": 0.0,
                "Y": 0.0,
                "Z": 0.0,
                "W": 1.0,
                "IsNormalized": true,
                "Size": 1.0,
                "SizeSquared": 1.0
              },
              "Translation": {
                "X": 0.0,
                "Y": 0.0,
                "Z": 0.0
              },
              "Scale3D": {
                "X": 1.0,
                "Y": 1.0,
                "Z": 1.0
              }
            },
            "RestOffset": 0.0,
            "Name": "None",
            "bContributeToMass": true
          },
          {
            "VertexData": [
              {
                "X": -256.0,
                "Y": 40.000015,
                "Z": 320.0
              },
              {
                "X": 256.0,
                "Y": 40.000015,
                "Z": 320.0
              },
              {
                "X": -256.0,
                "Y": -39.999985,
                "Z": 320.0
              },
              {
                "X": 256.0,
                "Y": -39.999985,
                "Z": 320.0
              },
              {
                "X": -256.0,
                "Y": 40.000015,
                "Z": 384.0
              },
              {
                "X": 256.0,
                "Y": 40.000015,
                "Z": 384.0
              },
              {
                "X": -256.0,
                "Y": -39.999985,
                "Z": 384.0
              },
              {
                "X": 256.0,
                "Y": -39.999985,
                "Z": 384.0
              }
            ],
            "ElemBox": {
              "Min": {
                "X": -256.0,
                "Y": -39.999985,
                "Z": 320.0
              },
              "Max": {
                "X": 256.0,
                "Y": 40.000015,
                "Z": 384.0
              },
              "IsValid": 1
            },
            "Transform": {
              "Rotation": {
                "X": 0.0,
                "Y": 0.0,
                "Z": 0.0,
                "W": 1.0,
                "IsNormalized": true,
                "Size": 1.0,
                "SizeSquared": 1.0
              },
              "Translation": {
                "X": 0.0,
                "Y": 0.0,
                "Z": 0.0
              },
              "Scale3D": {
                "X": 1.0,
                "Y": 1.0,
                "Z": 1.0
              }
            },
            "RestOffset": 0.0,
            "Name": "None",
            "bContributeToMass": true
          },
          {
            "VertexData": [
              {
                "X": -256.0,
                "Y": 40.0,
                "Z": 24.0
              },
              {
                "X": -208.0,
                "Y": 40.0,
                "Z": 24.0
              },
              {
                "X": -256.0,
                "Y": -40.0,
                "Z": 24.0
              },
              {
                "X": -208.0,
                "Y": -40.0,
                "Z": 24.0
              },
              {
                "X": -256.0,
                "Y": 40.00001,
                "Z": 320.0
              },
              {
                "X": -208.0,
                "Y": 40.00001,
                "Z": 320.0
              },
              {
                "X": -256.0,
                "Y": -39.99999,
                "Z": 320.0
              },
              {
                "X": -208.0,
                "Y": -39.99999,
                "Z": 320.0
              }
            ],
            "ElemBox": {
              "Min": {
                "X": -256.0,
                "Y": -40.0,
                "Z": 24.0
              },
              "Max": {
                "X": -208.0,
                "Y": 40.00001,
                "Z": 320.0
              },
              "IsValid": 1
            },
            "Transform": {
              "Rotation": {
                "X": 0.0,
                "Y": 0.0,
                "Z": 0.0,
                "W": 1.0,
                "IsNormalized": true,
                "Size": 1.0,
                "SizeSquared": 1.0
              },
              "Translation": {
                "X": 0.0,
                "Y": 0.0,
                "Z": 0.0
              },
              "Scale3D": {
                "X": 1.0,
                "Y": 1.0,
                "Z": 1.0
              }
            },
            "RestOffset": 0.0,
            "Name": "None",
            "bContributeToMass": true
          },
          {
            "VertexData": [
              {
                "X": 208.0,
                "Y": 40.0,
                "Z": 24.0
              },
              {
                "X": 256.0,
                "Y": 40.0,
                "Z": 24.0
              },
              {
                "X": 208.0,
                "Y": -40.0,
                "Z": 24.0
              },
              {
                "X": 256.0,
                "Y": -40.0,
                "Z": 24.0
              },
              {
                "X": 208.0,
                "Y": 40.00001,
                "Z": 320.0
              },
              {
                "X": 256.0,
                "Y": 40.00001,
                "Z": 320.0
              },
              {
                "X": 208.0,
                "Y": -39.99999,
                "Z": 320.0
              },
              {
                "X": 256.0,
                "Y": -39.99999,
                "Z": 320.0
              }
            ],
            "ElemBox": {
              "Min": {
                "X": 208.0,
                "Y": -40.0,
                "Z": 24.0
              },
              "Max": {
                "X": 256.0,
                "Y": 40.00001,
                "Z": 320.0
              },
              "IsValid": 1
            },
            "Transform": {
              "Rotation": {
                "X": 0.0,
                "Y": 0.0,
                "Z": 0.0,
                "W": 1.0,
                "IsNormalized": true,
                "Size": 1.0,
                "SizeSquared": 1.0
              },
              "Translation": {
                "X": 0.0,
                "Y": 0.0,
                "Z": 0.0
              },
              "Scale3D": {
                "X": 1.0,
                "Y": 1.0,
                "Z": 1.0
              }
            },
            "RestOffset": 0.0,
            "Name": "None",
            "bContributeToMass": true
          },
          {
            "VertexData": [
              {
                "X": -8.0,
                "Y": 40.0,
                "Z": 24.0
              },
              {
                "X": 40.0,
                "Y": 40.0,
                "Z": 24.0
              },
              {
                "X": -8.0,
                "Y": -40.0,
                "Z": 24.0
              },
              {
                "X": 40.0,
                "Y": -40.0,
                "Z": 24.0
              },
              {
                "X": 176.0,
                "Y": 40.00001,
                "Z": 340.0
              },
              {
                "X": 224.0,
                "Y": 40.00001,
                "Z": 316.0
              },
              {
                "X": 176.0,
                "Y": -39.99999,
                "Z": 340.0
              },
              {
                "X": 224.0,
                "Y": -39.99999,
                "Z": 316.0
              }
            ],
            "ElemBox": {
              "Min": {
                "X": -8.0,
                "Y": -40.0,
                "Z": 24.0
              },
              "Max": {
                "X": 224.0,
                "Y": 40.00001,
                "Z": 340.0
              },
              "IsValid": 1
            },
            "Transform": {
              "Rotation": {
                "X": 0.0,
                "Y": 0.0,
                "Z": 0.0,
                "W": 1.0,
                "IsNormalized": true,
                "Size": 1.0,
                "SizeSquared": 1.0
              },
              "Translation": {
                "X": 0.0,
                "Y": 0.0,
                "Z": 0.0
              },
              "Scale3D": {
                "X": 1.0,
                "Y": 1.0,
                "Z": 1.0
              }
            },
            "RestOffset": 0.0,
            "Name": "None",
            "bContributeToMass": true
          }
        ]
      },
      "DefaultInstance": {
        "ObjectType": "ECC_WorldStatic",
        "CollisionEnabled": "ECollisionEnabled::QueryOnly",
        "CollisionProfileName": "BlockAll",
        "CollisionResponses": {
          "ResponseArray": [
            {
              "Channel": "FCC_Trace_WeaponCapsule",
              "Response": "ECR_Block"
            },
            {
              "Channel": "FCC_Object_PawnAI",
              "Response": "ECR_Block"
            },
            {
              "Channel": "FCC_Trace_WeaponMulti",
              "Response": "ECR_Block"
            },
            {
              "Channel": "FCC_Trace_Weapon",
              "Response": "ECR_Block"
            },
            {
              "Channel": "FCC_Object_Projectile",
              "Response": "ECR_Block"
            },
            {
              "Channel": "FCC_Object_ProjectileIgnoreAI",
              "Response": "ECR_Block"
            },
            {
              "Channel": "FCC_Object_ProjectileMesh",
              "Response": "ECR_Block"
            },
            {
              "Channel": "FCC_Object_SpectatorDroneCamera",
              "Response": "ECR_Block"
            },
            {
              "Channel": "FCC_Trace_WeaponPawnAndWorldMulti",
              "Response": "ECR_Block"
            }
          ]
        }
      }
    },
    "BodySetupGuid": "F92661E14445769E5F69DAB104FA11C6",
    "CookedFormatData": {
      "PhysXPC": {
        "BulkDataFlags": "BULKDATA_SingleUse | BULKDATA_ForceInlinePayload",
        "ElementCount": 18331,
        "SizeOnDisk": 18331,
        "OffsetInFile": "0xE80F"
      }
    }
  },
  {
    "Type": "StaticMesh",
    "Name": "BridgeGirder_A",
    "Class": "UScriptClass'StaticMesh'",
    "Properties": {
      "MinLOD": {
        "bCooked": true,
        "Default": 0,
        "Value": 0
      },
      "StaticMaterials": [
        {
          "MaterialInterface": {
            "ObjectName": "MaterialInstanceConstant'M_SteelBridge1'",
            "ObjectPath": "FortniteGame/Content/Athena/Apollo/Environments/BuildingActors/Bridges/Walls/Materials/M_SteelBridge1.0"
          },
          "MaterialSlotName": "Steel_Bridge1",
          "ImportedMaterialSlotName": "Steel_Bridge1",
          "UVChannelData": {
            "bInitialized": true,
            "bOverrideDensities": false,
            "LocalUVDensities": 857.1505,
            "LocalUVDensities": 0.0,
            "LocalUVDensities": 0.0,
            "LocalUVDensities": 0.0
          }
        }
      ],
      "LightMapResolution": 64,
      "LightMapCoordinateIndex": 1,
      "DistanceFieldSelfShadowBias": 100.0,
      "LODForCollision": 2,
      "Sockets": [
        {
          "ObjectName": "StaticMeshSocket'BridgeGirder_A:StaticMeshSocket_0'",
          "ObjectPath": "FortniteGame/Content/Athena/Apollo/Environments/BuildingActors/Bridges/Walls/Meshes/BridgeGirder_A.2"
        }
      ],
      "ExtendedBounds": {
        "Origin": {
          "X": 0.0,
          "Y": 0.0,
          "Z": 192.84091
        },
        "BoxExtent": {
          "X": 256.0,
          "Y": 30.19613,
          "Z": 192.965
        },
        "SphereRadius": 320.63812
      }
    },
    "BodySetup": {
      "ObjectName": "BodySetup'BridgeGirder_A:BodySetup_1'",
      "ObjectPath": "FortniteGame/Content/Athena/Apollo/Environments/BuildingActors/Bridges/Walls/Meshes/BridgeGirder_A.0"
    },
    "NavCollision": null,
    "LightingGuid": "9C6229F5-42627E7C-B8E94DA5-4809669C",
    "RenderData": null
  },
  {
    "Type": "StaticMeshSocket",
    "Name": "StaticMeshSocket_0",
    "Outer": "BridgeGirder_A",
    "Class": "UScriptClass'StaticMeshSocket'",
    "Properties": {
      "SocketName": "DeathParticle",
      "RelativeLocation": {
        "X": 88.0,
        "Y": 0.0,
        "Z": 130.0
      }
    }
  }
]