[
  {
    "Type": "BodySetup",
    "Name": "BodySetup_1",
    "Outer": "BridgeGirder_A3",
    "Class": "UScriptClass'BodySetup'",
    "Properties": {
      "AggGeom": {
        "ConvexElems": [
          {
            "VertexData": [
              {
                "X": -256.0,
                "Y": 26.278816,
                "Z": 184.88257
              },
              {
                "X": 256.0,
                "Y": 26.278816,
                "Z": 184.88257
              },
              {
                "X": -256.0,
                "Y": -26.278816,
                "Z": 184.88257
              },
              {
                "X": 256.0,
                "Y": -26.278816,
                "Z": 184.88257
              },
              {
                "X": -256.0,
                "Y": 26.278816,
                "Z": 254.77875
              },
              {
                "X": 256.0,
                "Y": 26.278816,
                "Z": 254.77875
              },
              {
                "X": -256.0,
                "Y": -26.278816,
                "Z": 254.77875
              },
              {
                "X": 256.0,
                "Y": -26.278816,
                "Z": 254.77875
              }
            ],
            "ElemBox": {
              "Min": {
                "X": -256.0,
                "Y": -26.278816,
                "Z": 184.88257
              },
              "Max": {
                "X": 256.0,
                "Y": 26.278816,
                "Z": 254.77875
              },
              "IsValid": 1
            },
            "Transform": {
              "Rotation": {
                "X": 0.0,
                "Y": 0.0,
                "Z": 0.0,
                "W": 1.0,
                "IsNormalized": true,
                "Size": 1.0,
                "SizeSquared": 1.0
              },
              "Translation": {
                "X": 0.0,
                "Y": 0.0,
                "Z": 0.0
              },
              "Scale3D": {
                "X": 1.0,
                "Y": 1.0,
                "Z": 1.0
              }
            },
            "RestOffset": 0.0,
            "Name": "None",
            "bContributeToMass": true
          },
          {
            "VertexData": [
              {
                "X": -256.0,
                "Y": 25.67257,
                "Z": -0.0035524368
              },
              {
                "X": 256.0,
                "Y": 25.67257,
                "Z": -0.0035524368
              },
              {
                "X": -256.0,
                "Y": -25.67257,
                "Z": -0.0035524368
              },
              {
                "X": 256.0,
                "Y": -25.67257,
                "Z": -0.0035524368
              },
              {
                "X": -256.0,
                "Y": 25.67257,
                "Z": 30.724094
              },
              {
                "X": 256.0,
                "Y": 25.67257,
                "Z": 30.724094
              },
              {
                "X": -256.0,
                "Y": -25.67257,
                "Z": 30.724094
              },
              {
                "X": 256.0,
                "Y": -25.67257,
                "Z": 30.724094
              }
            ],
            "ElemBox": {
              "Min": {
                "X": -256.0,
                "Y": -25.67257,
                "Z": -0.0035524368
              },
              "Max": {
                "X": 256.0,
                "Y": 25.67257,
                "Z": 30.724094
              },
              "IsValid": 1
            },
            "Transform": {
              "Rotation": {
                "X": 0.0,
                "Y": 0.0,
                "Z": 0.0,
                "W": 1.0,
                "IsNormalized": true,
                "Size": 1.0,
                "SizeSquared": 1.0
              },
              "Translation": {
                "X": 0.0,
                "Y": 0.0,
                "Z": 0.0
              },
              "Scale3D": {
                "X": 1.0,
                "Y": 1.0,
                "Z": 1.0
              }
            },
            "RestOffset": 0.0,
            "Name": "None",
            "bContributeToMass": true
          },
          {
            "VertexData": [
              {
                "X": 219.82733,
                "Y": 21.093172,
                "Z": -0.0008468628
              },
              {
                "X": 256.0,
                "Y": 21.093172,
                "Z": -0.0008468628
              },
              {
                "X": 219.82733,
                "Y": -21.093172,
                "Z": -0.0008468628
              },
              {
                "X": 256.0,
                "Y": -21.093172,
                "Z": -0.0008468628
              },
              {
                "X": 219.82733,
                "Y": 21.093172,
                "Z": 195.1442
              },
              {
                "X": 256.0,
                "Y": 21.093172,
                "Z": 195.1442
              },
              {
                "X": 219.82733,
                "Y": -21.093172,
                "Z": 195.1442
              },
              {
                "X": 256.0,
                "Y": -21.093172,
                "Z": 195.1442
              }
            ],
            "ElemBox": {
              "Min": {
                "X": 219.82733,
                "Y": -21.093172,
                "Z": -0.0008468628
              },
              "Max": {
                "X": 256.0,
                "Y": 21.093172,
                "Z": 195.1442
              },
              "IsValid": 1
            },
            "Transform": {
              "Rotation": {
                "X": 0.0,
                "Y": 0.0,
                "Z": 0.0,
                "W": 1.0,
                "IsNormalized": true,
                "Size": 1.0,
                "SizeSquared": 1.0
              },
              "Translation": {
                "X": 0.0,
                "Y": 0.0,
                "Z": 0.0
              },
              "Scale3D": {
                "X": 1.0,
                "Y": 1.0,
                "Z": 1.0
              }
            },
            "RestOffset": 0.0,
            "Name": "None",
            "bContributeToMass": true
          },
          {
            "VertexData": [
              {
                "X": -256.0,
                "Y": 21.093172,
                "Z": -0.0008468628
              },
              {
                "X": -218.60934,
                "Y": 21.093172,
                "Z": -0.0008468628
              },
              {
                "X": -256.0,
                "Y": -21.093172,
                "Z": -0.0008468628
              },
              {
                "X": -218.60934,
                "Y": -21.093172,
                "Z": -0.0008468628
              },
              {
                "X": -256.0,
                "Y": 21.093172,
                "Z": 202.46289
              },
              {
                "X": -218.60934,
                "Y": 21.093172,
                "Z": 202.46289
              },
              {
                "X": -256.0,
                "Y": -21.093172,
                "Z": 202.46289
              },
              {
                "X": -218.60934,
                "Y": -21.093172,
                "Z": 202.46289
              }
            ],
            "ElemBox": {
              "Min": {
                "X": -256.0,
                "Y": -21.093172,
                "Z": -0.0008468628
              },
              "Max": {
                "X": -218.60934,
                "Y": 21.093172,
                "Z": 202.46289
              },
              "IsValid": 1
            },
            "Transform": {
              "Rotation": {
                "X": 0.0,
                "Y": 0.0,
                "Z": 0.0,
                "W": 1.0,
                "IsNormalized": true,
                "Size": 1.0,
                "SizeSquared": 1.0
              },
              "Translation": {
                "X": 0.0,
                "Y": 0.0,
                "Z": 0.0
              },
              "Scale3D": {
                "X": 1.0,
                "Y": 1.0,
                "Z": 1.0
              }
            },
            "RestOffset": 0.0,
            "Name": "None",
            "bContributeToMass": true
          },
          {
            "VertexData": [
              {
                "X": 46.989845,
                "Y": 21.942837,
                "Z": -2.2888184E-05
              },
              {
                "X": 46.989845,
                "Y": -21.942837,
                "Z": -2.2888184E-05
              },
              {
                "X": 127.870094,
                "Y": 21.942837,
                "Z": 186.88638
              },
              {
                "X": 127.870094,
                "Y": -21.942837,
                "Z": 186.88638
              },
              {
                "X": 30.315498,
                "Y": -21.942837,
                "Z": -2.2888184E-05
              },
              {
                "X": 30.315498,
                "Y": 21.942837,
                "Z": -2.2888184E-05
              },
              {
                "X": 82.495384,
                "Y": 21.942837,
                "Z": 186.88638
              },
              {
                "X": 82.49539,
                "Y": -21.942837,
                "Z": 186.88638
              },
              {
                "X": 64.7835,
                "Y": 21.942837,
                "Z": 41.114986
              },
              {
                "X": 64.7835,
                "Y": -21.942837,
                "Z": 41.114986
              },
              {
                "X": 0.0,
                "Y": 21.942837,
                "Z": 19.542732
              },
              {
                "X": 0.0,
                "Y": -21.942837,
                "Z": 19.542732
              },
              {
                "X": 0.0,
                "Y": -21.942837,
                "Z": -2.2888184E-05
              },
              {
                "X": 0.0,
                "Y": 21.942837,
                "Z": -2.2888184E-05
              }
            ],
            "ElemBox": {
              "Min": {
                "X": 0.0,
                "Y": -21.942837,
                "Z": -2.2888184E-05
              },
              "Max": {
                "X": 127.870094,
                "Y": 21.942837,
                "Z": 186.88638
              },
              "IsValid": 1
            },
            "Transform": {
              "Rotation": {
                "X": 0.0,
                "Y": 0.0,
                "Z": 0.0,
                "W": 1.0,
                "IsNormalized": true,
                "Size": 1.0,
                "SizeSquared": 1.0
              },
              "Translation": {
                "X": 0.0,
                "Y": 0.0,
                "Z": 0.0
              },
              "Scale3D": {
                "X": 1.0,
                "Y": 1.0,
                "Z": 1.0
              }
            },
            "RestOffset": 0.0,
            "Name": "None",
            "bContributeToMass": true
          },
          {
            "VertexData": [
              {
                "X": -46.989845,
                "Y": 21.942837,
                "Z": -2.2888184E-05
              },
              {
                "X": -46.989845,
                "Y": -21.942837,
                "Z": -2.2888184E-05
              },
              {
                "X": -127.870094,
                "Y": 21.942837,
                "Z": 186.88638
              },
              {
                "X": -127.870094,
                "Y": -21.942837,
                "Z": 186.88638
              },
              {
                "X": -30.315498,
                "Y": -21.942837,
                "Z": -2.2888184E-05
              },
              {
                "X": -30.315498,
                "Y": 21.942837,
                "Z": -2.2888184E-05
              },
              {
                "X": -82.49539,
                "Y": 21.942837,
                "Z": 186.88638
              },
              {
                "X": -82.495384,
                "Y": -21.942837,
                "Z": 186.88638
              },
              {
                "X": -64.7835,
                "Y": 21.942837,
                "Z": 41.114998
              },
              {
                "X": -64.7835,
                "Y": -21.942837,
                "Z": 41.114986
              },
              {
                "X": 0.0,
                "Y": 21.942837,
                "Z": 19.542732
              },
              {
                "X": 0.0,
                "Y": -21.942837,
                "Z": 19.542732
              },
              {
                "X": 0.0,
                "Y": -21.942837,
                "Z": -2.2888184E-05
              },
              {
                "X": 0.0,
                "Y": 21.942837,
                "Z": -2.2888184E-05
              }
            ],
            "ElemBox": {
              "Min": {
                "X": -127.870094,
                "Y": -21.942837,
                "Z": -2.2888184E-05
              },
              "Max": {
                "X": 0.0,
                "Y": 21.942837,
                "Z": 186.88638
              },
              "IsValid": 1
            },
            "Transform": {
              "Rotation": {
                "X": 0.0,
                "Y": 0.0,
                "Z": 0.0,
                "W": 1.0,
                "IsNormalized": true,
                "Size": 1.0,
                "SizeSquared": 1.0
              },
              "Translation": {
                "X": 0.0,
                "Y": 0.0,
                "Z": 0.0
              },
              "Scale3D": {
                "X": 1.0,
                "Y": 1.0,
                "Z": 1.0
              }
            },
            "RestOffset": 0.0,
            "Name": "None",
            "bContributeToMass": true
          }
        ]
      },
      "DefaultInstance": {
        "ObjectType": "ECC_WorldStatic",
        "CollisionEnabled": "ECollisionEnabled::QueryOnly",
        "CollisionProfileName": "BlockAll",
        "CollisionResponses": {
          "ResponseArray": [
            {
              "Channel": "FCC_Trace_WeaponCapsule",
              "Response": "ECR_Block"
            },
            {
              "Channel": "FCC_Object_PawnAI",
              "Response": "ECR_Block"
            },
            {
              "Channel": "FCC_Trace_WeaponMulti",
              "Response": "ECR_Block"
            },
            {
              "Channel": "FCC_Trace_Weapon",
              "Response": "ECR_Block"
            },
            {
              "Channel": "FCC_Object_Projectile",
              "Response": "ECR_Block"
            },
            {
              "Channel": "FCC_Object_ProjectileIgnoreAI",
              "Response": "ECR_Block"
            },
            {
              "Channel": "FCC_Object_ProjectileMesh",
              "Response": "ECR_Block"
            },
            {
              "Channel": "FCC_Object_SpectatorDroneCamera",
              "Response": "ECR_Block"
            },
            {
              "Channel": "FCC_Trace_WeaponPawnAndWorldMulti",
              "Response": "ECR_Block"
            }
          ]
        }
      }
    },
    "BodySetupGuid": "4D9E4C394B7B305DD0B1798665986BBD",
    "CookedFormatData": {
      "PhysXPC": {
        "BulkDataFlags": "BULKDATA_SingleUse | BULKDATA_ForceInlinePayload",
        "ElementCount": 16535,
        "SizeOnDisk": 16535,
        "OffsetInFile": "0xDDB3"
      }
    }
  },
  {
    "Type": "StaticMesh",
    "Name": "BridgeGirder_A3",
    "Class": "UScriptClass'StaticMesh'",
    "Properties": {
      "MinLOD": {
        "bCooked": true,
        "Default": 0,
        "Value": 0
      },
      "StaticMaterials": [
        {
          "MaterialInterface": {
            "ObjectName": "MaterialInstanceConstant'M_SteelBridge1'",
            "ObjectPath": "FortniteGame/Content/Athena/Apollo/Environments/BuildingActors/Bridges/Walls/Materials/M_SteelBridge1.0"
          },
          "MaterialSlotName": "Steel_Bridge1",
          "ImportedMaterialSlotName": "Steel_Bridge1",
          "UVChannelData": {
            "bInitialized": true,
            "bOverrideDensities": false,
            "LocalUVDensities": 838.12,
            "LocalUVDensities": 0.0,
            "LocalUVDensities": 0.0,
            "LocalUVDensities": 0.0
          }
        }
      ],
      "LightMapResolution": 64,
      "LightMapCoordinateIndex": 1,
      "DistanceFieldSelfShadowBias": 100.0,
      "LODForCollision": 2,
      "Sockets": [
        {
          "ObjectName": "StaticMeshSocket'BridgeGirder_A3:StaticMeshSocket_0'",
          "ObjectPath": "FortniteGame/Content/Athena/Apollo/Environments/BuildingActors/Bridges/Walls/Meshes/BridgeGirder_A3.2"
        }
      ],
      "ExtendedBounds": {
        "Origin": {
          "X": 0.0,
          "Y": 0.0,
          "Z": 127.27206
        },
        "BoxExtent": {
          "X": 256.0,
          "Y": 30.19613,
          "Z": 127.5067
        },
        "SphereRadius": 286.4047
      }
    },
    "BodySetup": {
      "ObjectName": "BodySetup'BridgeGirder_A3:BodySetup_1'",
      "ObjectPath": "FortniteGame/Content/Athena/Apollo/Environments/BuildingActors/Bridges/Walls/Meshes/BridgeGirder_A3.0"
    },
    "NavCollision": null,
    "LightingGuid": "FD33E08E-482F1839-D3136AA8-13DC47B9",
    "RenderData": null
  },
  {
    "Type": "StaticMeshSocket",
    "Name": "StaticMeshSocket_0",
    "Outer": "BridgeGirder_A3",
    "Class": "UScriptClass'StaticMeshSocket'",
    "Properties": {
      "SocketName": "DeathParticle",
      "RelativeLocation": {
        "X": 0.0,
        "Y": 0.0,
        "Z": 30.0
      }
    }
  }
]