[
  {
    "Type": "BodySetup",
    "Name": "BodySetup_0",
    "Outer": "BridgeGirder_D",
    "Class": "UScriptClass'BodySetup'",
    "Properties": {
      "AggGeom": {
        "ConvexElems": [
          {
            "VertexData": [
              {
                "X": -256.0,
                "Y": 40.000004,
                "Z": 64.0
              },
              {
                "X": -208.0,
                "Y": 40.000004,
                "Z": 64.0
              },
              {
                "X": -256.0,
                "Y": -39.999996,
                "Z": 64.0
              },
              {
                "X": -208.0,
                "Y": -39.999996,
                "Z": 64.0
              },
              {
                "X": -256.0,
                "Y": 40.000015,
                "Z": 360.0
              },
              {
                "X": -208.0,
                "Y": 40.000015,
                "Z": 360.0
              },
              {
                "X": -256.0,
                "Y": -39.999985,
                "Z": 360.0
              },
              {
                "X": -208.0,
                "Y": -39.999985,
                "Z": 360.0
              }
            ],
            "ElemBox": {
              "Min": {
                "X": -256.0,
                "Y": -39.999996,
                "Z": 64.0
              },
              "Max": {
                "X": -208.0,
                "Y": 40.000015,
                "Z": 360.0
              },
              "IsValid": 1
            },
            "Transform": {
              "Rotation": {
                "X": 0.0,
                "Y": 0.0,
                "Z": 0.0,
                "W": 1.0,
                "IsNormalized": true,
                "Size": 1.0,
                "SizeSquared": 1.0
              },
              "Translation": {
                "X": 0.0,
                "Y": 0.0,
                "Z": 0.0
              },
              "Scale3D": {
                "X": 1.0,
                "Y": 1.0,
                "Z": 1.0
              }
            },
            "RestOffset": 0.0,
            "Name": "None",
            "bContributeToMass": true
          },
          {
            "VertexData": [
              {
                "X": -256.0,
                "Y": 40.000015,
                "Z": 360.0
              },
              {
                "X": 72.0,
                "Y": 40.000015,
                "Z": 360.0
              },
              {
                "X": -256.0,
                "Y": -39.999985,
                "Z": 360.0
              },
              {
                "X": 72.0,
                "Y": -39.999985,
                "Z": 360.0
              },
              {
                "X": -256.0,
                "Y": 40.000015,
                "Z": 384.0
              },
              {
                "X": 56.0,
                "Y": 40.000015,
                "Z": 384.0
              },
              {
                "X": -256.0,
                "Y": -39.999985,
                "Z": 384.0
              },
              {
                "X": 56.0,
                "Y": -39.999985,
                "Z": 384.0
              }
            ],
            "ElemBox": {
              "Min": {
                "X": -256.0,
                "Y": -39.999985,
                "Z": 360.0
              },
              "Max": {
                "X": 72.0,
                "Y": 40.000015,
                "Z": 384.0
              },
              "IsValid": 1
            },
            "Transform": {
              "Rotation": {
                "X": 0.0,
                "Y": 0.0,
                "Z": 0.0,
                "W": 1.0,
                "IsNormalized": true,
                "Size": 1.0,
                "SizeSquared": 1.0
              },
              "Translation": {
                "X": 0.0,
                "Y": 0.0,
                "Z": 0.0
              },
              "Scale3D": {
                "X": 1.0,
                "Y": 1.0,
                "Z": 1.0
              }
            },
            "RestOffset": 0.0,
            "Name": "None",
            "bContributeToMass": true
          },
          {
            "VertexData": [
              {
                "X": -256.0,
                "Y": 40.0,
                "Z": 0.0
              },
              {
                "X": 256.0,
                "Y": 40.0,
                "Z": 0.0
              },
              {
                "X": -256.0,
                "Y": -40.0,
                "Z": 0.0
              },
              {
                "X": 256.0,
                "Y": -40.0,
                "Z": 0.0
              },
              {
                "X": -256.0,
                "Y": 39.999996,
                "Z": 64.0
              },
              {
                "X": 232.0,
                "Y": 39.99999,
                "Z": 64.0
              },
              {
                "X": -256.0,
                "Y": -40.000004,
                "Z": 64.0
              },
              {
                "X": 232.0,
                "Y": -40.00001,
                "Z": 64.0
              }
            ],
            "ElemBox": {
              "Min": {
                "X": -256.0,
                "Y": -40.00001,
                "Z": 0.0
              },
              "Max": {
                "X": 256.0,
                "Y": 40.0,
                "Z": 64.0
              },
              "IsValid": 1
            },
            "Transform": {
              "Rotation": {
                "X": 0.0,
                "Y": 0.0,
                "Z": 0.0,
                "W": 1.0,
                "IsNormalized": true,
                "Size": 1.0,
                "SizeSquared": 1.0
              },
              "Translation": {
                "X": 0.0,
                "Y": 0.0,
                "Z": 0.0
              },
              "Scale3D": {
                "X": 1.0,
                "Y": 1.0,
                "Z": 1.0
              }
            },
            "RestOffset": 0.0,
            "Name": "None",
            "bContributeToMass": true
          },
          {
            "VertexData": [
              {
                "X": 72.0,
                "Y": 40.00001,
                "Z": 232.0
              },
              {
                "X": 160.0,
                "Y": 40.00001,
                "Z": 232.0
              },
              {
                "X": 72.0,
                "Y": -39.99999,
                "Z": 232.0
              },
              {
                "X": 160.0,
                "Y": -39.99999,
                "Z": 232.0
              },
              {
                "X": -16.0,
                "Y": 40.000015,
                "Z": 360.0
              },
              {
                "X": 72.0,
                "Y": 40.000015,
                "Z": 360.0
              },
              {
                "X": -16.0,
                "Y": -39.999985,
                "Z": 360.0
              },
              {
                "X": 72.0,
                "Y": -39.999985,
                "Z": 360.0
              }
            ],
            "ElemBox": {
              "Min": {
                "X": -16.0,
                "Y": -39.99999,
                "Z": 232.0
              },
              "Max": {
                "X": 160.0,
                "Y": 40.000015,
                "Z": 360.0
              },
              "IsValid": 1
            },
            "Transform": {
              "Rotation": {
                "X": 0.0,
                "Y": 0.0,
                "Z": 0.0,
                "W": 1.0,
                "IsNormalized": true,
                "Size": 1.0,
                "SizeSquared": 1.0
              },
              "Translation": {
                "X": 0.0,
                "Y": 0.0,
                "Z": 0.0
              },
              "Scale3D": {
                "X": 1.0,
                "Y": 1.0,
                "Z": 1.0
              }
            },
            "RestOffset": 0.0,
            "Name": "None",
            "bContributeToMass": true
          },
          {
            "VertexData": [
              {
                "X": 152.0,
                "Y": 40.000004,
                "Z": 64.0
              },
              {
                "X": 232.0,
                "Y": 40.000004,
                "Z": 64.0
              },
              {
                "X": 152.0,
                "Y": -39.999996,
                "Z": 64.0
              },
              {
                "X": 232.0,
                "Y": -39.999996,
                "Z": 64.0
              },
              {
                "X": 72.0,
                "Y": 40.000008,
                "Z": 232.0
              },
              {
                "X": 160.0,
                "Y": 40.000008,
                "Z": 232.0
              },
              {
                "X": 72.0,
                "Y": -39.999992,
                "Z": 232.0
              },
              {
                "X": 160.0,
                "Y": -39.999992,
                "Z": 232.0
              }
            ],
            "ElemBox": {
              "Min": {
                "X": 72.0,
                "Y": -39.999996,
                "Z": 64.0
              },
              "Max": {
                "X": 232.0,
                "Y": 40.000008,
                "Z": 232.0
              },
              "IsValid": 1
            },
            "Transform": {
              "Rotation": {
                "X": 0.0,
                "Y": 0.0,
                "Z": 0.0,
                "W": 1.0,
                "IsNormalized": true,
                "Size": 1.0,
                "SizeSquared": 1.0
              },
              "Translation": {
                "X": 0.0,
                "Y": 0.0,
                "Z": 0.0
              },
              "Scale3D": {
                "X": 1.0,
                "Y": 1.0,
                "Z": 1.0
              }
            },
            "RestOffset": 0.0,
            "Name": "None",
            "bContributeToMass": true
          },
          {
            "VertexData": [
              {
                "X": -224.0,
                "Y": 40.000004,
                "Z": 64.0
              },
              {
                "X": -168.0,
                "Y": 40.000004,
                "Z": 64.0
              },
              {
                "X": -224.0,
                "Y": -39.999996,
                "Z": 64.0
              },
              {
                "X": -168.0,
                "Y": -39.999996,
                "Z": 64.0
              },
              {
                "X": -40.0,
                "Y": 40.00001,
                "Z": 360.0
              },
              {
                "X": 8.0,
                "Y": 40.00001,
                "Z": 360.0
              },
              {
                "X": -40.0,
                "Y": -39.99999,
                "Z": 360.0
              },
              {
                "X": 8.0,
                "Y": -39.99999,
                "Z": 360.0
              }
            ],
            "ElemBox": {
              "Min": {
                "X": -224.0,
                "Y": -39.999996,
                "Z": 64.0
              },
              "Max": {
                "X": 8.0,
                "Y": 40.00001,
                "Z": 360.0
              },
              "IsValid": 1
            },
            "Transform": {
              "Rotation": {
                "X": 0.0,
                "Y": 0.0,
                "Z": 0.0,
                "W": 1.0,
                "IsNormalized": true,
                "Size": 1.0,
                "SizeSquared": 1.0
              },
              "Translation": {
                "X": 0.0,
                "Y": 0.0,
                "Z": 0.0
              },
              "Scale3D": {
                "X": 1.0,
                "Y": 1.0,
                "Z": 1.0
              }
            },
            "RestOffset": 0.0,
            "Name": "None",
            "bContributeToMass": true
          }
        ]
      },
      "DefaultInstance": {
        "ObjectType": "ECC_WorldStatic",
        "CollisionEnabled": "ECollisionEnabled::QueryOnly",
        "CollisionProfileName": "BlockAll",
        "CollisionResponses": {
          "ResponseArray": [
            {
              "Channel": "FCC_Trace_WeaponCapsule",
              "Response": "ECR_Block"
            },
            {
              "Channel": "FCC_Object_PawnAI",
              "Response": "ECR_Block"
            },
            {
              "Channel": "FCC_Trace_WeaponMulti",
              "Response": "ECR_Block"
            },
            {
              "Channel": "FCC_Trace_Weapon",
              "Response": "ECR_Block"
            },
            {
              "Channel": "FCC_Object_Projectile",
              "Response": "ECR_Block"
            },
            {
              "Channel": "FCC_Object_ProjectileIgnoreAI",
              "Response": "ECR_Block"
            },
            {
              "Channel": "FCC_Object_ProjectileMesh",
              "Response": "ECR_Block"
            },
            {
              "Channel": "FCC_Object_SpectatorDroneCamera",
              "Response": "ECR_Block"
            },
            {
              "Channel": "FCC_Trace_WeaponPawnAndWorldMulti",
              "Response": "ECR_Block"
            }
          ]
        }
      }
    },
    "BodySetupGuid": "4D442D3F441544D58E790DBA160431AF",
    "CookedFormatData": {
      "PhysXPC": {
        "BulkDataFlags": "BULKDATA_SingleUse | BULKDATA_ForceInlinePayload",
        "ElementCount": 18627,
        "SizeOnDisk": 18627,
        "OffsetInFile": "0x10443"
      }
    }
  },
  {
    "Type": "StaticMesh",
    "Name": "BridgeGirder_D",
    "Class": "UScriptClass'StaticMesh'",
    "Properties": {
      "MinLOD": {
        "bCooked": true,
        "Default": 0,
        "Value": 0
      },
      "StaticMaterials": [
        {
          "MaterialInterface": {
            "ObjectName": "MaterialInstanceConstant'M_SteelBridge1'",
            "ObjectPath": "FortniteGame/Content/Athena/Apollo/Environments/BuildingActors/Bridges/Walls/Materials/M_SteelBridge1.0"
          },
          "MaterialSlotName": "Steel_Bridge1",
          "ImportedMaterialSlotName": "Steel_Bridge1",
          "UVChannelData": {
            "bInitialized": true,
            "bOverrideDensities": false,
            "LocalUVDensities": 869.667,
            "LocalUVDensities": 0.0,
            "LocalUVDensities": 0.0,
            "LocalUVDensities": 0.0
          }
        }
      ],
      "LightMapResolution": 64,
      "LightMapCoordinateIndex": 1,
      "DistanceFieldSelfShadowBias": 100.0,
      "LODForCollision": 2,
      "Sockets": [
        {
          "ObjectName": "StaticMeshSocket'BridgeGirder_D:StaticMeshSocket_0'",
          "ObjectPath": "FortniteGame/Content/Athena/Apollo/Environments/BuildingActors/Bridges/Walls/Meshes/BridgeGirder_D.2"
        }
      ],
      "ExtendedBounds": {
        "Origin": {
          "X": -0.3479309,
          "Y": 0.0,
          "Z": 192.13655
        },
        "BoxExtent": {
          "X": 255.65207,
          "Y": 30.224733,
          "Z": 192.13939
        },
        "SphereRadius": 319.85745
      }
    },
    "BodySetup": {
      "ObjectName": "BodySetup'BridgeGirder_D:BodySetup_0'",
      "ObjectPath": "FortniteGame/Content/Athena/Apollo/Environments/BuildingActors/Bridges/Walls/Meshes/BridgeGirder_D.0"
    },
    "NavCollision": null,
    "LightingGuid": "FB4FA766-4E5D87FA-DF865AA7-E5910DAD",
    "RenderData": null
  },
  {
    "Type": "StaticMeshSocket",
    "Name": "StaticMeshSocket_0",
    "Outer": "BridgeGirder_D",
    "Class": "UScriptClass'StaticMeshSocket'",
    "Properties": {
      "SocketName": "DeathParticle",
      "RelativeLocation": {
        "X": -100.0,
        "Y": 0.0,
        "Z": 212.0
      }
    }
  }
]