[
  {
    "Type": "BodySetup",
    "Name": "BodySetup_1",
    "Outer": "BridgeGirder_F",
    "Class": "UScriptClass'BodySetup'",
    "Properties": {
      "AggGeom": {
        "ConvexElems": [
          {
            "VertexData": [
              {
                "X": -12.590637,
                "Y": 25.539106,
                "Z": -0.20840454
              },
              {
                "X": 255.97913,
                "Y": 25.539106,
                "Z": -0.20840454
              },
              {
                "X": -12.590637,
                "Y": -25.539106,
                "Z": -0.20840454
              },
              {
                "X": 255.97913,
                "Y": -25.539106,
                "Z": -0.20840454
              },
              {
                "X": -12.590637,
                "Y": 25.539106,
                "Z": 69.687775
              },
              {
                "X": 255.97913,
                "Y": 25.539106,
                "Z": 69.687775
              },
              {
                "X": -12.590637,
                "Y": -25.539106,
                "Z": 69.687775
              },
              {
                "X": 255.97913,
                "Y": -25.539106,
                "Z": 69.687775
              }
            ],
            "ElemBox": {
              "Min": {
                "X": -12.590637,
                "Y": -25.539106,
                "Z": -0.20840454
              },
              "Max": {
                "X": 255.97913,
                "Y": 25.539106,
                "Z": 69.687775
              },
              "IsValid": 1
            },
            "Transform": {
              "Rotation": {
                "X": 0.0,
                "Y": 0.0,
                "Z": 0.0,
                "W": 1.0,
                "IsNormalized": true,
                "Size": 1.0,
                "SizeSquared": 1.0
              },
              "Translation": {
                "X": 0.0,
                "Y": 0.0,
                "Z": 0.0
              },
              "Scale3D": {
                "X": 1.0,
                "Y": 1.0,
                "Z": 1.0
              }
            },
            "RestOffset": 0.0,
            "Name": "None",
            "bContributeToMass": true
          },
          {
            "VertexData": [
              {
                "X": -256.0208,
                "Y": 24.67257,
                "Z": 355.87347
              },
              {
                "X": 255.97919,
                "Y": 24.67257,
                "Z": 355.87347
              },
              {
                "X": -256.0208,
                "Y": -24.67257,
                "Z": 355.87347
              },
              {
                "X": 255.97919,
                "Y": -24.67257,
                "Z": 355.87347
              },
              {
                "X": -256.0208,
                "Y": 24.67257,
                "Z": 383.79788
              },
              {
                "X": 255.97919,
                "Y": 24.67257,
                "Z": 383.79788
              },
              {
                "X": -256.0208,
                "Y": -24.67257,
                "Z": 383.79788
              },
              {
                "X": 255.97919,
                "Y": -24.67257,
                "Z": 383.79788
              }
            ],
            "ElemBox": {
              "Min": {
                "X": -256.0208,
                "Y": -24.67257,
                "Z": 355.87347
              },
              "Max": {
                "X": 255.97919,
                "Y": 24.67257,
                "Z": 383.79788
              },
              "IsValid": 1
            },
            "Transform": {
              "Rotation": {
                "X": 0.0,
                "Y": 0.0,
                "Z": 0.0,
                "W": 1.0,
                "IsNormalized": true,
                "Size": 1.0,
                "SizeSquared": 1.0
              },
              "Translation": {
                "X": 0.0,
                "Y": 0.0,
                "Z": 0.0
              },
              "Scale3D": {
                "X": 1.0,
                "Y": 1.0,
                "Z": 1.0
              }
            },
            "RestOffset": 0.0,
            "Name": "None",
            "bContributeToMass": true
          },
          {
            "VertexData": [
              {
                "X": -256.0208,
                "Y": 20.338928,
                "Z": 228.77655
              },
              {
                "X": -226.98193,
                "Y": 20.338928,
                "Z": 228.77655
              },
              {
                "X": -256.0208,
                "Y": -20.338928,
                "Z": 228.77655
              },
              {
                "X": -226.98193,
                "Y": -20.338928,
                "Z": 228.77655
              },
              {
                "X": -256.0208,
                "Y": 20.338928,
                "Z": 383.7951
              },
              {
                "X": -226.98193,
                "Y": 20.338928,
                "Z": 383.7951
              },
              {
                "X": -256.0208,
                "Y": -20.338928,
                "Z": 383.7951
              },
              {
                "X": -226.98193,
                "Y": -20.338928,
                "Z": 383.7951
              }
            ],
            "ElemBox": {
              "Min": {
                "X": -256.0208,
                "Y": -20.338928,
                "Z": 228.77655
              },
              "Max": {
                "X": -226.98193,
                "Y": 20.338928,
                "Z": 383.7951
              },
              "IsValid": 1
            },
            "Transform": {
              "Rotation": {
                "X": 0.0,
                "Y": 0.0,
                "Z": 0.0,
                "W": 1.0,
                "IsNormalized": true,
                "Size": 1.0,
                "SizeSquared": 1.0
              },
              "Translation": {
                "X": 0.0,
                "Y": 0.0,
                "Z": 0.0
              },
              "Scale3D": {
                "X": 1.0,
                "Y": 1.0,
                "Z": 1.0
              }
            },
            "RestOffset": 0.0,
            "Name": "None",
            "bContributeToMass": true
          },
          {
            "VertexData": [
              {
                "X": 226.13057,
                "Y": 20.072006,
                "Z": 34.03134
              },
              {
                "X": 255.97917,
                "Y": 20.072006,
                "Z": 34.03134
              },
              {
                "X": 226.13057,
                "Y": -20.072006,
                "Z": 34.03134
              },
              {
                "X": 255.97917,
                "Y": -20.072006,
                "Z": 34.03134
              },
              {
                "X": 226.13057,
                "Y": 20.072006,
                "Z": 383.7951
              },
              {
                "X": 255.97917,
                "Y": 20.072006,
                "Z": 383.7951
              },
              {
                "X": 226.13057,
                "Y": -20.072006,
                "Z": 383.7951
              },
              {
                "X": 255.97917,
                "Y": -20.072006,
                "Z": 383.7951
              }
            ],
            "ElemBox": {
              "Min": {
                "X": 226.13057,
                "Y": -20.072006,
                "Z": 34.03134
              },
              "Max": {
                "X": 255.97917,
                "Y": 20.072006,
                "Z": 383.7951
              },
              "IsValid": 1
            },
            "Transform": {
              "Rotation": {
                "X": 0.0,
                "Y": 0.0,
                "Z": 0.0,
                "W": 1.0,
                "IsNormalized": true,
                "Size": 1.0,
                "SizeSquared": 1.0
              },
              "Translation": {
                "X": 0.0,
                "Y": 0.0,
                "Z": 0.0
              },
              "Scale3D": {
                "X": 1.0,
                "Y": 1.0,
                "Z": 1.0
              }
            },
            "RestOffset": 0.0,
            "Name": "None",
            "bContributeToMass": true
          },
          {
            "VertexData": [
              {
                "X": -255.12607,
                "Y": 25.539106,
                "Z": 188.87048
              },
              {
                "X": -255.12607,
                "Y": -25.539106,
                "Z": 188.87048
              },
              {
                "X": -255.12607,
                "Y": 25.539106,
                "Z": 258.76666
              },
              {
                "X": -255.12607,
                "Y": -25.539106,
                "Z": 258.76666
              },
              {
                "X": -12.590637,
                "Y": 25.539106,
                "Z": -0.20840454
              },
              {
                "X": -12.590637,
                "Y": -25.539106,
                "Z": -0.20840454
              },
              {
                "X": -12.590637,
                "Y": 25.539106,
                "Z": 69.687775
              },
              {
                "X": -12.590637,
                "Y": -25.539106,
                "Z": 69.687775
              }
            ],
            "ElemBox": {
              "Min": {
                "X": -255.12607,
                "Y": -25.539106,
                "Z": -0.20840454
              },
              "Max": {
                "X": -12.590637,
                "Y": 25.539106,
                "Z": 258.76666
              },
              "IsValid": 1
            },
            "Transform": {
              "Rotation": {
                "X": 0.0,
                "Y": 0.0,
                "Z": 0.0,
                "W": 1.0,
                "IsNormalized": true,
                "Size": 1.0,
                "SizeSquared": 1.0
              },
              "Translation": {
                "X": 0.0,
                "Y": 0.0,
                "Z": 0.0
              },
              "Scale3D": {
                "X": 1.0,
                "Y": 1.0,
                "Z": 1.0
              }
            },
            "RestOffset": 0.0,
            "Name": "None",
            "bContributeToMass": true
          },
          {
            "VertexData": [
              {
                "X": -163.24493,
                "Y": 30.218004,
                "Z": 169.5969
              },
              {
                "X": -108.64947,
                "Y": 30.218004,
                "Z": 136.43025
              },
              {
                "X": -163.24493,
                "Y": -30.218004,
                "Z": 169.5969
              },
              {
                "X": -108.64947,
                "Y": -30.218004,
                "Z": 136.43025
              },
              {
                "X": -56.001595,
                "Y": 30.218004,
                "Z": 383.7951
              },
              {
                "X": 13.730652,
                "Y": 30.218004,
                "Z": 383.7951
              },
              {
                "X": -56.001595,
                "Y": -30.218004,
                "Z": 383.7951
              },
              {
                "X": 13.730652,
                "Y": -30.218004,
                "Z": 383.7951
              }
            ],
            "ElemBox": {
              "Min": {
                "X": -163.24493,
                "Y": -30.218004,
                "Z": 136.43025
              },
              "Max": {
                "X": 13.730652,
                "Y": 30.218004,
                "Z": 383.7951
              },
              "IsValid": 1
            },
            "Transform": {
              "Rotation": {
                "X": 0.0,
                "Y": 0.0,
                "Z": 0.0,
                "W": 1.0,
                "IsNormalized": true,
                "Size": 1.0,
                "SizeSquared": 1.0
              },
              "Translation": {
                "X": 0.0,
                "Y": 0.0,
                "Z": 0.0
              },
              "Scale3D": {
                "X": 1.0,
                "Y": 1.0,
                "Z": 1.0
              }
            },
            "RestOffset": 0.0,
            "Name": "None",
            "bContributeToMass": true
          }
        ]
      },
      "DefaultInstance": {
        "ObjectType": "ECC_WorldStatic",
        "CollisionEnabled": "ECollisionEnabled::QueryOnly",
        "CollisionProfileName": "BlockAll",
        "CollisionResponses": {
          "ResponseArray": [
            {
              "Channel": "FCC_Trace_WeaponCapsule",
              "Response": "ECR_Block"
            },
            {
              "Channel": "FCC_Object_PawnAI",
              "Response": "ECR_Block"
            },
            {
              "Channel": "FCC_Trace_WeaponMulti",
              "Response": "ECR_Block"
            },
            {
              "Channel": "FCC_Trace_Weapon",
              "Response": "ECR_Block"
            },
            {
              "Channel": "FCC_Object_Projectile",
              "Response": "ECR_Block"
            },
            {
              "Channel": "FCC_Object_ProjectileIgnoreAI",
              "Response": "ECR_Block"
            },
            {
              "Channel": "FCC_Object_ProjectileMesh",
              "Response": "ECR_Block"
            },
            {
              "Channel": "FCC_Object_SpectatorDroneCamera",
              "Response": "ECR_Block"
            },
            {
              "Channel": "FCC_Trace_WeaponPawnAndWorldMulti",
              "Response": "ECR_Block"
            }
          ]
        }
      }
    },
    "BodySetupGuid": "70498283462C6AEDD1F7A599F1F9C0EB",
    "CookedFormatData": {
      "PhysXPC": {
        "BulkDataFlags": "BULKDATA_SingleUse | BULKDATA_ForceInlinePayload",
        "ElementCount": 18397,
        "SizeOnDisk": 18397,
        "OffsetInFile": "0x105DE"
      }
    }
  },
  {
    "Type": "StaticMesh",
    "Name": "BridgeGirder_F",
    "Class": "UScriptClass'StaticMesh'",
    "Properties": {
      "MinLOD": {
        "bCooked": true,
        "Default": 0,
        "Value": 0
      },
      "StaticMaterials": [
        {
          "MaterialInterface": {
            "ObjectName": "MaterialInstanceConstant'M_SteelBridge1'",
            "ObjectPath": "FortniteGame/Content/Athena/Apollo/Environments/BuildingActors/Bridges/Walls/Materials/M_SteelBridge1.0"
          },
          "MaterialSlotName": "Steel_Bridge1",
          "ImportedMaterialSlotName": "Steel_Bridge1",
          "UVChannelData": {
            "bInitialized": true,
            "bOverrideDensities": false,
            "LocalUVDensities": 870.0374,
            "LocalUVDensities": 0.0,
            "LocalUVDensities": 0.0,
            "LocalUVDensities": 0.0
          }
        }
      ],
      "LightMapResolution": 64,
      "LightMapCoordinateIndex": 1,
      "DistanceFieldSelfShadowBias": 100.0,
      "LODForCollision": 2,
      "Sockets": [
        {
          "ObjectName": "StaticMeshSocket'BridgeGirder_F:StaticMeshSocket_0'",
          "ObjectPath": "FortniteGame/Content/Athena/Apollo/Environments/BuildingActors/Bridges/Walls/Meshes/BridgeGirder_F.2"
        }
      ],
      "ExtendedBounds": {
        "Origin": {
          "X": -0.084198,
          "Y": 0.0,
          "Z": 192.07692
        },
        "BoxExtent": {
          "X": 256.0842,
          "Y": 30.224733,
          "Z": 192.07976
        },
        "SphereRadius": 319.9596
      }
    },
    "BodySetup": {
      "ObjectName": "BodySetup'BridgeGirder_F:BodySetup_1'",
      "ObjectPath": "FortniteGame/Content/Athena/Apollo/Environments/BuildingActors/Bridges/Walls/Meshes/BridgeGirder_F.0"
    },
    "NavCollision": null,
    "LightingGuid": "3B4CF4ED-4A34207B-917E158C-69B2C276",
    "RenderData": null
  },
  {
    "Type": "StaticMeshSocket",
    "Name": "StaticMeshSocket_0",
    "Outer": "BridgeGirder_F",
    "Class": "UScriptClass'StaticMeshSocket'",
    "Properties": {
      "SocketName": "DeathParticle",
      "RelativeLocation": {
        "X": -10.0,
        "Y": 0.0,
        "Z": 70.0
      }
    }
  }
]