[
  {
    "Type": "BodySetup",
    "Name": "BodySetup_1",
    "Outer": "BridgeGirder_E",
    "Class": "UScriptClass'BodySetup'",
    "Properties": {
      "AggGeom": {
        "ConvexElems": [
          {
            "VertexData": [
              {
                "X": 256.69965,
                "Y": -40.920986,
                "Z": 173.22704
              },
              {
                "X": 256.69965,
                "Y": -40.920956,
                "Z": 386.66183
              },
              {
                "X": 256.69965,
                "Y": 40.07901,
                "Z": 173.22702
              },
              {
                "X": 256.69965,
                "Y": 40.079037,
                "Z": 386.6618
              },
              {
                "X": 85.065506,
                "Y": -40.920956,
                "Z": 386.66183
              },
              {
                "X": 85.065506,
                "Y": -40.920986,
                "Z": 258.77765
              },
              {
                "X": 85.065506,
                "Y": 40.079006,
                "Z": 258.77765
              },
              {
                "X": 85.065506,
                "Y": 40.079037,
                "Z": 386.6618
              }
            ],
            "ElemBox": {
              "Min": {
                "X": 85.065506,
                "Y": -40.920986,
                "Z": 173.22702
              },
              "Max": {
                "X": 256.69965,
                "Y": 40.079037,
                "Z": 386.66183
              },
              "IsValid": 1
            },
            "Transform": {
              "Rotation": {
                "X": 0.0,
                "Y": 0.0,
                "Z": 0.0,
                "W": 1.0,
                "IsNormalized": true,
                "Size": 1.0,
                "SizeSquared": 1.0
              },
              "Translation": {
                "X": 0.0,
                "Y": 0.0,
                "Z": 0.0
              },
              "Scale3D": {
                "X": 1.0,
                "Y": 1.0,
                "Z": 1.0
              }
            },
            "RestOffset": 0.0,
            "Name": "None",
            "bContributeToMass": true
          },
          {
            "VertexData": [
              {
                "X": -258.2028,
                "Y": -40.920982,
                "Z": 317.377
              },
              {
                "X": -258.2028,
                "Y": -40.920956,
                "Z": 386.66183
              },
              {
                "X": -258.2028,
                "Y": 40.079014,
                "Z": 317.377
              },
              {
                "X": -258.2028,
                "Y": 40.079037,
                "Z": 386.6618
              },
              {
                "X": -86.56865,
                "Y": -40.920956,
                "Z": 386.66183
              },
              {
                "X": -86.56865,
                "Y": -40.920982,
                "Z": 302.93225
              },
              {
                "X": -86.56865,
                "Y": 40.079014,
                "Z": 302.93225
              },
              {
                "X": -86.56865,
                "Y": 40.079037,
                "Z": 386.6618
              }
            ],
            "ElemBox": {
              "Min": {
                "X": -258.2028,
                "Y": -40.920982,
                "Z": 302.93225
              },
              "Max": {
                "X": -86.56865,
                "Y": 40.079037,
                "Z": 386.66183
              },
              "IsValid": 1
            },
            "Transform": {
              "Rotation": {
                "X": 0.0,
                "Y": 0.0,
                "Z": 0.0,
                "W": 1.0,
                "IsNormalized": true,
                "Size": 1.0,
                "SizeSquared": 1.0
              },
              "Translation": {
                "X": 0.0,
                "Y": 0.0,
                "Z": 0.0
              },
              "Scale3D": {
                "X": 1.0,
                "Y": 1.0,
                "Z": 1.0
              }
            },
            "RestOffset": 0.0,
            "Name": "None",
            "bContributeToMass": true
          },
          {
            "VertexData": [
              {
                "X": -86.56865,
                "Y": -40.920956,
                "Z": 386.66183
              },
              {
                "X": -86.56865,
                "Y": -40.920982,
                "Z": 302.93225
              },
              {
                "X": -86.56865,
                "Y": 40.079014,
                "Z": 302.93225
              },
              {
                "X": -86.56865,
                "Y": 40.079037,
                "Z": 386.6618
              },
              {
                "X": 85.065506,
                "Y": -40.920956,
                "Z": 386.66183
              },
              {
                "X": 85.065506,
                "Y": -40.920986,
                "Z": 258.77765
              },
              {
                "X": 85.065506,
                "Y": 40.079006,
                "Z": 258.77765
              },
              {
                "X": 85.065506,
                "Y": 40.079037,
                "Z": 386.6618
              }
            ],
            "ElemBox": {
              "Min": {
                "X": -86.56865,
                "Y": -40.920986,
                "Z": 258.77765
              },
              "Max": {
                "X": 85.065506,
                "Y": 40.079037,
                "Z": 386.66183
              },
              "IsValid": 1
            },
            "Transform": {
              "Rotation": {
                "X": 0.0,
                "Y": 0.0,
                "Z": 0.0,
                "W": 1.0,
                "IsNormalized": true,
                "Size": 1.0,
                "SizeSquared": 1.0
              },
              "Translation": {
                "X": 0.0,
                "Y": 0.0,
                "Z": 0.0
              },
              "Scale3D": {
                "X": 1.0,
                "Y": 1.0,
                "Z": 1.0
              }
            },
            "RestOffset": 0.0,
            "Name": "None",
            "bContributeToMass": true
          }
        ]
      },
      "DefaultInstance": {
        "ObjectType": "ECC_WorldStatic",
        "CollisionEnabled": "ECollisionEnabled::QueryOnly",
        "CollisionProfileName": "BlockAll",
        "CollisionResponses": {
          "ResponseArray": [
            {
              "Channel": "FCC_Trace_WeaponCapsule",
              "Response": "ECR_Block"
            },
            {
              "Channel": "FCC_Object_PawnAI",
              "Response": "ECR_Block"
            },
            {
              "Channel": "FCC_Trace_WeaponMulti",
              "Response": "ECR_Block"
            },
            {
              "Channel": "FCC_Trace_Weapon",
              "Response": "ECR_Block"
            },
            {
              "Channel": "FCC_Object_Projectile",
              "Response": "ECR_Block"
            },
            {
              "Channel": "FCC_Object_ProjectileIgnoreAI",
              "Response": "ECR_Block"
            },
            {
              "Channel": "FCC_Object_ProjectileMesh",
              "Response": "ECR_Block"
            },
            {
              "Channel": "FCC_Object_SpectatorDroneCamera",
              "Response": "ECR_Block"
            },
            {
              "Channel": "FCC_Trace_WeaponPawnAndWorldMulti",
              "Response": "ECR_Block"
            }
          ]
        }
      }
    },
    "BodySetupGuid": "750FA9654685D94C9608729B343BBF57",
    "CookedFormatData": {
      "PhysXPC": {
        "BulkDataFlags": "BULKDATA_SingleUse | BULKDATA_ForceInlinePayload",
        "ElementCount": 8641,
        "SizeOnDisk": 8641,
        "OffsetInFile": "0x9E9C"
      }
    }
  },
  {
    "Type": "StaticMesh",
    "Name": "BridgeGirder_E",
    "Class": "UScriptClass'StaticMesh'",
    "Properties": {
      "MinLOD": {
        "bCooked": true,
        "Default": 0,
        "Value": 0
      },
      "StaticMaterials": [
        {
          "MaterialInterface": {
            "ObjectName": "MaterialInstanceConstant'M_SteelBridge1'",
            "ObjectPath": "FortniteGame/Content/Athena/Apollo/Environments/BuildingActors/Bridges/Walls/Materials/M_SteelBridge1.0"
          },
          "MaterialSlotName": "Steel_Bridge1",
          "ImportedMaterialSlotName": "Steel_Bridge1",
          "UVChannelData": {
            "bInitialized": true,
            "bOverrideDensities": false,
            "LocalUVDensities": 913.3864,
            "LocalUVDensities": 0.0,
            "LocalUVDensities": 0.0,
            "LocalUVDensities": 0.0
          }
        }
      ],
      "LightMapResolution": 64,
      "LightMapCoordinateIndex": 1,
      "DistanceFieldSelfShadowBias": 100.0,
      "LODForCollision": 2,
      "Sockets": [
        {
          "ObjectName": "StaticMeshSocket'BridgeGirder_E:StaticMeshSocket_0'",
          "ObjectPath": "FortniteGame/Content/Athena/Apollo/Environments/BuildingActors/Bridges/Walls/Meshes/BridgeGirder_E.2"
        }
      ],
      "ExtendedBounds": {
        "Origin": {
          "X": 0.14804077,
          "Y": 0.0,
          "Z": 286.91266
        },
        "BoxExtent": {
          "X": 256.14804,
          "Y": 26.271988,
          "Z": 97.237625
        },
        "SphereRadius": 274.29758
      }
    },
    "BodySetup": {
      "ObjectName": "BodySetup'BridgeGirder_E:BodySetup_1'",
      "ObjectPath": "FortniteGame/Content/Athena/Apollo/Environments/BuildingActors/Bridges/Walls/Meshes/BridgeGirder_E.0"
    },
    "NavCollision": null,
    "LightingGuid": "F5BE145A-49D84364-E1C57ABE-10861FA2",
    "RenderData": null
  },
  {
    "Type": "StaticMeshSocket",
    "Name": "StaticMeshSocket_0",
    "Outer": "BridgeGirder_E",
    "Class": "UScriptClass'StaticMeshSocket'",
    "Properties": {
      "SocketName": "DeathParticle",
      "RelativeLocation": {
        "X": 58.0,
        "Y": 0.0,
        "Z": 312.0
      }
    }
  }
]