[
  {
    "Type": "BodySetup",
    "Name": "BodySetup_1",
    "Outer": "BridgeGirder_H",
    "Class": "UScriptClass'BodySetup'",
    "Properties": {
      "AggGeom": {
        "ConvexElems": [
          {
            "VertexData": [
              {
                "X": -256.0,
                "Y": 40.0,
                "Z": 0.0
              },
              {
                "X": 0.0,
                "Y": 40.0,
                "Z": 0.0
              },
              {
                "X": -256.0,
                "Y": -40.0,
                "Z": 0.0
              },
              {
                "X": 0.0,
                "Y": -40.0,
                "Z": 0.0
              },
              {
                "X": -256.0,
                "Y": 40.0,
                "Z": 64.0
              },
              {
                "X": 0.0,
                "Y": 40.000004,
                "Z": 96.0
              },
              {
                "X": -256.0,
                "Y": -40.0,
                "Z": 64.0
              },
              {
                "X": 0.0,
                "Y": -39.999996,
                "Z": 96.0
              }
            ],
            "ElemBox": {
              "Min": {
                "X": -256.0,
                "Y": -40.0,
                "Z": 0.0
              },
              "Max": {
                "X": 0.0,
                "Y": 40.000004,
                "Z": 96.0
              },
              "IsValid": 1
            },
            "Transform": {
              "Rotation": {
                "X": 0.0,
                "Y": 0.0,
                "Z": 0.0,
                "W": 1.0,
                "IsNormalized": true,
                "Size": 1.0,
                "SizeSquared": 1.0
              },
              "Translation": {
                "X": 0.0,
                "Y": 0.0,
                "Z": 0.0
              },
              "Scale3D": {
                "X": 1.0,
                "Y": 1.0,
                "Z": 1.0
              }
            },
            "RestOffset": 0.0,
            "Name": "None",
            "bContributeToMass": true
          },
          {
            "VertexData": [
              {
                "X": 0.0,
                "Y": 40.000004,
                "Z": 0.0
              },
              {
                "X": 256.0,
                "Y": 40.000004,
                "Z": 0.0
              },
              {
                "X": 0.0,
                "Y": -39.999996,
                "Z": 0.0
              },
              {
                "X": 256.0,
                "Y": -39.999996,
                "Z": 0.0
              },
              {
                "X": 0.0,
                "Y": 40.000004,
                "Z": 96.0
              },
              {
                "X": 256.0,
                "Y": 40.00001,
                "Z": 208.0
              },
              {
                "X": 0.0,
                "Y": -39.999996,
                "Z": 96.0
              },
              {
                "X": 256.0,
                "Y": -39.99999,
                "Z": 208.0
              }
            ],
            "ElemBox": {
              "Min": {
                "X": 0.0,
                "Y": -39.999996,
                "Z": 0.0
              },
              "Max": {
                "X": 256.0,
                "Y": 40.00001,
                "Z": 208.0
              },
              "IsValid": 1
            },
            "Transform": {
              "Rotation": {
                "X": 0.0,
                "Y": 0.0,
                "Z": 0.0,
                "W": 1.0,
                "IsNormalized": true,
                "Size": 1.0,
                "SizeSquared": 1.0
              },
              "Translation": {
                "X": 0.0,
                "Y": 0.0,
                "Z": 0.0
              },
              "Scale3D": {
                "X": 1.0,
                "Y": 1.0,
                "Z": 1.0
              }
            },
            "RestOffset": 0.0,
            "Name": "None",
            "bContributeToMass": true
          }
        ]
      },
      "DefaultInstance": {
        "ObjectType": "ECC_WorldStatic",
        "CollisionEnabled": "ECollisionEnabled::QueryOnly",
        "CollisionProfileName": "BlockAll",
        "CollisionResponses": {
          "ResponseArray": [
            {
              "Channel": "FCC_Trace_WeaponCapsule",
              "Response": "ECR_Block"
            },
            {
              "Channel": "FCC_Object_PawnAI",
              "Response": "ECR_Block"
            },
            {
              "Channel": "FCC_Trace_WeaponMulti",
              "Response": "ECR_Block"
            },
            {
              "Channel": "FCC_Trace_Weapon",
              "Response": "ECR_Block"
            },
            {
              "Channel": "FCC_Object_Projectile",
              "Response": "ECR_Block"
            },
            {
              "Channel": "FCC_Object_ProjectileIgnoreAI",
              "Response": "ECR_Block"
            },
            {
              "Channel": "FCC_Object_ProjectileMesh",
              "Response": "ECR_Block"
            },
            {
              "Channel": "FCC_Object_SpectatorDroneCamera",
              "Response": "ECR_Block"
            },
            {
              "Channel": "FCC_Trace_WeaponPawnAndWorldMulti",
              "Response": "ECR_Block"
            }
          ]
        }
      }
    },
    "BodySetupGuid": "AB74C24F445999669FE89D91F35896F8",
    "CookedFormatData": {
      "PhysXPC": {
        "BulkDataFlags": "BULKDATA_SingleUse | BULKDATA_ForceInlinePayload",
        "ElementCount": 9215,
        "SizeOnDisk": 9215,
        "OffsetInFile": "0x98FC"
      }
    }
  },
  {
    "Type": "StaticMesh",
    "Name": "BridgeGirder_H",
    "Class": "UScriptClass'StaticMesh'",
    "Properties": {
      "MinLOD": {
        "bCooked": true,
        "Default": 0,
        "Value": 0
      },
      "StaticMaterials": [
        {
          "MaterialInterface": {
            "ObjectName": "MaterialInstanceConstant'M_SteelBridge1'",
            "ObjectPath": "FortniteGame/Content/Athena/Apollo/Environments/BuildingActors/Bridges/Walls/Materials/M_SteelBridge1.0"
          },
          "MaterialSlotName": "Steel_Bridge1",
          "ImportedMaterialSlotName": "Steel_Bridge1",
          "UVChannelData": {
            "bInitialized": true,
            "bOverrideDensities": false,
            "LocalUVDensities": 900.8498,
            "LocalUVDensities": 0.0,
            "LocalUVDensities": 0.0,
            "LocalUVDensities": 0.0
          }
        }
      ],
      "LightMapResolution": 64,
      "LightMapCoordinateIndex": 1,
      "DistanceFieldSelfShadowBias": 100.0,
      "LODForCollision": 2,
      "Sockets": [
        {
          "ObjectName": "StaticMeshSocket'BridgeGirder_H:StaticMeshSocket_0'",
          "ObjectPath": "FortniteGame/Content/Athena/Apollo/Environments/BuildingActors/Bridges/Walls/Meshes/BridgeGirder_H.2"
        }
      ],
      "ExtendedBounds": {
        "Origin": {
          "X": -0.028961182,
          "Y": 0.0,
          "Z": 103.47444
        },
        "BoxExtent": {
          "X": 256.212,
          "Y": 26.272007,
          "Z": 103.58165
        },
        "SphereRadius": 277.0619
      }
    },
    "BodySetup": {
      "ObjectName": "BodySetup'BridgeGirder_H:BodySetup_1'",
      "ObjectPath": "FortniteGame/Content/Athena/Apollo/Environments/BuildingActors/Bridges/Walls/Meshes/BridgeGirder_H.0"
    },
    "NavCollision": null,
    "LightingGuid": "0263EAD9-4B9B304B-26472B8C-F3172338",
    "RenderData": null
  },
  {
    "Type": "StaticMeshSocket",
    "Name": "StaticMeshSocket_0",
    "Outer": "BridgeGirder_H",
    "Class": "UScriptClass'StaticMeshSocket'",
    "Properties": {
      "SocketName": "DeathParticle",
      "RelativeLocation": {
        "X": 86.0,
        "Y": 0.0,
        "Z": 80.0
      }
    }
  }
]