[
  {
    "Type": "BodySetup",
    "Name": "BodySetup_1",
    "Outer": "BridgeGirder_G",
    "Class": "UScriptClass'BodySetup'",
    "Properties": {
      "AggGeom": {
        "ConvexElems": [
          {
            "VertexData": [
              {
                "X": -38.592285,
                "Y": 39.925335,
                "Z": 384.0232
              },
              {
                "X": 256.071,
                "Y": 39.925335,
                "Z": 384.03027
              },
              {
                "X": -38.592285,
                "Y": -44.81324,
                "Z": 384.0232
              },
              {
                "X": 256.071,
                "Y": -44.81324,
                "Z": 384.03027
              },
              {
                "X": 256.15616,
                "Y": 39.92532,
                "Z": 256.02017
              },
              {
                "X": 64.71905,
                "Y": 39.925323,
                "Z": 256.01547
              },
              {
                "X": 64.71905,
                "Y": -44.81326,
                "Z": 256.01547
              },
              {
                "X": 256.15616,
                "Y": -44.81326,
                "Z": 256.0202
              }
            ],
            "ElemBox": {
              "Min": {
                "X": -38.592285,
                "Y": -44.81326,
                "Z": 256.01547
              },
              "Max": {
                "X": 256.15616,
                "Y": 39.925335,
                "Z": 384.03027
              },
              "IsValid": 1
            },
            "Transform": {
              "Rotation": {
                "X": 0.0,
                "Y": 0.0,
                "Z": 0.0,
                "W": 1.0,
                "IsNormalized": true,
                "Size": 1.0,
                "SizeSquared": 1.0
              },
              "Translation": {
                "X": 0.0,
                "Y": 0.0,
                "Z": 0.0
              },
              "Scale3D": {
                "X": 1.0,
                "Y": 1.0,
                "Z": 1.0
              }
            },
            "RestOffset": 0.0,
            "Name": "None",
            "bContributeToMass": true
          },
          {
            "VertexData": [
              {
                "X": 187.17973,
                "Y": 39.925285,
                "Z": -9.056411E-06
              },
              {
                "X": 256.32648,
                "Y": 39.925285,
                "Z": -9.056411E-06
              },
              {
                "X": 187.17973,
                "Y": -44.813293,
                "Z": 2.2272136E-06
              },
              {
                "X": 256.32648,
                "Y": -44.813293,
                "Z": 2.2272136E-06
              },
              {
                "X": 256.2413,
                "Y": 39.9253,
                "Z": 128.01009
              },
              {
                "X": 138.38524,
                "Y": 39.925304,
                "Z": 128.00774
              },
              {
                "X": 138.38524,
                "Y": -44.813274,
                "Z": 128.00774
              },
              {
                "X": 256.2413,
                "Y": -44.813274,
                "Z": 128.0101
              }
            ],
            "ElemBox": {
              "Min": {
                "X": 138.38524,
                "Y": -44.813293,
                "Z": -9.056411E-06
              },
              "Max": {
                "X": 256.32648,
                "Y": 39.925304,
                "Z": 128.0101
              },
              "IsValid": 1
            },
            "Transform": {
              "Rotation": {
                "X": 0.0,
                "Y": 0.0,
                "Z": 0.0,
                "W": 1.0,
                "IsNormalized": true,
                "Size": 1.0,
                "SizeSquared": 1.0
              },
              "Translation": {
                "X": 0.0,
                "Y": 0.0,
                "Z": 0.0
              },
              "Scale3D": {
                "X": 1.0,
                "Y": 1.0,
                "Z": 1.0
              }
            },
            "RestOffset": 0.0,
            "Name": "None",
            "bContributeToMass": true
          },
          {
            "VertexData": [
              {
                "X": 256.2413,
                "Y": 39.9253,
                "Z": 128.01009
              },
              {
                "X": 138.38524,
                "Y": 39.925304,
                "Z": 128.00774
              },
              {
                "X": 138.38524,
                "Y": -44.813274,
                "Z": 128.00774
              },
              {
                "X": 256.2413,
                "Y": -44.813274,
                "Z": 128.0101
              },
              {
                "X": 256.15616,
                "Y": 39.92532,
                "Z": 256.02017
              },
              {
                "X": 64.71905,
                "Y": 39.925323,
                "Z": 256.01547
              },
              {
                "X": 64.71905,
                "Y": -44.81326,
                "Z": 256.01547
              },
              {
                "X": 256.15616,
                "Y": -44.81326,
                "Z": 256.0202
              }
            ],
            "ElemBox": {
              "Min": {
                "X": 64.71905,
                "Y": -44.813274,
                "Z": 128.00774
              },
              "Max": {
                "X": 256.2413,
                "Y": 39.925323,
                "Z": 256.0202
              },
              "IsValid": 1
            },
            "Transform": {
              "Rotation": {
                "X": 0.0,
                "Y": 0.0,
                "Z": 0.0,
                "W": 1.0,
                "IsNormalized": true,
                "Size": 1.0,
                "SizeSquared": 1.0
              },
              "Translation": {
                "X": 0.0,
                "Y": 0.0,
                "Z": 0.0
              },
              "Scale3D": {
                "X": 1.0,
                "Y": 1.0,
                "Z": 1.0
              }
            },
            "RestOffset": 0.0,
            "Name": "None",
            "bContributeToMass": true
          }
        ]
      },
      "DefaultInstance": {
        "ObjectType": "ECC_WorldStatic",
        "CollisionEnabled": "ECollisionEnabled::QueryOnly",
        "CollisionProfileName": "BlockAll",
        "CollisionResponses": {
          "ResponseArray": [
            {
              "Channel": "FCC_Trace_WeaponCapsule",
              "Response": "ECR_Block"
            },
            {
              "Channel": "FCC_Object_PawnAI",
              "Response": "ECR_Block"
            },
            {
              "Channel": "FCC_Trace_WeaponMulti",
              "Response": "ECR_Block"
            },
            {
              "Channel": "FCC_Trace_Weapon",
              "Response": "ECR_Block"
            },
            {
              "Channel": "FCC_Object_Projectile",
              "Response": "ECR_Block"
            },
            {
              "Channel": "FCC_Object_ProjectileIgnoreAI",
              "Response": "ECR_Block"
            },
            {
              "Channel": "FCC_Object_ProjectileMesh",
              "Response": "ECR_Block"
            },
            {
              "Channel": "FCC_Object_SpectatorDroneCamera",
              "Response": "ECR_Block"
            },
            {
              "Channel": "FCC_Trace_WeaponPawnAndWorldMulti",
              "Response": "ECR_Block"
            }
          ]
        }
      }
    },
    "BodySetupGuid": "9976823E4157FF4942A0EF90FE3FA186",
    "CookedFormatData": {
      "PhysXPC": {
        "BulkDataFlags": "BULKDATA_SingleUse | BULKDATA_ForceInlinePayload",
        "ElementCount": 8493,
        "SizeOnDisk": 8493,
        "OffsetInFile": "0x9078"
      }
    }
  },
  {
    "Type": "StaticMesh",
    "Name": "BridgeGirder_G",
    "Class": "UScriptClass'StaticMesh'",
    "Properties": {
      "MinLOD": {
        "bCooked": true,
        "Default": 0,
        "Value": 0
      },
      "StaticMaterials": [
        {
          "MaterialInterface": {
            "ObjectName": "MaterialInstanceConstant'M_SteelBridge1'",
            "ObjectPath": "FortniteGame/Content/Athena/Apollo/Environments/BuildingActors/Bridges/Walls/Materials/M_SteelBridge1.0"
          },
          "MaterialSlotName": "Steel_Bridge1",
          "ImportedMaterialSlotName": "Steel_Bridge1",
          "UVChannelData": {
            "bInitialized": true,
            "bOverrideDensities": false,
            "LocalUVDensities": 890.8986,
            "LocalUVDensities": 0.0,
            "LocalUVDensities": 0.0,
            "LocalUVDensities": 0.0
          }
        }
      ],
      "LightMapResolution": 64,
      "LightMapCoordinateIndex": 1,
      "DistanceFieldSelfShadowBias": 100.0,
      "LODForCollision": 2,
      "Sockets": [
        {
          "ObjectName": "StaticMeshSocket'BridgeGirder_G:StaticMeshSocket_0'",
          "ObjectPath": "FortniteGame/Content/Athena/Apollo/Environments/BuildingActors/Bridges/Walls/Meshes/BridgeGirder_G.2"
        }
      ],
      "ExtendedBounds": {
        "Origin": {
          "X": 118.428955,
          "Y": 0.0,
          "Z": 192.02843
        },
        "BoxExtent": {
          "X": 137.57104,
          "Y": 26.270824,
          "Z": 192.17201
        },
        "SphereRadius": 237.46257
      }
    },
    "BodySetup": {
      "ObjectName": "BodySetup'BridgeGirder_G:BodySetup_1'",
      "ObjectPath": "FortniteGame/Content/Athena/Apollo/Environments/BuildingActors/Bridges/Walls/Meshes/BridgeGirder_G.0"
    },
    "NavCollision": null,
    "LightingGuid": "DE08EE4F-4B99AAC0-22C071B6-224F151C",
    "RenderData": null
  },
  {
    "Type": "StaticMeshSocket",
    "Name": "StaticMeshSocket_0",
    "Outer": "BridgeGirder_G",
    "Class": "UScriptClass'StaticMeshSocket'",
    "Properties": {
      "SocketName": "DeathParticle",
      "RelativeLocation": {
        "X": 150.0,
        "Y": 0.0,
        "Z": 214.0
      }
    }
  }
]