[
  {
    "Type": "BodySetup",
    "Name": "BodySetup_1",
    "Outer": "BridgeGirder_K",
    "Class": "UScriptClass'BodySetup'",
    "Properties": {
      "AggGeom": {
        "BoxElems": [
          {
            "Center": {
              "X": 222.31041,
              "Y": 0.0,
              "Z": 192.90475
            },
            "Rotation": {
              "Pitch": 0.0,
              "Yaw": 0.0,
              "Roll": 0.0
            },
            "X": 67.4841,
            "Y": 52.54195,
            "Z": 385.80225,
            "RestOffset": 0.0,
            "Name": "None",
            "bContributeToMass": true
          }
        ]
      },
      "CollisionTraceFlag": "CTF_UseSimpleAsComplex",
      "DefaultInstance": {
        "ObjectType": "ECC_WorldStatic",
        "CollisionEnabled": "ECollisionEnabled::QueryOnly",
        "CollisionProfileName": "BlockAll",
        "CollisionResponses": {
          "ResponseArray": [
            {
              "Channel": "FCC_Trace_WeaponCapsule",
              "Response": "ECR_Block"
            },
            {
              "Channel": "FCC_Object_PawnAI",
              "Response": "ECR_Block"
            },
            {
              "Channel": "FCC_Trace_WeaponMulti",
              "Response": "ECR_Block"
            },
            {
              "Channel": "FCC_Trace_Weapon",
              "Response": "ECR_Block"
            },
            {
              "Channel": "FCC_Object_Projectile",
              "Response": "ECR_Block"
            },
            {
              "Channel": "FCC_Object_ProjectileIgnoreAI",
              "Response": "ECR_Block"
            },
            {
              "Channel": "FCC_Object_ProjectileMesh",
              "Response": "ECR_Block"
            },
            {
              "Channel": "FCC_Object_SpectatorDroneCamera",
              "Response": "ECR_Block"
            },
            {
              "Channel": "FCC_Trace_WeaponPawnAndWorldMulti",
              "Response": "ECR_Block"
            }
          ]
        }
      }
    },
    "BodySetupGuid": "574C9EDF48746AC10D582FBBABF5F604"
  },
  {
    "Type": "StaticMesh",
    "Name": "BridgeGirder_K",
    "Class": "UScriptClass'StaticMesh'",
    "Properties": {
      "MinLOD": {
        "bCooked": true,
        "Default": 0,
        "Value": 0
      },
      "StaticMaterials": [
        {
          "MaterialInterface": {
            "ObjectName": "MaterialInstanceConstant'M_SteelBridge1'",
            "ObjectPath": "FortniteGame/Content/Athena/Apollo/Environments/BuildingActors/Bridges/Walls/Materials/M_SteelBridge1.0"
          },
          "MaterialSlotName": "Steel_Bridge1",
          "ImportedMaterialSlotName": "Steel_Bridge1",
          "UVChannelData": {
            "bInitialized": true,
            "bOverrideDensities": false,
            "LocalUVDensities": 886.8917,
            "LocalUVDensities": 0.0,
            "LocalUVDensities": 0.0,
            "LocalUVDensities": 0.0
          }
        }
      ],
      "LightMapResolution": 64,
      "LightMapCoordinateIndex": 1,
      "DistanceFieldSelfShadowBias": 100.0,
      "Sockets": [
        {
          "ObjectName": "StaticMeshSocket'BridgeGirder_K:StaticMeshSocket_0'",
          "ObjectPath": "FortniteGame/Content/Athena/Apollo/Environments/BuildingActors/Bridges/Walls/Meshes/BridgeGirder_K.2"
        }
      ],
      "ExtendedBounds": {
        "Origin": {
          "X": 222.31041,
          "Y": 0.0,
          "Z": 192.90475
        },
        "BoxExtent": {
          "X": 33.74205,
          "Y": 26.270975,
          "Z": 192.90112
        },
        "SphereRadius": 196.99611
      }
    },
    "BodySetup": {
      "ObjectName": "BodySetup'BridgeGirder_K:BodySetup_1'",
      "ObjectPath": "FortniteGame/Content/Athena/Apollo/Environments/BuildingActors/Bridges/Walls/Meshes/BridgeGirder_K.0"
    },
    "NavCollision": null,
    "LightingGuid": "0B4462DA-46F1C8FC-2071FBA8-3C22D142",
    "RenderData": null
  },
  {
    "Type": "StaticMeshSocket",
    "Name": "StaticMeshSocket_0",
    "Outer": "BridgeGirder_K",
    "Class": "UScriptClass'StaticMeshSocket'",
    "Properties": {
      "SocketName": "DeathParticle",
      "RelativeLocation": {
        "X": 222.0,
        "Y": 0.0,
        "Z": 184.0
      }
    }
  }
]