[
  {
    "Type": "BodySetup",
    "Name": "BodySetup_1",
    "Outer": "BridgeGirder_A2",
    "Class": "UScriptClass'BodySetup'",
    "Properties": {
      "AggGeom": {
        "ConvexElems": [
          {
            "VertexData": [
              {
                "X": -256.0,
                "Y": 40.000004,
                "Z": 64.0
              },
              {
                "X": -208.0,
                "Y": 40.000004,
                "Z": 64.0
              },
              {
                "X": -256.0,
                "Y": -39.999996,
                "Z": 64.0
              },
              {
                "X": -208.0,
                "Y": -39.999996,
                "Z": 64.0
              },
              {
                "X": -256.0,
                "Y": 40.000015,
                "Z": 360.0
              },
              {
                "X": -208.0,
                "Y": 40.000015,
                "Z": 360.0
              },
              {
                "X": -256.0,
                "Y": -39.999985,
                "Z": 360.0
              },
              {
                "X": -208.0,
                "Y": -39.999985,
                "Z": 360.0
              }
            ],
            "ElemBox": {
              "Min": {
                "X": -256.0,
                "Y": -39.999996,
                "Z": 64.0
              },
              "Max": {
                "X": -208.0,
                "Y": 40.000015,
                "Z": 360.0
              },
              "IsValid": 1
            },
            "Transform": {
              "Rotation": {
                "X": 0.0,
                "Y": 0.0,
                "Z": 0.0,
                "W": 1.0,
                "IsNormalized": true,
                "Size": 1.0,
                "SizeSquared": 1.0
              },
              "Translation": {
                "X": 0.0,
                "Y": 0.0,
                "Z": 0.0
              },
              "Scale3D": {
                "X": 1.0,
                "Y": 1.0,
                "Z": 1.0
              }
            },
            "RestOffset": 0.0,
            "Name": "None",
            "bContributeToMass": true
          },
          {
            "VertexData": [
              {
                "X": -256.0,
                "Y": 40.0,
                "Z": 0.0
              },
              {
                "X": 256.0,
                "Y": 40.0,
                "Z": 0.0
              },
              {
                "X": -256.0,
                "Y": -40.0,
                "Z": 0.0
              },
              {
                "X": 256.0,
                "Y": -40.0,
                "Z": 0.0
              },
              {
                "X": -256.0,
                "Y": 40.0,
                "Z": 64.0
              },
              {
                "X": 256.0,
                "Y": 40.0,
                "Z": 64.0
              },
              {
                "X": -256.0,
                "Y": -40.0,
                "Z": 64.0
              },
              {
                "X": 256.0,
                "Y": -40.0,
                "Z": 64.0
              }
            ],
            "ElemBox": {
              "Min": {
                "X": -256.0,
                "Y": -40.0,
                "Z": 0.0
              },
              "Max": {
                "X": 256.0,
                "Y": 40.0,
                "Z": 64.0
              },
              "IsValid": 1
            },
            "Transform": {
              "Rotation": {
                "X": 0.0,
                "Y": 0.0,
                "Z": 0.0,
                "W": 1.0,
                "IsNormalized": true,
                "Size": 1.0,
                "SizeSquared": 1.0
              },
              "Translation": {
                "X": 0.0,
                "Y": 0.0,
                "Z": 0.0
              },
              "Scale3D": {
                "X": 1.0,
                "Y": 1.0,
                "Z": 1.0
              }
            },
            "RestOffset": 0.0,
            "Name": "None",
            "bContributeToMass": true
          },
          {
            "VertexData": [
              {
                "X": -256.0,
                "Y": 40.000015,
                "Z": 360.0
              },
              {
                "X": 256.0,
                "Y": 40.000015,
                "Z": 360.0
              },
              {
                "X": -256.0,
                "Y": -39.999985,
                "Z": 360.0
              },
              {
                "X": 256.0,
                "Y": -39.999985,
                "Z": 360.0
              },
              {
                "X": -256.0,
                "Y": 40.000015,
                "Z": 384.0
              },
              {
                "X": 256.0,
                "Y": 40.000015,
                "Z": 384.0
              },
              {
                "X": -256.0,
                "Y": -39.999985,
                "Z": 384.0
              },
              {
                "X": 256.0,
                "Y": -39.999985,
                "Z": 384.0
              }
            ],
            "ElemBox": {
              "Min": {
                "X": -256.0,
                "Y": -39.999985,
                "Z": 360.0
              },
              "Max": {
                "X": 256.0,
                "Y": 40.000015,
                "Z": 384.0
              },
              "IsValid": 1
            },
            "Transform": {
              "Rotation": {
                "X": 0.0,
                "Y": 0.0,
                "Z": 0.0,
                "W": 1.0,
                "IsNormalized": true,
                "Size": 1.0,
                "SizeSquared": 1.0
              },
              "Translation": {
                "X": 0.0,
                "Y": 0.0,
                "Z": 0.0
              },
              "Scale3D": {
                "X": 1.0,
                "Y": 1.0,
                "Z": 1.0
              }
            },
            "RestOffset": 0.0,
            "Name": "None",
            "bContributeToMass": true
          },
          {
            "VertexData": [
              {
                "X": -232.0,
                "Y": 40.000004,
                "Z": 64.0
              },
              {
                "X": -168.0,
                "Y": 40.000004,
                "Z": 64.0
              },
              {
                "X": -232.0,
                "Y": -39.999996,
                "Z": 64.0
              },
              {
                "X": -168.0,
                "Y": -39.999996,
                "Z": 64.0
              },
              {
                "X": -48.0,
                "Y": 40.000015,
                "Z": 360.0
              },
              {
                "X": 8.0,
                "Y": 40.000015,
                "Z": 360.0
              },
              {
                "X": -48.0,
                "Y": -39.999985,
                "Z": 360.0
              },
              {
                "X": 8.0,
                "Y": -39.999985,
                "Z": 360.0
              }
            ],
            "ElemBox": {
              "Min": {
                "X": -232.0,
                "Y": -39.999996,
                "Z": 64.0
              },
              "Max": {
                "X": 8.0,
                "Y": 40.000015,
                "Z": 360.0
              },
              "IsValid": 1
            },
            "Transform": {
              "Rotation": {
                "X": 0.0,
                "Y": 0.0,
                "Z": 0.0,
                "W": 1.0,
                "IsNormalized": true,
                "Size": 1.0,
                "SizeSquared": 1.0
              },
              "Translation": {
                "X": 0.0,
                "Y": 0.0,
                "Z": 0.0
              },
              "Scale3D": {
                "X": 1.0,
                "Y": 1.0,
                "Z": 1.0
              }
            },
            "RestOffset": 0.0,
            "Name": "None",
            "bContributeToMass": true
          },
          {
            "VertexData": [
              {
                "X": 208.0,
                "Y": 40.000004,
                "Z": 64.0
              },
              {
                "X": 256.0,
                "Y": 40.000004,
                "Z": 64.0
              },
              {
                "X": 208.0,
                "Y": -39.999996,
                "Z": 64.0
              },
              {
                "X": 256.0,
                "Y": -39.999996,
                "Z": 64.0
              },
              {
                "X": 208.0,
                "Y": 40.000015,
                "Z": 360.0
              },
              {
                "X": 256.0,
                "Y": 40.000015,
                "Z": 360.0
              },
              {
                "X": 208.0,
                "Y": -39.999985,
                "Z": 360.0
              },
              {
                "X": 256.0,
                "Y": -39.999985,
                "Z": 360.0
              }
            ],
            "ElemBox": {
              "Min": {
                "X": 208.0,
                "Y": -39.999996,
                "Z": 64.0
              },
              "Max": {
                "X": 256.0,
                "Y": 40.000015,
                "Z": 360.0
              },
              "IsValid": 1
            },
            "Transform": {
              "Rotation": {
                "X": 0.0,
                "Y": 0.0,
                "Z": 0.0,
                "W": 1.0,
                "IsNormalized": true,
                "Size": 1.0,
                "SizeSquared": 1.0
              },
              "Translation": {
                "X": 0.0,
                "Y": 0.0,
                "Z": 0.0
              },
              "Scale3D": {
                "X": 1.0,
                "Y": 1.0,
                "Z": 1.0
              }
            },
            "RestOffset": 0.0,
            "Name": "None",
            "bContributeToMass": true
          }
        ]
      },
      "DefaultInstance": {
        "ObjectType": "ECC_WorldStatic",
        "CollisionEnabled": "ECollisionEnabled::QueryOnly",
        "CollisionProfileName": "BlockAll",
        "CollisionResponses": {
          "ResponseArray": [
            {
              "Channel": "FCC_Trace_WeaponCapsule",
              "Response": "ECR_Block"
            },
            {
              "Channel": "FCC_Object_PawnAI",
              "Response": "ECR_Block"
            },
            {
              "Channel": "FCC_Trace_WeaponMulti",
              "Response": "ECR_Block"
            },
            {
              "Channel": "FCC_Trace_Weapon",
              "Response": "ECR_Block"
            },
            {
              "Channel": "FCC_Object_Projectile",
              "Response": "ECR_Block"
            },
            {
              "Channel": "FCC_Object_ProjectileIgnoreAI",
              "Response": "ECR_Block"
            },
            {
              "Channel": "FCC_Object_ProjectileMesh",
              "Response": "ECR_Block"
            },
            {
              "Channel": "FCC_Object_SpectatorDroneCamera",
              "Response": "ECR_Block"
            },
            {
              "Channel": "FCC_Trace_WeaponPawnAndWorldMulti",
              "Response": "ECR_Block"
            }
          ]
        }
      }
    },
    "BodySetupGuid": "5A3E9BA24525F64F752E39BA59C1FCD1",
    "CookedFormatData": {
      "PhysXPC": {
        "BulkDataFlags": "BULKDATA_SingleUse | BULKDATA_ForceInlinePayload",
        "ElementCount": 14547,
        "SizeOnDisk": 14547,
        "OffsetInFile": "0xD95B"
      }
    }
  },
  {
    "Type": "StaticMesh",
    "Name": "BridgeGirder_A2",
    "Class": "UScriptClass'StaticMesh'",
    "Properties": {
      "MinLOD": {
        "bCooked": true,
        "Default": 0,
        "Value": 0
      },
      "StaticMaterials": [
        {
          "MaterialInterface": {
            "ObjectName": "MaterialInstanceConstant'M_SteelBridge1'",
            "ObjectPath": "FortniteGame/Content/Athena/Apollo/Environments/BuildingActors/Bridges/Walls/Materials/M_SteelBridge1.0"
          },
          "MaterialSlotName": "Steel_Bridge1",
          "ImportedMaterialSlotName": "Steel_Bridge1",
          "UVChannelData": {
            "bInitialized": true,
            "bOverrideDensities": false,
            "LocalUVDensities": 845.8381,
            "LocalUVDensities": 0.0,
            "LocalUVDensities": 0.0,
            "LocalUVDensities": 0.0
          }
        }
      ],
      "LightMapResolution": 64,
      "LightMapCoordinateIndex": 1,
      "DistanceFieldSelfShadowBias": 100.0,
      "LODForCollision": 2,
      "Sockets": [
        {
          "ObjectName": "StaticMeshSocket'BridgeGirder_A2:StaticMeshSocket_0'",
          "ObjectPath": "FortniteGame/Content/Athena/Apollo/Environments/BuildingActors/Bridges/Walls/Meshes/BridgeGirder_A2.2"
        }
      ],
      "ExtendedBounds": {
        "Origin": {
          "X": 0.0,
          "Y": 0.0,
          "Z": 192.11186
        },
        "BoxExtent": {
          "X": 256.0,
          "Y": 30.224733,
          "Z": 192.1147
        },
        "SphereRadius": 320.1209
      }
    },
    "BodySetup": {
      "ObjectName": "BodySetup'BridgeGirder_A2:BodySetup_1'",
      "ObjectPath": "FortniteGame/Content/Athena/Apollo/Environments/BuildingActors/Bridges/Walls/Meshes/BridgeGirder_A2.0"
    },
    "NavCollision": null,
    "LightingGuid": "D048569E-40FC4F13-2E66298C-BB1653FE",
    "RenderData": null
  },
  {
    "Type": "StaticMeshSocket",
    "Name": "StaticMeshSocket_0",
    "Outer": "BridgeGirder_A2",
    "Class": "UScriptClass'StaticMeshSocket'",
    "Properties": {
      "SocketName": "DeathParticle",
      "RelativeLocation": {
        "X": 18.0,
        "Y": 0.0,
        "Z": 60.0
      }
    }
  }
]