[
  {
    "Type": "BodySetup",
    "Name": "BodySetup_1",
    "Outer": "BridgeGirder_B",
    "Class": "UScriptClass'BodySetup'",
    "Properties": {
      "AggGeom": {
        "ConvexElems": [
          {
            "VertexData": [
              {
                "X": -256.0,
                "Y": 40.0,
                "Z": -2.4492936E-15
              },
              {
                "X": 256.0,
                "Y": 40.0,
                "Z": -2.4492936E-15
              },
              {
                "X": -256.0,
                "Y": -40.0,
                "Z": 2.4492936E-15
              },
              {
                "X": 256.0,
                "Y": -40.0,
                "Z": 2.4492936E-15
              },
              {
                "X": -256.0,
                "Y": 40.0,
                "Z": 24.0
              },
              {
                "X": 256.0,
                "Y": 40.0,
                "Z": 24.0
              },
              {
                "X": -256.0,
                "Y": -40.0,
                "Z": 24.0
              },
              {
                "X": 256.0,
                "Y": -40.0,
                "Z": 24.0
              }
            ],
            "ElemBox": {
              "Min": {
                "X": -256.0,
                "Y": -40.0,
                "Z": -2.4492936E-15
              },
              "Max": {
                "X": 256.0,
                "Y": 40.0,
                "Z": 24.0
              },
              "IsValid": 1
            },
            "Transform": {
              "Rotation": {
                "X": 0.0,
                "Y": 0.0,
                "Z": 0.0,
                "W": 1.0,
                "IsNormalized": true,
                "Size": 1.0,
                "SizeSquared": 1.0
              },
              "Translation": {
                "X": 0.0,
                "Y": 0.0,
                "Z": 0.0
              },
              "Scale3D": {
                "X": 1.0,
                "Y": 1.0,
                "Z": 1.0
              }
            },
            "RestOffset": 0.0,
            "Name": "None",
            "bContributeToMass": true
          },
          {
            "VertexData": [
              {
                "X": -256.0,
                "Y": 40.0,
                "Z": 24.0
              },
              {
                "X": -208.0,
                "Y": 40.0,
                "Z": 24.0
              },
              {
                "X": -256.0,
                "Y": -40.0,
                "Z": 24.0
              },
              {
                "X": -208.0,
                "Y": -40.0,
                "Z": 24.0
              },
              {
                "X": -256.0,
                "Y": 40.00001,
                "Z": 320.0
              },
              {
                "X": -208.0,
                "Y": 40.00001,
                "Z": 320.0
              },
              {
                "X": -256.0,
                "Y": -39.99999,
                "Z": 320.0
              },
              {
                "X": -208.0,
                "Y": -39.99999,
                "Z": 320.0
              }
            ],
            "ElemBox": {
              "Min": {
                "X": -256.0,
                "Y": -40.0,
                "Z": 24.0
              },
              "Max": {
                "X": -208.0,
                "Y": 40.00001,
                "Z": 320.0
              },
              "IsValid": 1
            },
            "Transform": {
              "Rotation": {
                "X": 0.0,
                "Y": 0.0,
                "Z": 0.0,
                "W": 1.0,
                "IsNormalized": true,
                "Size": 1.0,
                "SizeSquared": 1.0
              },
              "Translation": {
                "X": 0.0,
                "Y": 0.0,
                "Z": 0.0
              },
              "Scale3D": {
                "X": 1.0,
                "Y": 1.0,
                "Z": 1.0
              }
            },
            "RestOffset": 0.0,
            "Name": "None",
            "bContributeToMass": true
          },
          {
            "VertexData": [
              {
                "X": 208.0,
                "Y": 40.0,
                "Z": 24.0
              },
              {
                "X": 256.0,
                "Y": 40.0,
                "Z": 24.0
              },
              {
                "X": 208.0,
                "Y": -40.0,
                "Z": 24.0
              },
              {
                "X": 256.0,
                "Y": -40.0,
                "Z": 24.0
              },
              {
                "X": 208.0,
                "Y": 40.000008,
                "Z": 200.0
              },
              {
                "X": 256.0,
                "Y": 40.000008,
                "Z": 200.0
              },
              {
                "X": 208.0,
                "Y": -39.999992,
                "Z": 200.0
              },
              {
                "X": 256.0,
                "Y": -39.999992,
                "Z": 200.0
              }
            ],
            "ElemBox": {
              "Min": {
                "X": 208.0,
                "Y": -40.0,
                "Z": 24.0
              },
              "Max": {
                "X": 256.0,
                "Y": 40.000008,
                "Z": 200.0
              },
              "IsValid": 1
            },
            "Transform": {
              "Rotation": {
                "X": 0.0,
                "Y": 0.0,
                "Z": 0.0,
                "W": 1.0,
                "IsNormalized": true,
                "Size": 1.0,
                "SizeSquared": 1.0
              },
              "Translation": {
                "X": 0.0,
                "Y": 0.0,
                "Z": 0.0
              },
              "Scale3D": {
                "X": 1.0,
                "Y": 1.0,
                "Z": 1.0
              }
            },
            "RestOffset": 0.0,
            "Name": "None",
            "bContributeToMass": true
          },
          {
            "VertexData": [
              {
                "X": -8.0,
                "Y": 40.0,
                "Z": 24.0
              },
              {
                "X": 40.0,
                "Y": 40.0,
                "Z": 24.0
              },
              {
                "X": -8.0,
                "Y": -40.0,
                "Z": 24.0
              },
              {
                "X": 40.0,
                "Y": -40.0,
                "Z": 24.0
              },
              {
                "X": 128.0,
                "Y": 40.000004,
                "Z": 252.0
              },
              {
                "X": 176.0,
                "Y": 40.000008,
                "Z": 228.0
              },
              {
                "X": 128.0,
                "Y": -39.999996,
                "Z": 252.0
              },
              {
                "X": 176.0,
                "Y": -39.999992,
                "Z": 228.0
              }
            ],
            "ElemBox": {
              "Min": {
                "X": -8.0,
                "Y": -40.0,
                "Z": 24.0
              },
              "Max": {
                "X": 176.0,
                "Y": 40.000008,
                "Z": 252.0
              },
              "IsValid": 1
            },
            "Transform": {
              "Rotation": {
                "X": 0.0,
                "Y": 0.0,
                "Z": 0.0,
                "W": 1.0,
                "IsNormalized": true,
                "Size": 1.0,
                "SizeSquared": 1.0
              },
              "Translation": {
                "X": 0.0,
                "Y": 0.0,
                "Z": 0.0
              },
              "Scale3D": {
                "X": 1.0,
                "Y": 1.0,
                "Z": 1.0
              }
            },
            "RestOffset": 0.0,
            "Name": "None",
            "bContributeToMass": true
          },
          {
            "VertexData": [
              {
                "X": -256.0,
                "Y": 40.000015,
                "Z": 320.0
              },
              {
                "X": -176.0,
                "Y": 40.000015,
                "Z": 312.0
              },
              {
                "X": -256.0,
                "Y": -39.999985,
                "Z": 320.0
              },
              {
                "X": -176.0,
                "Y": -39.999985,
                "Z": 312.0
              },
              {
                "X": -256.0,
                "Y": 40.000015,
                "Z": 384.0
              },
              {
                "X": -176.0,
                "Y": 40.000015,
                "Z": 384.0
              },
              {
                "X": -256.0,
                "Y": -39.999985,
                "Z": 384.0
              },
              {
                "X": -176.0,
                "Y": -39.999985,
                "Z": 384.0
              }
            ],
            "ElemBox": {
              "Min": {
                "X": -256.0,
                "Y": -39.999985,
                "Z": 312.0
              },
              "Max": {
                "X": -176.0,
                "Y": 40.000015,
                "Z": 384.0
              },
              "IsValid": 1
            },
            "Transform": {
              "Rotation": {
                "X": 0.0,
                "Y": 0.0,
                "Z": 0.0,
                "W": 1.0,
                "IsNormalized": true,
                "Size": 1.0,
                "SizeSquared": 1.0
              },
              "Translation": {
                "X": 0.0,
                "Y": 0.0,
                "Z": 0.0
              },
              "Scale3D": {
                "X": 1.0,
                "Y": 1.0,
                "Z": 1.0
              }
            },
            "RestOffset": 0.0,
            "Name": "None",
            "bContributeToMass": true
          },
          {
            "VertexData": [
              {
                "X": -176.0,
                "Y": 40.000015,
                "Z": 312.0
              },
              {
                "X": -56.0,
                "Y": 40.000015,
                "Z": 296.0
              },
              {
                "X": -176.0,
                "Y": -39.999985,
                "Z": 312.0
              },
              {
                "X": -56.0,
                "Y": -39.999985,
                "Z": 296.0
              },
              {
                "X": -176.0,
                "Y": 40.000015,
                "Z": 384.0
              },
              {
                "X": -56.0,
                "Y": 40.000015,
                "Z": 368.0
              },
              {
                "X": -176.0,
                "Y": -39.999985,
                "Z": 384.0
              },
              {
                "X": -56.0,
                "Y": -39.999985,
                "Z": 368.0
              }
            ],
            "ElemBox": {
              "Min": {
                "X": -176.0,
                "Y": -39.999985,
                "Z": 296.0
              },
              "Max": {
                "X": -56.0,
                "Y": 40.000015,
                "Z": 384.0
              },
              "IsValid": 1
            },
            "Transform": {
              "Rotation": {
                "X": 0.0,
                "Y": 0.0,
                "Z": 0.0,
                "W": 1.0,
                "IsNormalized": true,
                "Size": 1.0,
                "SizeSquared": 1.0
              },
              "Translation": {
                "X": 0.0,
                "Y": 0.0,
                "Z": 0.0
              },
              "Scale3D": {
                "X": 1.0,
                "Y": 1.0,
                "Z": 1.0
              }
            },
            "RestOffset": 0.0,
            "Name": "None",
            "bContributeToMass": true
          },
          {
            "VertexData": [
              {
                "X": -56.0,
                "Y": 40.000015,
                "Z": 296.0
              },
              {
                "X": 88.0,
                "Y": 40.000015,
                "Z": 256.0
              },
              {
                "X": -56.0,
                "Y": -39.999985,
                "Z": 296.0
              },
              {
                "X": 88.0,
                "Y": -39.999985,
                "Z": 256.0
              },
              {
                "X": -56.0,
                "Y": 40.000015,
                "Z": 368.0
              },
              {
                "X": 88.0,
                "Y": 40.000015,
                "Z": 328.0
              },
              {
                "X": -56.0,
                "Y": -39.999985,
                "Z": 368.0
              },
              {
                "X": 88.0,
                "Y": -39.999985,
                "Z": 328.0
              }
            ],
            "ElemBox": {
              "Min": {
                "X": -56.0,
                "Y": -39.999985,
                "Z": 256.0
              },
              "Max": {
                "X": 88.0,
                "Y": 40.000015,
                "Z": 368.0
              },
              "IsValid": 1
            },
            "Transform": {
              "Rotation": {
                "X": 0.0,
                "Y": 0.0,
                "Z": 0.0,
                "W": 1.0,
                "IsNormalized": true,
                "Size": 1.0,
                "SizeSquared": 1.0
              },
              "Translation": {
                "X": 0.0,
                "Y": 0.0,
                "Z": 0.0
              },
              "Scale3D": {
                "X": 1.0,
                "Y": 1.0,
                "Z": 1.0
              }
            },
            "RestOffset": 0.0,
            "Name": "None",
            "bContributeToMass": true
          },
          {
            "VertexData": [
              {
                "X": 88.0,
                "Y": 40.00001,
                "Z": 256.0
              },
              {
                "X": 256.0,
                "Y": 40.000008,
                "Z": 176.0
              },
              {
                "X": 88.0,
                "Y": -39.99999,
                "Z": 256.0
              },
              {
                "X": 256.0,
                "Y": -39.999992,
                "Z": 176.0
              },
              {
                "X": 88.0,
                "Y": 40.00001,
                "Z": 328.0
              },
              {
                "X": 256.0,
                "Y": 40.000008,
                "Z": 256.0
              },
              {
                "X": 88.0,
                "Y": -39.99999,
                "Z": 328.0
              },
              {
                "X": 256.0,
                "Y": -39.999992,
                "Z": 256.0
              }
            ],
            "ElemBox": {
              "Min": {
                "X": 88.0,
                "Y": -39.999992,
                "Z": 176.0
              },
              "Max": {
                "X": 256.0,
                "Y": 40.00001,
                "Z": 328.0
              },
              "IsValid": 1
            },
            "Transform": {
              "Rotation": {
                "X": 0.0,
                "Y": 0.0,
                "Z": 0.0,
                "W": 1.0,
                "IsNormalized": true,
                "Size": 1.0,
                "SizeSquared": 1.0
              },
              "Translation": {
                "X": 0.0,
                "Y": 0.0,
                "Z": 0.0
              },
              "Scale3D": {
                "X": 1.0,
                "Y": 1.0,
                "Z": 1.0
              }
            },
            "RestOffset": 0.0,
            "Name": "None",
            "bContributeToMass": true
          }
        ]
      },
      "DefaultInstance": {
        "ObjectType": "ECC_WorldStatic",
        "CollisionEnabled": "ECollisionEnabled::QueryOnly",
        "CollisionProfileName": "BlockAll",
        "CollisionResponses": {
          "ResponseArray": [
            {
              "Channel": "FCC_Trace_WeaponCapsule",
              "Response": "ECR_Block"
            },
            {
              "Channel": "FCC_Object_PawnAI",
              "Response": "ECR_Block"
            },
            {
              "Channel": "FCC_Trace_WeaponMulti",
              "Response": "ECR_Block"
            },
            {
              "Channel": "FCC_Trace_Weapon",
              "Response": "ECR_Block"
            },
            {
              "Channel": "FCC_Object_Projectile",
              "Response": "ECR_Block"
            },
            {
              "Channel": "FCC_Object_ProjectileIgnoreAI",
              "Response": "ECR_Block"
            },
            {
              "Channel": "FCC_Object_ProjectileMesh",
              "Response": "ECR_Block"
            },
            {
              "Channel": "FCC_Object_SpectatorDroneCamera",
              "Response": "ECR_Block"
            },
            {
              "Channel": "FCC_Trace_WeaponPawnAndWorldMulti",
              "Response": "ECR_Block"
            }
          ]
        }
      }
    },
    "BodySetupGuid": "6C21ABB44942FC939ED3D1B6C9874B42",
    "CookedFormatData": {
      "PhysXPC": {
        "BulkDataFlags": "BULKDATA_SingleUse | BULKDATA_ForceInlinePayload",
        "ElementCount": 21504,
        "SizeOnDisk": 21504,
        "OffsetInFile": "0x119A8"
      }
    }
  },
  {
    "Type": "StaticMesh",
    "Name": "BridgeGirder_B",
    "Class": "UScriptClass'StaticMesh'",
    "Properties": {
      "MinLOD": {
        "bCooked": true,
        "Default": 0,
        "Value": 0
      },
      "StaticMaterials": [
        {
          "MaterialInterface": {
            "ObjectName": "MaterialInstanceConstant'M_SteelBridge1'",
            "ObjectPath": "FortniteGame/Content/Athena/Apollo/Environments/BuildingActors/Bridges/Walls/Materials/M_SteelBridge1.0"
          },
          "MaterialSlotName": "Steel_Bridge1",
          "ImportedMaterialSlotName": "Steel_Bridge1",
          "UVChannelData": {
            "bInitialized": true,
            "bOverrideDensities": false,
            "LocalUVDensities": 876.501,
            "LocalUVDensities": 0.0,
            "LocalUVDensities": 0.0,
            "LocalUVDensities": 0.0
          }
        }
      ],
      "LightMapResolution": 64,
      "LightMapCoordinateIndex": 1,
      "DistanceFieldSelfShadowBias": 100.0,
      "LODForCollision": 2,
      "Sockets": [
        {
          "ObjectName": "StaticMeshSocket'BridgeGirder_B:StaticMeshSocket_0'",
          "ObjectPath": "FortniteGame/Content/Athena/Apollo/Environments/BuildingActors/Bridges/Walls/Meshes/BridgeGirder_B.2"
        }
      ],
      "ExtendedBounds": {
        "Origin": {
          "X": 0.14492798,
          "Y": 0.0,
          "Z": 192.76212
        },
        "BoxExtent": {
          "X": 256.14493,
          "Y": 30.19613,
          "Z": 192.97742
        },
        "SphereRadius": 320.74884
      }
    },
    "BodySetup": {
      "ObjectName": "BodySetup'BridgeGirder_B:BodySetup_1'",
      "ObjectPath": "FortniteGame/Content/Athena/Apollo/Environments/BuildingActors/Bridges/Walls/Meshes/BridgeGirder_B.0"
    },
    "NavCollision": null,
    "LightingGuid": "CAEF20AB-4C3D4D4D-5753DE8C-602E391D",
    "RenderData": null
  },
  {
    "Type": "StaticMeshSocket",
    "Name": "StaticMeshSocket_0",
    "Outer": "BridgeGirder_B",
    "Class": "UScriptClass'StaticMeshSocket'",
    "Properties": {
      "SocketName": "DeathParticle",
      "RelativeLocation": {
        "X": 36.0,
        "Y": 0.0,
        "Z": 76.0
      }
    }
  }
]