[
  {
    "Type": "BodySetup",
    "Name": "BodySetup_0",
    "Outer": "CementBridge_Support",
    "Class": "UScriptClass'BodySetup'",
    "Properties": {
      "AggGeom": {
        "BoxElems": [
          {
            "Center": {
              "X": 0.0,
              "Y": -367.28235,
              "Z": 6.3250656
            },
            "Rotation": {
              "Pitch": 0.0,
              "Yaw": 0.0,
              "Roll": 0.0
            },
            "X": 260.64688,
            "Y": 734.5647,
            "Z": 221.29909,
            "RestOffset": 0.0,
            "Name": "None",
            "bContributeToMass": true
          }
        ]
      },
      "CollisionTraceFlag": "CTF_UseSimpleAsComplex",
      "DefaultInstance": {
        "ObjectType": "ECC_WorldStatic",
        "CollisionEnabled": "ECollisionEnabled::QueryOnly",
        "CollisionProfileName": "BlockAll",
        "CollisionResponses": {
          "ResponseArray": [
            {
              "Channel": "FCC_Trace_WeaponCapsule",
              "Response": "ECR_Block"
            },
            {
              "Channel": "FCC_Object_PawnAI",
              "Response": "ECR_Block"
            },
            {
              "Channel": "FCC_Trace_WeaponMulti",
              "Response": "ECR_Block"
            },
            {
              "Channel": "FCC_Trace_Weapon",
              "Response": "ECR_Block"
            },
            {
              "Channel": "FCC_Object_Projectile",
              "Response": "ECR_Block"
            },
            {
              "Channel": "FCC_Object_ProjectileIgnoreAI",
              "Response": "ECR_Block"
            },
            {
              "Channel": "FCC_Object_ProjectileMesh",
              "Response": "ECR_Block"
            },
            {
              "Channel": "FCC_Object_SpectatorDroneCamera",
              "Response": "ECR_Block"
            },
            {
              "Channel": "FCC_Trace_WeaponPawnAndWorldMulti",
              "Response": "ECR_Block"
            }
          ]
        }
      }
    },
    "BodySetupGuid": "DB6464184E57BC1ACFE32FAA547595BA"
  },
  {
    "Type": "StaticMesh",
    "Name": "CementBridge_Support",
    "Class": "UScriptClass'StaticMesh'",
    "Properties": {
      "MinLOD": {
        "bCooked": true,
        "Default": 0,
        "Value": 0
      },
      "StaticMaterials": [
        {
          "MaterialInterface": {
            "ObjectName": "MaterialInstanceConstant'MI_CementBridgeSupports'",
            "ObjectPath": "FortniteGame/Content/Athena/Apollo/Environments/BuildingActors/Bridges/Walls/Materials/MI_CementBridgeSupports.0"
          },
          "MaterialSlotName": "CementBridge5",
          "ImportedMaterialSlotName": "CementBridge5",
          "UVChannelData": {
            "bInitialized": true,
            "bOverrideDensities": false,
            "LocalUVDensities": 498.54095,
            "LocalUVDensities": 0.0,
            "LocalUVDensities": 485.8928,
            "LocalUVDensities": 0.0
          }
        }
      ],
      "LightMapResolution": 64,
      "LightMapCoordinateIndex": 1,
      "DistanceFieldSelfShadowBias": 500.0,
      "Sockets": [
        {
          "ObjectName": "StaticMeshSocket'CementBridge_Support:StaticMeshSocket_0'",
          "ObjectPath": "FortniteGame/Content/Athena/Apollo/Environments/BuildingActors/Bridges/Walls/Meshes/CementBridge_Support.2"
        }
      ],
      "ExtendedBounds": {
        "Origin": {
          "X": 0.0,
          "Y": -367.28235,
          "Z": 6.3250656
        },
        "BoxExtent": {
          "X": 130.32344,
          "Y": 367.28235,
          "Z": 110.64954
        },
        "SphereRadius": 402.93536
      }
    },
    "BodySetup": {
      "ObjectName": "BodySetup'CementBridge_Support:BodySetup_0'",
      "ObjectPath": "FortniteGame/Content/Athena/Apollo/Environments/BuildingActors/Bridges/Walls/Meshes/CementBridge_Support.0"
    },
    "NavCollision": null,
    "LightingGuid": "45E96646-4312E4AC-0E5B8EA0-EEC4DEC4",
    "RenderData": null
  },
  {
    "Type": "StaticMeshSocket",
    "Name": "StaticMeshSocket_0",
    "Outer": "CementBridge_Support",
    "Class": "UScriptClass'StaticMeshSocket'",
    "Properties": {
      "SocketName": "DeathParticle",
      "RelativeLocation": {
        "X": 0.0,
        "Y": -376.0,
        "Z": 0.0
      }
    }
  }
]