[
  {
    "Type": "BodySetup",
    "Name": "BodySetup_0",
    "Outer": "Cement_Bridge_Balcony",
    "Class": "UScriptClass'BodySetup'",
    "Properties": {
      "AggGeom": {
        "ConvexElems": [
          {
            "VertexData": [
              {
                "X": -256.00006,
                "Y": 511.99976,
                "Z": -48.2894
              },
              {
                "X": 256.00006,
                "Y": 511.99976,
                "Z": -48.2894
              },
              {
                "X": -256.00006,
                "Y": 245.2738,
                "Z": -48.2894
              },
              {
                "X": 256.00006,
                "Y": 245.2738,
                "Z": -48.2894
              },
              {
                "X": -256.00006,
                "Y": 511.99976,
                "Z": -4.25193
              },
              {
                "X": 256.00006,
                "Y": 511.99976,
                "Z": -4.25193
              },
              {
                "X": -256.00006,
                "Y": 245.2738,
                "Z": -4.25193
              },
              {
                "X": 256.00006,
                "Y": 245.2738,
                "Z": -4.25193
              }
            ],
            "ElemBox": {
              "Min": {
                "X": -256.00006,
                "Y": 245.2738,
                "Z": -48.2894
              },
              "Max": {
                "X": 256.00006,
                "Y": 511.99976,
                "Z": -4.25193
              },
              "IsValid": 1
            },
            "Transform": {
              "Rotation": {
                "X": 0.0,
                "Y": 0.0,
                "Z": 0.0,
                "W": 1.0,
                "IsNormalized": true,
                "Size": 1.0,
                "SizeSquared": 1.0
              },
              "Translation": {
                "X": 0.0,
                "Y": 0.0,
                "Z": 0.0
              },
              "Scale3D": {
                "X": 1.0,
                "Y": 1.0,
                "Z": 1.0
              }
            },
            "RestOffset": 0.0,
            "Name": "None",
            "bContributeToMass": true
          },
          {
            "VertexData": [
              {
                "X": -256.0,
                "Y": 288.04492,
                "Z": -5.7512665
              },
              {
                "X": 256.0,
                "Y": 288.04492,
                "Z": -5.7512665
              },
              {
                "X": -256.0,
                "Y": 243.1361,
                "Z": -5.7512665
              },
              {
                "X": 256.0,
                "Y": 243.1361,
                "Z": -5.7512665
              },
              {
                "X": -256.0,
                "Y": 288.04492,
                "Z": 119.442505
              },
              {
                "X": 256.0,
                "Y": 288.04492,
                "Z": 119.442505
              },
              {
                "X": -256.0,
                "Y": 243.1361,
                "Z": 119.442505
              },
              {
                "X": 256.0,
                "Y": 243.1361,
                "Z": 119.442505
              }
            ],
            "ElemBox": {
              "Min": {
                "X": -256.0,
                "Y": 243.1361,
                "Z": -5.7512665
              },
              "Max": {
                "X": 256.0,
                "Y": 288.04492,
                "Z": 119.442505
              },
              "IsValid": 1
            },
            "Transform": {
              "Rotation": {
                "X": 0.0,
                "Y": 0.0,
                "Z": 0.0,
                "W": 1.0,
                "IsNormalized": true,
                "Size": 1.0,
                "SizeSquared": 1.0
              },
              "Translation": {
                "X": 0.0,
                "Y": 0.0,
                "Z": 0.0
              },
              "Scale3D": {
                "X": 1.0,
                "Y": 1.0,
                "Z": 1.0
              }
            },
            "RestOffset": 0.0,
            "Name": "None",
            "bContributeToMass": true
          }
        ]
      },
      "DefaultInstance": {
        "ObjectType": "ECC_WorldStatic",
        "CollisionEnabled": "ECollisionEnabled::QueryOnly",
        "CollisionProfileName": "BlockAll",
        "CollisionResponses": {
          "ResponseArray": [
            {
              "Channel": "FCC_Trace_WeaponCapsule",
              "Response": "ECR_Block"
            },
            {
              "Channel": "FCC_Object_PawnAI",
              "Response": "ECR_Block"
            },
            {
              "Channel": "FCC_Trace_WeaponMulti",
              "Response": "ECR_Block"
            },
            {
              "Channel": "FCC_Trace_Weapon",
              "Response": "ECR_Block"
            },
            {
              "Channel": "FCC_Object_Projectile",
              "Response": "ECR_Block"
            },
            {
              "Channel": "FCC_Object_ProjectileIgnoreAI",
              "Response": "ECR_Block"
            },
            {
              "Channel": "FCC_Object_ProjectileMesh",
              "Response": "ECR_Block"
            },
            {
              "Channel": "FCC_Object_SpectatorDroneCamera",
              "Response": "ECR_Block"
            },
            {
              "Channel": "FCC_Trace_WeaponPawnAndWorldMulti",
              "Response": "ECR_Block"
            }
          ]
        }
      }
    },
    "BodySetupGuid": "B3EFACFE41DE678AC5AB938F42AF2EBB",
    "CookedFormatData": {
      "PhysXPC": {
        "BulkDataFlags": "BULKDATA_SingleUse | BULKDATA_ForceInlinePayload",
        "ElementCount": 3729,
        "SizeOnDisk": 3729,
        "OffsetInFile": "0xA7B7"
      }
    }
  },
  {
    "Type": "StaticMesh",
    "Name": "Cement_Bridge_Balcony",
    "Class": "UScriptClass'StaticMesh'",
    "Properties": {
      "MinLOD": {
        "bCooked": true,
        "Default": 0,
        "Value": 0
      },
      "StaticMaterials": [
        {
          "MaterialInterface": {
            "ObjectName": "MaterialInstanceConstant'M_CementBridge1'",
            "ObjectPath": "FortniteGame/Content/Athena/Apollo/Environments/BuildingActors/Bridges/Walls/Materials/M_CementBridge1.0"
          },
          "MaterialSlotName": "CementBridge1",
          "ImportedMaterialSlotName": "CementBridge1",
          "UVChannelData": {
            "bInitialized": true,
            "bOverrideDensities": false,
            "LocalUVDensities": 818.9409,
            "LocalUVDensities": 0.0,
            "LocalUVDensities": 0.0,
            "LocalUVDensities": 0.0
          }
        },
        {
          "MaterialInterface": {
            "ObjectName": "MaterialInstanceConstant'M_Cement1_Tile1'",
            "ObjectPath": "FortniteGame/Content/Athena/Apollo/Environments/BuildingActors/Bridges/Walls/Materials/M_Cement1_Tile1.0"
          },
          "MaterialSlotName": "CementBridge3",
          "ImportedMaterialSlotName": "CementBridge3",
          "UVChannelData": {
            "bInitialized": true,
            "bOverrideDensities": false,
            "LocalUVDensities": 575.74176,
            "LocalUVDensities": 0.0,
            "LocalUVDensities": 0.0,
            "LocalUVDensities": 0.0
          }
        },
        {
          "MaterialInterface": {
            "ObjectName": "MaterialInstanceConstant'M_Cement_Tile2'",
            "ObjectPath": "FortniteGame/Content/Athena/Apollo/Environments/BuildingActors/Bridges/Walls/Materials/M_Cement_Tile2.0"
          },
          "MaterialSlotName": "CementBridge4",
          "ImportedMaterialSlotName": "CementBridge4",
          "UVChannelData": {
            "bInitialized": true,
            "bOverrideDensities": false,
            "LocalUVDensities": 272.03076,
            "LocalUVDensities": 0.0,
            "LocalUVDensities": 0.0,
            "LocalUVDensities": 0.0
          }
        }
      ],
      "LightmapUVDensity": 729.25287,
      "LightMapResolution": 64,
      "DistanceFieldSelfShadowBias": 1000.0,
      "LODForCollision": 3,
      "Sockets": [
        {
          "ObjectName": "StaticMeshSocket'Cement_Bridge_Balcony:StaticMeshSocket_0'",
          "ObjectPath": "FortniteGame/Content/Athena/Apollo/Environments/BuildingActors/Bridges/Walls/Meshes/Cement_Bridge_Balcony.2"
        }
      ],
      "ExtendedBounds": {
        "Origin": {
          "X": -0.76589966,
          "Y": 377.56793,
          "Z": 35.576553
        },
        "BoxExtent": {
          "X": 268.388,
          "Y": 134.43182,
          "Z": 83.86595
        },
        "SphereRadius": 301.4825
      }
    },
    "BodySetup": {
      "ObjectName": "BodySetup'Cement_Bridge_Balcony:BodySetup_0'",
      "ObjectPath": "FortniteGame/Content/Athena/Apollo/Environments/BuildingActors/Bridges/Walls/Meshes/Cement_Bridge_Balcony.0"
    },
    "NavCollision": null,
    "LightingGuid": "1CA9B59E-4E2A3D28-07D36780-7A8B802D",
    "RenderData": null
  },
  {
    "Type": "StaticMeshSocket",
    "Name": "StaticMeshSocket_0",
    "Outer": "Cement_Bridge_Balcony",
    "Class": "UScriptClass'StaticMeshSocket'",
    "Properties": {
      "SocketName": "DeathParticle",
      "RelativeLocation": {
        "X": 4.0,
        "Y": 312.0,
        "Z": -8.0
      }
    }
  }
]