[
  {
    "Type": "BodySetup",
    "Name": "BodySetup_0",
    "Outer": "CementBridge_Pillar",
    "Class": "UScriptClass'BodySetup'",
    "Properties": {
      "AggGeom": {
        "SphylElems": [
          {
            "Center": {
              "X": 0.0001373291,
              "Y": -0.06060028,
              "Z": -628.1625
            },
            "Rotation": {
              "Pitch": 0.0,
              "Yaw": 0.0,
              "Roll": 0.0
            },
            "Radius": 130.0,
            "Length": 850.0,
            "RestOffset": 0.0,
            "Name": "None",
            "bContributeToMass": true
          }
        ]
      },
      "DefaultInstance": {
        "ObjectType": "ECC_WorldStatic",
        "CollisionEnabled": "ECollisionEnabled::QueryOnly",
        "CollisionProfileName": "BlockAll",
        "CollisionResponses": {
          "ResponseArray": [
            {
              "Channel": "FCC_Trace_WeaponCapsule",
              "Response": "ECR_Block"
            },
            {
              "Channel": "FCC_Object_PawnAI",
              "Response": "ECR_Block"
            },
            {
              "Channel": "FCC_Trace_WeaponMulti",
              "Response": "ECR_Block"
            },
            {
              "Channel": "FCC_Trace_Weapon",
              "Response": "ECR_Block"
            },
            {
              "Channel": "FCC_Object_Projectile",
              "Response": "ECR_Block"
            },
            {
              "Channel": "FCC_Object_ProjectileIgnoreAI",
              "Response": "ECR_Block"
            },
            {
              "Channel": "FCC_Object_ProjectileMesh",
              "Response": "ECR_Block"
            },
            {
              "Channel": "FCC_Object_SpectatorDroneCamera",
              "Response": "ECR_Block"
            },
            {
              "Channel": "FCC_Trace_WeaponPawnAndWorldMulti",
              "Response": "ECR_Block"
            }
          ]
        }
      }
    },
    "BodySetupGuid": "B20409D347799150235DDBAFB0AA7A50",
    "CookedFormatData": {
      "PhysXPC": {
        "BulkDataFlags": "BULKDATA_SingleUse | BULKDATA_ForceInlinePayload",
        "ElementCount": 5129,
        "SizeOnDisk": 5129,
        "OffsetInFile": "0x114EE"
      }
    }
  },
  {
    "Type": "StaticMesh",
    "Name": "CementBridge_Pillar",
    "Class": "UScriptClass'StaticMesh'",
    "Properties": {
      "MinLOD": {
        "bCooked": true,
        "Default": 1,
        "Value": 1
      },
      "StaticMaterials": [
        {
          "MaterialInterface": {
            "ObjectName": "MaterialInstanceConstant'MI_CementBridgeSupports'",
            "ObjectPath": "FortniteGame/Content/Athena/Apollo/Environments/BuildingActors/Bridges/Walls/Materials/MI_CementBridgeSupports.0"
          },
          "MaterialSlotName": "CementBridge2",
          "ImportedMaterialSlotName": "CementBridge2",
          "UVChannelData": {
            "bInitialized": true,
            "bOverrideDensities": false,
            "LocalUVDensities": 544.90857,
            "LocalUVDensities": 0.0,
            "LocalUVDensities": 523.5017,
            "LocalUVDensities": 0.0
          }
        }
      ],
      "LightMapResolution": 64,
      "LightMapCoordinateIndex": 1,
      "DistanceFieldSelfShadowBias": 500.0,
      "LODForCollision": 2,
      "Sockets": [
        {
          "ObjectName": "StaticMeshSocket'CementBridge_Pillar:StaticMeshSocket_0'",
          "ObjectPath": "FortniteGame/Content/Athena/Apollo/Environments/BuildingActors/Bridges/Walls/Meshes/CementBridge_Pillar.2"
        }
      ],
      "ExtendedBounds": {
        "Origin": {
          "X": 0.0021972656,
          "Y": -0.04611206,
          "Z": -635.5754
        },
        "BoxExtent": {
          "X": 131.15215,
          "Y": 121.12068,
          "Z": 531.2507
        },
        "SphereRadius": 544.1713
      }
    },
    "BodySetup": {
      "ObjectName": "BodySetup'CementBridge_Pillar:BodySetup_0'",
      "ObjectPath": "FortniteGame/Content/Athena/Apollo/Environments/BuildingActors/Bridges/Walls/Meshes/CementBridge_Pillar.0"
    },
    "NavCollision": null,
    "LightingGuid": "11810322-4E669986-F8026688-B34C8B51",
    "RenderData": null
  },
  {
    "Type": "StaticMeshSocket",
    "Name": "StaticMeshSocket_0",
    "Outer": "CementBridge_Pillar",
    "Class": "UScriptClass'StaticMeshSocket'",
    "Properties": {
      "SocketName": "DeathParticle",
      "RelativeLocation": {
        "X": 0.0,
        "Y": 0.0,
        "Z": -652.0
      }
    }
  }
]