[
  {
    "Type": "BodySetup",
    "Name": "BodySetup_3",
    "Outer": "SM_Apollo_BridgeSupport_01_Top",
    "Class": "UScriptClass'BodySetup'",
    "Properties": {
      "AggGeom": {
        "ConvexElems": [
          {
            "VertexData": [
              {
                "X": -255.99998,
                "Y": 12.000034,
                "Z": -0.00015258789
              },
              {
                "X": 255.99995,
                "Y": 12.000034,
                "Z": -0.00015258789
              },
              {
                "X": -255.99998,
                "Y": -12.000034,
                "Z": -0.00015258789
              },
              {
                "X": 255.99995,
                "Y": -12.000034,
                "Z": -0.00015258789
              },
              {
                "X": -255.99998,
                "Y": 12.000034,
                "Z": 384.00006
              },
              {
                "X": 255.99995,
                "Y": 12.000034,
                "Z": 384.00006
              },
              {
                "X": -255.99998,
                "Y": -12.000034,
                "Z": 384.00006
              },
              {
                "X": 255.99995,
                "Y": -12.000034,
                "Z": 384.00006
              }
            ],
            "ElemBox": {
              "Min": {
                "X": -255.99998,
                "Y": -12.000034,
                "Z": -0.00015258789
              },
              "Max": {
                "X": 255.99995,
                "Y": 12.000034,
                "Z": 384.00006
              },
              "IsValid": 1
            },
            "Transform": {
              "Rotation": {
                "X": 0.0,
                "Y": 0.0,
                "Z": 0.0,
                "W": 1.0,
                "IsNormalized": true,
                "Size": 1.0,
                "SizeSquared": 1.0
              },
              "Translation": {
                "X": 0.0,
                "Y": 0.0,
                "Z": 0.0
              },
              "Scale3D": {
                "X": 1.0,
                "Y": 1.0,
                "Z": 1.0
              }
            },
            "RestOffset": 0.0,
            "Name": "None",
            "bContributeToMass": true
          },
          {
            "VertexData": [
              {
                "X": -256.00003,
                "Y": 64.86369,
                "Z": 287.99988
              },
              {
                "X": 255.99997,
                "Y": 64.86369,
                "Z": 287.99988
              },
              {
                "X": -256.00003,
                "Y": -64.86369,
                "Z": 287.99988
              },
              {
                "X": 255.99997,
                "Y": -64.86369,
                "Z": 287.99988
              },
              {
                "X": -256.00003,
                "Y": 64.86369,
                "Z": 384.00003
              },
              {
                "X": 255.99997,
                "Y": 64.86369,
                "Z": 384.00003
              },
              {
                "X": -256.00003,
                "Y": -64.86369,
                "Z": 384.00003
              },
              {
                "X": 255.99997,
                "Y": -64.86369,
                "Z": 384.00003
              }
            ],
            "ElemBox": {
              "Min": {
                "X": -256.00003,
                "Y": -64.86369,
                "Z": 287.99988
              },
              "Max": {
                "X": 255.99997,
                "Y": 64.86369,
                "Z": 384.00003
              },
              "IsValid": 1
            },
            "Transform": {
              "Rotation": {
                "X": 0.0,
                "Y": 0.0,
                "Z": 0.0,
                "W": 1.0,
                "IsNormalized": true,
                "Size": 1.0,
                "SizeSquared": 1.0
              },
              "Translation": {
                "X": 0.0,
                "Y": 0.0,
                "Z": 0.0
              },
              "Scale3D": {
                "X": 1.0,
                "Y": 1.0,
                "Z": 1.0
              }
            },
            "RestOffset": 0.0,
            "Name": "None",
            "bContributeToMass": true
          }
        ]
      },
      "CollisionTraceFlag": "CTF_UseSimpleAsComplex",
      "DefaultInstance": {
        "ObjectType": "ECC_WorldStatic",
        "CollisionEnabled": "ECollisionEnabled::QueryOnly",
        "CollisionProfileName": "BlockAll",
        "CollisionResponses": {
          "ResponseArray": [
            {
              "Channel": "FCC_Trace_WeaponCapsule",
              "Response": "ECR_Block"
            },
            {
              "Channel": "FCC_Object_PawnAI",
              "Response": "ECR_Block"
            },
            {
              "Channel": "FCC_Trace_WeaponMulti",
              "Response": "ECR_Block"
            },
            {
              "Channel": "FCC_Trace_Weapon",
              "Response": "ECR_Block"
            },
            {
              "Channel": "FCC_Object_Projectile",
              "Response": "ECR_Block"
            },
            {
              "Channel": "FCC_Object_ProjectileIgnoreAI",
              "Response": "ECR_Block"
            },
            {
              "Channel": "FCC_Object_ProjectileMesh",
              "Response": "ECR_Block"
            },
            {
              "Channel": "FCC_Object_SpectatorDroneCamera",
              "Response": "ECR_Block"
            },
            {
              "Channel": "FCC_Trace_WeaponPawnAndWorldMulti",
              "Response": "ECR_Block"
            }
          ]
        }
      }
    },
    "BodySetupGuid": "139DAB624EE7EC343BE6BF8D8ACAC256",
    "CookedFormatData": {
      "PhysXPC": {
        "BulkDataFlags": "BULKDATA_SingleUse | BULKDATA_ForceInlinePayload",
        "ElementCount": 1805,
        "SizeOnDisk": 1805,
        "OffsetInFile": "0x8189"
      }
    }
  },
  {
    "Type": "StaticMesh",
    "Name": "SM_Apollo_BridgeSupport_01_Top",
    "Class": "UScriptClass'StaticMesh'",
    "Properties": {
      "MinLOD": {
        "bCooked": true,
        "Default": 0,
        "Value": 0
      },
      "StaticMaterials": [
        {
          "MaterialInterface": {
            "ObjectName": "MaterialInstanceConstant'MI_SteelBridgeSupports'",
            "ObjectPath": "FortniteGame/Content/Athena/Apollo/Environments/BuildingActors/Bridges/Walls/Materials/MI_SteelBridgeSupports.0"
          },
          "MaterialSlotName": "SteelBridgeSupportWall",
          "ImportedMaterialSlotName": "SteelBridgeSupportWall",
          "UVChannelData": {
            "bInitialized": true,
            "bOverrideDensities": false,
            "LocalUVDensities": 644.9313,
            "LocalUVDensities": 0.0,
            "LocalUVDensities": 644.9313,
            "LocalUVDensities": 0.0
          }
        },
        {
          "MaterialInterface": {
            "ObjectName": "MaterialInstanceConstant'M_Cement1_Tile1'",
            "ObjectPath": "FortniteGame/Content/Athena/Apollo/Environments/BuildingActors/Bridges/Walls/Materials/M_Cement1_Tile1.0"
          },
          "MaterialSlotName": "CementTile",
          "ImportedMaterialSlotName": "CementTile",
          "UVChannelData": {
            "bInitialized": true,
            "bOverrideDensities": false,
            "LocalUVDensities": 383.41238,
            "LocalUVDensities": 0.0,
            "LocalUVDensities": 0.0,
            "LocalUVDensities": 0.0
          }
        }
      ],
      "LightmapUVDensity": 609.7276,
      "LightMapResolution": 64,
      "LODForCollision": 2,
      "Sockets": [
        {
          "ObjectName": "StaticMeshSocket'SM_Apollo_BridgeSupport_01_Top:StaticMeshSocket_0'",
          "ObjectPath": "FortniteGame/Content/Athena/Apollo/Environments/BuildingActors/Bridges/Walls/Meshes/SM_Apollo_BridgeSupport_01_Top.2"
        }
      ],
      "ExtendedBounds": {
        "Origin": {
          "X": -3.0517578E-05,
          "Y": 0.0,
          "Z": 191.84993
        },
        "BoxExtent": {
          "X": 256.0,
          "Y": 64.86369,
          "Z": 191.85008
        },
        "SphereRadius": 325.6483
      }
    },
    "BodySetup": {
      "ObjectName": "BodySetup'SM_Apollo_BridgeSupport_01_Top:BodySetup_3'",
      "ObjectPath": "FortniteGame/Content/Athena/Apollo/Environments/BuildingActors/Bridges/Walls/Meshes/SM_Apollo_BridgeSupport_01_Top.0"
    },
    "NavCollision": null,
    "LightingGuid": "77B0BF4D-4766B520-E5D1C0B1-F17A1CEB",
    "RenderData": null
  },
  {
    "Type": "StaticMeshSocket",
    "Name": "StaticMeshSocket_0",
    "Outer": "SM_Apollo_BridgeSupport_01_Top",
    "Class": "UScriptClass'StaticMeshSocket'",
    "Properties": {
      "SocketName": "DeathParticle",
      "RelativeLocation": {
        "X": 0.0,
        "Y": 0.0,
        "Z": 164.0
      }
    }
  }
]