[
  {
    "Type": "BodySetup",
    "Name": "BodySetup_8",
    "Outer": "SM_Apollo_BridgeSupport_02_PillarTop",
    "Class": "UScriptClass'BodySetup'",
    "Properties": {
      "AggGeom": {
        "ConvexElems": [
          {
            "VertexData": [
              {
                "X": -64.0,
                "Y": -95.99997,
                "Z": 384.0
              },
              {
                "X": -128.0,
                "Y": -96.00003,
                "Z": -2.8768097E-06
              },
              {
                "X": 64.0,
                "Y": -96.00002,
                "Z": -2.8768109E-06
              },
              {
                "X": 64.0,
                "Y": -95.99998,
                "Z": 384.0
              },
              {
                "X": -64.0,
                "Y": 96.0,
                "Z": 384.0
              },
              {
                "X": -128.0,
                "Y": 95.99994,
                "Z": -3.639998E-06
              },
              {
                "X": 64.0,
                "Y": 95.99995,
                "Z": -3.6399995E-06
              },
              {
                "X": 64.0,
                "Y": 95.99999,
                "Z": 384.0
              }
            ],
            "ElemBox": {
              "Min": {
                "X": -128.0,
                "Y": -96.00003,
                "Z": -3.6399995E-06
              },
              "Max": {
                "X": 64.0,
                "Y": 96.0,
                "Z": 384.0
              },
              "IsValid": 1
            },
            "Transform": {
              "Rotation": {
                "X": 0.0,
                "Y": 0.0,
                "Z": 0.0,
                "W": 1.0,
                "IsNormalized": true,
                "Size": 1.0,
                "SizeSquared": 1.0
              },
              "Translation": {
                "X": 0.0,
                "Y": 0.0,
                "Z": 0.0
              },
              "Scale3D": {
                "X": 1.0,
                "Y": 1.0,
                "Z": 1.0
              }
            },
            "RestOffset": 0.0,
            "Name": "None",
            "bContributeToMass": true
          }
        ]
      },
      "CollisionTraceFlag": "CTF_UseSimpleAsComplex",
      "DefaultInstance": {
        "ObjectType": "ECC_WorldStatic",
        "CollisionEnabled": "ECollisionEnabled::QueryOnly",
        "CollisionProfileName": "BlockAll",
        "CollisionResponses": {
          "ResponseArray": [
            {
              "Channel": "FCC_Trace_WeaponCapsule",
              "Response": "ECR_Block"
            },
            {
              "Channel": "FCC_Object_PawnAI",
              "Response": "ECR_Block"
            },
            {
              "Channel": "FCC_Trace_WeaponMulti",
              "Response": "ECR_Block"
            },
            {
              "Channel": "FCC_Trace_Weapon",
              "Response": "ECR_Block"
            },
            {
              "Channel": "FCC_Object_Projectile",
              "Response": "ECR_Block"
            },
            {
              "Channel": "FCC_Object_ProjectileIgnoreAI",
              "Response": "ECR_Block"
            },
            {
              "Channel": "FCC_Object_ProjectileMesh",
              "Response": "ECR_Block"
            },
            {
              "Channel": "FCC_Object_SpectatorDroneCamera",
              "Response": "ECR_Block"
            },
            {
              "Channel": "FCC_Trace_WeaponPawnAndWorldMulti",
              "Response": "ECR_Block"
            }
          ]
        }
      }
    },
    "BodySetupGuid": "18021CE549421DF96B5895BAE1A78C96",
    "CookedFormatData": {
      "PhysXPC": {
        "BulkDataFlags": "BULKDATA_SingleUse | BULKDATA_ForceInlinePayload",
        "ElementCount": 915,
        "SizeOnDisk": 915,
        "OffsetInFile": "0x55FA"
      }
    }
  },
  {
    "Type": "StaticMesh",
    "Name": "SM_Apollo_BridgeSupport_02_PillarTop",
    "Class": "UScriptClass'StaticMesh'",
    "Properties": {
      "MinLOD": {
        "bCooked": true,
        "Default": 0,
        "Value": 0
      },
      "StaticMaterials": [
        {
          "MaterialInterface": {
            "ObjectName": "MaterialInstanceConstant'MI_SteelBridgeSupports'",
            "ObjectPath": "FortniteGame/Content/Athena/Apollo/Environments/BuildingActors/Bridges/Walls/Materials/MI_SteelBridgeSupports.0"
          },
          "MaterialSlotName": "SteelBridgeSupportDiagonalEnds",
          "ImportedMaterialSlotName": "SteelBridgeSupportDiagonalEnds",
          "UVChannelData": {
            "bInitialized": true,
            "bOverrideDensities": false,
            "LocalUVDensities": 814.7401,
            "LocalUVDensities": 0.0,
            "LocalUVDensities": 815.7764,
            "LocalUVDensities": 0.0
          }
        }
      ],
      "LightmapUVDensity": 814.7401,
      "LightMapResolution": 64,
      "LODForCollision": 2,
      "Sockets": [
        {
          "ObjectName": "StaticMeshSocket'SM_Apollo_BridgeSupport_02_PillarTop:StaticMeshSocket_0'",
          "ObjectPath": "FortniteGame/Content/Athena/Apollo/Environments/BuildingActors/Bridges/Walls/Meshes/SM_Apollo_BridgeSupport_02_PillarTop.2"
        }
      ],
      "ExtendedBounds": {
        "Origin": {
          "X": -31.27024,
          "Y": -1.5258789E-05,
          "Z": 192.0
        },
        "BoxExtent": {
          "X": 95.27024,
          "Y": 96.000015,
          "Z": 192.0
        },
        "SphereRadius": 230.6026
      }
    },
    "BodySetup": {
      "ObjectName": "BodySetup'SM_Apollo_BridgeSupport_02_PillarTop:BodySetup_8'",
      "ObjectPath": "FortniteGame/Content/Athena/Apollo/Environments/BuildingActors/Bridges/Walls/Meshes/SM_Apollo_BridgeSupport_02_PillarTop.0"
    },
    "NavCollision": null,
    "LightingGuid": "82A3F3EE-43B6B6AE-5510C691-3C45C10E",
    "RenderData": null
  },
  {
    "Type": "StaticMeshSocket",
    "Name": "StaticMeshSocket_0",
    "Outer": "SM_Apollo_BridgeSupport_02_PillarTop",
    "Class": "UScriptClass'StaticMeshSocket'",
    "Properties": {
      "SocketName": "DeathParticle",
      "RelativeLocation": {
        "X": 0.0,
        "Y": 0.0,
        "Z": 126.0
      }
    }
  }
]