[
  {
    "Type": "BodySetup",
    "Name": "BodySetup_0",
    "Outer": "SM_Apollo_BridgeSupport_Bottom",
    "Class": "UScriptClass'BodySetup'",
    "Properties": {
      "AggGeom": {
        "ConvexElems": [
          {
            "VertexData": [
              {
                "X": -256.00003,
                "Y": 12.00006,
                "Z": 384.00006
              },
              {
                "X": 256.00003,
                "Y": 12.00006,
                "Z": 384.00006
              },
              {
                "X": -256.00003,
                "Y": -11.99994,
                "Z": 384.00006
              },
              {
                "X": 256.00003,
                "Y": -11.99994,
                "Z": 384.00006
              },
              {
                "X": -256.00003,
                "Y": 12.00006,
                "Z": 6.1035156E-05
              },
              {
                "X": 256.00003,
                "Y": 12.00006,
                "Z": 6.1035156E-05
              },
              {
                "X": -256.00003,
                "Y": -11.99994,
                "Z": 6.1035156E-05
              },
              {
                "X": 256.00003,
                "Y": -11.99994,
                "Z": 6.1035156E-05
              }
            ],
            "ElemBox": {
              "Min": {
                "X": -256.00003,
                "Y": -11.99994,
                "Z": 6.1035156E-05
              },
              "Max": {
                "X": 256.00003,
                "Y": 12.00006,
                "Z": 384.00006
              },
              "IsValid": 1
            },
            "Transform": {
              "Rotation": {
                "X": 0.0,
                "Y": 0.0,
                "Z": 0.0,
                "W": 1.0,
                "IsNormalized": true,
                "Size": 1.0,
                "SizeSquared": 1.0
              },
              "Translation": {
                "X": 0.0,
                "Y": 0.0,
                "Z": 0.0
              },
              "Scale3D": {
                "X": 1.0,
                "Y": 1.0,
                "Z": 1.0
              }
            },
            "RestOffset": 0.0,
            "Name": "None",
            "bContributeToMass": true
          }
        ]
      },
      "PhysicsType": "PhysType_Kinematic",
      "CollisionTraceFlag": "CTF_UseSimpleAsComplex",
      "DefaultInstance": {
        "ObjectType": "ECC_WorldStatic",
        "CollisionEnabled": "ECollisionEnabled::QueryOnly",
        "CollisionProfileName": "BlockAll",
        "CollisionResponses": {
          "ResponseArray": [
            {
              "Channel": "FCC_Trace_WeaponCapsule",
              "Response": "ECR_Block"
            },
            {
              "Channel": "FCC_Object_PawnAI",
              "Response": "ECR_Block"
            },
            {
              "Channel": "FCC_Trace_WeaponMulti",
              "Response": "ECR_Block"
            },
            {
              "Channel": "FCC_Trace_Weapon",
              "Response": "ECR_Block"
            },
            {
              "Channel": "FCC_Object_Projectile",
              "Response": "ECR_Block"
            },
            {
              "Channel": "FCC_Object_ProjectileIgnoreAI",
              "Response": "ECR_Block"
            },
            {
              "Channel": "FCC_Object_ProjectileMesh",
              "Response": "ECR_Block"
            },
            {
              "Channel": "FCC_Object_SpectatorDroneCamera",
              "Response": "ECR_Block"
            },
            {
              "Channel": "FCC_Trace_WeaponPawnAndWorldMulti",
              "Response": "ECR_Block"
            }
          ]
        }
      }
    },
    "BodySetupGuid": "B5C61FEC46C95595BCBC358D414D54F7",
    "CookedFormatData": {
      "PhysXPC": {
        "BulkDataFlags": "BULKDATA_SingleUse | BULKDATA_ForceInlinePayload",
        "ElementCount": 915,
        "SizeOnDisk": 915,
        "OffsetInFile": "0x59CB"
      }
    }
  },
  {
    "Type": "StaticMesh",
    "Name": "SM_Apollo_BridgeSupport_Bottom",
    "Class": "UScriptClass'StaticMesh'",
    "Properties": {
      "MinLOD": {
        "bCooked": true,
        "Default": 0,
        "Value": 0
      },
      "StaticMaterials": [
        {
          "MaterialInterface": {
            "ObjectName": "MaterialInstanceConstant'MI_SteelBridgeSupports'",
            "ObjectPath": "FortniteGame/Content/Athena/Apollo/Environments/BuildingActors/Bridges/Walls/Materials/MI_SteelBridgeSupports.0"
          },
          "MaterialSlotName": "SteelBridgeSupportWall",
          "ImportedMaterialSlotName": "SteelBridgeSupportWall",
          "UVChannelData": {
            "bInitialized": true,
            "bOverrideDensities": false,
            "LocalUVDensities": 646.93286,
            "LocalUVDensities": 0.0,
            "LocalUVDensities": 646.93286,
            "LocalUVDensities": 0.0
          }
        },
        {
          "MaterialInterface": {
            "ObjectName": "MaterialInstanceConstant'M_Cement1_Tile1'",
            "ObjectPath": "FortniteGame/Content/Athena/Apollo/Environments/BuildingActors/Bridges/Walls/Materials/M_Cement1_Tile1.0"
          },
          "MaterialSlotName": "CementTile",
          "ImportedMaterialSlotName": "CementTile",
          "UVChannelData": {
            "bInitialized": true,
            "bOverrideDensities": false,
            "LocalUVDensities": 399.94052,
            "LocalUVDensities": 0.0,
            "LocalUVDensities": 0.0,
            "LocalUVDensities": 0.0
          }
        }
      ],
      "LightmapUVDensity": 621.3163,
      "LightMapResolution": 64,
      "LODForCollision": 2,
      "Sockets": [
        {
          "ObjectName": "StaticMeshSocket'SM_Apollo_BridgeSupport_Bottom:StaticMeshSocket_0'",
          "ObjectPath": "FortniteGame/Content/Athena/Apollo/Environments/BuildingActors/Bridges/Walls/Meshes/SM_Apollo_BridgeSupport_Bottom.2"
        }
      ],
      "ExtendedBounds": {
        "Origin": {
          "X": -1.5258789E-05,
          "Y": 0.0,
          "Z": 191.99995
        },
        "BoxExtent": {
          "X": 255.99997,
          "Y": 12.000034,
          "Z": 192.0001
        },
        "SphereRadius": 320.10812
      }
    },
    "BodySetup": {
      "ObjectName": "BodySetup'SM_Apollo_BridgeSupport_Bottom:BodySetup_0'",
      "ObjectPath": "FortniteGame/Content/Athena/Apollo/Environments/BuildingActors/Bridges/Walls/Meshes/SM_Apollo_BridgeSupport_Bottom.0"
    },
    "NavCollision": null,
    "LightingGuid": "312A2A55-462D8A97-61A31291-C1523695",
    "RenderData": null
  },
  {
    "Type": "StaticMeshSocket",
    "Name": "StaticMeshSocket_0",
    "Outer": "SM_Apollo_BridgeSupport_Bottom",
    "Class": "UScriptClass'StaticMeshSocket'",
    "Properties": {
      "SocketName": "DeathParticle",
      "RelativeLocation": {
        "X": 0.0,
        "Y": 0.0,
        "Z": 124.0
      }
    }
  }
]