[
  {
    "Type": "BodySetup",
    "Name": "BodySetup_0",
    "Outer": "SM_Apollo_BridgeSupport_01_Pillar",
    "Class": "UScriptClass'BodySetup'",
    "Properties": {
      "AggGeom": {
        "ConvexElems": [
          {
            "VertexData": [
              {
                "X": -52.19494,
                "Y": 127.51291,
                "Z": -7.6293945E-05
              },
              {
                "X": 52.194893,
                "Y": 127.51291,
                "Z": -7.6293945E-05
              },
              {
                "X": -127.51295,
                "Y": -52.19493,
                "Z": -7.6293945E-05
              },
              {
                "X": 127.5129,
                "Y": -52.19493,
                "Z": -7.6293945E-05
              },
              {
                "X": -52.19494,
                "Y": 127.51291,
                "Z": 384.0
              },
              {
                "X": 127.5129,
                "Y": 52.1949,
                "Z": 384.0
              },
              {
                "X": -127.51295,
                "Y": -52.19493,
                "Z": 384.0
              },
              {
                "X": 52.194893,
                "Y": -127.51294,
                "Z": 384.0
              },
              {
                "X": -127.51295,
                "Y": 52.1949,
                "Z": -7.6293945E-05
              },
              {
                "X": 127.5129,
                "Y": 52.1949,
                "Z": -7.6293945E-05
              },
              {
                "X": -52.19494,
                "Y": -127.51294,
                "Z": -7.6293945E-05
              },
              {
                "X": 52.194893,
                "Y": -127.51294,
                "Z": -7.6293945E-05
              },
              {
                "X": -127.51295,
                "Y": 52.1949,
                "Z": 384.0
              },
              {
                "X": 52.194893,
                "Y": 127.51291,
                "Z": 384.0
              },
              {
                "X": -52.19494,
                "Y": -127.51294,
                "Z": 384.0
              },
              {
                "X": 127.5129,
                "Y": -52.19493,
                "Z": 384.0
              }
            ],
            "ElemBox": {
              "Min": {
                "X": -127.51295,
                "Y": -127.51294,
                "Z": -7.6293945E-05
              },
              "Max": {
                "X": 127.5129,
                "Y": 127.51291,
                "Z": 384.0
              },
              "IsValid": 1
            },
            "Transform": {
              "Rotation": {
                "X": 0.0,
                "Y": 0.0,
                "Z": 0.0,
                "W": 1.0,
                "IsNormalized": true,
                "Size": 1.0,
                "SizeSquared": 1.0
              },
              "Translation": {
                "X": 0.0,
                "Y": 0.0,
                "Z": 0.0
              },
              "Scale3D": {
                "X": 1.0,
                "Y": 1.0,
                "Z": 1.0
              }
            },
            "RestOffset": 0.0,
            "Name": "None",
            "bContributeToMass": true
          }
        ]
      },
      "DefaultInstance": {
        "ObjectType": "ECC_WorldStatic",
        "CollisionEnabled": "ECollisionEnabled::QueryOnly",
        "CollisionProfileName": "BlockAll",
        "CollisionResponses": {
          "ResponseArray": [
            {
              "Channel": "FCC_Trace_WeaponCapsule",
              "Response": "ECR_Block"
            },
            {
              "Channel": "FCC_Object_PawnAI",
              "Response": "ECR_Block"
            },
            {
              "Channel": "FCC_Trace_WeaponMulti",
              "Response": "ECR_Block"
            },
            {
              "Channel": "FCC_Trace_Weapon",
              "Response": "ECR_Block"
            },
            {
              "Channel": "FCC_Object_Projectile",
              "Response": "ECR_Block"
            },
            {
              "Channel": "FCC_Object_ProjectileIgnoreAI",
              "Response": "ECR_Block"
            },
            {
              "Channel": "FCC_Object_ProjectileMesh",
              "Response": "ECR_Block"
            },
            {
              "Channel": "FCC_Object_SpectatorDroneCamera",
              "Response": "ECR_Block"
            },
            {
              "Channel": "FCC_Trace_WeaponPawnAndWorldMulti",
              "Response": "ECR_Block"
            }
          ]
        }
      }
    },
    "BodySetupGuid": "A1E798AF44570D388FF07E90CA3AE2D7",
    "CookedFormatData": {
      "PhysXPC": {
        "BulkDataFlags": "BULKDATA_SingleUse | BULKDATA_ForceInlinePayload",
        "ElementCount": 7723,
        "SizeOnDisk": 7723,
        "OffsetInFile": "0xB958"
      }
    }
  },
  {
    "Type": "StaticMesh",
    "Name": "SM_Apollo_BridgeSupport_01_Pillar",
    "Class": "UScriptClass'StaticMesh'",
    "Properties": {
      "StaticMaterials": [
        {
          "MaterialInterface": {
            "ObjectName": "MaterialInstanceConstant'MI_SteelBridgeSupports'",
            "ObjectPath": "FortniteGame/Content/Athena/Apollo/Environments/BuildingActors/Bridges/Walls/Materials/MI_SteelBridgeSupports.0"
          },
          "MaterialSlotName": "SteelBridgeSupportPillars",
          "ImportedMaterialSlotName": "SteelBridgeSupportPillars",
          "UVChannelData": {
            "bInitialized": true,
            "bOverrideDensities": false,
            "LocalUVDensities": 567.9236,
            "LocalUVDensities": 0.0,
            "LocalUVDensities": 567.9236,
            "LocalUVDensities": 0.0
          }
        }
      ],
      "LightmapUVDensity": 567.9236,
      "LightMapResolution": 64,
      "DistanceFieldSelfShadowBias": 100.0,
      "Sockets": [
        {
          "ObjectName": "StaticMeshSocket'SM_Apollo_BridgeSupport_01_Pillar:StaticMeshSocket_0'",
          "ObjectPath": "FortniteGame/Content/Athena/Apollo/Environments/BuildingActors/Bridges/Walls/Meshes/SM_Apollo_BridgeSupport_01_Pillar.2"
        }
      ],
      "ExtendedBounds": {
        "Origin": {
          "X": -1.5258789E-05,
          "Y": -7.6293945E-06,
          "Z": 191.99995
        },
        "BoxExtent": {
          "X": 127.512924,
          "Y": 127.512924,
          "Z": 192.00003
        },
        "SphereRadius": 228.88516
      }
    },
    "BodySetup": {
      "ObjectName": "BodySetup'SM_Apollo_BridgeSupport_01_Pillar:BodySetup_0'",
      "ObjectPath": "FortniteGame/Content/Athena/Apollo/Environments/BuildingActors/Bridges/Walls/Meshes/SM_Apollo_BridgeSupport_01_Pillar.0"
    },
    "NavCollision": null,
    "LightingGuid": "9770D1EA-44E477FF-E2E05BBA-A8D86646",
    "RenderData": null
  },
  {
    "Type": "StaticMeshSocket",
    "Name": "StaticMeshSocket_0",
    "Outer": "SM_Apollo_BridgeSupport_01_Pillar",
    "Class": "UScriptClass'StaticMeshSocket'",
    "Properties": {
      "SocketName": "DeathParticle",
      "RelativeLocation": {
        "X": 0.0,
        "Y": 0.0,
        "Z": 168.0
      }
    }
  }
]