[
  {
    "Type": "BodySetup",
    "Name": "BodySetup_6",
    "Outer": "SM_Apollo_BridgeSupport_02_Pillar",
    "Class": "UScriptClass'BodySetup'",
    "Properties": {
      "AggGeom": {
        "ConvexElems": [
          {
            "VertexData": [
              {
                "X": -128.0,
                "Y": -95.99996,
                "Z": 384.00003
              },
              {
                "X": -192.0,
                "Y": -96.00002,
                "Z": 4.2899555E-05
              },
              {
                "X": 64.0,
                "Y": -96.00001,
                "Z": -2.8768134E-06
              },
              {
                "X": 64.0,
                "Y": -95.99996,
                "Z": 384.0
              },
              {
                "X": -128.0,
                "Y": 96.00001,
                "Z": 384.0
              },
              {
                "X": -192.0,
                "Y": 95.99996,
                "Z": -3.640002E-06
              },
              {
                "X": 64.0,
                "Y": 95.99996,
                "Z": -3.640002E-06
              },
              {
                "X": 64.0,
                "Y": 96.00001,
                "Z": 384.0
              }
            ],
            "ElemBox": {
              "Min": {
                "X": -192.0,
                "Y": -96.00002,
                "Z": -3.640002E-06
              },
              "Max": {
                "X": 64.0,
                "Y": 96.00001,
                "Z": 384.00003
              },
              "IsValid": 1
            },
            "Transform": {
              "Rotation": {
                "X": 0.0,
                "Y": 0.0,
                "Z": 0.0,
                "W": 1.0,
                "IsNormalized": true,
                "Size": 1.0,
                "SizeSquared": 1.0
              },
              "Translation": {
                "X": 0.0,
                "Y": 0.0,
                "Z": 0.0
              },
              "Scale3D": {
                "X": 1.0,
                "Y": 1.0,
                "Z": 1.0
              }
            },
            "RestOffset": 0.0,
            "Name": "None",
            "bContributeToMass": true
          }
        ]
      },
      "CollisionTraceFlag": "CTF_UseSimpleAsComplex",
      "DefaultInstance": {
        "ObjectType": "ECC_WorldStatic",
        "CollisionEnabled": "ECollisionEnabled::QueryOnly",
        "CollisionProfileName": "BlockAll",
        "CollisionResponses": {
          "ResponseArray": [
            {
              "Channel": "FCC_Trace_WeaponCapsule",
              "Response": "ECR_Block"
            },
            {
              "Channel": "FCC_Object_PawnAI",
              "Response": "ECR_Block"
            },
            {
              "Channel": "FCC_Trace_WeaponMulti",
              "Response": "ECR_Block"
            },
            {
              "Channel": "FCC_Trace_Weapon",
              "Response": "ECR_Block"
            },
            {
              "Channel": "FCC_Object_Projectile",
              "Response": "ECR_Block"
            },
            {
              "Channel": "FCC_Object_ProjectileIgnoreAI",
              "Response": "ECR_Block"
            },
            {
              "Channel": "FCC_Object_ProjectileMesh",
              "Response": "ECR_Block"
            },
            {
              "Channel": "FCC_Object_SpectatorDroneCamera",
              "Response": "ECR_Block"
            },
            {
              "Channel": "FCC_Trace_WeaponPawnAndWorldMulti",
              "Response": "ECR_Block"
            }
          ]
        }
      }
    },
    "BodySetupGuid": "2C9EE2A74595BCF0BB43C9884B715868",
    "CookedFormatData": {
      "PhysXPC": {
        "BulkDataFlags": "BULKDATA_SingleUse | BULKDATA_ForceInlinePayload",
        "ElementCount": 915,
        "SizeOnDisk": 915,
        "OffsetInFile": "0x5B5D"
      }
    }
  },
  {
    "Type": "StaticMesh",
    "Name": "SM_Apollo_BridgeSupport_02_Pillar",
    "Class": "UScriptClass'StaticMesh'",
    "Properties": {
      "MinLOD": {
        "bCooked": true,
        "Default": 0,
        "Value": 0
      },
      "StaticMaterials": [
        {
          "MaterialInterface": {
            "ObjectName": "MaterialInstanceConstant'MI_SteelBridgeSupports'",
            "ObjectPath": "FortniteGame/Content/Athena/Apollo/Environments/BuildingActors/Bridges/Walls/Materials/MI_SteelBridgeSupports.0"
          },
          "MaterialSlotName": "SteelBridgeSupportDiagonalEnds",
          "ImportedMaterialSlotName": "SteelBridgeSupportDiagonalEnds",
          "UVChannelData": {
            "bInitialized": true,
            "bOverrideDensities": false,
            "LocalUVDensities": 819.443,
            "LocalUVDensities": 0.0,
            "LocalUVDensities": 820.2,
            "LocalUVDensities": 0.0
          }
        }
      ],
      "LightmapUVDensity": 819.443,
      "LightMapResolution": 64,
      "LODForCollision": 2,
      "Sockets": [
        {
          "ObjectName": "StaticMeshSocket'SM_Apollo_BridgeSupport_02_Pillar:StaticMeshSocket_0'",
          "ObjectPath": "FortniteGame/Content/Athena/Apollo/Environments/BuildingActors/Bridges/Walls/Meshes/SM_Apollo_BridgeSupport_02_Pillar.2"
        }
      ],
      "ExtendedBounds": {
        "Origin": {
          "X": -63.270958,
          "Y": -7.6293945E-06,
          "Z": 192.00002
        },
        "BoxExtent": {
          "X": 127.27096,
          "Y": 96.000015,
          "Z": 192.00002
        },
        "SphereRadius": 244.57915
      }
    },
    "BodySetup": {
      "ObjectName": "BodySetup'SM_Apollo_BridgeSupport_02_Pillar:BodySetup_6'",
      "ObjectPath": "FortniteGame/Content/Athena/Apollo/Environments/BuildingActors/Bridges/Walls/Meshes/SM_Apollo_BridgeSupport_02_Pillar.0"
    },
    "NavCollision": null,
    "LightingGuid": "0D79B7F0-49614644-CDFF06AF-46439D61",
    "RenderData": null
  },
  {
    "Type": "StaticMeshSocket",
    "Name": "StaticMeshSocket_0",
    "Outer": "SM_Apollo_BridgeSupport_02_Pillar",
    "Class": "UScriptClass'StaticMeshSocket'",
    "Properties": {
      "SocketName": "DeathParticle",
      "RelativeLocation": {
        "X": -22.0,
        "Y": 0.0,
        "Z": 68.0
      }
    }
  }
]