[
  {
    "Type": "BlueprintGeneratedClass",
    "Name": "Apollo_Weeping_Woods_Sign_C",
    "Class": "UScriptClass'BlueprintGeneratedClass'",
    "Properties": {
      "SimpleConstructionScript": {
        "ObjectName": "SimpleConstructionScript'Apollo_Weeping_Woods_Sign_C:SimpleConstructionScript_981'",
        "ObjectPath": "FortniteGame/Content/Athena/Apollo/Environments/BuildingActors/Forest/Props/Apollo_Weeping_Woods_Sign.4"
      }
    },
    "SuperStruct": {
      "ObjectName": "Class'BuildingProp'",
      "ObjectPath": "/Script/FortniteGame"
    }
  },
  {
    "Type": "Apollo_Weeping_Woods_Sign_C",
    "Name": "Default__Apollo_Weeping_Woods_Sign_C",
    "Class": "BlueprintGeneratedClass'FortniteGame/Content/Athena/Apollo/Environments/BuildingActors/Forest/Props/Apollo_Weeping_Woods_Sign.Apollo_Weeping_Woods_Sign_C'",
    "Properties": {
      "StaticMesh": {
        "ObjectName": "StaticMesh'S_Weeping_Woods_Sign'",
        "ObjectPath": "FortniteGame/Content/Environments/Apollo/Props/Weeping_Woods_Sign/S_Weeping_Woods_Sign.1"
      },
      "ResourceType": "EFortResourceType::Wood",
      "StaticMeshComponent": {
        "ObjectName": "StaticMeshComponent'Default__Apollo_Weeping_Woods_Sign_C:StaticMeshComponent0'",
        "ObjectPath": "FortniteGame/Content/Athena/Apollo/Environments/BuildingActors/Forest/Props/Apollo_Weeping_Woods_Sign.5"
      },
      "BuildingResourceAmountOverride": {
        "CurveTable": {
          "ObjectName": "CurveTable'AthenaResourceRates'",
          "ObjectPath": "FortniteGame/Content/Athena/Balance/DataTables/AthenaResourceRates.0"
        },
        "RowName": "PropWoodHigh"
      },
      "DeathParticles": {
        "ObjectName": "ParticleSystem'P_General_Deco_Destruction_Medium'",
        "ObjectPath": "FortniteGame/Content/Effects/Fort_Effects/World/Destruction/Base_Effects/P_General_Deco_Destruction_Medium.100"
      },
      "DeathSound": {
        "ObjectName": "SoundCue'Demo_WoodPallet_ImpactFinal_Cue'",
        "ObjectPath": "FortniteGame/Content/Sounds/Fort_Impact_Sounds/Demolition/Wood/Demo_WoodPallet_ImpactFinal_Cue.0"
      },
      "BuildingAttachmentType": "ATTACH_Floor",
      "AttributeInitKeys": {
        "AttributeInitCategory": "PropWood",
        "AttributeInitSubCategory": "3"
      },
      "AttributeInitKeys": {
        "AttributeInitCategory": "PropWood",
        "AttributeInitSubCategory": "3"
      },
      "NavigationObstacleOverride": "ENavigationObstacleOverride::ForceEnabled",
      "bCanExportNavigationCollisions": true,
      "StaticGameplayTags": [
        "Building.Type.Prop"
      ],
      "PlayHitSound": {
        "ObjectName": "SoundCue'Demo_WoodPallet_Impact_Cue'",
        "ObjectPath": "FortniteGame/Content/Sounds/Fort_Impact_Sounds/Demolition/Wood/Demo_WoodPallet_Impact_Cue.0"
      },
      "SnapGridSize": 1.0,
      "RootComponent": {
        "ObjectName": "StaticMeshComponent'Default__Apollo_Weeping_Woods_Sign_C:StaticMeshComponent0'",
        "ObjectPath": "FortniteGame/Content/Athena/Apollo/Environments/BuildingActors/Forest/Props/Apollo_Weeping_Woods_Sign.5"
      }
    }
  },
  {
    "Type": "SceneComponent",
    "Name": "SceneComponent_1960",
    "Outer": "Apollo_Weeping_Woods_Sign_C",
    "Class": "UScriptClass'SceneComponent'"
  },
  {
    "Type": "SCS_Node",
    "Name": "SCS_Node_1964",
    "Outer": "SimpleConstructionScript_981",
    "Class": "UScriptClass'SCS_Node'",
    "Properties": {
      "ComponentClass": {
        "ObjectName": "Class'SceneComponent'",
        "ObjectPath": "/Script/Engine"
      },
      "ComponentTemplate": {
        "ObjectName": "SceneComponent'Apollo_Weeping_Woods_Sign_C:SceneComponent_1960'",
        "ObjectPath": "FortniteGame/Content/Athena/Apollo/Environments/BuildingActors/Forest/Props/Apollo_Weeping_Woods_Sign.2"
      },
      "VariableGuid": "56BC9799-C494E6E6-321D4295-7D5EB316",
      "InternalVariableName": "DefaultSceneRoot"
    }
  },
  {
    "Type": "SimpleConstructionScript",
    "Name": "SimpleConstructionScript_981",
    "Outer": "Apollo_Weeping_Woods_Sign_C",
    "Class": "UScriptClass'SimpleConstructionScript'",
    "Properties": {
      "DefaultSceneRootNode": {
        "ObjectName": "SCS_Node'Apollo_Weeping_Woods_Sign_C:SimpleConstructionScript_981.SCS_Node_1964'",
        "ObjectPath": "FortniteGame/Content/Athena/Apollo/Environments/BuildingActors/Forest/Props/Apollo_Weeping_Woods_Sign.3"
      }
    }
  },
  {
    "Type": "StaticMeshComponent",
    "Name": "StaticMeshComponent0",
    "Outer": "Default__Apollo_Weeping_Woods_Sign_C",
    "Class": "UScriptClass'StaticMeshComponent'",
    "Properties": {
      "StaticMesh": {
        "ObjectName": "StaticMesh'S_Weeping_Woods_Sign'",
        "ObjectPath": "FortniteGame/Content/Environments/Apollo/Props/Weeping_Woods_Sign/S_Weeping_Woods_Sign.1"
      },
      "CanCharacterStepUpOn": "ECB_Yes",
      "BodyInstance": {
        "bAutoWeld": false
      },
      "bCanEverAffectNavigation": true
    }
  }
]