[
  {
    "Type": "BlueprintGeneratedClass",
    "Name": "Athena_ARID_1x1_Shack_b_C",
    "Class": "UScriptClass'BlueprintGeneratedClass'",
    "SuperStruct": {
      "ObjectName": "Class'FortLevelScriptActor'",
      "ObjectPath": "/Script/FortniteGame"
    },
    "ClassFlags": "CLASS_Optional | CLASS_NotPlaceable | CLASS_ReplicationDataIsSetUp | CLASS_CompiledFromBlueprint | CLASS_HasInstancedReference",
    "ClassWithin": {
      "ObjectName": "Class'Object'",
      "ObjectPath": "/Script/CoreUObject"
    },
    "ClassConfigName": "Engine",
    "bCooked": true,
    "ClassDefaultObject": {
      "ObjectName": "Athena_ARID_1x1_Shack_b_C'Default__Athena_ARID_1x1_Shack_b_C'",
      "ObjectPath": "FortniteGame/Content/Athena/Maps/Buildings/1x1/Arid/Athena_ARID_1x1_Shack_b.1"
    }
  },
  {
    "Type": "Athena_ARID_1x1_Shack_b_C",
    "Name": "Default__Athena_ARID_1x1_Shack_b_C",
    "Class": "BlueprintGeneratedClass'FortniteGame/Content/Athena/Maps/Buildings/1x1/Arid/Athena_ARID_1x1_Shack_b.Athena_ARID_1x1_Shack_b_C'"
  },
  {
    "Type": "Athena_ARID_1x1_Shack_b_C",
    "Name": "Athena_ARID_1x1_Shack_b_C_0",
    "Outer": "PersistentLevel",
    "Class": "BlueprintGeneratedClass'FortniteGame/Content/Athena/Maps/Buildings/1x1/Arid/Athena_ARID_1x1_Shack_b.Athena_ARID_1x1_Shack_b_C'",
    "Template": {
      "ObjectName": "Athena_ARID_1x1_Shack_b_C'Default__Athena_ARID_1x1_Shack_b_C'",
      "ObjectPath": "FortniteGame/Content/Athena/Maps/Buildings/1x1/Arid/Athena_ARID_1x1_Shack_b.1"
    }
  },
  {
    "Type": "Athena_Prop_Storage_CardboardBoxes_02_C",
    "Name": "Athena_Prop_Storage_CardboardBoxes_02_2",
    "Outer": "PersistentLevel",
    "Class": "BlueprintGeneratedClass'FortniteGame/Content/Athena/BuildingActors/Props/Building/ActorBlueprints/Containers/Athena_Prop_Storage_CardboardBoxes_02.Athena_Prop_Storage_CardboardBoxes_02_C'",
    "Template": {
      "ObjectName": "Athena_Prop_Storage_CardboardBoxes_02_C'Default__Athena_Prop_Storage_CardboardBoxes_02_C'",
      "ObjectPath": "FortniteGame/Content/Athena/BuildingActors/Props/Building/ActorBlueprints/Containers/Athena_Prop_Storage_CardboardBoxes_02.1"
    },
    "Properties": {
      "StaticMeshComponent": {
        "ObjectName": "StaticMeshComponent'Athena_ARID_1x1_Shack_b:PersistentLevel.Athena_Prop_Storage_CardboardBoxes_02_2.StaticMeshComponent0'",
        "ObjectPath": "FortniteGame/Content/Athena/Maps/Buildings/1x1/Arid/Athena_ARID_1x1_Shack_b.30"
      },
      "MyGuid": "C93EA501-46ABDFA2-C451799B-8D745D20",
      "DataVersion": 1,
      "CullDistance": 7801.2295,
      "RootComponent": {
        "ObjectName": "StaticMeshComponent'Athena_ARID_1x1_Shack_b:PersistentLevel.Athena_Prop_Storage_CardboardBoxes_02_2.StaticMeshComponent0'",
        "ObjectPath": "FortniteGame/Content/Athena/Maps/Buildings/1x1/Arid/Athena_ARID_1x1_Shack_b.30"
      }
    }
  },
  {
    "Type": "B_DowntownTrashCan_BasketballMinigame_C",
    "Name": "B_DowntownTrashCan_BasketballMinigame_2",
    "Outer": "PersistentLevel",
    "Class": "BlueprintGeneratedClass'FortniteGame/Content/Abilities/Toys/Basketball/Minigame/B_DowntownTrashCan_BasketballMinigame.B_DowntownTrashCan_BasketballMinigame_C'",
    "Template": {
      "ObjectName": "B_DowntownTrashCan_BasketballMinigame_C'Default__B_DowntownTrashCan_BasketballMinigame_C'",
      "ObjectPath": "FortniteGame/Content/Abilities/Toys/Basketball/Minigame/B_DowntownTrashCan_BasketballMinigame.2"
    },
    "Properties": {
      "TriggerBox": {
        "ObjectName": "BoxComponent'Athena_ARID_1x1_Shack_b:PersistentLevel.B_DowntownTrashCan_BasketballMinigame_2.TriggerBox'",
        "ObjectPath": "FortniteGame/Content/Athena/Maps/Buildings/1x1/Arid/Athena_ARID_1x1_Shack_b.5"
      },
      "StaticMeshComponent": {
        "ObjectName": "StaticMeshComponent'Athena_ARID_1x1_Shack_b:PersistentLevel.B_DowntownTrashCan_BasketballMinigame_2.StaticMeshComponent0'",
        "ObjectPath": "FortniteGame/Content/Athena/Maps/Buildings/1x1/Arid/Athena_ARID_1x1_Shack_b.31"
      },
      "MyGuid": "B6558E64-465401FE-8604D195-06632E67",
      "DataVersion": 1,
      "CullDistance": 5932.581,
      "RootComponent": {
        "ObjectName": "StaticMeshComponent'Athena_ARID_1x1_Shack_b:PersistentLevel.B_DowntownTrashCan_BasketballMinigame_2.StaticMeshComponent0'",
        "ObjectPath": "FortniteGame/Content/Athena/Maps/Buildings/1x1/Arid/Athena_ARID_1x1_Shack_b.31"
      },
      "BlueprintCreatedComponents": [
        {
          "ObjectName": "BoxComponent'Athena_ARID_1x1_Shack_b:PersistentLevel.B_DowntownTrashCan_BasketballMinigame_2.TriggerBox'",
          "ObjectPath": "FortniteGame/Content/Athena/Maps/Buildings/1x1/Arid/Athena_ARID_1x1_Shack_b.5"
        }
      ]
    }
  },
  {
    "Type": "BoxComponent",
    "Name": "TriggerBox",
    "Outer": "B_DowntownTrashCan_BasketballMinigame_2",
    "Class": "UScriptClass'BoxComponent'",
    "Template": {
      "ObjectName": "BoxComponent'B_DowntownTrashCan_BasketballMinigame_C:TriggerBox_GEN_VARIABLE'",
      "ObjectPath": "FortniteGame/Content/Abilities/Toys/Basketball/Minigame/B_DowntownTrashCan_BasketballMinigame.12"
    },
    "Properties": {
      "CachedMaxDrawDistance": 5932.581,
      "OnComponentBeginOverlap": {
        "InvocationList": [
          {
            "Object": {
              "ObjectName": "B_DowntownTrashCan_BasketballMinigame_C'Athena_ARID_1x1_Shack_b:PersistentLevel.B_DowntownTrashCan_BasketballMinigame_2'",
              "ObjectPath": "FortniteGame/Content/Athena/Maps/Buildings/1x1/Arid/Athena_ARID_1x1_Shack_b.4"
            },
            "FunctionName": "BndEvt__TriggerBox_K2Node_ComponentBoundEvent_0_ComponentBeginOverlapSignature__DelegateSignature"
          }
        ]
      },
      "AttachParent": {
        "ObjectName": "StaticMeshComponent'Athena_ARID_1x1_Shack_b:PersistentLevel.B_DowntownTrashCan_BasketballMinigame_2.StaticMeshComponent0'",
        "ObjectPath": "FortniteGame/Content/Athena/Maps/Buildings/1x1/Arid/Athena_ARID_1x1_Shack_b.31"
      },
      "bNetAddressable": true,
      "CreationMethod": "EComponentCreationMethod::SimpleConstructionScript"
    }
  },
  {
    "Type": "BoxComponent",
    "Name": "BoxComponent0",
    "Outer": "LevelBounds_0",
    "Class": "UScriptClass'BoxComponent'",
    "Properties": {
      "AreaClass": {
        "ObjectName": "Class'FortMetaNavArea_Obstacles'",
        "ObjectPath": "/Script/FortniteGame"
      },
      "BodyInstance": {
        "MaxAngularVelocity": 3599.9998
      },
      "RelativeLocation": {
        "X": 0.0,
        "Y": 0.0,
        "Z": 273.0
      },
      "RelativeScale3D": {
        "X": 1536.0,
        "Y": 1536.0,
        "Z": 606.0001
      }
    }
  },
  {
    "Type": "Farm_Roof1_Peak_C",
    "Name": "Farm_Roof1_Peak_5",
    "Outer": "PersistentLevel",
    "Class": "BlueprintGeneratedClass'FortniteGame/Content/Building/ActorBlueprints/Roof/Farm_Roof1_Peak.Farm_Roof1_Peak_C'",
    "Template": {
      "ObjectName": "Farm_Roof1_Peak_C'Default__Farm_Roof1_Peak_C'",
      "ObjectPath": "FortniteGame/Content/Building/ActorBlueprints/Roof/Farm_Roof1_Peak.1"
    },
    "Properties": {
      "StaticMeshComponent": {
        "ObjectName": "StaticMeshComponent'Athena_ARID_1x1_Shack_b:PersistentLevel.Farm_Roof1_Peak_5.StaticMeshComponent0'",
        "ObjectPath": "FortniteGame/Content/Athena/Maps/Buildings/1x1/Arid/Athena_ARID_1x1_Shack_b.32"
      },
      "MyGuid": "7A44920C-4125437E-EC42139E-8C869766",
      "DataVersion": 1,
      "CullDistance": 0.0,
      "RootComponent": {
        "ObjectName": "StaticMeshComponent'Athena_ARID_1x1_Shack_b:PersistentLevel.Farm_Roof1_Peak_5.StaticMeshComponent0'",
        "ObjectPath": "FortniteGame/Content/Athena/Maps/Buildings/1x1/Arid/Athena_ARID_1x1_Shack_b.32"
      }
    }
  },
  {
    "Type": "FortWorldSettings",
    "Name": "FortWorldSettings",
    "Outer": "PersistentLevel",
    "Class": "UScriptClass'FortWorldSettings'",
    "Properties": {
      "WorldCells": [
        2147483647,
        1
      ],
      "WorldCellsOrigin": {
        "X": 512.0,
        "Y": 512.0,
        "Z": 0.0
      },
      "MinCullObjectSize": 64.0,
      "MinCullDistance": 2800.0,
      "MaxCullObjectSize": 1000.0,
      "MaxCullDistance": 40000.0,
      "bEnableNavigationSystem": false,
      "NavigationSystemConfig": {
        "ObjectName": "NavigationSystemModuleConfig'Athena_ARID_1x1_Shack_b:PersistentLevel.FortWorldSettings.NavigationSystemConfig_0'",
        "ObjectPath": "FortniteGame/Content/Athena/Maps/Buildings/1x1/Arid/Athena_ARID_1x1_Shack_b.13"
      },
      "BookmarkArray": [
        null,
        null,
        null,
        null,
        null,
        null,
        null,
        null,
        null,
        null
      ]
    }
  },
  {
    "Type": "Level",
    "Name": "PersistentLevel",
    "Outer": "Athena_ARID_1x1_Shack_b",
    "Class": "UScriptClass'Level'",
    "Properties": {
      "Model": {
        "ObjectName": "Model'Athena_ARID_1x1_Shack_b:PersistentLevel.Model_0'",
        "ObjectPath": "FortniteGame/Content/Athena/Maps/Buildings/1x1/Arid/Athena_ARID_1x1_Shack_b.12"
      },
      "LevelScriptActor": {
        "ObjectName": "Athena_ARID_1x1_Shack_b_C'Athena_ARID_1x1_Shack_b:PersistentLevel.Athena_ARID_1x1_Shack_b_C_0'",
        "ObjectPath": "FortniteGame/Content/Athena/Maps/Buildings/1x1/Arid/Athena_ARID_1x1_Shack_b.2"
      },
      "LevelBuildDataId": "69ADE370-47F50189-D08FCA81-69EF4AE7",
      "WorldSettings": {
        "ObjectName": "FortWorldSettings'Athena_ARID_1x1_Shack_b:PersistentLevel.FortWorldSettings'",
        "ObjectPath": "FortniteGame/Content/Athena/Maps/Buildings/1x1/Arid/Athena_ARID_1x1_Shack_b.8"
      }
    },
    "Actors": [
      {
        "ObjectName": "FortWorldSettings'Athena_ARID_1x1_Shack_b:PersistentLevel.FortWorldSettings'",
        "ObjectPath": "FortniteGame/Content/Athena/Maps/Buildings/1x1/Arid/Athena_ARID_1x1_Shack_b.8"
      },
      null,
      {
        "ObjectName": "LevelBounds'Athena_ARID_1x1_Shack_b:PersistentLevel.LevelBounds_0'",
        "ObjectPath": "FortniteGame/Content/Athena/Maps/Buildings/1x1/Arid/Athena_ARID_1x1_Shack_b.10"
      },
      {
        "ObjectName": "LODActor'Athena_ARID_1x1_Shack_b:PersistentLevel.LODActor_0'",
        "ObjectPath": "FortniteGame/Content/Athena/Maps/Buildings/1x1/Arid/Athena_ARID_1x1_Shack_b.11"
      },
      {
        "ObjectName": "Farm_Roof1_Peak_C'Athena_ARID_1x1_Shack_b:PersistentLevel.Farm_Roof1_Peak_5'",
        "ObjectPath": "FortniteGame/Content/Athena/Maps/Buildings/1x1/Arid/Athena_ARID_1x1_Shack_b.7"
      },
      {
        "ObjectName": "SM_Farm_Roof1_PeakCap_C'Athena_ARID_1x1_Shack_b:PersistentLevel.SM_Farm_Roof1_PeakCap_7'",
        "ObjectPath": "FortniteGame/Content/Athena/Maps/Buildings/1x1/Arid/Athena_ARID_1x1_Shack_b.27"
      },
      {
        "ObjectName": "SM_Farm_Roof1_PeakCap_C'Athena_ARID_1x1_Shack_b:PersistentLevel.SM_Farm_Roof1_PeakCap_8'",
        "ObjectPath": "FortniteGame/Content/Athena/Maps/Buildings/1x1/Arid/Athena_ARID_1x1_Shack_b.28"
      },
      {
        "ObjectName": "Pueblo_Arch_02_C'Athena_ARID_1x1_Shack_b:PersistentLevel.SM_Farm_Wall_52'",
        "ObjectPath": "FortniteGame/Content/Athena/Maps/Buildings/1x1/Arid/Athena_ARID_1x1_Shack_b.16"
      },
      {
        "ObjectName": "Pueblo_Arch_01_C'Athena_ARID_1x1_Shack_b:PersistentLevel.SM_Farm_Wall_13'",
        "ObjectPath": "FortniteGame/Content/Athena/Maps/Buildings/1x1/Arid/Athena_ARID_1x1_Shack_b.15"
      },
      {
        "ObjectName": "Pueblo_Arch_01_C'Athena_ARID_1x1_Shack_b:PersistentLevel.SM_Farm_Wall_12'",
        "ObjectPath": "FortniteGame/Content/Athena/Maps/Buildings/1x1/Arid/Athena_ARID_1x1_Shack_b.14"
      },
      {
        "ObjectName": "Pueblo_Floor_02_C'Athena_ARID_1x1_Shack_b:PersistentLevel.Pueblo_Floor_04_2'",
        "ObjectPath": "FortniteGame/Content/Athena/Maps/Buildings/1x1/Arid/Athena_ARID_1x1_Shack_b.17"
      },
      {
        "ObjectName": "Pueblo_Solid_02_C'Athena_ARID_1x1_Shack_b:PersistentLevel.SM_Farm_Wall_14'",
        "ObjectPath": "FortniteGame/Content/Athena/Maps/Buildings/1x1/Arid/Athena_ARID_1x1_Shack_b.18"
      },
      {
        "ObjectName": "WildWest_Bench_02_C'Athena_ARID_1x1_Shack_b:PersistentLevel.WildWest_Bench_02_2'",
        "ObjectPath": "FortniteGame/Content/Athena/Maps/Buildings/1x1/Arid/Athena_ARID_1x1_Shack_b.61"
      },
      {
        "ObjectName": "WildWest_Bench_02_C'Athena_ARID_1x1_Shack_b:PersistentLevel.WildWest_Bench_3'",
        "ObjectPath": "FortniteGame/Content/Athena/Maps/Buildings/1x1/Arid/Athena_ARID_1x1_Shack_b.62"
      },
      {
        "ObjectName": "SM_Construction_Concrete_Floor_03_C'Athena_ARID_1x1_Shack_b:PersistentLevel.SM_FORT_Floors_Generic_BasicTile2'",
        "ObjectPath": "FortniteGame/Content/Athena/Maps/Buildings/1x1/Arid/Athena_ARID_1x1_Shack_b.23"
      },
      {
        "ObjectName": "SM_Construction_Concrete_Floor_02_C'Athena_ARID_1x1_Shack_b:PersistentLevel.SM_FORT_Floors_Generic_BasicTile3'",
        "ObjectPath": "FortniteGame/Content/Athena/Maps/Buildings/1x1/Arid/Athena_ARID_1x1_Shack_b.19"
      },
      {
        "ObjectName": "SM_Construction_Concrete_Floor_02_C'Athena_ARID_1x1_Shack_b:PersistentLevel.SM_FORT_Floors_Generic_BasicTile4'",
        "ObjectPath": "FortniteGame/Content/Athena/Maps/Buildings/1x1/Arid/Athena_ARID_1x1_Shack_b.20"
      },
      {
        "ObjectName": "SM_Construction_Concrete_Floor_02_C'Athena_ARID_1x1_Shack_b:PersistentLevel.SM_FORT_Floors_Generic_BasicTile5'",
        "ObjectPath": "FortniteGame/Content/Athena/Maps/Buildings/1x1/Arid/Athena_ARID_1x1_Shack_b.21"
      },
      {
        "ObjectName": "SM_Construction_Concrete_Floor_03_C'Athena_ARID_1x1_Shack_b:PersistentLevel.SM_FORT_Floors_Generic_BasicTile7'",
        "ObjectPath": "FortniteGame/Content/Athena/Maps/Buildings/1x1/Arid/Athena_ARID_1x1_Shack_b.25"
      },
      {
        "ObjectName": "SM_Construction_Concrete_Floor_03_C'Athena_ARID_1x1_Shack_b:PersistentLevel.SM_FORT_Floors_Generic_BasicTile6'",
        "ObjectPath": "FortniteGame/Content/Athena/Maps/Buildings/1x1/Arid/Athena_ARID_1x1_Shack_b.24"
      },
      {
        "ObjectName": "SM_Construction_Concrete_Floor_02_C'Athena_ARID_1x1_Shack_b:PersistentLevel.SM_FORT_Floors_Generic_BasicTile8'",
        "ObjectPath": "FortniteGame/Content/Athena/Maps/Buildings/1x1/Arid/Athena_ARID_1x1_Shack_b.22"
      },
      {
        "ObjectName": "SM_Construction_Concrete_Floor_03_C'Athena_ARID_1x1_Shack_b:PersistentLevel.SM_FORT_Floors_Generic_BasicTile9'",
        "ObjectPath": "FortniteGame/Content/Athena/Maps/Buildings/1x1/Arid/Athena_ARID_1x1_Shack_b.26"
      },
      {
        "ObjectName": "SM_FORT_Floors_Generic_BasicTile_C'Athena_ARID_1x1_Shack_b:PersistentLevel.SM_FORT_Floors_Generic_BasicTile_2'",
        "ObjectPath": "FortniteGame/Content/Athena/Maps/Buildings/1x1/Arid/Athena_ARID_1x1_Shack_b.29"
      },
      {
        "ObjectName": "B_DowntownTrashCan_BasketballMinigame_C'Athena_ARID_1x1_Shack_b:PersistentLevel.B_DowntownTrashCan_BasketballMinigame_2'",
        "ObjectPath": "FortniteGame/Content/Athena/Maps/Buildings/1x1/Arid/Athena_ARID_1x1_Shack_b.4"
      },
      {
        "ObjectName": "TrashPile_01_C'Athena_ARID_1x1_Shack_b:PersistentLevel.TrashPile_01_2'",
        "ObjectPath": "FortniteGame/Content/Athena/Maps/Buildings/1x1/Arid/Athena_ARID_1x1_Shack_b.60"
      },
      {
        "ObjectName": "Athena_Prop_Storage_CardboardBoxes_02_C'Athena_ARID_1x1_Shack_b:PersistentLevel.Athena_Prop_Storage_CardboardBoxes_02_2'",
        "ObjectPath": "FortniteGame/Content/Athena/Maps/Buildings/1x1/Arid/Athena_ARID_1x1_Shack_b.3"
      },
      {
        "ObjectName": "Tiered_Athena_FloorLoot_01_C'Athena_ARID_1x1_Shack_b:PersistentLevel.Tiered_Athena_FloorLoot_01_2'",
        "ObjectPath": "FortniteGame/Content/Athena/Maps/Buildings/1x1/Arid/Athena_ARID_1x1_Shack_b.57"
      },
      {
        "ObjectName": "Tiered_Athena_FloorLoot_01_C'Athena_ARID_1x1_Shack_b:PersistentLevel.Tiered_Athena_FloorLoot_5'",
        "ObjectPath": "FortniteGame/Content/Athena/Maps/Buildings/1x1/Arid/Athena_ARID_1x1_Shack_b.58"
      },
      {
        "ObjectName": "Tiered_Ammo_Athena_C'Athena_ARID_1x1_Shack_b:PersistentLevel.Tiered_Short_Ammo_3_Parent_2'",
        "ObjectPath": "FortniteGame/Content/Athena/Maps/Buildings/1x1/Arid/Athena_ARID_1x1_Shack_b.56"
      },
      {
        "ObjectName": "Athena_ARID_1x1_Shack_b_C'Athena_ARID_1x1_Shack_b:PersistentLevel.Athena_ARID_1x1_Shack_b_C_0'",
        "ObjectPath": "FortniteGame/Content/Athena/Maps/Buildings/1x1/Arid/Athena_ARID_1x1_Shack_b.2"
      }
    ],
    "URL": {
      "Protocol": "unreal",
      "Host": "",
      "Port": 7777,
      "Valid": true,
      "Map": "/Game/Maps/Frontend",
      "Op": [],
      "Portal": ""
    },
    "Model": {
      "ObjectName": "Model'Athena_ARID_1x1_Shack_b:PersistentLevel.Model_0'",
      "ObjectPath": "FortniteGame/Content/Athena/Maps/Buildings/1x1/Arid/Athena_ARID_1x1_Shack_b.12"
    },
    "ModelComponents": [],
    "LevelScriptActor": {
      "ObjectName": "Athena_ARID_1x1_Shack_b_C'Athena_ARID_1x1_Shack_b:PersistentLevel.Athena_ARID_1x1_Shack_b_C_0'",
      "ObjectPath": "FortniteGame/Content/Athena/Maps/Buildings/1x1/Arid/Athena_ARID_1x1_Shack_b.2"
    },
    "NavListStart": null,
    "NavListEnd": null,
    "PrecomputedVisibilityHandler": {
      "PrecomputedVisibilityCellBucketOriginXY": {
        "X": 0.0,
        "Y": 0.0
      },
      "PrecomputedVisibilityCellSizeXY": 0.0,
      "PrecomputedVisibilityCellSizeZ": 0.0,
      "PrecomputedVisibilityCellBucketSizeXY": 0,
      "PrecomputedVisibilityNumCellBuckets": 0,
      "PrecomputedVisibilityCellBuckets": []
    },
    "PrecomputedVolumeDistanceField": {
      "VolumeMaxDistance": 0.0,
      "VolumeBox": {
        "Min": {
          "X": 0.0,
          "Y": 0.0,
          "Z": 0.0
        },
        "Max": {
          "X": 0.0,
          "Y": 0.0,
          "Z": 0.0
        },
        "IsValid": 0
      },
      "VolumeSizeX": 0,
      "VolumeSizeY": 0,
      "VolumeSizeZ": 0,
      "Data": []
    }
  },
  {
    "Type": "LevelBounds",
    "Name": "LevelBounds_0",
    "Outer": "PersistentLevel",
    "Class": "UScriptClass'LevelBounds'",
    "Properties": {
      "RootComponent": {
        "ObjectName": "BoxComponent'Athena_ARID_1x1_Shack_b:PersistentLevel.LevelBounds_0.BoxComponent0'",
        "ObjectPath": "FortniteGame/Content/Athena/Maps/Buildings/1x1/Arid/Athena_ARID_1x1_Shack_b.6"
      }
    }
  },
  {
    "Type": "LODActor",
    "Name": "LODActor_0",
    "Outer": "PersistentLevel",
    "Class": "UScriptClass'LODActor'",
    "Properties": {
      "StaticMeshComponent": {
        "ObjectName": "StaticMeshComponent'Athena_ARID_1x1_Shack_b:PersistentLevel.LODActor_0.StaticMeshComponent0'",
        "ObjectPath": "FortniteGame/Content/Athena/Maps/Buildings/1x1/Arid/Athena_ARID_1x1_Shack_b.33"
      },
      "Proxy": {
        "ObjectName": "HLODProxy'Athena_ARID_1x1_Shack_b_0_HLOD'",
        "ObjectPath": "FortniteGame/Content/Athena/Maps/Buildings/1x1/Arid/HLOD/Athena_ARID_1x1_Shack_b_0_HLOD.1"
      },
      "Key": "76927B120C6645ACB9200E7FB8896AC3_D8D277EB41C4212A4A93C4B019AB2080_B6397B6E_1B864DD1_25B41C23_ProxyLODMeshReduction",
      "LODDrawDistance": 26428.54,
      "LODLevel": 1,
      "SubActors": [
        {
          "ObjectName": "Farm_Roof1_Peak_C'Athena_ARID_1x1_Shack_b:PersistentLevel.Farm_Roof1_Peak_5'",
          "ObjectPath": "FortniteGame/Content/Athena/Maps/Buildings/1x1/Arid/Athena_ARID_1x1_Shack_b.7"
        },
        {
          "ObjectName": "SM_Farm_Roof1_PeakCap_C'Athena_ARID_1x1_Shack_b:PersistentLevel.SM_Farm_Roof1_PeakCap_7'",
          "ObjectPath": "FortniteGame/Content/Athena/Maps/Buildings/1x1/Arid/Athena_ARID_1x1_Shack_b.27"
        },
        {
          "ObjectName": "SM_Farm_Roof1_PeakCap_C'Athena_ARID_1x1_Shack_b:PersistentLevel.SM_Farm_Roof1_PeakCap_8'",
          "ObjectPath": "FortniteGame/Content/Athena/Maps/Buildings/1x1/Arid/Athena_ARID_1x1_Shack_b.28"
        },
        {
          "ObjectName": "Pueblo_Arch_02_C'Athena_ARID_1x1_Shack_b:PersistentLevel.SM_Farm_Wall_52'",
          "ObjectPath": "FortniteGame/Content/Athena/Maps/Buildings/1x1/Arid/Athena_ARID_1x1_Shack_b.16"
        },
        {
          "ObjectName": "Pueblo_Arch_01_C'Athena_ARID_1x1_Shack_b:PersistentLevel.SM_Farm_Wall_13'",
          "ObjectPath": "FortniteGame/Content/Athena/Maps/Buildings/1x1/Arid/Athena_ARID_1x1_Shack_b.15"
        },
        {
          "ObjectName": "Pueblo_Arch_01_C'Athena_ARID_1x1_Shack_b:PersistentLevel.SM_Farm_Wall_12'",
          "ObjectPath": "FortniteGame/Content/Athena/Maps/Buildings/1x1/Arid/Athena_ARID_1x1_Shack_b.14"
        },
        {
          "ObjectName": "Pueblo_Floor_02_C'Athena_ARID_1x1_Shack_b:PersistentLevel.Pueblo_Floor_04_2'",
          "ObjectPath": "FortniteGame/Content/Athena/Maps/Buildings/1x1/Arid/Athena_ARID_1x1_Shack_b.17"
        },
        {
          "ObjectName": "Pueblo_Solid_02_C'Athena_ARID_1x1_Shack_b:PersistentLevel.SM_Farm_Wall_14'",
          "ObjectPath": "FortniteGame/Content/Athena/Maps/Buildings/1x1/Arid/Athena_ARID_1x1_Shack_b.18"
        },
        {
          "ObjectName": "SM_Construction_Concrete_Floor_03_C'Athena_ARID_1x1_Shack_b:PersistentLevel.SM_FORT_Floors_Generic_BasicTile2'",
          "ObjectPath": "FortniteGame/Content/Athena/Maps/Buildings/1x1/Arid/Athena_ARID_1x1_Shack_b.23"
        },
        {
          "ObjectName": "SM_Construction_Concrete_Floor_02_C'Athena_ARID_1x1_Shack_b:PersistentLevel.SM_FORT_Floors_Generic_BasicTile3'",
          "ObjectPath": "FortniteGame/Content/Athena/Maps/Buildings/1x1/Arid/Athena_ARID_1x1_Shack_b.19"
        },
        {
          "ObjectName": "SM_Construction_Concrete_Floor_02_C'Athena_ARID_1x1_Shack_b:PersistentLevel.SM_FORT_Floors_Generic_BasicTile4'",
          "ObjectPath": "FortniteGame/Content/Athena/Maps/Buildings/1x1/Arid/Athena_ARID_1x1_Shack_b.20"
        },
        {
          "ObjectName": "SM_Construction_Concrete_Floor_02_C'Athena_ARID_1x1_Shack_b:PersistentLevel.SM_FORT_Floors_Generic_BasicTile5'",
          "ObjectPath": "FortniteGame/Content/Athena/Maps/Buildings/1x1/Arid/Athena_ARID_1x1_Shack_b.21"
        },
        {
          "ObjectName": "SM_Construction_Concrete_Floor_03_C'Athena_ARID_1x1_Shack_b:PersistentLevel.SM_FORT_Floors_Generic_BasicTile7'",
          "ObjectPath": "FortniteGame/Content/Athena/Maps/Buildings/1x1/Arid/Athena_ARID_1x1_Shack_b.25"
        },
        {
          "ObjectName": "SM_Construction_Concrete_Floor_03_C'Athena_ARID_1x1_Shack_b:PersistentLevel.SM_FORT_Floors_Generic_BasicTile6'",
          "ObjectPath": "FortniteGame/Content/Athena/Maps/Buildings/1x1/Arid/Athena_ARID_1x1_Shack_b.24"
        },
        {
          "ObjectName": "SM_Construction_Concrete_Floor_02_C'Athena_ARID_1x1_Shack_b:PersistentLevel.SM_FORT_Floors_Generic_BasicTile8'",
          "ObjectPath": "FortniteGame/Content/Athena/Maps/Buildings/1x1/Arid/Athena_ARID_1x1_Shack_b.22"
        },
        {
          "ObjectName": "SM_Construction_Concrete_Floor_03_C'Athena_ARID_1x1_Shack_b:PersistentLevel.SM_FORT_Floors_Generic_BasicTile9'",
          "ObjectPath": "FortniteGame/Content/Athena/Maps/Buildings/1x1/Arid/Athena_ARID_1x1_Shack_b.26"
        },
        {
          "ObjectName": "SM_FORT_Floors_Generic_BasicTile_C'Athena_ARID_1x1_Shack_b:PersistentLevel.SM_FORT_Floors_Generic_BasicTile_2'",
          "ObjectPath": "FortniteGame/Content/Athena/Maps/Buildings/1x1/Arid/Athena_ARID_1x1_Shack_b.29"
        }
      ],
      "RootComponent": {
        "ObjectName": "StaticMeshComponent'Athena_ARID_1x1_Shack_b:PersistentLevel.LODActor_0.StaticMeshComponent0'",
        "ObjectPath": "FortniteGame/Content/Athena/Maps/Buildings/1x1/Arid/Athena_ARID_1x1_Shack_b.33"
      }
    }
  },
  {
    "Type": "Model",
    "Name": "Model_0",
    "Outer": "PersistentLevel",
    "Class": "UScriptClass'Model'",
    "Bounds": {
      "Origin": {
        "X": 0.0,
        "Y": 0.0,
        "Z": 0.0
      },
      "BoxExtent": {
        "X": 0.0,
        "Y": 0.0,
        "Z": 0.0
      },
      "SphereRadius": 0.0
    },
    "Vectors": [],
    "Points": [],
    "Nodes": [],
    "Surfs": [],
    "NumSharedSides": 4,
    "VertexBuffer": {
      "Vertices": []
    },
    "LightingGuid": "D4EE3EE6-4F6BDF10-44109C91-BDAC866D",
    "LightmassSettings": []
  },
  {
    "Type": "NavigationSystemModuleConfig",
    "Name": "NavigationSystemConfig_0",
    "Outer": "FortWorldSettings",
    "Class": "UScriptClass'NavigationSystemModuleConfig'",
    "Properties": {
      "bAutoSpawnMissingNavData": true,
      "NavigationSystemClass": {
        "AssetPathName": "/Script/FortniteGame.FortNavSystem",
        "SubPathString": ""
      }
    }
  },
  {
    "Type": "Pueblo_Arch_01_C",
    "Name": "SM_Farm_Wall_12",
    "Outer": "PersistentLevel",
    "Class": "BlueprintGeneratedClass'FortniteGame/Content/Building/ActorBlueprints/Wall/Pueblo_Arch_01.Pueblo_Arch_01_C'",
    "Template": {
      "ObjectName": "Pueblo_Arch_01_C'Default__Pueblo_Arch_01_C'",
      "ObjectPath": "FortniteGame/Content/Building/ActorBlueprints/Wall/Pueblo_Arch_01.1"
    },
    "Properties": {
      "StaticMeshComponent": {
        "ObjectName": "StaticMeshComponent'Athena_ARID_1x1_Shack_b:PersistentLevel.SM_Farm_Wall_12.StaticMeshComponent0'",
        "ObjectPath": "FortniteGame/Content/Athena/Maps/Buildings/1x1/Arid/Athena_ARID_1x1_Shack_b.37"
      },
      "MyGuid": "95278970-48030C64-0B15699C-8AC82F99",
      "DataVersion": 1,
      "CullDistance": 0.0,
      "RootComponent": {
        "ObjectName": "StaticMeshComponent'Athena_ARID_1x1_Shack_b:PersistentLevel.SM_Farm_Wall_12.StaticMeshComponent0'",
        "ObjectPath": "FortniteGame/Content/Athena/Maps/Buildings/1x1/Arid/Athena_ARID_1x1_Shack_b.37"
      }
    }
  },
  {
    "Type": "Pueblo_Arch_01_C",
    "Name": "SM_Farm_Wall_13",
    "Outer": "PersistentLevel",
    "Class": "BlueprintGeneratedClass'FortniteGame/Content/Building/ActorBlueprints/Wall/Pueblo_Arch_01.Pueblo_Arch_01_C'",
    "Template": {
      "ObjectName": "Pueblo_Arch_01_C'Default__Pueblo_Arch_01_C'",
      "ObjectPath": "FortniteGame/Content/Building/ActorBlueprints/Wall/Pueblo_Arch_01.1"
    },
    "Properties": {
      "TextureData": {
        "ObjectName": "BuildingTextureData'MI_Farm_Wood_2'",
        "ObjectPath": "FortniteGame/Content/Building/TextureData/WallOuter/MI_Farm_Wood_2.0"
      },
      "StaticMeshComponent": {
        "ObjectName": "StaticMeshComponent'Athena_ARID_1x1_Shack_b:PersistentLevel.SM_Farm_Wall_13.StaticMeshComponent0'",
        "ObjectPath": "FortniteGame/Content/Athena/Maps/Buildings/1x1/Arid/Athena_ARID_1x1_Shack_b.38"
      },
      "BaseMaterial": {
        "ObjectName": "MaterialInstanceConstant'Pueblo_plaster01'",
        "ObjectPath": "FortniteGame/Content/Environments/Sets/Pueblo/Materials/Pueblo_plaster01.0"
      },
      "MyGuid": "C5B60357-457E437D-1355CDA6-9C1789C7",
      "DataVersion": 1,
      "CullDistance": 0.0,
      "RootComponent": {
        "ObjectName": "StaticMeshComponent'Athena_ARID_1x1_Shack_b:PersistentLevel.SM_Farm_Wall_13.StaticMeshComponent0'",
        "ObjectPath": "FortniteGame/Content/Athena/Maps/Buildings/1x1/Arid/Athena_ARID_1x1_Shack_b.38"
      }
    }
  },
  {
    "Type": "Pueblo_Arch_02_C",
    "Name": "SM_Farm_Wall_52",
    "Outer": "PersistentLevel",
    "Class": "BlueprintGeneratedClass'FortniteGame/Content/Building/ActorBlueprints/Wall/Pueblo_Arch_02.Pueblo_Arch_02_C'",
    "Template": {
      "ObjectName": "Pueblo_Arch_02_C'Default__Pueblo_Arch_02_C'",
      "ObjectPath": "FortniteGame/Content/Building/ActorBlueprints/Wall/Pueblo_Arch_02.1"
    },
    "Properties": {
      "TextureData": {
        "ObjectName": "BuildingTextureData'MI_Farm_Wood_2'",
        "ObjectPath": "FortniteGame/Content/Building/TextureData/WallOuter/MI_Farm_Wood_2.0"
      },
      "StaticMeshComponent": {
        "ObjectName": "StaticMeshComponent'Athena_ARID_1x1_Shack_b:PersistentLevel.SM_Farm_Wall_52.StaticMeshComponent0'",
        "ObjectPath": "FortniteGame/Content/Athena/Maps/Buildings/1x1/Arid/Athena_ARID_1x1_Shack_b.40"
      },
      "BaseMaterial": {
        "ObjectName": "MaterialInstanceConstant'Pueblo_plaster01'",
        "ObjectPath": "FortniteGame/Content/Environments/Sets/Pueblo/Materials/Pueblo_plaster01.0"
      },
      "MyGuid": "6BED1D3E-47206890-EA5B018F-1B8EF32F",
      "DataVersion": 1,
      "CullDistance": 0.0,
      "RootComponent": {
        "ObjectName": "StaticMeshComponent'Athena_ARID_1x1_Shack_b:PersistentLevel.SM_Farm_Wall_52.StaticMeshComponent0'",
        "ObjectPath": "FortniteGame/Content/Athena/Maps/Buildings/1x1/Arid/Athena_ARID_1x1_Shack_b.40"
      }
    }
  },
  {
    "Type": "Pueblo_Floor_02_C",
    "Name": "Pueblo_Floor_04_2",
    "Outer": "PersistentLevel",
    "Class": "BlueprintGeneratedClass'FortniteGame/Content/Building/ActorBlueprints/Floor/Pueblo_Floor_02.Pueblo_Floor_02_C'",
    "Template": {
      "ObjectName": "Pueblo_Floor_02_C'Default__Pueblo_Floor_02_C'",
      "ObjectPath": "FortniteGame/Content/Building/ActorBlueprints/Floor/Pueblo_Floor_02.1"
    },
    "Properties": {
      "StaticMeshComponent": {
        "ObjectName": "StaticMeshComponent'Athena_ARID_1x1_Shack_b:PersistentLevel.Pueblo_Floor_04_2.StaticMeshComponent0'",
        "ObjectPath": "FortniteGame/Content/Athena/Maps/Buildings/1x1/Arid/Athena_ARID_1x1_Shack_b.34"
      },
      "MyGuid": "549A0D45-47B9A981-955B14A2-5EFB5806",
      "DataVersion": 1,
      "CullDistance": 0.0,
      "RootComponent": {
        "ObjectName": "StaticMeshComponent'Athena_ARID_1x1_Shack_b:PersistentLevel.Pueblo_Floor_04_2.StaticMeshComponent0'",
        "ObjectPath": "FortniteGame/Content/Athena/Maps/Buildings/1x1/Arid/Athena_ARID_1x1_Shack_b.34"
      }
    }
  },
  {
    "Type": "Pueblo_Solid_02_C",
    "Name": "SM_Farm_Wall_14",
    "Outer": "PersistentLevel",
    "Class": "BlueprintGeneratedClass'FortniteGame/Content/Building/ActorBlueprints/Wall/Pueblo_Solid_02.Pueblo_Solid_02_C'",
    "Template": {
      "ObjectName": "Pueblo_Solid_02_C'Default__Pueblo_Solid_02_C'",
      "ObjectPath": "FortniteGame/Content/Building/ActorBlueprints/Wall/Pueblo_Solid_02.1"
    },
    "Properties": {
      "TextureData": {
        "ObjectName": "BuildingTextureData'MI_Farm_Wood_2'",
        "ObjectPath": "FortniteGame/Content/Building/TextureData/WallOuter/MI_Farm_Wood_2.0"
      },
      "StaticMeshComponent": {
        "ObjectName": "StaticMeshComponent'Athena_ARID_1x1_Shack_b:PersistentLevel.SM_Farm_Wall_14.StaticMeshComponent0'",
        "ObjectPath": "FortniteGame/Content/Athena/Maps/Buildings/1x1/Arid/Athena_ARID_1x1_Shack_b.39"
      },
      "BaseMaterial": {
        "ObjectName": "MaterialInstanceConstant'Pueblo_plaster01'",
        "ObjectPath": "FortniteGame/Content/Environments/Sets/Pueblo/Materials/Pueblo_plaster01.0"
      },
      "MyGuid": "0DBFCD71-4B7B11AC-40BD93AF-573E5C0A",
      "DataVersion": 1,
      "CullDistance": 0.0,
      "RootComponent": {
        "ObjectName": "StaticMeshComponent'Athena_ARID_1x1_Shack_b:PersistentLevel.SM_Farm_Wall_14.StaticMeshComponent0'",
        "ObjectPath": "FortniteGame/Content/Athena/Maps/Buildings/1x1/Arid/Athena_ARID_1x1_Shack_b.39"
      }
    }
  },
  {
    "Type": "SM_Construction_Concrete_Floor_02_C",
    "Name": "SM_FORT_Floors_Generic_BasicTile3",
    "Outer": "PersistentLevel",
    "Class": "BlueprintGeneratedClass'FortniteGame/Content/Building/ActorBlueprints/Floor/SM_Construction_Concrete_Floor_02.SM_Construction_Concrete_Floor_02_C'",
    "Template": {
      "ObjectName": "SM_Construction_Concrete_Floor_02_C'Default__SM_Construction_Concrete_Floor_02_C'",
      "ObjectPath": "FortniteGame/Content/Building/ActorBlueprints/Floor/SM_Construction_Concrete_Floor_02.1"
    },
    "Properties": {
      "TextureData": {
        "ObjectName": "BuildingTextureData'Concrete01'",
        "ObjectPath": "FortniteGame/Content/Building/TextureData/FloorTexture/Concrete01.0"
      },
      "TextureData": {
        "ObjectName": "BuildingTextureData'Concrete01'",
        "ObjectPath": "FortniteGame/Content/Building/TextureData/FloorTexture/Concrete01.0"
      },
      "StaticMeshComponent": {
        "ObjectName": "StaticMeshComponent'Athena_ARID_1x1_Shack_b:PersistentLevel.SM_FORT_Floors_Generic_BasicTile3.StaticMeshComponent0'",
        "ObjectPath": "FortniteGame/Content/Athena/Maps/Buildings/1x1/Arid/Athena_ARID_1x1_Shack_b.42"
      },
      "BaseMaterial": {
        "ObjectName": "MaterialInstanceConstant'MI_Fort_Floors_Generic_TilesClean'",
        "ObjectPath": "FortniteGame/Content/Packages/Fortress_Floors_Generic/SM/Materials/MI_Fort_Floors_Generic_TilesClean.0"
      },
      "MyGuid": "42659A45-4E43BF6C-7BA544A8-7B8DE6A7",
      "DataVersion": 1,
      "CullDistance": 0.0,
      "RootComponent": {
        "ObjectName": "StaticMeshComponent'Athena_ARID_1x1_Shack_b:PersistentLevel.SM_FORT_Floors_Generic_BasicTile3.StaticMeshComponent0'",
        "ObjectPath": "FortniteGame/Content/Athena/Maps/Buildings/1x1/Arid/Athena_ARID_1x1_Shack_b.42"
      }
    }
  },
  {
    "Type": "SM_Construction_Concrete_Floor_02_C",
    "Name": "SM_FORT_Floors_Generic_BasicTile4",
    "Outer": "PersistentLevel",
    "Class": "BlueprintGeneratedClass'FortniteGame/Content/Building/ActorBlueprints/Floor/SM_Construction_Concrete_Floor_02.SM_Construction_Concrete_Floor_02_C'",
    "Template": {
      "ObjectName": "SM_Construction_Concrete_Floor_02_C'Default__SM_Construction_Concrete_Floor_02_C'",
      "ObjectPath": "FortniteGame/Content/Building/ActorBlueprints/Floor/SM_Construction_Concrete_Floor_02.1"
    },
    "Properties": {
      "TextureData": {
        "ObjectName": "BuildingTextureData'Concrete01'",
        "ObjectPath": "FortniteGame/Content/Building/TextureData/FloorTexture/Concrete01.0"
      },
      "TextureData": {
        "ObjectName": "BuildingTextureData'Concrete01'",
        "ObjectPath": "FortniteGame/Content/Building/TextureData/FloorTexture/Concrete01.0"
      },
      "StaticMeshComponent": {
        "ObjectName": "StaticMeshComponent'Athena_ARID_1x1_Shack_b:PersistentLevel.SM_FORT_Floors_Generic_BasicTile4.StaticMeshComponent0'",
        "ObjectPath": "FortniteGame/Content/Athena/Maps/Buildings/1x1/Arid/Athena_ARID_1x1_Shack_b.43"
      },
      "BaseMaterial": {
        "ObjectName": "MaterialInstanceConstant'MI_Fort_Floors_Generic_TilesClean'",
        "ObjectPath": "FortniteGame/Content/Packages/Fortress_Floors_Generic/SM/Materials/MI_Fort_Floors_Generic_TilesClean.0"
      },
      "MyGuid": "AC4B4194-48240C0F-20AE9C96-E3F0EFB3",
      "DataVersion": 1,
      "CullDistance": 0.0,
      "RootComponent": {
        "ObjectName": "StaticMeshComponent'Athena_ARID_1x1_Shack_b:PersistentLevel.SM_FORT_Floors_Generic_BasicTile4.StaticMeshComponent0'",
        "ObjectPath": "FortniteGame/Content/Athena/Maps/Buildings/1x1/Arid/Athena_ARID_1x1_Shack_b.43"
      }
    }
  },
  {
    "Type": "SM_Construction_Concrete_Floor_02_C",
    "Name": "SM_FORT_Floors_Generic_BasicTile5",
    "Outer": "PersistentLevel",
    "Class": "BlueprintGeneratedClass'FortniteGame/Content/Building/ActorBlueprints/Floor/SM_Construction_Concrete_Floor_02.SM_Construction_Concrete_Floor_02_C'",
    "Template": {
      "ObjectName": "SM_Construction_Concrete_Floor_02_C'Default__SM_Construction_Concrete_Floor_02_C'",
      "ObjectPath": "FortniteGame/Content/Building/ActorBlueprints/Floor/SM_Construction_Concrete_Floor_02.1"
    },
    "Properties": {
      "TextureData": {
        "ObjectName": "BuildingTextureData'Concrete01'",
        "ObjectPath": "FortniteGame/Content/Building/TextureData/FloorTexture/Concrete01.0"
      },
      "TextureData": {
        "ObjectName": "BuildingTextureData'Concrete01'",
        "ObjectPath": "FortniteGame/Content/Building/TextureData/FloorTexture/Concrete01.0"
      },
      "StaticMeshComponent": {
        "ObjectName": "StaticMeshComponent'Athena_ARID_1x1_Shack_b:PersistentLevel.SM_FORT_Floors_Generic_BasicTile5.StaticMeshComponent0'",
        "ObjectPath": "FortniteGame/Content/Athena/Maps/Buildings/1x1/Arid/Athena_ARID_1x1_Shack_b.44"
      },
      "BaseMaterial": {
        "ObjectName": "MaterialInstanceConstant'MI_Fort_Floors_Generic_TilesClean'",
        "ObjectPath": "FortniteGame/Content/Packages/Fortress_Floors_Generic/SM/Materials/MI_Fort_Floors_Generic_TilesClean.0"
      },
      "MyGuid": "27D01D9F-444929FA-4DC180A0-76D6AACF",
      "DataVersion": 1,
      "CullDistance": 0.0,
      "RootComponent": {
        "ObjectName": "StaticMeshComponent'Athena_ARID_1x1_Shack_b:PersistentLevel.SM_FORT_Floors_Generic_BasicTile5.StaticMeshComponent0'",
        "ObjectPath": "FortniteGame/Content/Athena/Maps/Buildings/1x1/Arid/Athena_ARID_1x1_Shack_b.44"
      }
    }
  },
  {
    "Type": "SM_Construction_Concrete_Floor_02_C",
    "Name": "SM_FORT_Floors_Generic_BasicTile8",
    "Outer": "PersistentLevel",
    "Class": "BlueprintGeneratedClass'FortniteGame/Content/Building/ActorBlueprints/Floor/SM_Construction_Concrete_Floor_02.SM_Construction_Concrete_Floor_02_C'",
    "Template": {
      "ObjectName": "SM_Construction_Concrete_Floor_02_C'Default__SM_Construction_Concrete_Floor_02_C'",
      "ObjectPath": "FortniteGame/Content/Building/ActorBlueprints/Floor/SM_Construction_Concrete_Floor_02.1"
    },
    "Properties": {
      "TextureData": {
        "ObjectName": "BuildingTextureData'Concrete01'",
        "ObjectPath": "FortniteGame/Content/Building/TextureData/FloorTexture/Concrete01.0"
      },
      "TextureData": {
        "ObjectName": "BuildingTextureData'Concrete01'",
        "ObjectPath": "FortniteGame/Content/Building/TextureData/FloorTexture/Concrete01.0"
      },
      "StaticMeshComponent": {
        "ObjectName": "StaticMeshComponent'Athena_ARID_1x1_Shack_b:PersistentLevel.SM_FORT_Floors_Generic_BasicTile8.StaticMeshComponent0'",
        "ObjectPath": "FortniteGame/Content/Athena/Maps/Buildings/1x1/Arid/Athena_ARID_1x1_Shack_b.47"
      },
      "BaseMaterial": {
        "ObjectName": "MaterialInstanceConstant'MI_Fort_Floors_Generic_TilesClean'",
        "ObjectPath": "FortniteGame/Content/Packages/Fortress_Floors_Generic/SM/Materials/MI_Fort_Floors_Generic_TilesClean.0"
      },
      "MyGuid": "E767EF6C-419A6B7A-BC22EBAD-FF0879EB",
      "DataVersion": 1,
      "CullDistance": 0.0,
      "RootComponent": {
        "ObjectName": "StaticMeshComponent'Athena_ARID_1x1_Shack_b:PersistentLevel.SM_FORT_Floors_Generic_BasicTile8.StaticMeshComponent0'",
        "ObjectPath": "FortniteGame/Content/Athena/Maps/Buildings/1x1/Arid/Athena_ARID_1x1_Shack_b.47"
      }
    }
  },
  {
    "Type": "SM_Construction_Concrete_Floor_03_C",
    "Name": "SM_FORT_Floors_Generic_BasicTile2",
    "Outer": "PersistentLevel",
    "Class": "BlueprintGeneratedClass'FortniteGame/Content/Building/ActorBlueprints/Floor/SM_Construction_Concrete_Floor_03.SM_Construction_Concrete_Floor_03_C'",
    "Template": {
      "ObjectName": "SM_Construction_Concrete_Floor_03_C'Default__SM_Construction_Concrete_Floor_03_C'",
      "ObjectPath": "FortniteGame/Content/Building/ActorBlueprints/Floor/SM_Construction_Concrete_Floor_03.1"
    },
    "Properties": {
      "TextureData": {
        "ObjectName": "BuildingTextureData'Concrete01'",
        "ObjectPath": "FortniteGame/Content/Building/TextureData/FloorTexture/Concrete01.0"
      },
      "TextureData": {
        "ObjectName": "BuildingTextureData'Concrete01'",
        "ObjectPath": "FortniteGame/Content/Building/TextureData/FloorTexture/Concrete01.0"
      },
      "StaticMeshComponent": {
        "ObjectName": "StaticMeshComponent'Athena_ARID_1x1_Shack_b:PersistentLevel.SM_FORT_Floors_Generic_BasicTile2.StaticMeshComponent0'",
        "ObjectPath": "FortniteGame/Content/Athena/Maps/Buildings/1x1/Arid/Athena_ARID_1x1_Shack_b.41"
      },
      "BaseMaterial": {
        "ObjectName": "MaterialInstanceConstant'MI_Fort_Floors_Generic_TilesClean'",
        "ObjectPath": "FortniteGame/Content/Packages/Fortress_Floors_Generic/SM/Materials/MI_Fort_Floors_Generic_TilesClean.0"
      },
      "MyGuid": "6A4AC5F8-4ECB9151-8F673FA4-34D9F2ED",
      "DataVersion": 1,
      "CullDistance": 0.0,
      "RootComponent": {
        "ObjectName": "StaticMeshComponent'Athena_ARID_1x1_Shack_b:PersistentLevel.SM_FORT_Floors_Generic_BasicTile2.StaticMeshComponent0'",
        "ObjectPath": "FortniteGame/Content/Athena/Maps/Buildings/1x1/Arid/Athena_ARID_1x1_Shack_b.41"
      }
    }
  },
  {
    "Type": "SM_Construction_Concrete_Floor_03_C",
    "Name": "SM_FORT_Floors_Generic_BasicTile6",
    "Outer": "PersistentLevel",
    "Class": "BlueprintGeneratedClass'FortniteGame/Content/Building/ActorBlueprints/Floor/SM_Construction_Concrete_Floor_03.SM_Construction_Concrete_Floor_03_C'",
    "Template": {
      "ObjectName": "SM_Construction_Concrete_Floor_03_C'Default__SM_Construction_Concrete_Floor_03_C'",
      "ObjectPath": "FortniteGame/Content/Building/ActorBlueprints/Floor/SM_Construction_Concrete_Floor_03.1"
    },
    "Properties": {
      "TextureData": {
        "ObjectName": "BuildingTextureData'Concrete01'",
        "ObjectPath": "FortniteGame/Content/Building/TextureData/FloorTexture/Concrete01.0"
      },
      "TextureData": {
        "ObjectName": "BuildingTextureData'Concrete01'",
        "ObjectPath": "FortniteGame/Content/Building/TextureData/FloorTexture/Concrete01.0"
      },
      "StaticMeshComponent": {
        "ObjectName": "StaticMeshComponent'Athena_ARID_1x1_Shack_b:PersistentLevel.SM_FORT_Floors_Generic_BasicTile6.StaticMeshComponent0'",
        "ObjectPath": "FortniteGame/Content/Athena/Maps/Buildings/1x1/Arid/Athena_ARID_1x1_Shack_b.45"
      },
      "BaseMaterial": {
        "ObjectName": "MaterialInstanceConstant'MI_Fort_Floors_Generic_TilesClean'",
        "ObjectPath": "FortniteGame/Content/Packages/Fortress_Floors_Generic/SM/Materials/MI_Fort_Floors_Generic_TilesClean.0"
      },
      "MyGuid": "9F0D9A34-4458DE68-1978A09B-2F8C2137",
      "DataVersion": 1,
      "CullDistance": 0.0,
      "RootComponent": {
        "ObjectName": "StaticMeshComponent'Athena_ARID_1x1_Shack_b:PersistentLevel.SM_FORT_Floors_Generic_BasicTile6.StaticMeshComponent0'",
        "ObjectPath": "FortniteGame/Content/Athena/Maps/Buildings/1x1/Arid/Athena_ARID_1x1_Shack_b.45"
      }
    }
  },
  {
    "Type": "SM_Construction_Concrete_Floor_03_C",
    "Name": "SM_FORT_Floors_Generic_BasicTile7",
    "Outer": "PersistentLevel",
    "Class": "BlueprintGeneratedClass'FortniteGame/Content/Building/ActorBlueprints/Floor/SM_Construction_Concrete_Floor_03.SM_Construction_Concrete_Floor_03_C'",
    "Template": {
      "ObjectName": "SM_Construction_Concrete_Floor_03_C'Default__SM_Construction_Concrete_Floor_03_C'",
      "ObjectPath": "FortniteGame/Content/Building/ActorBlueprints/Floor/SM_Construction_Concrete_Floor_03.1"
    },
    "Properties": {
      "TextureData": {
        "ObjectName": "BuildingTextureData'Concrete01'",
        "ObjectPath": "FortniteGame/Content/Building/TextureData/FloorTexture/Concrete01.0"
      },
      "TextureData": {
        "ObjectName": "BuildingTextureData'Concrete01'",
        "ObjectPath": "FortniteGame/Content/Building/TextureData/FloorTexture/Concrete01.0"
      },
      "StaticMeshComponent": {
        "ObjectName": "StaticMeshComponent'Athena_ARID_1x1_Shack_b:PersistentLevel.SM_FORT_Floors_Generic_BasicTile7.StaticMeshComponent0'",
        "ObjectPath": "FortniteGame/Content/Athena/Maps/Buildings/1x1/Arid/Athena_ARID_1x1_Shack_b.46"
      },
      "BaseMaterial": {
        "ObjectName": "MaterialInstanceConstant'MI_Fort_Floors_Generic_TilesClean'",
        "ObjectPath": "FortniteGame/Content/Packages/Fortress_Floors_Generic/SM/Materials/MI_Fort_Floors_Generic_TilesClean.0"
      },
      "MyGuid": "F5CE0377-40D8EBC4-4B170FB5-58B01152",
      "DataVersion": 1,
      "CullDistance": 0.0,
      "RootComponent": {
        "ObjectName": "StaticMeshComponent'Athena_ARID_1x1_Shack_b:PersistentLevel.SM_FORT_Floors_Generic_BasicTile7.StaticMeshComponent0'",
        "ObjectPath": "FortniteGame/Content/Athena/Maps/Buildings/1x1/Arid/Athena_ARID_1x1_Shack_b.46"
      }
    }
  },
  {
    "Type": "SM_Construction_Concrete_Floor_03_C",
    "Name": "SM_FORT_Floors_Generic_BasicTile9",
    "Outer": "PersistentLevel",
    "Class": "BlueprintGeneratedClass'FortniteGame/Content/Building/ActorBlueprints/Floor/SM_Construction_Concrete_Floor_03.SM_Construction_Concrete_Floor_03_C'",
    "Template": {
      "ObjectName": "SM_Construction_Concrete_Floor_03_C'Default__SM_Construction_Concrete_Floor_03_C'",
      "ObjectPath": "FortniteGame/Content/Building/ActorBlueprints/Floor/SM_Construction_Concrete_Floor_03.1"
    },
    "Properties": {
      "TextureData": {
        "ObjectName": "BuildingTextureData'Concrete01'",
        "ObjectPath": "FortniteGame/Content/Building/TextureData/FloorTexture/Concrete01.0"
      },
      "TextureData": {
        "ObjectName": "BuildingTextureData'Concrete01'",
        "ObjectPath": "FortniteGame/Content/Building/TextureData/FloorTexture/Concrete01.0"
      },
      "StaticMeshComponent": {
        "ObjectName": "StaticMeshComponent'Athena_ARID_1x1_Shack_b:PersistentLevel.SM_FORT_Floors_Generic_BasicTile9.StaticMeshComponent0'",
        "ObjectPath": "FortniteGame/Content/Athena/Maps/Buildings/1x1/Arid/Athena_ARID_1x1_Shack_b.48"
      },
      "BaseMaterial": {
        "ObjectName": "MaterialInstanceConstant'MI_Fort_Floors_Generic_TilesClean'",
        "ObjectPath": "FortniteGame/Content/Packages/Fortress_Floors_Generic/SM/Materials/MI_Fort_Floors_Generic_TilesClean.0"
      },
      "MyGuid": "08B23087-48599225-D74C09AA-5CBB77A8",
      "DataVersion": 1,
      "CullDistance": 0.0,
      "RootComponent": {
        "ObjectName": "StaticMeshComponent'Athena_ARID_1x1_Shack_b:PersistentLevel.SM_FORT_Floors_Generic_BasicTile9.StaticMeshComponent0'",
        "ObjectPath": "FortniteGame/Content/Athena/Maps/Buildings/1x1/Arid/Athena_ARID_1x1_Shack_b.48"
      }
    }
  },
  {
    "Type": "SM_Farm_Roof1_PeakCap_C",
    "Name": "SM_Farm_Roof1_PeakCap_7",
    "Outer": "PersistentLevel",
    "Class": "BlueprintGeneratedClass'FortniteGame/Content/Building/ActorBlueprints/Wall/SM_Farm_Roof1_PeakCap.SM_Farm_Roof1_PeakCap_C'",
    "Template": {
      "ObjectName": "SM_Farm_Roof1_PeakCap_C'Default__SM_Farm_Roof1_PeakCap_C'",
      "ObjectPath": "FortniteGame/Content/Building/ActorBlueprints/Wall/SM_Farm_Roof1_PeakCap.1"
    },
    "Properties": {
      "TextureData": {
        "ObjectName": "BuildingTextureData'MI_Farm_Wood_2'",
        "ObjectPath": "FortniteGame/Content/Building/TextureData/WallOuter/MI_Farm_Wood_2.0"
      },
      "TextureData": {
        "ObjectName": "BuildingTextureData'MI_Farm_Wood_2'",
        "ObjectPath": "FortniteGame/Content/Building/TextureData/WallOuter/MI_Farm_Wood_2.0"
      },
      "TextureData": {
        "ObjectName": "BuildingTextureData'Siding_47'",
        "ObjectPath": "FortniteGame/Content/Building/TextureData/WallOuter/Siding_47.0"
      },
      "StaticMeshComponent": {
        "ObjectName": "StaticMeshComponent'Athena_ARID_1x1_Shack_b:PersistentLevel.SM_Farm_Roof1_PeakCap_7.StaticMeshComponent0'",
        "ObjectPath": "FortniteGame/Content/Athena/Maps/Buildings/1x1/Arid/Athena_ARID_1x1_Shack_b.35"
      },
      "BaseMaterial": {
        "ObjectName": "MaterialInstanceConstant'M_Fort_Farm_Barn_1'",
        "ObjectPath": "FortniteGame/Content/Environments/Sets/Barn/Materials/M_Fort_Farm_Barn_1.0"
      },
      "MyGuid": "955B1FE0-48F35D78-C22BA4A2-132F7989",
      "DataVersion": 1,
      "CullDistance": 0.0,
      "RootComponent": {
        "ObjectName": "StaticMeshComponent'Athena_ARID_1x1_Shack_b:PersistentLevel.SM_Farm_Roof1_PeakCap_7.StaticMeshComponent0'",
        "ObjectPath": "FortniteGame/Content/Athena/Maps/Buildings/1x1/Arid/Athena_ARID_1x1_Shack_b.35"
      }
    }
  },
  {
    "Type": "SM_Farm_Roof1_PeakCap_C",
    "Name": "SM_Farm_Roof1_PeakCap_8",
    "Outer": "PersistentLevel",
    "Class": "BlueprintGeneratedClass'FortniteGame/Content/Building/ActorBlueprints/Wall/SM_Farm_Roof1_PeakCap.SM_Farm_Roof1_PeakCap_C'",
    "Template": {
      "ObjectName": "SM_Farm_Roof1_PeakCap_C'Default__SM_Farm_Roof1_PeakCap_C'",
      "ObjectPath": "FortniteGame/Content/Building/ActorBlueprints/Wall/SM_Farm_Roof1_PeakCap.1"
    },
    "Properties": {
      "TextureData": {
        "ObjectName": "BuildingTextureData'MI_Farm_Wood_2'",
        "ObjectPath": "FortniteGame/Content/Building/TextureData/WallOuter/MI_Farm_Wood_2.0"
      },
      "TextureData": {
        "ObjectName": "BuildingTextureData'Siding_47'",
        "ObjectPath": "FortniteGame/Content/Building/TextureData/WallOuter/Siding_47.0"
      },
      "StaticMeshComponent": {
        "ObjectName": "StaticMeshComponent'Athena_ARID_1x1_Shack_b:PersistentLevel.SM_Farm_Roof1_PeakCap_8.StaticMeshComponent0'",
        "ObjectPath": "FortniteGame/Content/Athena/Maps/Buildings/1x1/Arid/Athena_ARID_1x1_Shack_b.36"
      },
      "BaseMaterial": {
        "ObjectName": "MaterialInstanceConstant'M_Fort_Farm_Barn_1'",
        "ObjectPath": "FortniteGame/Content/Environments/Sets/Barn/Materials/M_Fort_Farm_Barn_1.0"
      },
      "MyGuid": "9BC7D20C-4F337B26-C6EB55B1-A3AE7284",
      "DataVersion": 1,
      "CullDistance": 0.0,
      "RootComponent": {
        "ObjectName": "StaticMeshComponent'Athena_ARID_1x1_Shack_b:PersistentLevel.SM_Farm_Roof1_PeakCap_8.StaticMeshComponent0'",
        "ObjectPath": "FortniteGame/Content/Athena/Maps/Buildings/1x1/Arid/Athena_ARID_1x1_Shack_b.36"
      }
    }
  },
  {
    "Type": "SM_FORT_Floors_Generic_BasicTile_C",
    "Name": "SM_FORT_Floors_Generic_BasicTile_2",
    "Outer": "PersistentLevel",
    "Class": "BlueprintGeneratedClass'FortniteGame/Content/Building/ActorBlueprints/Floor/SM_FORT_Floors_Generic_BasicTile.SM_FORT_Floors_Generic_BasicTile_C'",
    "Template": {
      "ObjectName": "SM_FORT_Floors_Generic_BasicTile_C'Default__SM_FORT_Floors_Generic_BasicTile_C'",
      "ObjectPath": "FortniteGame/Content/Building/ActorBlueprints/Floor/SM_FORT_Floors_Generic_BasicTile.1"
    },
    "Properties": {
      "TextureData": {
        "ObjectName": "BuildingTextureData'Concrete01'",
        "ObjectPath": "FortniteGame/Content/Building/TextureData/FloorTexture/Concrete01.0"
      },
      "TextureData": {
        "ObjectName": "BuildingTextureData'Concrete01'",
        "ObjectPath": "FortniteGame/Content/Building/TextureData/FloorTexture/Concrete01.0"
      },
      "StaticMeshComponent": {
        "ObjectName": "StaticMeshComponent'Athena_ARID_1x1_Shack_b:PersistentLevel.SM_FORT_Floors_Generic_BasicTile_2.StaticMeshComponent0'",
        "ObjectPath": "FortniteGame/Content/Athena/Maps/Buildings/1x1/Arid/Athena_ARID_1x1_Shack_b.49"
      },
      "BaseMaterial": {
        "ObjectName": "MaterialInstanceConstant'MI_Fort_Floors_Generic_TilesClean'",
        "ObjectPath": "FortniteGame/Content/Packages/Fortress_Floors_Generic/SM/Materials/MI_Fort_Floors_Generic_TilesClean.0"
      },
      "MyGuid": "CB6E2B4F-4493D475-D46639B6-8BB9359A",
      "DataVersion": 1,
      "CullDistance": 0.0,
      "RootComponent": {
        "ObjectName": "StaticMeshComponent'Athena_ARID_1x1_Shack_b:PersistentLevel.SM_FORT_Floors_Generic_BasicTile_2.StaticMeshComponent0'",
        "ObjectPath": "FortniteGame/Content/Athena/Maps/Buildings/1x1/Arid/Athena_ARID_1x1_Shack_b.49"
      }
    }
  },
  {
    "Type": "StaticMeshComponent",
    "Name": "StaticMeshComponent0",
    "Outer": "Athena_Prop_Storage_CardboardBoxes_02_2",
    "Class": "UScriptClass'StaticMeshComponent'",
    "Template": {
      "ObjectName": "StaticMeshComponent'Default__Athena_Prop_Storage_CardboardBoxes_02_C:StaticMeshComponent0'",
      "ObjectPath": "FortniteGame/Content/Athena/BuildingActors/Props/Building/ActorBlueprints/Containers/Athena_Prop_Storage_CardboardBoxes_02.5"
    },
    "Properties": {
      "OverrideMaterials": [
        null
      ],
      "CachedMaxDrawDistance": 7801.2295,
      "RelativeLocation": {
        "X": -184.0,
        "Y": 332.0,
        "Z": 8.0
      },
      "RelativeRotation": {
        "Pitch": 0.0,
        "Yaw": 75.93746,
        "Roll": 0.0
      }
    }
  },
  {
    "Type": "StaticMeshComponent",
    "Name": "StaticMeshComponent0",
    "Outer": "B_DowntownTrashCan_BasketballMinigame_2",
    "Class": "UScriptClass'StaticMeshComponent'",
    "Template": {
      "ObjectName": "StaticMeshComponent'Default__B_DowntownTrashCan_BasketballMinigame_C:StaticMeshComponent0'",
      "ObjectPath": "FortniteGame/Content/Abilities/Toys/Basketball/Minigame/B_DowntownTrashCan_BasketballMinigame.26"
    },
    "Properties": {
      "OverrideMaterials": [
        null
      ],
      "CachedMaxDrawDistance": 5932.581,
      "RelativeLocation": {
        "X": 304.0,
        "Y": -312.0,
        "Z": 8.0
      }
    }
  },
  {
    "Type": "StaticMeshComponent",
    "Name": "StaticMeshComponent0",
    "Outer": "Farm_Roof1_Peak_5",
    "Class": "UScriptClass'StaticMeshComponent'",
    "Template": {
      "ObjectName": "StaticMeshComponent'Default__Farm_Roof1_Peak_C:StaticMeshComponent0'",
      "ObjectPath": "FortniteGame/Content/Building/ActorBlueprints/Roof/Farm_Roof1_Peak.4"
    },
    "Properties": {
      "OverrideMaterials": [
        null
      ],
      "LODParentPrimitive": {
        "ObjectName": "StaticMeshComponent'Athena_ARID_1x1_Shack_b:PersistentLevel.LODActor_0.StaticMeshComponent0'",
        "ObjectPath": "FortniteGame/Content/Athena/Maps/Buildings/1x1/Arid/Athena_ARID_1x1_Shack_b.33"
      },
      "RelativeLocation": {
        "X": -255.99998,
        "Y": -4.5776367E-05,
        "Z": 384.0
      },
      "RelativeRotation": {
        "Pitch": 0.0,
        "Yaw": -90.0,
        "Roll": 0.0
      }
    }
  },
  {
    "Type": "StaticMeshComponent",
    "Name": "StaticMeshComponent0",
    "Outer": "LODActor_0",
    "Class": "UScriptClass'StaticMeshComponent'",
    "Properties": {
      "StaticMesh": {
        "ObjectName": "StaticMesh'SM_Athena_ARID_1x1_Shack_b_0_Farm_Roof1_Peak_5'",
        "ObjectPath": "FortniteGame/Content/Athena/Maps/Buildings/1x1/Arid/HLOD/Athena_ARID_1x1_Shack_b_0_HLOD.3"
      },
      "MinDrawDistance": 35000.0,
      "CastShadow": true,
      "bCastStaticShadow": true
    }
  },
  {
    "Type": "StaticMeshComponent",
    "Name": "StaticMeshComponent0",
    "Outer": "Pueblo_Floor_04_2",
    "Class": "UScriptClass'StaticMeshComponent'",
    "Template": {
      "ObjectName": "StaticMeshComponent'Default__Pueblo_Floor_02_C:StaticMeshComponent0'",
      "ObjectPath": "FortniteGame/Content/Building/ActorBlueprints/Floor/Pueblo_Floor_02.4"
    },
    "Properties": {
      "OverrideMaterials": [
        null
      ],
      "LODParentPrimitive": {
        "ObjectName": "StaticMeshComponent'Athena_ARID_1x1_Shack_b:PersistentLevel.LODActor_0.StaticMeshComponent0'",
        "ObjectPath": "FortniteGame/Content/Athena/Maps/Buildings/1x1/Arid/Athena_ARID_1x1_Shack_b.33"
      },
      "RelativeLocation": {
        "X": 0.0,
        "Y": -256.0,
        "Z": 384.0
      }
    }
  },
  {
    "Type": "StaticMeshComponent",
    "Name": "StaticMeshComponent0",
    "Outer": "SM_Farm_Roof1_PeakCap_7",
    "Class": "UScriptClass'StaticMeshComponent'",
    "Template": {
      "ObjectName": "StaticMeshComponent'Default__SM_Farm_Roof1_PeakCap_C:StaticMeshComponent0'",
      "ObjectPath": "FortniteGame/Content/Building/ActorBlueprints/Wall/SM_Farm_Roof1_PeakCap.4"
    },
    "Properties": {
      "OverrideMaterials": [
        null
      ],
      "LODParentPrimitive": {
        "ObjectName": "StaticMeshComponent'Athena_ARID_1x1_Shack_b:PersistentLevel.LODActor_0.StaticMeshComponent0'",
        "ObjectPath": "FortniteGame/Content/Athena/Maps/Buildings/1x1/Arid/Athena_ARID_1x1_Shack_b.33"
      },
      "RelativeLocation": {
        "X": 0.0,
        "Y": -256.0,
        "Z": 384.0
      },
      "RelativeRotation": {
        "Pitch": 0.0,
        "Yaw": -179.99998,
        "Roll": 0.0
      }
    }
  },
  {
    "Type": "StaticMeshComponent",
    "Name": "StaticMeshComponent0",
    "Outer": "SM_Farm_Roof1_PeakCap_8",
    "Class": "UScriptClass'StaticMeshComponent'",
    "Template": {
      "ObjectName": "StaticMeshComponent'Default__SM_Farm_Roof1_PeakCap_C:StaticMeshComponent0'",
      "ObjectPath": "FortniteGame/Content/Building/ActorBlueprints/Wall/SM_Farm_Roof1_PeakCap.4"
    },
    "Properties": {
      "OverrideMaterials": [
        null
      ],
      "LODParentPrimitive": {
        "ObjectName": "StaticMeshComponent'Athena_ARID_1x1_Shack_b:PersistentLevel.LODActor_0.StaticMeshComponent0'",
        "ObjectPath": "FortniteGame/Content/Athena/Maps/Buildings/1x1/Arid/Athena_ARID_1x1_Shack_b.33"
      },
      "RelativeLocation": {
        "X": 0.0,
        "Y": 256.0,
        "Z": 384.0
      }
    }
  },
  {
    "Type": "StaticMeshComponent",
    "Name": "StaticMeshComponent0",
    "Outer": "SM_Farm_Wall_12",
    "Class": "UScriptClass'StaticMeshComponent'",
    "Template": {
      "ObjectName": "StaticMeshComponent'Default__Pueblo_Arch_01_C:StaticMeshComponent0'",
      "ObjectPath": "FortniteGame/Content/Building/ActorBlueprints/Wall/Pueblo_Arch_01.4"
    },
    "Properties": {
      "OverrideMaterials": [
        null
      ],
      "LODParentPrimitive": {
        "ObjectName": "StaticMeshComponent'Athena_ARID_1x1_Shack_b:PersistentLevel.LODActor_0.StaticMeshComponent0'",
        "ObjectPath": "FortniteGame/Content/Athena/Maps/Buildings/1x1/Arid/Athena_ARID_1x1_Shack_b.33"
      },
      "RelativeLocation": {
        "X": -256.0,
        "Y": 0.0,
        "Z": 0.0
      },
      "RelativeRotation": {
        "Pitch": 0.0,
        "Yaw": 89.99996,
        "Roll": 0.0
      }
    }
  },
  {
    "Type": "StaticMeshComponent",
    "Name": "StaticMeshComponent0",
    "Outer": "SM_Farm_Wall_13",
    "Class": "UScriptClass'StaticMeshComponent'",
    "Template": {
      "ObjectName": "StaticMeshComponent'Default__Pueblo_Arch_01_C:StaticMeshComponent0'",
      "ObjectPath": "FortniteGame/Content/Building/ActorBlueprints/Wall/Pueblo_Arch_01.4"
    },
    "Properties": {
      "OverrideMaterials": [
        null
      ],
      "LODParentPrimitive": {
        "ObjectName": "StaticMeshComponent'Athena_ARID_1x1_Shack_b:PersistentLevel.LODActor_0.StaticMeshComponent0'",
        "ObjectPath": "FortniteGame/Content/Athena/Maps/Buildings/1x1/Arid/Athena_ARID_1x1_Shack_b.33"
      },
      "RelativeLocation": {
        "X": 256.0,
        "Y": 0.0,
        "Z": 0.0
      },
      "RelativeRotation": {
        "Pitch": 0.0,
        "Yaw": -89.99996,
        "Roll": 0.0
      }
    }
  },
  {
    "Type": "StaticMeshComponent",
    "Name": "StaticMeshComponent0",
    "Outer": "SM_Farm_Wall_14",
    "Class": "UScriptClass'StaticMeshComponent'",
    "Template": {
      "ObjectName": "StaticMeshComponent'Default__Pueblo_Solid_02_C:StaticMeshComponent0'",
      "ObjectPath": "FortniteGame/Content/Building/ActorBlueprints/Wall/Pueblo_Solid_02.4"
    },
    "Properties": {
      "OverrideMaterials": [
        null
      ],
      "LODParentPrimitive": {
        "ObjectName": "StaticMeshComponent'Athena_ARID_1x1_Shack_b:PersistentLevel.LODActor_0.StaticMeshComponent0'",
        "ObjectPath": "FortniteGame/Content/Athena/Maps/Buildings/1x1/Arid/Athena_ARID_1x1_Shack_b.33"
      },
      "RelativeLocation": {
        "X": 0.0,
        "Y": 256.0,
        "Z": 0.0
      }
    }
  },
  {
    "Type": "StaticMeshComponent",
    "Name": "StaticMeshComponent0",
    "Outer": "SM_Farm_Wall_52",
    "Class": "UScriptClass'StaticMeshComponent'",
    "Template": {
      "ObjectName": "StaticMeshComponent'Default__Pueblo_Arch_02_C:StaticMeshComponent0'",
      "ObjectPath": "FortniteGame/Content/Building/ActorBlueprints/Wall/Pueblo_Arch_02.4"
    },
    "Properties": {
      "OverrideMaterials": [
        null
      ],
      "LODParentPrimitive": {
        "ObjectName": "StaticMeshComponent'Athena_ARID_1x1_Shack_b:PersistentLevel.LODActor_0.StaticMeshComponent0'",
        "ObjectPath": "FortniteGame/Content/Athena/Maps/Buildings/1x1/Arid/Athena_ARID_1x1_Shack_b.33"
      },
      "RelativeLocation": {
        "X": 0.0,
        "Y": -256.0,
        "Z": 0.0
      },
      "RelativeRotation": {
        "Pitch": 0.0,
        "Yaw": -179.9999,
        "Roll": 0.0
      }
    }
  },
  {
    "Type": "StaticMeshComponent",
    "Name": "StaticMeshComponent0",
    "Outer": "SM_FORT_Floors_Generic_BasicTile2",
    "Class": "UScriptClass'StaticMeshComponent'",
    "Template": {
      "ObjectName": "StaticMeshComponent'Default__SM_Construction_Concrete_Floor_03_C:StaticMeshComponent0'",
      "ObjectPath": "FortniteGame/Content/Building/ActorBlueprints/Floor/SM_Construction_Concrete_Floor_03.4"
    },
    "Properties": {
      "OverrideMaterials": [
        null
      ],
      "LODParentPrimitive": {
        "ObjectName": "StaticMeshComponent'Athena_ARID_1x1_Shack_b:PersistentLevel.LODActor_0.StaticMeshComponent0'",
        "ObjectPath": "FortniteGame/Content/Athena/Maps/Buildings/1x1/Arid/Athena_ARID_1x1_Shack_b.33"
      },
      "RelativeLocation": {
        "X": 0.0,
        "Y": -768.0,
        "Z": 0.0
      }
    }
  },
  {
    "Type": "StaticMeshComponent",
    "Name": "StaticMeshComponent0",
    "Outer": "SM_FORT_Floors_Generic_BasicTile3",
    "Class": "UScriptClass'StaticMeshComponent'",
    "Template": {
      "ObjectName": "StaticMeshComponent'Default__SM_Construction_Concrete_Floor_02_C:StaticMeshComponent0'",
      "ObjectPath": "FortniteGame/Content/Building/ActorBlueprints/Floor/SM_Construction_Concrete_Floor_02.4"
    },
    "Properties": {
      "OverrideMaterials": [
        null
      ],
      "LODParentPrimitive": {
        "ObjectName": "StaticMeshComponent'Athena_ARID_1x1_Shack_b:PersistentLevel.LODActor_0.StaticMeshComponent0'",
        "ObjectPath": "FortniteGame/Content/Athena/Maps/Buildings/1x1/Arid/Athena_ARID_1x1_Shack_b.33"
      },
      "RelativeLocation": {
        "X": 512.0,
        "Y": -768.0,
        "Z": 0.0
      }
    }
  },
  {
    "Type": "StaticMeshComponent",
    "Name": "StaticMeshComponent0",
    "Outer": "SM_FORT_Floors_Generic_BasicTile4",
    "Class": "UScriptClass'StaticMeshComponent'",
    "Template": {
      "ObjectName": "StaticMeshComponent'Default__SM_Construction_Concrete_Floor_02_C:StaticMeshComponent0'",
      "ObjectPath": "FortniteGame/Content/Building/ActorBlueprints/Floor/SM_Construction_Concrete_Floor_02.4"
    },
    "Properties": {
      "OverrideMaterials": [
        null
      ],
      "LODParentPrimitive": {
        "ObjectName": "StaticMeshComponent'Athena_ARID_1x1_Shack_b:PersistentLevel.LODActor_0.StaticMeshComponent0'",
        "ObjectPath": "FortniteGame/Content/Athena/Maps/Buildings/1x1/Arid/Athena_ARID_1x1_Shack_b.33"
      },
      "RelativeLocation": {
        "X": -768.0,
        "Y": -511.99982,
        "Z": 0.0
      },
      "RelativeRotation": {
        "Pitch": 0.0,
        "Yaw": -90.00005,
        "Roll": 0.0
      }
    }
  },
  {
    "Type": "StaticMeshComponent",
    "Name": "StaticMeshComponent0",
    "Outer": "SM_FORT_Floors_Generic_BasicTile5",
    "Class": "UScriptClass'StaticMeshComponent'",
    "Template": {
      "ObjectName": "StaticMeshComponent'Default__SM_Construction_Concrete_Floor_02_C:StaticMeshComponent0'",
      "ObjectPath": "FortniteGame/Content/Building/ActorBlueprints/Floor/SM_Construction_Concrete_Floor_02.4"
    },
    "Properties": {
      "OverrideMaterials": [
        null
      ],
      "LODParentPrimitive": {
        "ObjectName": "StaticMeshComponent'Athena_ARID_1x1_Shack_b:PersistentLevel.LODActor_0.StaticMeshComponent0'",
        "ObjectPath": "FortniteGame/Content/Athena/Maps/Buildings/1x1/Arid/Athena_ARID_1x1_Shack_b.33"
      },
      "RelativeLocation": {
        "X": -511.99976,
        "Y": 768.0,
        "Z": 0.0
      },
      "RelativeRotation": {
        "Pitch": 0.0,
        "Yaw": 179.99994,
        "Roll": 0.0
      }
    }
  },
  {
    "Type": "StaticMeshComponent",
    "Name": "StaticMeshComponent0",
    "Outer": "SM_FORT_Floors_Generic_BasicTile6",
    "Class": "UScriptClass'StaticMeshComponent'",
    "Template": {
      "ObjectName": "StaticMeshComponent'Default__SM_Construction_Concrete_Floor_03_C:StaticMeshComponent0'",
      "ObjectPath": "FortniteGame/Content/Building/ActorBlueprints/Floor/SM_Construction_Concrete_Floor_03.4"
    },
    "Properties": {
      "OverrideMaterials": [
        null
      ],
      "LODParentPrimitive": {
        "ObjectName": "StaticMeshComponent'Athena_ARID_1x1_Shack_b:PersistentLevel.LODActor_0.StaticMeshComponent0'",
        "ObjectPath": "FortniteGame/Content/Athena/Maps/Buildings/1x1/Arid/Athena_ARID_1x1_Shack_b.33"
      },
      "RelativeLocation": {
        "X": 0.00091552734,
        "Y": 768.0,
        "Z": 0.0
      },
      "RelativeRotation": {
        "Pitch": 0.0,
        "Yaw": 179.99982,
        "Roll": 0.0
      }
    }
  },
  {
    "Type": "StaticMeshComponent",
    "Name": "StaticMeshComponent0",
    "Outer": "SM_FORT_Floors_Generic_BasicTile7",
    "Class": "UScriptClass'StaticMeshComponent'",
    "Template": {
      "ObjectName": "StaticMeshComponent'Default__SM_Construction_Concrete_Floor_03_C:StaticMeshComponent0'",
      "ObjectPath": "FortniteGame/Content/Building/ActorBlueprints/Floor/SM_Construction_Concrete_Floor_03.4"
    },
    "Properties": {
      "OverrideMaterials": [
        null
      ],
      "LODParentPrimitive": {
        "ObjectName": "StaticMeshComponent'Athena_ARID_1x1_Shack_b:PersistentLevel.LODActor_0.StaticMeshComponent0'",
        "ObjectPath": "FortniteGame/Content/Athena/Maps/Buildings/1x1/Arid/Athena_ARID_1x1_Shack_b.33"
      },
      "RelativeLocation": {
        "X": -768.0,
        "Y": 0.000198,
        "Z": 0.0
      },
      "RelativeRotation": {
        "Pitch": 0.0,
        "Yaw": -90.00005,
        "Roll": 0.0
      }
    }
  },
  {
    "Type": "StaticMeshComponent",
    "Name": "StaticMeshComponent0",
    "Outer": "SM_FORT_Floors_Generic_BasicTile8",
    "Class": "UScriptClass'StaticMeshComponent'",
    "Template": {
      "ObjectName": "StaticMeshComponent'Default__SM_Construction_Concrete_Floor_02_C:StaticMeshComponent0'",
      "ObjectPath": "FortniteGame/Content/Building/ActorBlueprints/Floor/SM_Construction_Concrete_Floor_02.4"
    },
    "Properties": {
      "OverrideMaterials": [
        null
      ],
      "LODParentPrimitive": {
        "ObjectName": "StaticMeshComponent'Athena_ARID_1x1_Shack_b:PersistentLevel.LODActor_0.StaticMeshComponent0'",
        "ObjectPath": "FortniteGame/Content/Athena/Maps/Buildings/1x1/Arid/Athena_ARID_1x1_Shack_b.33"
      },
      "RelativeLocation": {
        "X": 768.0,
        "Y": 511.9995,
        "Z": 0.0
      },
      "RelativeRotation": {
        "Pitch": 0.0,
        "Yaw": 89.9999,
        "Roll": 0.0
      }
    }
  },
  {
    "Type": "StaticMeshComponent",
    "Name": "StaticMeshComponent0",
    "Outer": "SM_FORT_Floors_Generic_BasicTile9",
    "Class": "UScriptClass'StaticMeshComponent'",
    "Template": {
      "ObjectName": "StaticMeshComponent'Default__SM_Construction_Concrete_Floor_03_C:StaticMeshComponent0'",
      "ObjectPath": "FortniteGame/Content/Building/ActorBlueprints/Floor/SM_Construction_Concrete_Floor_03.4"
    },
    "Properties": {
      "OverrideMaterials": [
        null
      ],
      "LODParentPrimitive": {
        "ObjectName": "StaticMeshComponent'Athena_ARID_1x1_Shack_b:PersistentLevel.LODActor_0.StaticMeshComponent0'",
        "ObjectPath": "FortniteGame/Content/Athena/Maps/Buildings/1x1/Arid/Athena_ARID_1x1_Shack_b.33"
      },
      "RelativeLocation": {
        "X": 768.0,
        "Y": -0.00047302246,
        "Z": 0.0
      },
      "RelativeRotation": {
        "Pitch": 0.0,
        "Yaw": 89.9999,
        "Roll": 0.0
      }
    }
  },
  {
    "Type": "StaticMeshComponent",
    "Name": "StaticMeshComponent0",
    "Outer": "SM_FORT_Floors_Generic_BasicTile_2",
    "Class": "UScriptClass'StaticMeshComponent'",
    "Template": {
      "ObjectName": "StaticMeshComponent'Default__SM_FORT_Floors_Generic_BasicTile_C:StaticMeshComponent0'",
      "ObjectPath": "FortniteGame/Content/Building/ActorBlueprints/Floor/SM_FORT_Floors_Generic_BasicTile.4"
    },
    "Properties": {
      "OverrideMaterials": [
        null
      ],
      "LODParentPrimitive": {
        "ObjectName": "StaticMeshComponent'Athena_ARID_1x1_Shack_b:PersistentLevel.LODActor_0.StaticMeshComponent0'",
        "ObjectPath": "FortniteGame/Content/Athena/Maps/Buildings/1x1/Arid/Athena_ARID_1x1_Shack_b.33"
      },
      "RelativeLocation": {
        "X": 0.0,
        "Y": -256.0,
        "Z": 0.0
      }
    }
  },
  {
    "Type": "StaticMeshComponent",
    "Name": "StaticMeshComponent0",
    "Outer": "Tiered_Athena_FloorLoot_01_2",
    "Class": "UScriptClass'StaticMeshComponent'",
    "Template": {
      "ObjectName": "StaticMeshComponent'Default__Tiered_Athena_FloorLoot_01_C:StaticMeshComponent0'",
      "ObjectPath": "FortniteGame/Content/Athena/Environments/Blueprints/Tiered_Athena_FloorLoot_01.5"
    },
    "Properties": {
      "OverrideMaterials": [
        null
      ],
      "CachedMaxDrawDistance": 10643.375,
      "RelativeLocation": {
        "X": 0.0,
        "Y": -24.0,
        "Z": 8.0
      }
    }
  },
  {
    "Type": "StaticMeshComponent",
    "Name": "StaticMeshComponent0",
    "Outer": "Tiered_Athena_FloorLoot_5",
    "Class": "UScriptClass'StaticMeshComponent'",
    "Template": {
      "ObjectName": "StaticMeshComponent'Default__Tiered_Athena_FloorLoot_01_C:StaticMeshComponent0'",
      "ObjectPath": "FortniteGame/Content/Athena/Environments/Blueprints/Tiered_Athena_FloorLoot_01.5"
    },
    "Properties": {
      "OverrideMaterials": [
        null
      ],
      "CachedMaxDrawDistance": 10643.375,
      "RelativeLocation": {
        "X": 4.0,
        "Y": -8.0,
        "Z": 404.0
      }
    }
  },
  {
    "Type": "StaticMeshComponent",
    "Name": "StaticMeshComponent0",
    "Outer": "Tiered_Short_Ammo_3_Parent_2",
    "Class": "UScriptClass'StaticMeshComponent'",
    "Template": {
      "ObjectName": "StaticMeshComponent'Default__Tiered_Ammo_Athena_C:StaticMeshComponent0'",
      "ObjectPath": "FortniteGame/Content/Building/ActorBlueprints/Containers/Tiered_Ammo_Athena.48"
    },
    "Properties": {
      "OverrideMaterials": [
        null
      ],
      "CachedMaxDrawDistance": 5914.6885,
      "RelativeLocation": {
        "X": 156.0,
        "Y": 324.0,
        "Z": 8.0
      },
      "RelativeRotation": {
        "Pitch": 0.0,
        "Yaw": -14.06258,
        "Roll": 0.0
      }
    }
  },
  {
    "Type": "StaticMeshComponent",
    "Name": "StaticMeshComponent0",
    "Outer": "TrashPile_01_2",
    "Class": "UScriptClass'StaticMeshComponent'",
    "Template": {
      "ObjectName": "StaticMeshComponent'Default__TrashPile_01_C:StaticMeshComponent0'",
      "ObjectPath": "FortniteGame/Content/Building/ActorBlueprints/Deco/TrashPile_01.4"
    },
    "Properties": {
      "OverrideMaterials": [
        null
      ],
      "LDMaxDrawDistance": 0.0,
      "CachedMaxDrawDistance": 16635.133,
      "RelativeLocation": {
        "X": 60.0,
        "Y": -88.0,
        "Z": 8.0
      },
      "RelativeRotation": {
        "Pitch": 0.0,
        "Yaw": -53.98393,
        "Roll": 0.0
      }
    }
  },
  {
    "Type": "StaticMeshComponent",
    "Name": "StaticMeshComponent0",
    "Outer": "WildWest_Bench_02_2",
    "Class": "UScriptClass'StaticMeshComponent'",
    "Template": {
      "ObjectName": "StaticMeshComponent'Default__WildWest_Bench_02_C:StaticMeshComponent0'",
      "ObjectPath": "FortniteGame/Content/Building/ActorBlueprints/Prop/WildWest_Bench_02.4"
    },
    "Properties": {
      "OverrideMaterials": [
        null
      ],
      "CachedMaxDrawDistance": 9882.886,
      "RelativeLocation": {
        "X": 84.0,
        "Y": 188.0,
        "Z": 8.0
      },
      "RelativeRotation": {
        "Pitch": 0.0,
        "Yaw": 179.99997,
        "Roll": 0.0
      }
    }
  },
  {
    "Type": "StaticMeshComponent",
    "Name": "StaticMeshComponent0",
    "Outer": "WildWest_Bench_3",
    "Class": "UScriptClass'StaticMeshComponent'",
    "Template": {
      "ObjectName": "StaticMeshComponent'Default__WildWest_Bench_02_C:StaticMeshComponent0'",
      "ObjectPath": "FortniteGame/Content/Building/ActorBlueprints/Prop/WildWest_Bench_02.4"
    },
    "Properties": {
      "OverrideMaterials": [
        null
      ],
      "CachedMaxDrawDistance": 9882.886,
      "RelativeLocation": {
        "X": -112.0,
        "Y": 188.0,
        "Z": 8.0
      },
      "RelativeRotation": {
        "Pitch": 0.0,
        "Yaw": 179.99997,
        "Roll": 0.0
      }
    }
  },
  {
    "Type": "Tiered_Ammo_Athena_C",
    "Name": "Tiered_Short_Ammo_3_Parent_2",
    "Outer": "PersistentLevel",
    "Class": "BlueprintGeneratedClass'FortniteGame/Content/Building/ActorBlueprints/Containers/Tiered_Ammo_Athena.Tiered_Ammo_Athena_C'",
    "Template": {
      "ObjectName": "Tiered_Ammo_Athena_C'Default__Tiered_Ammo_Athena_C'",
      "ObjectPath": "FortniteGame/Content/Building/ActorBlueprints/Containers/Tiered_Ammo_Athena.2"
    },
    "Properties": {
      "MobileSelectedTL": {
        "ObjectName": "TimelineComponent'Athena_ARID_1x1_Shack_b:PersistentLevel.Tiered_Short_Ammo_3_Parent_2.MobileSelectedTL'",
        "ObjectPath": "FortniteGame/Content/Athena/Maps/Buildings/1x1/Arid/Athena_ARID_1x1_Shack_b.59"
      },
      "StaticMeshComponent": {
        "ObjectName": "StaticMeshComponent'Athena_ARID_1x1_Shack_b:PersistentLevel.Tiered_Short_Ammo_3_Parent_2.StaticMeshComponent0'",
        "ObjectPath": "FortniteGame/Content/Athena/Maps/Buildings/1x1/Arid/Athena_ARID_1x1_Shack_b.52"
      },
      "MyGuid": "78375920-43044681-8F9CA29F-0D4951E3",
      "DataVersion": 1,
      "CullDistance": 5914.6885,
      "RootComponent": {
        "ObjectName": "StaticMeshComponent'Athena_ARID_1x1_Shack_b:PersistentLevel.Tiered_Short_Ammo_3_Parent_2.StaticMeshComponent0'",
        "ObjectPath": "FortniteGame/Content/Athena/Maps/Buildings/1x1/Arid/Athena_ARID_1x1_Shack_b.52"
      },
      "BlueprintCreatedComponents": [
        {
          "ObjectName": "TimelineComponent'Athena_ARID_1x1_Shack_b:PersistentLevel.Tiered_Short_Ammo_3_Parent_2.MobileSelectedTL'",
          "ObjectPath": "FortniteGame/Content/Athena/Maps/Buildings/1x1/Arid/Athena_ARID_1x1_Shack_b.59"
        }
      ]
    }
  },
  {
    "Type": "Tiered_Athena_FloorLoot_01_C",
    "Name": "Tiered_Athena_FloorLoot_01_2",
    "Outer": "PersistentLevel",
    "Class": "BlueprintGeneratedClass'FortniteGame/Content/Athena/Environments/Blueprints/Tiered_Athena_FloorLoot_01.Tiered_Athena_FloorLoot_01_C'",
    "Template": {
      "ObjectName": "Tiered_Athena_FloorLoot_01_C'Default__Tiered_Athena_FloorLoot_01_C'",
      "ObjectPath": "FortniteGame/Content/Athena/Environments/Blueprints/Tiered_Athena_FloorLoot_01.1"
    },
    "Properties": {
      "StaticMeshComponent": {
        "ObjectName": "StaticMeshComponent'Athena_ARID_1x1_Shack_b:PersistentLevel.Tiered_Athena_FloorLoot_01_2.StaticMeshComponent0'",
        "ObjectPath": "FortniteGame/Content/Athena/Maps/Buildings/1x1/Arid/Athena_ARID_1x1_Shack_b.50"
      },
      "MyGuid": "198FD756-4D5EE169-9AB1B796-DABC90EE",
      "DataVersion": 1,
      "CullDistance": 10643.375,
      "RootComponent": {
        "ObjectName": "StaticMeshComponent'Athena_ARID_1x1_Shack_b:PersistentLevel.Tiered_Athena_FloorLoot_01_2.StaticMeshComponent0'",
        "ObjectPath": "FortniteGame/Content/Athena/Maps/Buildings/1x1/Arid/Athena_ARID_1x1_Shack_b.50"
      }
    }
  },
  {
    "Type": "Tiered_Athena_FloorLoot_01_C",
    "Name": "Tiered_Athena_FloorLoot_5",
    "Outer": "PersistentLevel",
    "Class": "BlueprintGeneratedClass'FortniteGame/Content/Athena/Environments/Blueprints/Tiered_Athena_FloorLoot_01.Tiered_Athena_FloorLoot_01_C'",
    "Template": {
      "ObjectName": "Tiered_Athena_FloorLoot_01_C'Default__Tiered_Athena_FloorLoot_01_C'",
      "ObjectPath": "FortniteGame/Content/Athena/Environments/Blueprints/Tiered_Athena_FloorLoot_01.1"
    },
    "Properties": {
      "StaticMeshComponent": {
        "ObjectName": "StaticMeshComponent'Athena_ARID_1x1_Shack_b:PersistentLevel.Tiered_Athena_FloorLoot_5.StaticMeshComponent0'",
        "ObjectPath": "FortniteGame/Content/Athena/Maps/Buildings/1x1/Arid/Athena_ARID_1x1_Shack_b.51"
      },
      "MyGuid": "4A0889D4-4E06ABED-E041089C-E461E359",
      "DataVersion": 1,
      "CullDistance": 10643.375,
      "RootComponent": {
        "ObjectName": "StaticMeshComponent'Athena_ARID_1x1_Shack_b:PersistentLevel.Tiered_Athena_FloorLoot_5.StaticMeshComponent0'",
        "ObjectPath": "FortniteGame/Content/Athena/Maps/Buildings/1x1/Arid/Athena_ARID_1x1_Shack_b.51"
      }
    }
  },
  {
    "Type": "TimelineComponent",
    "Name": "MobileSelectedTL",
    "Outer": "Tiered_Short_Ammo_3_Parent_2",
    "Class": "UScriptClass'TimelineComponent'",
    "Properties": {
      "TheTimeline": {
        "LengthMode": "TL_TimelineLength",
        "Length": 0.21,
        "InterpFloats": [
          {
            "FloatCurve": {
              "ObjectName": "CurveFloat'Tiered_Ammo_Athena_C:CurveFloat_0'",
              "ObjectPath": "FortniteGame/Content/Building/ActorBlueprints/Containers/Tiered_Ammo_Athena.28"
            },
            "InterpFunc": {
              "Num": 0,
              "Name": "None"
            },
            "TrackName": "LerpObject",
            "FloatPropertyName": "MobileSelectedTL_LerpObject_A5A509274549841DD24AFF8F04042949"
          },
          {
            "FloatCurve": {
              "ObjectName": "CurveFloat'Tiered_Ammo_Athena_C:CurveFloat_1'",
              "ObjectPath": "FortniteGame/Content/Building/ActorBlueprints/Containers/Tiered_Ammo_Athena.29"
            },
            "InterpFunc": {
              "Num": 0,
              "Name": "None"
            },
            "TrackName": "LerpInteactoIcon",
            "FloatPropertyName": "MobileSelectedTL_LerpInteactoIcon_A5A509274549841DD24AFF8F04042949"
          }
        ],
        "TimelinePostUpdateFunc": {
          "Num": 57,
          "Name": "MobileSelectedTL__UpdateFunc"
        },
        "TimelineFinishedFunc": {
          "Num": 57,
          "Name": "MobileSelectedTL__FinishedFunc"
        },
        "PropertySetObject": {
          "ObjectName": "Tiered_Ammo_Athena_C'Athena_ARID_1x1_Shack_b:PersistentLevel.Tiered_Short_Ammo_3_Parent_2'",
          "ObjectPath": "FortniteGame/Content/Athena/Maps/Buildings/1x1/Arid/Athena_ARID_1x1_Shack_b.56"
        },
        "DirectionPropertyName": "MobileSelectedTL__Direction_A5A509274549841DD24AFF8F04042949"
      },
      "bNetAddressable": true,
      "CreationMethod": "EComponentCreationMethod::UserConstructionScript"
    }
  },
  {
    "Type": "TrashPile_01_C",
    "Name": "TrashPile_01_2",
    "Outer": "PersistentLevel",
    "Class": "BlueprintGeneratedClass'FortniteGame/Content/Building/ActorBlueprints/Deco/TrashPile_01.TrashPile_01_C'",
    "Template": {
      "ObjectName": "TrashPile_01_C'Default__TrashPile_01_C'",
      "ObjectPath": "FortniteGame/Content/Building/ActorBlueprints/Deco/TrashPile_01.1"
    },
    "Properties": {
      "StaticMeshComponent": {
        "ObjectName": "StaticMeshComponent'Athena_ARID_1x1_Shack_b:PersistentLevel.TrashPile_01_2.StaticMeshComponent0'",
        "ObjectPath": "FortniteGame/Content/Athena/Maps/Buildings/1x1/Arid/Athena_ARID_1x1_Shack_b.53"
      },
      "MyGuid": "D9ECD91D-47C29474-87A9AE98-6E4B48FE",
      "DataVersion": 1,
      "CullDistance": 16635.133,
      "RootComponent": {
        "ObjectName": "StaticMeshComponent'Athena_ARID_1x1_Shack_b:PersistentLevel.TrashPile_01_2.StaticMeshComponent0'",
        "ObjectPath": "FortniteGame/Content/Athena/Maps/Buildings/1x1/Arid/Athena_ARID_1x1_Shack_b.53"
      }
    }
  },
  {
    "Type": "WildWest_Bench_02_C",
    "Name": "WildWest_Bench_02_2",
    "Outer": "PersistentLevel",
    "Class": "BlueprintGeneratedClass'FortniteGame/Content/Building/ActorBlueprints/Prop/WildWest_Bench_02.WildWest_Bench_02_C'",
    "Template": {
      "ObjectName": "WildWest_Bench_02_C'Default__WildWest_Bench_02_C'",
      "ObjectPath": "FortniteGame/Content/Building/ActorBlueprints/Prop/WildWest_Bench_02.1"
    },
    "Properties": {
      "StaticMeshComponent": {
        "ObjectName": "StaticMeshComponent'Athena_ARID_1x1_Shack_b:PersistentLevel.WildWest_Bench_02_2.StaticMeshComponent0'",
        "ObjectPath": "FortniteGame/Content/Athena/Maps/Buildings/1x1/Arid/Athena_ARID_1x1_Shack_b.54"
      },
      "MyGuid": "7E35EE12-47FBB0BE-4CA6DEB9-D77887B0",
      "DataVersion": 1,
      "CullDistance": 9882.886,
      "RootComponent": {
        "ObjectName": "StaticMeshComponent'Athena_ARID_1x1_Shack_b:PersistentLevel.WildWest_Bench_02_2.StaticMeshComponent0'",
        "ObjectPath": "FortniteGame/Content/Athena/Maps/Buildings/1x1/Arid/Athena_ARID_1x1_Shack_b.54"
      }
    }
  },
  {
    "Type": "WildWest_Bench_02_C",
    "Name": "WildWest_Bench_3",
    "Outer": "PersistentLevel",
    "Class": "BlueprintGeneratedClass'FortniteGame/Content/Building/ActorBlueprints/Prop/WildWest_Bench_02.WildWest_Bench_02_C'",
    "Template": {
      "ObjectName": "WildWest_Bench_02_C'Default__WildWest_Bench_02_C'",
      "ObjectPath": "FortniteGame/Content/Building/ActorBlueprints/Prop/WildWest_Bench_02.1"
    },
    "Properties": {
      "StaticMeshComponent": {
        "ObjectName": "StaticMeshComponent'Athena_ARID_1x1_Shack_b:PersistentLevel.WildWest_Bench_3.StaticMeshComponent0'",
        "ObjectPath": "FortniteGame/Content/Athena/Maps/Buildings/1x1/Arid/Athena_ARID_1x1_Shack_b.55"
      },
      "MyGuid": "3004F926-44127A50-BE6524B3-ABC63EE0",
      "DataVersion": 1,
      "CullDistance": 9882.886,
      "RootComponent": {
        "ObjectName": "StaticMeshComponent'Athena_ARID_1x1_Shack_b:PersistentLevel.WildWest_Bench_3.StaticMeshComponent0'",
        "ObjectPath": "FortniteGame/Content/Athena/Maps/Buildings/1x1/Arid/Athena_ARID_1x1_Shack_b.55"
      }
    }
  },
  {
    "Type": "World",
    "Name": "Athena_ARID_1x1_Shack_b",
    "Class": "UScriptClass'World'",
    "Properties": {
      "DefaultPhysicsVolume": null
    },
    "PersistentLevel": {
      "ObjectName": "Level'Athena_ARID_1x1_Shack_b:PersistentLevel'",
      "ObjectPath": "FortniteGame/Content/Athena/Maps/Buildings/1x1/Arid/Athena_ARID_1x1_Shack_b.9"
    },
    "ExtraReferencedObjects": [],
    "StreamingLevels": []
  }
]