[
  {
    "Type": "BlueprintGeneratedClass",
    "Name": "Athena_ARID_1x1_Shack_c_C",
    "Class": "UScriptClass'BlueprintGeneratedClass'",
    "SuperStruct": {
      "ObjectName": "Class'FortLevelScriptActor'",
      "ObjectPath": "/Script/FortniteGame"
    },
    "ClassFlags": "CLASS_Optional | CLASS_NotPlaceable | CLASS_ReplicationDataIsSetUp | CLASS_CompiledFromBlueprint | CLASS_HasInstancedReference",
    "ClassWithin": {
      "ObjectName": "Class'Object'",
      "ObjectPath": "/Script/CoreUObject"
    },
    "ClassConfigName": "Engine",
    "bCooked": true,
    "ClassDefaultObject": {
      "ObjectName": "Athena_ARID_1x1_Shack_c_C'Default__Athena_ARID_1x1_Shack_c_C'",
      "ObjectPath": "FortniteGame/Content/Athena/Maps/Buildings/1x1/Arid/Athena_ARID_1x1_Shack_c.1"
    }
  },
  {
    "Type": "Athena_ARID_1x1_Shack_c_C",
    "Name": "Default__Athena_ARID_1x1_Shack_c_C",
    "Class": "BlueprintGeneratedClass'FortniteGame/Content/Athena/Maps/Buildings/1x1/Arid/Athena_ARID_1x1_Shack_c.Athena_ARID_1x1_Shack_c_C'"
  },
  {
    "Type": "Athena_ARID_1x1_Shack_c_C",
    "Name": "Athena_ARID_1x1_Shack_c_C_0",
    "Outer": "PersistentLevel",
    "Class": "BlueprintGeneratedClass'FortniteGame/Content/Athena/Maps/Buildings/1x1/Arid/Athena_ARID_1x1_Shack_c.Athena_ARID_1x1_Shack_c_C'",
    "Template": {
      "ObjectName": "Athena_ARID_1x1_Shack_c_C'Default__Athena_ARID_1x1_Shack_c_C'",
      "ObjectPath": "FortniteGame/Content/Athena/Maps/Buildings/1x1/Arid/Athena_ARID_1x1_Shack_c.1"
    }
  },
  {
    "Type": "Boardwalk_Archway_C",
    "Name": "Boardwalk_Archway_28",
    "Outer": "PersistentLevel",
    "Class": "BlueprintGeneratedClass'FortniteGame/Content/Building/ActorBlueprints/Wall/Boardwalk_Archway.Boardwalk_Archway_C'",
    "Template": {
      "ObjectName": "Boardwalk_Archway_C'Default__Boardwalk_Archway_C'",
      "ObjectPath": "FortniteGame/Content/Building/ActorBlueprints/Wall/Boardwalk_Archway.1"
    },
    "Properties": {
      "StaticMeshComponent": {
        "ObjectName": "StaticMeshComponent'Athena_ARID_1x1_Shack_c:PersistentLevel.Boardwalk_Archway_28.StaticMeshComponent0'",
        "ObjectPath": "FortniteGame/Content/Athena/Maps/Buildings/1x1/Arid/Athena_ARID_1x1_Shack_c.30"
      },
      "MyGuid": "EE746A19-4505DB8A-8D96888F-EA94AE5F",
      "DataVersion": 1,
      "CullDistance": 0.0,
      "RootComponent": {
        "ObjectName": "StaticMeshComponent'Athena_ARID_1x1_Shack_c:PersistentLevel.Boardwalk_Archway_28.StaticMeshComponent0'",
        "ObjectPath": "FortniteGame/Content/Athena/Maps/Buildings/1x1/Arid/Athena_ARID_1x1_Shack_c.30"
      }
    }
  },
  {
    "Type": "Boardwalk_Archway_C",
    "Name": "Boardwalk_Archway_29",
    "Outer": "PersistentLevel",
    "Class": "BlueprintGeneratedClass'FortniteGame/Content/Building/ActorBlueprints/Wall/Boardwalk_Archway.Boardwalk_Archway_C'",
    "Template": {
      "ObjectName": "Boardwalk_Archway_C'Default__Boardwalk_Archway_C'",
      "ObjectPath": "FortniteGame/Content/Building/ActorBlueprints/Wall/Boardwalk_Archway.1"
    },
    "Properties": {
      "StaticMeshComponent": {
        "ObjectName": "StaticMeshComponent'Athena_ARID_1x1_Shack_c:PersistentLevel.Boardwalk_Archway_29.StaticMeshComponent0'",
        "ObjectPath": "FortniteGame/Content/Athena/Maps/Buildings/1x1/Arid/Athena_ARID_1x1_Shack_c.31"
      },
      "MyGuid": "1A834D72-498C525C-16A4BE9C-151F8FF4",
      "DataVersion": 1,
      "CullDistance": 0.0,
      "RootComponent": {
        "ObjectName": "StaticMeshComponent'Athena_ARID_1x1_Shack_c:PersistentLevel.Boardwalk_Archway_29.StaticMeshComponent0'",
        "ObjectPath": "FortniteGame/Content/Athena/Maps/Buildings/1x1/Arid/Athena_ARID_1x1_Shack_c.31"
      }
    }
  },
  {
    "Type": "Boardwalk_Archway_C",
    "Name": "Boardwalk_Archway_31",
    "Outer": "PersistentLevel",
    "Class": "BlueprintGeneratedClass'FortniteGame/Content/Building/ActorBlueprints/Wall/Boardwalk_Archway.Boardwalk_Archway_C'",
    "Template": {
      "ObjectName": "Boardwalk_Archway_C'Default__Boardwalk_Archway_C'",
      "ObjectPath": "FortniteGame/Content/Building/ActorBlueprints/Wall/Boardwalk_Archway.1"
    },
    "Properties": {
      "StaticMeshComponent": {
        "ObjectName": "StaticMeshComponent'Athena_ARID_1x1_Shack_c:PersistentLevel.Boardwalk_Archway_31.StaticMeshComponent0'",
        "ObjectPath": "FortniteGame/Content/Athena/Maps/Buildings/1x1/Arid/Athena_ARID_1x1_Shack_c.32"
      },
      "MyGuid": "008B68DB-41FDF84F-80FEC59C-CA8741F8",
      "DataVersion": 1,
      "CullDistance": 0.0,
      "RootComponent": {
        "ObjectName": "StaticMeshComponent'Athena_ARID_1x1_Shack_c:PersistentLevel.Boardwalk_Archway_31.StaticMeshComponent0'",
        "ObjectPath": "FortniteGame/Content/Athena/Maps/Buildings/1x1/Arid/Athena_ARID_1x1_Shack_c.32"
      }
    }
  },
  {
    "Type": "Boardwalk_Archway_C",
    "Name": "Boardwalk_Archway_37",
    "Outer": "PersistentLevel",
    "Class": "BlueprintGeneratedClass'FortniteGame/Content/Building/ActorBlueprints/Wall/Boardwalk_Archway.Boardwalk_Archway_C'",
    "Template": {
      "ObjectName": "Boardwalk_Archway_C'Default__Boardwalk_Archway_C'",
      "ObjectPath": "FortniteGame/Content/Building/ActorBlueprints/Wall/Boardwalk_Archway.1"
    },
    "Properties": {
      "StaticMeshComponent": {
        "ObjectName": "StaticMeshComponent'Athena_ARID_1x1_Shack_c:PersistentLevel.Boardwalk_Archway_37.StaticMeshComponent0'",
        "ObjectPath": "FortniteGame/Content/Athena/Maps/Buildings/1x1/Arid/Athena_ARID_1x1_Shack_c.33"
      },
      "MyGuid": "B6FC40F9-4DB59B48-AAC6D2B6-2FE057B5",
      "DataVersion": 1,
      "CullDistance": 0.0,
      "RootComponent": {
        "ObjectName": "StaticMeshComponent'Athena_ARID_1x1_Shack_c:PersistentLevel.Boardwalk_Archway_37.StaticMeshComponent0'",
        "ObjectPath": "FortniteGame/Content/Athena/Maps/Buildings/1x1/Arid/Athena_ARID_1x1_Shack_c.33"
      }
    }
  },
  {
    "Type": "Boardwalk_Floor_C",
    "Name": "Boardwalk_Floor_16",
    "Outer": "PersistentLevel",
    "Class": "BlueprintGeneratedClass'FortniteGame/Content/Building/ActorBlueprints/Floor/Boardwalk_Floor.Boardwalk_Floor_C'",
    "Template": {
      "ObjectName": "Boardwalk_Floor_C'Default__Boardwalk_Floor_C'",
      "ObjectPath": "FortniteGame/Content/Building/ActorBlueprints/Floor/Boardwalk_Floor.1"
    },
    "Properties": {
      "TextureData": {
        "ObjectName": "BuildingTextureData'MI_Farm_Set_Natural'",
        "ObjectPath": "FortniteGame/Content/Building/TextureData/WallOuter/MI_Farm_Set_Natural.0"
      },
      "StaticMeshComponent": {
        "ObjectName": "StaticMeshComponent'Athena_ARID_1x1_Shack_c:PersistentLevel.Boardwalk_Floor_16.StaticMeshComponent0'",
        "ObjectPath": "FortniteGame/Content/Athena/Maps/Buildings/1x1/Arid/Athena_ARID_1x1_Shack_c.34"
      },
      "BaseMaterial": {
        "ObjectName": "MaterialInstanceConstant'M_Wood_Dock'",
        "ObjectPath": "FortniteGame/Content/Packages/DS_Fortnight/SM/Materials/M_Wood_Dock.0"
      },
      "MyGuid": "D409CDCD-411BD4E2-46DFEBA4-66E30EE3",
      "DataVersion": 1,
      "CullDistance": 0.0,
      "RootComponent": {
        "ObjectName": "StaticMeshComponent'Athena_ARID_1x1_Shack_c:PersistentLevel.Boardwalk_Floor_16.StaticMeshComponent0'",
        "ObjectPath": "FortniteGame/Content/Athena/Maps/Buildings/1x1/Arid/Athena_ARID_1x1_Shack_c.34"
      }
    }
  },
  {
    "Type": "Boardwalk_Floor_C",
    "Name": "Boardwalk_Floor_17",
    "Outer": "PersistentLevel",
    "Class": "BlueprintGeneratedClass'FortniteGame/Content/Building/ActorBlueprints/Floor/Boardwalk_Floor.Boardwalk_Floor_C'",
    "Template": {
      "ObjectName": "Boardwalk_Floor_C'Default__Boardwalk_Floor_C'",
      "ObjectPath": "FortniteGame/Content/Building/ActorBlueprints/Floor/Boardwalk_Floor.1"
    },
    "Properties": {
      "TextureData": {
        "ObjectName": "BuildingTextureData'MI_Farm_Set_Natural'",
        "ObjectPath": "FortniteGame/Content/Building/TextureData/WallOuter/MI_Farm_Set_Natural.0"
      },
      "StaticMeshComponent": {
        "ObjectName": "StaticMeshComponent'Athena_ARID_1x1_Shack_c:PersistentLevel.Boardwalk_Floor_17.StaticMeshComponent0'",
        "ObjectPath": "FortniteGame/Content/Athena/Maps/Buildings/1x1/Arid/Athena_ARID_1x1_Shack_c.35"
      },
      "BaseMaterial": {
        "ObjectName": "MaterialInstanceConstant'M_Wood_Dock'",
        "ObjectPath": "FortniteGame/Content/Packages/DS_Fortnight/SM/Materials/M_Wood_Dock.0"
      },
      "MyGuid": "B6C906C3-47C1CEA4-89C4FABB-755368BC",
      "DataVersion": 1,
      "CullDistance": 0.0,
      "RootComponent": {
        "ObjectName": "StaticMeshComponent'Athena_ARID_1x1_Shack_c:PersistentLevel.Boardwalk_Floor_17.StaticMeshComponent0'",
        "ObjectPath": "FortniteGame/Content/Athena/Maps/Buildings/1x1/Arid/Athena_ARID_1x1_Shack_c.35"
      }
    }
  },
  {
    "Type": "BoxComponent",
    "Name": "BoxComponent0",
    "Outer": "LevelBounds_0",
    "Class": "UScriptClass'BoxComponent'",
    "Properties": {
      "AreaClass": {
        "ObjectName": "Class'FortMetaNavArea_Obstacles'",
        "ObjectPath": "/Script/FortniteGame"
      },
      "BodyInstance": {
        "MaxAngularVelocity": 3599.9998
      },
      "RelativeLocation": {
        "X": -6.4374695,
        "Y": -28.308685,
        "Z": 108.0
      },
      "RelativeScale3D": {
        "X": 565.0226,
        "Y": 608.7647,
        "Z": 984.0
      }
    }
  },
  {
    "Type": "FortWorldSettings",
    "Name": "FortWorldSettings",
    "Outer": "PersistentLevel",
    "Class": "UScriptClass'FortWorldSettings'",
    "Properties": {
      "WorldCells": [
        2147483647,
        1
      ],
      "WorldCellsOrigin": {
        "X": 512.0,
        "Y": 512.0,
        "Z": 0.0
      },
      "MinCullObjectSize": 64.0,
      "MinCullDistance": 2800.0,
      "MaxCullObjectSize": 1000.0,
      "MaxCullDistance": 40000.0,
      "bEnableNavigationSystem": false,
      "NavigationSystemConfig": {
        "ObjectName": "NavigationSystemModuleConfig'Athena_ARID_1x1_Shack_c:PersistentLevel.FortWorldSettings.NavigationSystemConfig_0'",
        "ObjectPath": "FortniteGame/Content/Athena/Maps/Buildings/1x1/Arid/Athena_ARID_1x1_Shack_c.16"
      },
      "BookmarkArray": [
        null,
        null,
        null,
        null,
        null,
        null,
        null,
        null,
        null,
        null
      ]
    }
  },
  {
    "Type": "Kitchen_Shelf_C",
    "Name": "Kitchen_Shelf_2",
    "Outer": "PersistentLevel",
    "Class": "BlueprintGeneratedClass'FortniteGame/Content/Building/ActorBlueprints/Deco/Kitchen_Shelf.Kitchen_Shelf_C'",
    "Template": {
      "ObjectName": "Kitchen_Shelf_C'Default__Kitchen_Shelf_C'",
      "ObjectPath": "FortniteGame/Content/Building/ActorBlueprints/Deco/Kitchen_Shelf.1"
    },
    "Properties": {
      "StaticMeshComponent": {
        "ObjectName": "StaticMeshComponent'Athena_ARID_1x1_Shack_c:PersistentLevel.Kitchen_Shelf_2.StaticMeshComponent0'",
        "ObjectPath": "FortniteGame/Content/Athena/Maps/Buildings/1x1/Arid/Athena_ARID_1x1_Shack_c.36"
      },
      "ParentActorToAttachTo": {
        "ObjectName": "SM_Farm_Wall_2_C'Athena_ARID_1x1_Shack_c:PersistentLevel.SM_Farm_Wall_13'",
        "ObjectPath": "FortniteGame/Content/Athena/Maps/Buildings/1x1/Arid/Athena_ARID_1x1_Shack_c.29"
      },
      "MyGuid": "7C78292D-401276C8-A3B5C59A-6D4B26D4",
      "DataVersion": 1,
      "CullDistance": 2800.0,
      "RootComponent": {
        "ObjectName": "StaticMeshComponent'Athena_ARID_1x1_Shack_c:PersistentLevel.Kitchen_Shelf_2.StaticMeshComponent0'",
        "ObjectPath": "FortniteGame/Content/Athena/Maps/Buildings/1x1/Arid/Athena_ARID_1x1_Shack_c.36"
      }
    }
  },
  {
    "Type": "Level",
    "Name": "PersistentLevel",
    "Outer": "Athena_ARID_1x1_Shack_c",
    "Class": "UScriptClass'Level'",
    "Properties": {
      "Model": {
        "ObjectName": "Model'Athena_ARID_1x1_Shack_c:PersistentLevel.Model_0'",
        "ObjectPath": "FortniteGame/Content/Athena/Maps/Buildings/1x1/Arid/Athena_ARID_1x1_Shack_c.15"
      },
      "LevelScriptActor": {
        "ObjectName": "Athena_ARID_1x1_Shack_c_C'Athena_ARID_1x1_Shack_c:PersistentLevel.Athena_ARID_1x1_Shack_c_C_0'",
        "ObjectPath": "FortniteGame/Content/Athena/Maps/Buildings/1x1/Arid/Athena_ARID_1x1_Shack_c.2"
      },
      "LevelBuildDataId": "69ADE370-47F50189-D08FCA81-69EF4AE7",
      "WorldSettings": {
        "ObjectName": "FortWorldSettings'Athena_ARID_1x1_Shack_c:PersistentLevel.FortWorldSettings'",
        "ObjectPath": "FortniteGame/Content/Athena/Maps/Buildings/1x1/Arid/Athena_ARID_1x1_Shack_c.10"
      }
    },
    "Actors": [
      {
        "ObjectName": "FortWorldSettings'Athena_ARID_1x1_Shack_c:PersistentLevel.FortWorldSettings'",
        "ObjectPath": "FortniteGame/Content/Athena/Maps/Buildings/1x1/Arid/Athena_ARID_1x1_Shack_c.10"
      },
      null,
      {
        "ObjectName": "LevelBounds'Athena_ARID_1x1_Shack_c:PersistentLevel.LevelBounds_0'",
        "ObjectPath": "FortniteGame/Content/Athena/Maps/Buildings/1x1/Arid/Athena_ARID_1x1_Shack_c.13"
      },
      {
        "ObjectName": "LODActor'Athena_ARID_1x1_Shack_c:PersistentLevel.LODActor_1'",
        "ObjectPath": "FortniteGame/Content/Athena/Maps/Buildings/1x1/Arid/Athena_ARID_1x1_Shack_c.14"
      },
      {
        "ObjectName": "Boardwalk_Archway_C'Athena_ARID_1x1_Shack_c:PersistentLevel.Boardwalk_Archway_28'",
        "ObjectPath": "FortniteGame/Content/Athena/Maps/Buildings/1x1/Arid/Athena_ARID_1x1_Shack_c.3"
      },
      {
        "ObjectName": "SM_Farm_Doorway_1_C'Athena_ARID_1x1_Shack_c:PersistentLevel.SM_Farm_Wall_52'",
        "ObjectPath": "FortniteGame/Content/Athena/Maps/Buildings/1x1/Arid/Athena_ARID_1x1_Shack_c.23"
      },
      {
        "ObjectName": "Boardwalk_Archway_C'Athena_ARID_1x1_Shack_c:PersistentLevel.Boardwalk_Archway_29'",
        "ObjectPath": "FortniteGame/Content/Athena/Maps/Buildings/1x1/Arid/Athena_ARID_1x1_Shack_c.4"
      },
      {
        "ObjectName": "Boardwalk_Archway_C'Athena_ARID_1x1_Shack_c:PersistentLevel.Boardwalk_Archway_31'",
        "ObjectPath": "FortniteGame/Content/Athena/Maps/Buildings/1x1/Arid/Athena_ARID_1x1_Shack_c.5"
      },
      {
        "ObjectName": "Boardwalk_Archway_C'Athena_ARID_1x1_Shack_c:PersistentLevel.Boardwalk_Archway_37'",
        "ObjectPath": "FortniteGame/Content/Athena/Maps/Buildings/1x1/Arid/Athena_ARID_1x1_Shack_c.6"
      },
      {
        "ObjectName": "Boardwalk_Floor_C'Athena_ARID_1x1_Shack_c:PersistentLevel.Boardwalk_Floor_16'",
        "ObjectPath": "FortniteGame/Content/Athena/Maps/Buildings/1x1/Arid/Athena_ARID_1x1_Shack_c.7"
      },
      {
        "ObjectName": "Kitchen_Shelf_C'Athena_ARID_1x1_Shack_c:PersistentLevel.Kitchen_Shelf_2'",
        "ObjectPath": "FortniteGame/Content/Athena/Maps/Buildings/1x1/Arid/Athena_ARID_1x1_Shack_c.11"
      },
      {
        "ObjectName": "Tiered_Athena_FloorLoot_01_C'Athena_ARID_1x1_Shack_c:PersistentLevel.Tiered_Athena_FloorLoot_01_2'",
        "ObjectPath": "FortniteGame/Content/Athena/Maps/Buildings/1x1/Arid/Athena_ARID_1x1_Shack_c.55"
      },
      {
        "ObjectName": "SM_Farm_QuarterWall_C'Athena_ARID_1x1_Shack_c:PersistentLevel.SM_Farm_Wall_15'",
        "ObjectPath": "FortniteGame/Content/Athena/Maps/Buildings/1x1/Arid/Athena_ARID_1x1_Shack_c.24"
      },
      {
        "ObjectName": "SM_Farm_QuarterWall_C'Athena_ARID_1x1_Shack_c:PersistentLevel.SM_Farm_Wall_16'",
        "ObjectPath": "FortniteGame/Content/Athena/Maps/Buildings/1x1/Arid/Athena_ARID_1x1_Shack_c.25"
      },
      {
        "ObjectName": "SM_Farm_QuarterWall_C'Athena_ARID_1x1_Shack_c:PersistentLevel.SM_Farm_Wall_17'",
        "ObjectPath": "FortniteGame/Content/Athena/Maps/Buildings/1x1/Arid/Athena_ARID_1x1_Shack_c.26"
      },
      {
        "ObjectName": "Boardwalk_Floor_C'Athena_ARID_1x1_Shack_c:PersistentLevel.Boardwalk_Floor_17'",
        "ObjectPath": "FortniteGame/Content/Athena/Maps/Buildings/1x1/Arid/Athena_ARID_1x1_Shack_c.8"
      },
      {
        "ObjectName": "Western_Wall_Trim_002_C'Athena_ARID_1x1_Shack_c:PersistentLevel.SM_Farm_Roof1_PeakCap_7'",
        "ObjectPath": "FortniteGame/Content/Athena/Maps/Buildings/1x1/Arid/Athena_ARID_1x1_Shack_c.58"
      },
      {
        "ObjectName": "SM_Farm_StablesWall02_C'Athena_ARID_1x1_Shack_c:PersistentLevel.SM_Farm_Wall_14'",
        "ObjectPath": "FortniteGame/Content/Athena/Maps/Buildings/1x1/Arid/Athena_ARID_1x1_Shack_c.27"
      },
      {
        "ObjectName": "SM_Farm_Wall_2_C'Athena_ARID_1x1_Shack_c:PersistentLevel.SM_Farm_Wall_12'",
        "ObjectPath": "FortniteGame/Content/Athena/Maps/Buildings/1x1/Arid/Athena_ARID_1x1_Shack_c.28"
      },
      {
        "ObjectName": "SM_Farm_Wall_2_C'Athena_ARID_1x1_Shack_c:PersistentLevel.SM_Farm_Wall_13'",
        "ObjectPath": "FortniteGame/Content/Athena/Maps/Buildings/1x1/Arid/Athena_ARID_1x1_Shack_c.29"
      },
      {
        "ObjectName": "Prop_WildWest_SimpleTable_01_C'Athena_ARID_1x1_Shack_c:PersistentLevel.Prop_WildWest_SimpleTable_01_2'",
        "ObjectPath": "FortniteGame/Content/Athena/Maps/Buildings/1x1/Arid/Athena_ARID_1x1_Shack_c.22"
      },
      {
        "ObjectName": "Prop_WildWest_SimpleChair_01_C'Athena_ARID_1x1_Shack_c:PersistentLevel.Prop_WildWest_SimpleChair_01_2'",
        "ObjectPath": "FortniteGame/Content/Athena/Maps/Buildings/1x1/Arid/Athena_ARID_1x1_Shack_c.20"
      },
      {
        "ObjectName": "Prop_WildWest_SimpleChair_01_C'Athena_ARID_1x1_Shack_c:PersistentLevel.Prop_WildWest_SimpleChair_2'",
        "ObjectPath": "FortniteGame/Content/Athena/Maps/Buildings/1x1/Arid/Athena_ARID_1x1_Shack_c.21"
      },
      {
        "ObjectName": "Prop_WildWest_BedRoll_C'Athena_ARID_1x1_Shack_c:PersistentLevel.Prop_WildWest_BedRoll_2'",
        "ObjectPath": "FortniteGame/Content/Athena/Maps/Buildings/1x1/Arid/Athena_ARID_1x1_Shack_c.18"
      },
      {
        "ObjectName": "Prop_WildWest_Blanket_C'Athena_ARID_1x1_Shack_c:PersistentLevel.Prop_WildWest_Blanket_2'",
        "ObjectPath": "FortniteGame/Content/Athena/Maps/Buildings/1x1/Arid/Athena_ARID_1x1_Shack_c.19"
      },
      {
        "ObjectName": "Prop_Boxes_01b_C'Athena_ARID_1x1_Shack_c:PersistentLevel.Prop_Boxes_01b_2'",
        "ObjectPath": "FortniteGame/Content/Athena/Maps/Buildings/1x1/Arid/Athena_ARID_1x1_Shack_c.17"
      },
      {
        "ObjectName": "Tiered_Athena_FloorLoot_01_C'Athena_ARID_1x1_Shack_c:PersistentLevel.Tiered_Athena_FloorLoot_3'",
        "ObjectPath": "FortniteGame/Content/Athena/Maps/Buildings/1x1/Arid/Athena_ARID_1x1_Shack_c.56"
      },
      {
        "ObjectName": "WagonWheel_C'Athena_ARID_1x1_Shack_c:PersistentLevel.WagonWheel_2'",
        "ObjectPath": "FortniteGame/Content/Athena/Maps/Buildings/1x1/Arid/Athena_ARID_1x1_Shack_c.57"
      },
      {
        "ObjectName": "Athena_ARID_1x1_Shack_c_C'Athena_ARID_1x1_Shack_c:PersistentLevel.Athena_ARID_1x1_Shack_c_C_0'",
        "ObjectPath": "FortniteGame/Content/Athena/Maps/Buildings/1x1/Arid/Athena_ARID_1x1_Shack_c.2"
      }
    ],
    "URL": {
      "Protocol": "unreal",
      "Host": "",
      "Port": 7777,
      "Valid": true,
      "Map": "/Game/Maps/Frontend",
      "Op": [],
      "Portal": ""
    },
    "Model": {
      "ObjectName": "Model'Athena_ARID_1x1_Shack_c:PersistentLevel.Model_0'",
      "ObjectPath": "FortniteGame/Content/Athena/Maps/Buildings/1x1/Arid/Athena_ARID_1x1_Shack_c.15"
    },
    "ModelComponents": [],
    "LevelScriptActor": {
      "ObjectName": "Athena_ARID_1x1_Shack_c_C'Athena_ARID_1x1_Shack_c:PersistentLevel.Athena_ARID_1x1_Shack_c_C_0'",
      "ObjectPath": "FortniteGame/Content/Athena/Maps/Buildings/1x1/Arid/Athena_ARID_1x1_Shack_c.2"
    },
    "NavListStart": null,
    "NavListEnd": null,
    "PrecomputedVisibilityHandler": {
      "PrecomputedVisibilityCellBucketOriginXY": {
        "X": 0.0,
        "Y": 0.0
      },
      "PrecomputedVisibilityCellSizeXY": 0.0,
      "PrecomputedVisibilityCellSizeZ": 0.0,
      "PrecomputedVisibilityCellBucketSizeXY": 0,
      "PrecomputedVisibilityNumCellBuckets": 0,
      "PrecomputedVisibilityCellBuckets": []
    },
    "PrecomputedVolumeDistanceField": {
      "VolumeMaxDistance": 0.0,
      "VolumeBox": {
        "Min": {
          "X": 0.0,
          "Y": 0.0,
          "Z": 0.0
        },
        "Max": {
          "X": 0.0,
          "Y": 0.0,
          "Z": 0.0
        },
        "IsValid": 0
      },
      "VolumeSizeX": 0,
      "VolumeSizeY": 0,
      "VolumeSizeZ": 0,
      "Data": []
    }
  },
  {
    "Type": "LevelBounds",
    "Name": "LevelBounds_0",
    "Outer": "PersistentLevel",
    "Class": "UScriptClass'LevelBounds'",
    "Properties": {
      "RootComponent": {
        "ObjectName": "BoxComponent'Athena_ARID_1x1_Shack_c:PersistentLevel.LevelBounds_0.BoxComponent0'",
        "ObjectPath": "FortniteGame/Content/Athena/Maps/Buildings/1x1/Arid/Athena_ARID_1x1_Shack_c.9"
      }
    }
  },
  {
    "Type": "LODActor",
    "Name": "LODActor_1",
    "Outer": "PersistentLevel",
    "Class": "UScriptClass'LODActor'",
    "Properties": {
      "StaticMeshComponent": {
        "ObjectName": "StaticMeshComponent'Athena_ARID_1x1_Shack_c:PersistentLevel.LODActor_1.StaticMeshComponent0'",
        "ObjectPath": "FortniteGame/Content/Athena/Maps/Buildings/1x1/Arid/Athena_ARID_1x1_Shack_c.37"
      },
      "Proxy": {
        "ObjectName": "HLODProxy'Athena_ARID_1x1_Shack_c_0_HLOD'",
        "ObjectPath": "FortniteGame/Content/Athena/Maps/Buildings/1x1/Arid/HLOD/Athena_ARID_1x1_Shack_c_0_HLOD.1"
      },
      "Key": "76927B120C6645ACB9200E7FB8896AC3_EEBD383C46CE959CF71CA4965B292298_B6397B6E_1B864DD1_22005917_ProxyLODMeshReduction",
      "LODDrawDistance": 22165.652,
      "LODLevel": 1,
      "SubActors": [
        {
          "ObjectName": "Boardwalk_Archway_C'Athena_ARID_1x1_Shack_c:PersistentLevel.Boardwalk_Archway_28'",
          "ObjectPath": "FortniteGame/Content/Athena/Maps/Buildings/1x1/Arid/Athena_ARID_1x1_Shack_c.3"
        },
        {
          "ObjectName": "SM_Farm_Doorway_1_C'Athena_ARID_1x1_Shack_c:PersistentLevel.SM_Farm_Wall_52'",
          "ObjectPath": "FortniteGame/Content/Athena/Maps/Buildings/1x1/Arid/Athena_ARID_1x1_Shack_c.23"
        },
        {
          "ObjectName": "Boardwalk_Archway_C'Athena_ARID_1x1_Shack_c:PersistentLevel.Boardwalk_Archway_29'",
          "ObjectPath": "FortniteGame/Content/Athena/Maps/Buildings/1x1/Arid/Athena_ARID_1x1_Shack_c.4"
        },
        {
          "ObjectName": "Boardwalk_Archway_C'Athena_ARID_1x1_Shack_c:PersistentLevel.Boardwalk_Archway_31'",
          "ObjectPath": "FortniteGame/Content/Athena/Maps/Buildings/1x1/Arid/Athena_ARID_1x1_Shack_c.5"
        },
        {
          "ObjectName": "Boardwalk_Archway_C'Athena_ARID_1x1_Shack_c:PersistentLevel.Boardwalk_Archway_37'",
          "ObjectPath": "FortniteGame/Content/Athena/Maps/Buildings/1x1/Arid/Athena_ARID_1x1_Shack_c.6"
        },
        {
          "ObjectName": "Boardwalk_Floor_C'Athena_ARID_1x1_Shack_c:PersistentLevel.Boardwalk_Floor_16'",
          "ObjectPath": "FortniteGame/Content/Athena/Maps/Buildings/1x1/Arid/Athena_ARID_1x1_Shack_c.7"
        },
        {
          "ObjectName": "SM_Farm_QuarterWall_C'Athena_ARID_1x1_Shack_c:PersistentLevel.SM_Farm_Wall_15'",
          "ObjectPath": "FortniteGame/Content/Athena/Maps/Buildings/1x1/Arid/Athena_ARID_1x1_Shack_c.24"
        },
        {
          "ObjectName": "SM_Farm_QuarterWall_C'Athena_ARID_1x1_Shack_c:PersistentLevel.SM_Farm_Wall_16'",
          "ObjectPath": "FortniteGame/Content/Athena/Maps/Buildings/1x1/Arid/Athena_ARID_1x1_Shack_c.25"
        },
        {
          "ObjectName": "SM_Farm_QuarterWall_C'Athena_ARID_1x1_Shack_c:PersistentLevel.SM_Farm_Wall_17'",
          "ObjectPath": "FortniteGame/Content/Athena/Maps/Buildings/1x1/Arid/Athena_ARID_1x1_Shack_c.26"
        },
        {
          "ObjectName": "Boardwalk_Floor_C'Athena_ARID_1x1_Shack_c:PersistentLevel.Boardwalk_Floor_17'",
          "ObjectPath": "FortniteGame/Content/Athena/Maps/Buildings/1x1/Arid/Athena_ARID_1x1_Shack_c.8"
        },
        {
          "ObjectName": "Western_Wall_Trim_002_C'Athena_ARID_1x1_Shack_c:PersistentLevel.SM_Farm_Roof1_PeakCap_7'",
          "ObjectPath": "FortniteGame/Content/Athena/Maps/Buildings/1x1/Arid/Athena_ARID_1x1_Shack_c.58"
        },
        {
          "ObjectName": "SM_Farm_StablesWall02_C'Athena_ARID_1x1_Shack_c:PersistentLevel.SM_Farm_Wall_14'",
          "ObjectPath": "FortniteGame/Content/Athena/Maps/Buildings/1x1/Arid/Athena_ARID_1x1_Shack_c.27"
        },
        {
          "ObjectName": "SM_Farm_Wall_2_C'Athena_ARID_1x1_Shack_c:PersistentLevel.SM_Farm_Wall_12'",
          "ObjectPath": "FortniteGame/Content/Athena/Maps/Buildings/1x1/Arid/Athena_ARID_1x1_Shack_c.28"
        },
        {
          "ObjectName": "SM_Farm_Wall_2_C'Athena_ARID_1x1_Shack_c:PersistentLevel.SM_Farm_Wall_13'",
          "ObjectPath": "FortniteGame/Content/Athena/Maps/Buildings/1x1/Arid/Athena_ARID_1x1_Shack_c.29"
        }
      ],
      "RootComponent": {
        "ObjectName": "StaticMeshComponent'Athena_ARID_1x1_Shack_c:PersistentLevel.LODActor_1.StaticMeshComponent0'",
        "ObjectPath": "FortniteGame/Content/Athena/Maps/Buildings/1x1/Arid/Athena_ARID_1x1_Shack_c.37"
      }
    }
  },
  {
    "Type": "Model",
    "Name": "Model_0",
    "Outer": "PersistentLevel",
    "Class": "UScriptClass'Model'",
    "Bounds": {
      "Origin": {
        "X": 0.0,
        "Y": 0.0,
        "Z": 0.0
      },
      "BoxExtent": {
        "X": 0.0,
        "Y": 0.0,
        "Z": 0.0
      },
      "SphereRadius": 0.0
    },
    "Vectors": [],
    "Points": [],
    "Nodes": [],
    "Surfs": [],
    "NumSharedSides": 4,
    "VertexBuffer": {
      "Vertices": []
    },
    "LightingGuid": "03A71262-4DE6FFF5-13455592-2E2F130B",
    "LightmassSettings": []
  },
  {
    "Type": "NavigationSystemModuleConfig",
    "Name": "NavigationSystemConfig_0",
    "Outer": "FortWorldSettings",
    "Class": "UScriptClass'NavigationSystemModuleConfig'",
    "Properties": {
      "bAutoSpawnMissingNavData": true,
      "NavigationSystemClass": {
        "AssetPathName": "/Script/FortniteGame.FortNavSystem",
        "SubPathString": ""
      }
    }
  },
  {
    "Type": "Prop_Boxes_01b_C",
    "Name": "Prop_Boxes_01b_2",
    "Outer": "PersistentLevel",
    "Class": "BlueprintGeneratedClass'FortniteGame/Content/Building/ActorBlueprints/Prop/Prop_Boxes_01b.Prop_Boxes_01b_C'",
    "Template": {
      "ObjectName": "Prop_Boxes_01b_C'Default__Prop_Boxes_01b_C'",
      "ObjectPath": "FortniteGame/Content/Building/ActorBlueprints/Prop/Prop_Boxes_01b.1"
    },
    "Properties": {
      "StaticMeshComponent": {
        "ObjectName": "StaticMeshComponent'Athena_ARID_1x1_Shack_c:PersistentLevel.Prop_Boxes_01b_2.StaticMeshComponent0'",
        "ObjectPath": "FortniteGame/Content/Athena/Maps/Buildings/1x1/Arid/Athena_ARID_1x1_Shack_c.38"
      },
      "MyGuid": "63F48B52-4E06385E-1139F289-CADF9674",
      "DataVersion": 1,
      "CullDistance": 3702.9824,
      "RootComponent": {
        "ObjectName": "StaticMeshComponent'Athena_ARID_1x1_Shack_c:PersistentLevel.Prop_Boxes_01b_2.StaticMeshComponent0'",
        "ObjectPath": "FortniteGame/Content/Athena/Maps/Buildings/1x1/Arid/Athena_ARID_1x1_Shack_c.38"
      }
    }
  },
  {
    "Type": "Prop_WildWest_BedRoll_C",
    "Name": "Prop_WildWest_BedRoll_2",
    "Outer": "PersistentLevel",
    "Class": "BlueprintGeneratedClass'FortniteGame/Content/Building/ActorBlueprints/Prop/Prop_WildWest_BedRoll.Prop_WildWest_BedRoll_C'",
    "Template": {
      "ObjectName": "Prop_WildWest_BedRoll_C'Default__Prop_WildWest_BedRoll_C'",
      "ObjectPath": "FortniteGame/Content/Building/ActorBlueprints/Prop/Prop_WildWest_BedRoll.1"
    },
    "Properties": {
      "StaticMeshComponent": {
        "ObjectName": "StaticMeshComponent'Athena_ARID_1x1_Shack_c:PersistentLevel.Prop_WildWest_BedRoll_2.StaticMeshComponent0'",
        "ObjectPath": "FortniteGame/Content/Athena/Maps/Buildings/1x1/Arid/Athena_ARID_1x1_Shack_c.39"
      },
      "MyGuid": "870ADE4C-4DEC6478-90E97EA2-0096E119",
      "DataVersion": 1,
      "CullDistance": 2800.0,
      "RootComponent": {
        "ObjectName": "StaticMeshComponent'Athena_ARID_1x1_Shack_c:PersistentLevel.Prop_WildWest_BedRoll_2.StaticMeshComponent0'",
        "ObjectPath": "FortniteGame/Content/Athena/Maps/Buildings/1x1/Arid/Athena_ARID_1x1_Shack_c.39"
      }
    }
  },
  {
    "Type": "Prop_WildWest_Blanket_C",
    "Name": "Prop_WildWest_Blanket_2",
    "Outer": "PersistentLevel",
    "Class": "BlueprintGeneratedClass'FortniteGame/Content/Building/ActorBlueprints/Prop/Prop_WildWest_Blanket.Prop_WildWest_Blanket_C'",
    "Template": {
      "ObjectName": "Prop_WildWest_Blanket_C'Default__Prop_WildWest_Blanket_C'",
      "ObjectPath": "FortniteGame/Content/Building/ActorBlueprints/Prop/Prop_WildWest_Blanket.1"
    },
    "Properties": {
      "StaticMeshComponent": {
        "ObjectName": "StaticMeshComponent'Athena_ARID_1x1_Shack_c:PersistentLevel.Prop_WildWest_Blanket_2.StaticMeshComponent0'",
        "ObjectPath": "FortniteGame/Content/Athena/Maps/Buildings/1x1/Arid/Athena_ARID_1x1_Shack_c.40"
      },
      "MyGuid": "7AE029F8-40E99FF4-986E2A9C-70752788",
      "DataVersion": 1,
      "CullDistance": 9088.654,
      "RootComponent": {
        "ObjectName": "StaticMeshComponent'Athena_ARID_1x1_Shack_c:PersistentLevel.Prop_WildWest_Blanket_2.StaticMeshComponent0'",
        "ObjectPath": "FortniteGame/Content/Athena/Maps/Buildings/1x1/Arid/Athena_ARID_1x1_Shack_c.40"
      }
    }
  },
  {
    "Type": "Prop_WildWest_SimpleChair_01_C",
    "Name": "Prop_WildWest_SimpleChair_01_2",
    "Outer": "PersistentLevel",
    "Class": "BlueprintGeneratedClass'FortniteGame/Content/Building/ActorBlueprints/Prop/Prop_WildWest_SimpleChair_01.Prop_WildWest_SimpleChair_01_C'",
    "Template": {
      "ObjectName": "Prop_WildWest_SimpleChair_01_C'Default__Prop_WildWest_SimpleChair_01_C'",
      "ObjectPath": "FortniteGame/Content/Building/ActorBlueprints/Prop/Prop_WildWest_SimpleChair_01.1"
    },
    "Properties": {
      "StaticMeshComponent": {
        "ObjectName": "StaticMeshComponent'Athena_ARID_1x1_Shack_c:PersistentLevel.Prop_WildWest_SimpleChair_01_2.StaticMeshComponent0'",
        "ObjectPath": "FortniteGame/Content/Athena/Maps/Buildings/1x1/Arid/Athena_ARID_1x1_Shack_c.41"
      },
      "MyGuid": "FBF0BD39-4CA04A13-E99D2CB2-F4F9B7A6",
      "DataVersion": 1,
      "CullDistance": 3968.0444,
      "RootComponent": {
        "ObjectName": "StaticMeshComponent'Athena_ARID_1x1_Shack_c:PersistentLevel.Prop_WildWest_SimpleChair_01_2.StaticMeshComponent0'",
        "ObjectPath": "FortniteGame/Content/Athena/Maps/Buildings/1x1/Arid/Athena_ARID_1x1_Shack_c.41"
      }
    }
  },
  {
    "Type": "Prop_WildWest_SimpleChair_01_C",
    "Name": "Prop_WildWest_SimpleChair_2",
    "Outer": "PersistentLevel",
    "Class": "BlueprintGeneratedClass'FortniteGame/Content/Building/ActorBlueprints/Prop/Prop_WildWest_SimpleChair_01.Prop_WildWest_SimpleChair_01_C'",
    "Template": {
      "ObjectName": "Prop_WildWest_SimpleChair_01_C'Default__Prop_WildWest_SimpleChair_01_C'",
      "ObjectPath": "FortniteGame/Content/Building/ActorBlueprints/Prop/Prop_WildWest_SimpleChair_01.1"
    },
    "Properties": {
      "StaticMeshComponent": {
        "ObjectName": "StaticMeshComponent'Athena_ARID_1x1_Shack_c:PersistentLevel.Prop_WildWest_SimpleChair_2.StaticMeshComponent0'",
        "ObjectPath": "FortniteGame/Content/Athena/Maps/Buildings/1x1/Arid/Athena_ARID_1x1_Shack_c.42"
      },
      "MyGuid": "47AAB249-41612886-0ABDDE84-2FEE44BE",
      "DataVersion": 1,
      "CullDistance": 3968.0444,
      "RootComponent": {
        "ObjectName": "StaticMeshComponent'Athena_ARID_1x1_Shack_c:PersistentLevel.Prop_WildWest_SimpleChair_2.StaticMeshComponent0'",
        "ObjectPath": "FortniteGame/Content/Athena/Maps/Buildings/1x1/Arid/Athena_ARID_1x1_Shack_c.42"
      }
    }
  },
  {
    "Type": "Prop_WildWest_SimpleTable_01_C",
    "Name": "Prop_WildWest_SimpleTable_01_2",
    "Outer": "PersistentLevel",
    "Class": "BlueprintGeneratedClass'FortniteGame/Content/Building/ActorBlueprints/Prop/Prop_WildWest_SimpleTable_01.Prop_WildWest_SimpleTable_01_C'",
    "Template": {
      "ObjectName": "Prop_WildWest_SimpleTable_01_C'Default__Prop_WildWest_SimpleTable_01_C'",
      "ObjectPath": "FortniteGame/Content/Building/ActorBlueprints/Prop/Prop_WildWest_SimpleTable_01.1"
    },
    "Properties": {
      "StaticMeshComponent": {
        "ObjectName": "StaticMeshComponent'Athena_ARID_1x1_Shack_c:PersistentLevel.Prop_WildWest_SimpleTable_01_2.StaticMeshComponent0'",
        "ObjectPath": "FortniteGame/Content/Athena/Maps/Buildings/1x1/Arid/Athena_ARID_1x1_Shack_c.43"
      },
      "MyGuid": "76ACFD95-454358D5-1569B4BA-4F8580E8",
      "DataVersion": 1,
      "CullDistance": 8979.283,
      "RootComponent": {
        "ObjectName": "StaticMeshComponent'Athena_ARID_1x1_Shack_c:PersistentLevel.Prop_WildWest_SimpleTable_01_2.StaticMeshComponent0'",
        "ObjectPath": "FortniteGame/Content/Athena/Maps/Buildings/1x1/Arid/Athena_ARID_1x1_Shack_c.43"
      }
    }
  },
  {
    "Type": "SM_Farm_Doorway_1_C",
    "Name": "SM_Farm_Wall_52",
    "Outer": "PersistentLevel",
    "Class": "BlueprintGeneratedClass'FortniteGame/Content/Building/ActorBlueprints/Wall/SM_Farm_Doorway_1.SM_Farm_Doorway_1_C'",
    "Template": {
      "ObjectName": "SM_Farm_Doorway_1_C'Default__SM_Farm_Doorway_1_C'",
      "ObjectPath": "FortniteGame/Content/Building/ActorBlueprints/Wall/SM_Farm_Doorway_1.1"
    },
    "Properties": {
      "TextureData": {
        "ObjectName": "BuildingTextureData'MI_Farm_Set_Natural'",
        "ObjectPath": "FortniteGame/Content/Building/TextureData/WallOuter/MI_Farm_Set_Natural.0"
      },
      "TextureData": {
        "ObjectName": "BuildingTextureData'MI_Farm_Set_Natural'",
        "ObjectPath": "FortniteGame/Content/Building/TextureData/WallOuter/MI_Farm_Set_Natural.0"
      },
      "TextureData": {
        "ObjectName": "BuildingTextureData'MI_Farm_Set_Natural'",
        "ObjectPath": "FortniteGame/Content/Building/TextureData/WallOuter/MI_Farm_Set_Natural.0"
      },
      "bMirrored": true,
      "StaticMeshComponent": {
        "ObjectName": "StaticMeshComponent'Athena_ARID_1x1_Shack_c:PersistentLevel.SM_Farm_Wall_52.StaticMeshComponent0'",
        "ObjectPath": "FortniteGame/Content/Athena/Maps/Buildings/1x1/Arid/Athena_ARID_1x1_Shack_c.51"
      },
      "BaseMaterial": {
        "ObjectName": "MaterialInstanceConstant'M_Fort_Farm_Barn_1'",
        "ObjectPath": "FortniteGame/Content/Environments/Sets/Barn/Materials/M_Fort_Farm_Barn_1.0"
      },
      "MyGuid": "67EA2D50-407C1715-E6C4F29E-643AF7A0",
      "DataVersion": 1,
      "CullDistance": 0.0,
      "RootComponent": {
        "ObjectName": "StaticMeshComponent'Athena_ARID_1x1_Shack_c:PersistentLevel.SM_Farm_Wall_52.StaticMeshComponent0'",
        "ObjectPath": "FortniteGame/Content/Athena/Maps/Buildings/1x1/Arid/Athena_ARID_1x1_Shack_c.51"
      }
    }
  },
  {
    "Type": "SM_Farm_QuarterWall_C",
    "Name": "SM_Farm_Wall_15",
    "Outer": "PersistentLevel",
    "Class": "BlueprintGeneratedClass'FortniteGame/Content/Building/ActorBlueprints/Wall/SM_Farm_QuarterWall.SM_Farm_QuarterWall_C'",
    "Template": {
      "ObjectName": "SM_Farm_QuarterWall_C'Default__SM_Farm_QuarterWall_C'",
      "ObjectPath": "FortniteGame/Content/Building/ActorBlueprints/Wall/SM_Farm_QuarterWall.1"
    },
    "Properties": {
      "TextureData": {
        "ObjectName": "BuildingTextureData'MI_Farm_Set_Natural'",
        "ObjectPath": "FortniteGame/Content/Building/TextureData/WallOuter/MI_Farm_Set_Natural.0"
      },
      "TextureData": {
        "ObjectName": "BuildingTextureData'MI_Farm_Set_Natural'",
        "ObjectPath": "FortniteGame/Content/Building/TextureData/WallOuter/MI_Farm_Set_Natural.0"
      },
      "TextureData": {
        "ObjectName": "BuildingTextureData'MI_Farm_Set_Natural'",
        "ObjectPath": "FortniteGame/Content/Building/TextureData/WallOuter/MI_Farm_Set_Natural.0"
      },
      "StaticMeshComponent": {
        "ObjectName": "StaticMeshComponent'Athena_ARID_1x1_Shack_c:PersistentLevel.SM_Farm_Wall_15.StaticMeshComponent0'",
        "ObjectPath": "FortniteGame/Content/Athena/Maps/Buildings/1x1/Arid/Athena_ARID_1x1_Shack_c.48"
      },
      "BaseMaterial": {
        "ObjectName": "MaterialInstanceConstant'M_Fort_Farm_Barn_1'",
        "ObjectPath": "FortniteGame/Content/Environments/Sets/Barn/Materials/M_Fort_Farm_Barn_1.0"
      },
      "MyGuid": "F5E6A3D1-47104546-E4D23B9F-239D60E1",
      "DataVersion": 1,
      "CullDistance": 0.0,
      "RootComponent": {
        "ObjectName": "StaticMeshComponent'Athena_ARID_1x1_Shack_c:PersistentLevel.SM_Farm_Wall_15.StaticMeshComponent0'",
        "ObjectPath": "FortniteGame/Content/Athena/Maps/Buildings/1x1/Arid/Athena_ARID_1x1_Shack_c.48"
      }
    }
  },
  {
    "Type": "SM_Farm_QuarterWall_C",
    "Name": "SM_Farm_Wall_16",
    "Outer": "PersistentLevel",
    "Class": "BlueprintGeneratedClass'FortniteGame/Content/Building/ActorBlueprints/Wall/SM_Farm_QuarterWall.SM_Farm_QuarterWall_C'",
    "Template": {
      "ObjectName": "SM_Farm_QuarterWall_C'Default__SM_Farm_QuarterWall_C'",
      "ObjectPath": "FortniteGame/Content/Building/ActorBlueprints/Wall/SM_Farm_QuarterWall.1"
    },
    "Properties": {
      "TextureData": {
        "ObjectName": "BuildingTextureData'MI_Farm_Set_Natural'",
        "ObjectPath": "FortniteGame/Content/Building/TextureData/WallOuter/MI_Farm_Set_Natural.0"
      },
      "TextureData": {
        "ObjectName": "BuildingTextureData'MI_Farm_Set_Natural'",
        "ObjectPath": "FortniteGame/Content/Building/TextureData/WallOuter/MI_Farm_Set_Natural.0"
      },
      "TextureData": {
        "ObjectName": "BuildingTextureData'MI_Farm_Set_Natural'",
        "ObjectPath": "FortniteGame/Content/Building/TextureData/WallOuter/MI_Farm_Set_Natural.0"
      },
      "StaticMeshComponent": {
        "ObjectName": "StaticMeshComponent'Athena_ARID_1x1_Shack_c:PersistentLevel.SM_Farm_Wall_16.StaticMeshComponent0'",
        "ObjectPath": "FortniteGame/Content/Athena/Maps/Buildings/1x1/Arid/Athena_ARID_1x1_Shack_c.49"
      },
      "BaseMaterial": {
        "ObjectName": "MaterialInstanceConstant'M_Fort_Farm_Barn_1'",
        "ObjectPath": "FortniteGame/Content/Environments/Sets/Barn/Materials/M_Fort_Farm_Barn_1.0"
      },
      "MyGuid": "E751D4C3-44B1AFCF-4B94CE83-33C8B081",
      "DataVersion": 1,
      "CullDistance": 0.0,
      "RootComponent": {
        "ObjectName": "StaticMeshComponent'Athena_ARID_1x1_Shack_c:PersistentLevel.SM_Farm_Wall_16.StaticMeshComponent0'",
        "ObjectPath": "FortniteGame/Content/Athena/Maps/Buildings/1x1/Arid/Athena_ARID_1x1_Shack_c.49"
      }
    }
  },
  {
    "Type": "SM_Farm_QuarterWall_C",
    "Name": "SM_Farm_Wall_17",
    "Outer": "PersistentLevel",
    "Class": "BlueprintGeneratedClass'FortniteGame/Content/Building/ActorBlueprints/Wall/SM_Farm_QuarterWall.SM_Farm_QuarterWall_C'",
    "Template": {
      "ObjectName": "SM_Farm_QuarterWall_C'Default__SM_Farm_QuarterWall_C'",
      "ObjectPath": "FortniteGame/Content/Building/ActorBlueprints/Wall/SM_Farm_QuarterWall.1"
    },
    "Properties": {
      "TextureData": {
        "ObjectName": "BuildingTextureData'MI_Farm_Set_Natural'",
        "ObjectPath": "FortniteGame/Content/Building/TextureData/WallOuter/MI_Farm_Set_Natural.0"
      },
      "TextureData": {
        "ObjectName": "BuildingTextureData'MI_Farm_Set_Natural'",
        "ObjectPath": "FortniteGame/Content/Building/TextureData/WallOuter/MI_Farm_Set_Natural.0"
      },
      "TextureData": {
        "ObjectName": "BuildingTextureData'MI_Farm_Set_Natural'",
        "ObjectPath": "FortniteGame/Content/Building/TextureData/WallOuter/MI_Farm_Set_Natural.0"
      },
      "StaticMeshComponent": {
        "ObjectName": "StaticMeshComponent'Athena_ARID_1x1_Shack_c:PersistentLevel.SM_Farm_Wall_17.StaticMeshComponent0'",
        "ObjectPath": "FortniteGame/Content/Athena/Maps/Buildings/1x1/Arid/Athena_ARID_1x1_Shack_c.50"
      },
      "BaseMaterial": {
        "ObjectName": "MaterialInstanceConstant'M_Fort_Farm_Barn_1'",
        "ObjectPath": "FortniteGame/Content/Environments/Sets/Barn/Materials/M_Fort_Farm_Barn_1.0"
      },
      "MyGuid": "F6F01A9C-4EA09362-68339E83-16FC3AE0",
      "DataVersion": 1,
      "CullDistance": 0.0,
      "RootComponent": {
        "ObjectName": "StaticMeshComponent'Athena_ARID_1x1_Shack_c:PersistentLevel.SM_Farm_Wall_17.StaticMeshComponent0'",
        "ObjectPath": "FortniteGame/Content/Athena/Maps/Buildings/1x1/Arid/Athena_ARID_1x1_Shack_c.50"
      }
    }
  },
  {
    "Type": "SM_Farm_StablesWall02_C",
    "Name": "SM_Farm_Wall_14",
    "Outer": "PersistentLevel",
    "Class": "BlueprintGeneratedClass'FortniteGame/Content/Building/ActorBlueprints/Wall/SM_Farm_StablesWall02.SM_Farm_StablesWall02_C'",
    "Template": {
      "ObjectName": "SM_Farm_StablesWall02_C'Default__SM_Farm_StablesWall02_C'",
      "ObjectPath": "FortniteGame/Content/Building/ActorBlueprints/Wall/SM_Farm_StablesWall02.1"
    },
    "Properties": {
      "TextureData": {
        "ObjectName": "BuildingTextureData'MI_Farm_Set_Natural'",
        "ObjectPath": "FortniteGame/Content/Building/TextureData/WallOuter/MI_Farm_Set_Natural.0"
      },
      "TextureData": {
        "ObjectName": "BuildingTextureData'MI_Farm_Set_Natural'",
        "ObjectPath": "FortniteGame/Content/Building/TextureData/WallOuter/MI_Farm_Set_Natural.0"
      },
      "TextureData": {
        "ObjectName": "BuildingTextureData'MI_Farm_Set_Natural'",
        "ObjectPath": "FortniteGame/Content/Building/TextureData/WallOuter/MI_Farm_Set_Natural.0"
      },
      "StaticMeshComponent": {
        "ObjectName": "StaticMeshComponent'Athena_ARID_1x1_Shack_c:PersistentLevel.SM_Farm_Wall_14.StaticMeshComponent0'",
        "ObjectPath": "FortniteGame/Content/Athena/Maps/Buildings/1x1/Arid/Athena_ARID_1x1_Shack_c.47"
      },
      "BaseMaterial": {
        "ObjectName": "MaterialInstanceConstant'M_Fort_Farm_Barn_1'",
        "ObjectPath": "FortniteGame/Content/Environments/Sets/Barn/Materials/M_Fort_Farm_Barn_1.0"
      },
      "MyGuid": "1814F155-420454B9-D05A0AA9-0C3BEA71",
      "DataVersion": 1,
      "CullDistance": 0.0,
      "RootComponent": {
        "ObjectName": "StaticMeshComponent'Athena_ARID_1x1_Shack_c:PersistentLevel.SM_Farm_Wall_14.StaticMeshComponent0'",
        "ObjectPath": "FortniteGame/Content/Athena/Maps/Buildings/1x1/Arid/Athena_ARID_1x1_Shack_c.47"
      }
    }
  },
  {
    "Type": "SM_Farm_Wall_2_C",
    "Name": "SM_Farm_Wall_12",
    "Outer": "PersistentLevel",
    "Class": "BlueprintGeneratedClass'FortniteGame/Content/Building/ActorBlueprints/Wall/SM_Farm_Wall_2.SM_Farm_Wall_2_C'",
    "Template": {
      "ObjectName": "SM_Farm_Wall_2_C'Default__SM_Farm_Wall_2_C'",
      "ObjectPath": "FortniteGame/Content/Building/ActorBlueprints/Wall/SM_Farm_Wall_2.1"
    },
    "Properties": {
      "TextureData": {
        "ObjectName": "BuildingTextureData'MI_Farm_Set_Natural'",
        "ObjectPath": "FortniteGame/Content/Building/TextureData/WallOuter/MI_Farm_Set_Natural.0"
      },
      "TextureData": {
        "ObjectName": "BuildingTextureData'MI_Farm_Set_Natural'",
        "ObjectPath": "FortniteGame/Content/Building/TextureData/WallOuter/MI_Farm_Set_Natural.0"
      },
      "TextureData": {
        "ObjectName": "BuildingTextureData'MI_Farm_Set_Natural'",
        "ObjectPath": "FortniteGame/Content/Building/TextureData/WallOuter/MI_Farm_Set_Natural.0"
      },
      "StaticMeshComponent": {
        "ObjectName": "StaticMeshComponent'Athena_ARID_1x1_Shack_c:PersistentLevel.SM_Farm_Wall_12.StaticMeshComponent0'",
        "ObjectPath": "FortniteGame/Content/Athena/Maps/Buildings/1x1/Arid/Athena_ARID_1x1_Shack_c.45"
      },
      "BaseMaterial": {
        "ObjectName": "MaterialInstanceConstant'M_Fort_Farm_Barn_1'",
        "ObjectPath": "FortniteGame/Content/Environments/Sets/Barn/Materials/M_Fort_Farm_Barn_1.0"
      },
      "MyGuid": "9C8853F5-434FF1D1-033917B3-DB1F673E",
      "DataVersion": 1,
      "CullDistance": 0.0,
      "RootComponent": {
        "ObjectName": "StaticMeshComponent'Athena_ARID_1x1_Shack_c:PersistentLevel.SM_Farm_Wall_12.StaticMeshComponent0'",
        "ObjectPath": "FortniteGame/Content/Athena/Maps/Buildings/1x1/Arid/Athena_ARID_1x1_Shack_c.45"
      }
    }
  },
  {
    "Type": "SM_Farm_Wall_2_C",
    "Name": "SM_Farm_Wall_13",
    "Outer": "PersistentLevel",
    "Class": "BlueprintGeneratedClass'FortniteGame/Content/Building/ActorBlueprints/Wall/SM_Farm_Wall_2.SM_Farm_Wall_2_C'",
    "Template": {
      "ObjectName": "SM_Farm_Wall_2_C'Default__SM_Farm_Wall_2_C'",
      "ObjectPath": "FortniteGame/Content/Building/ActorBlueprints/Wall/SM_Farm_Wall_2.1"
    },
    "Properties": {
      "TextureData": {
        "ObjectName": "BuildingTextureData'MI_Farm_Set_Natural'",
        "ObjectPath": "FortniteGame/Content/Building/TextureData/WallOuter/MI_Farm_Set_Natural.0"
      },
      "TextureData": {
        "ObjectName": "BuildingTextureData'MI_Farm_Set_Natural'",
        "ObjectPath": "FortniteGame/Content/Building/TextureData/WallOuter/MI_Farm_Set_Natural.0"
      },
      "TextureData": {
        "ObjectName": "BuildingTextureData'MI_Farm_Set_Natural'",
        "ObjectPath": "FortniteGame/Content/Building/TextureData/WallOuter/MI_Farm_Set_Natural.0"
      },
      "StaticMeshComponent": {
        "ObjectName": "StaticMeshComponent'Athena_ARID_1x1_Shack_c:PersistentLevel.SM_Farm_Wall_13.StaticMeshComponent0'",
        "ObjectPath": "FortniteGame/Content/Athena/Maps/Buildings/1x1/Arid/Athena_ARID_1x1_Shack_c.46"
      },
      "BaseMaterial": {
        "ObjectName": "MaterialInstanceConstant'M_Fort_Farm_Barn_1'",
        "ObjectPath": "FortniteGame/Content/Environments/Sets/Barn/Materials/M_Fort_Farm_Barn_1.0"
      },
      "MyGuid": "29C18D04-42309952-A881808C-C103458F",
      "DataVersion": 1,
      "CullDistance": 0.0,
      "RootComponent": {
        "ObjectName": "StaticMeshComponent'Athena_ARID_1x1_Shack_c:PersistentLevel.SM_Farm_Wall_13.StaticMeshComponent0'",
        "ObjectPath": "FortniteGame/Content/Athena/Maps/Buildings/1x1/Arid/Athena_ARID_1x1_Shack_c.46"
      }
    }
  },
  {
    "Type": "StaticMeshComponent",
    "Name": "StaticMeshComponent0",
    "Outer": "Boardwalk_Archway_28",
    "Class": "UScriptClass'StaticMeshComponent'",
    "Template": {
      "ObjectName": "StaticMeshComponent'Default__Boardwalk_Archway_C:StaticMeshComponent0'",
      "ObjectPath": "FortniteGame/Content/Building/ActorBlueprints/Wall/Boardwalk_Archway.4"
    },
    "Properties": {
      "OverrideMaterials": [
        null
      ],
      "LODParentPrimitive": {
        "ObjectName": "StaticMeshComponent'Athena_ARID_1x1_Shack_c:PersistentLevel.LODActor_1.StaticMeshComponent0'",
        "ObjectPath": "FortniteGame/Content/Athena/Maps/Buildings/1x1/Arid/Athena_ARID_1x1_Shack_c.37"
      },
      "RelativeLocation": {
        "X": -256.0,
        "Y": 0.0,
        "Z": -384.0
      },
      "RelativeRotation": {
        "Pitch": 0.0,
        "Yaw": 89.99999,
        "Roll": 0.0
      }
    }
  },
  {
    "Type": "StaticMeshComponent",
    "Name": "StaticMeshComponent0",
    "Outer": "Boardwalk_Archway_29",
    "Class": "UScriptClass'StaticMeshComponent'",
    "Template": {
      "ObjectName": "StaticMeshComponent'Default__Boardwalk_Archway_C:StaticMeshComponent0'",
      "ObjectPath": "FortniteGame/Content/Building/ActorBlueprints/Wall/Boardwalk_Archway.4"
    },
    "Properties": {
      "OverrideMaterials": [
        null
      ],
      "LODParentPrimitive": {
        "ObjectName": "StaticMeshComponent'Athena_ARID_1x1_Shack_c:PersistentLevel.LODActor_1.StaticMeshComponent0'",
        "ObjectPath": "FortniteGame/Content/Athena/Maps/Buildings/1x1/Arid/Athena_ARID_1x1_Shack_c.37"
      },
      "RelativeLocation": {
        "X": 0.0,
        "Y": -256.0,
        "Z": -384.0
      },
      "RelativeRotation": {
        "Pitch": 0.0,
        "Yaw": -179.99998,
        "Roll": 0.0
      }
    }
  },
  {
    "Type": "StaticMeshComponent",
    "Name": "StaticMeshComponent0",
    "Outer": "Boardwalk_Archway_31",
    "Class": "UScriptClass'StaticMeshComponent'",
    "Template": {
      "ObjectName": "StaticMeshComponent'Default__Boardwalk_Archway_C:StaticMeshComponent0'",
      "ObjectPath": "FortniteGame/Content/Building/ActorBlueprints/Wall/Boardwalk_Archway.4"
    },
    "Properties": {
      "OverrideMaterials": [
        null
      ],
      "LODParentPrimitive": {
        "ObjectName": "StaticMeshComponent'Athena_ARID_1x1_Shack_c:PersistentLevel.LODActor_1.StaticMeshComponent0'",
        "ObjectPath": "FortniteGame/Content/Athena/Maps/Buildings/1x1/Arid/Athena_ARID_1x1_Shack_c.37"
      },
      "RelativeLocation": {
        "X": 256.0,
        "Y": 0.0,
        "Z": -384.0
      },
      "RelativeRotation": {
        "Pitch": 0.0,
        "Yaw": 89.99999,
        "Roll": 0.0
      }
    }
  },
  {
    "Type": "StaticMeshComponent",
    "Name": "StaticMeshComponent0",
    "Outer": "Boardwalk_Archway_37",
    "Class": "UScriptClass'StaticMeshComponent'",
    "Template": {
      "ObjectName": "StaticMeshComponent'Default__Boardwalk_Archway_C:StaticMeshComponent0'",
      "ObjectPath": "FortniteGame/Content/Building/ActorBlueprints/Wall/Boardwalk_Archway.4"
    },
    "Properties": {
      "OverrideMaterials": [
        null
      ],
      "LODParentPrimitive": {
        "ObjectName": "StaticMeshComponent'Athena_ARID_1x1_Shack_c:PersistentLevel.LODActor_1.StaticMeshComponent0'",
        "ObjectPath": "FortniteGame/Content/Athena/Maps/Buildings/1x1/Arid/Athena_ARID_1x1_Shack_c.37"
      },
      "RelativeLocation": {
        "X": 0.0,
        "Y": 256.0,
        "Z": -384.0
      },
      "RelativeRotation": {
        "Pitch": 0.0,
        "Yaw": -179.99998,
        "Roll": 0.0
      }
    }
  },
  {
    "Type": "StaticMeshComponent",
    "Name": "StaticMeshComponent0",
    "Outer": "Boardwalk_Floor_16",
    "Class": "UScriptClass'StaticMeshComponent'",
    "Template": {
      "ObjectName": "StaticMeshComponent'Default__Boardwalk_Floor_C:StaticMeshComponent0'",
      "ObjectPath": "FortniteGame/Content/Building/ActorBlueprints/Floor/Boardwalk_Floor.4"
    },
    "Properties": {
      "OverrideMaterials": [
        null
      ],
      "LODParentPrimitive": {
        "ObjectName": "StaticMeshComponent'Athena_ARID_1x1_Shack_c:PersistentLevel.LODActor_1.StaticMeshComponent0'",
        "ObjectPath": "FortniteGame/Content/Athena/Maps/Buildings/1x1/Arid/Athena_ARID_1x1_Shack_c.37"
      },
      "RelativeLocation": {
        "X": -256.0,
        "Y": 0.00039672852,
        "Z": 0.0
      },
      "RelativeRotation": {
        "Pitch": 0.0,
        "Yaw": -90.00009,
        "Roll": 0.0
      }
    }
  },
  {
    "Type": "StaticMeshComponent",
    "Name": "StaticMeshComponent0",
    "Outer": "Boardwalk_Floor_17",
    "Class": "UScriptClass'StaticMeshComponent'",
    "Template": {
      "ObjectName": "StaticMeshComponent'Default__Boardwalk_Floor_C:StaticMeshComponent0'",
      "ObjectPath": "FortniteGame/Content/Building/ActorBlueprints/Floor/Boardwalk_Floor.4"
    },
    "Properties": {
      "OverrideMaterials": [
        null
      ],
      "LODParentPrimitive": {
        "ObjectName": "StaticMeshComponent'Athena_ARID_1x1_Shack_c:PersistentLevel.LODActor_1.StaticMeshComponent0'",
        "ObjectPath": "FortniteGame/Content/Athena/Maps/Buildings/1x1/Arid/Athena_ARID_1x1_Shack_c.37"
      },
      "RelativeLocation": {
        "X": -0.0004119873,
        "Y": -256.0,
        "Z": 384.0
      },
      "RelativeRotation": {
        "Pitch": 0.0,
        "Yaw": -9.1552734E-05,
        "Roll": 0.0
      }
    }
  },
  {
    "Type": "StaticMeshComponent",
    "Name": "StaticMeshComponent0",
    "Outer": "Kitchen_Shelf_2",
    "Class": "UScriptClass'StaticMeshComponent'",
    "Template": {
      "ObjectName": "StaticMeshComponent'Default__Kitchen_Shelf_C:StaticMeshComponent0'",
      "ObjectPath": "FortniteGame/Content/Building/ActorBlueprints/Deco/Kitchen_Shelf.4"
    },
    "Properties": {
      "OverrideMaterials": [
        null
      ],
      "CachedMaxDrawDistance": 2800.0,
      "RelativeLocation": {
        "X": 244.00058,
        "Y": -96.00072,
        "Z": 164.0
      },
      "RelativeRotation": {
        "Pitch": -3.4150944E-05,
        "Yaw": 90.00031,
        "Roll": 9.7706634E-12
      }
    }
  },
  {
    "Type": "StaticMeshComponent",
    "Name": "StaticMeshComponent0",
    "Outer": "LODActor_1",
    "Class": "UScriptClass'StaticMeshComponent'",
    "Properties": {
      "StaticMesh": {
        "ObjectName": "StaticMesh'SM_Athena_ARID_1x1_Shack_c_0_Boardwalk_Archway_28'",
        "ObjectPath": "FortniteGame/Content/Athena/Maps/Buildings/1x1/Arid/HLOD/Athena_ARID_1x1_Shack_c_0_HLOD.3"
      },
      "MinDrawDistance": 35000.0,
      "CastShadow": true,
      "bCastStaticShadow": true
    }
  },
  {
    "Type": "StaticMeshComponent",
    "Name": "StaticMeshComponent0",
    "Outer": "Prop_Boxes_01b_2",
    "Class": "UScriptClass'StaticMeshComponent'",
    "Template": {
      "ObjectName": "StaticMeshComponent'Default__Prop_Boxes_01b_C:StaticMeshComponent0'",
      "ObjectPath": "FortniteGame/Content/Building/ActorBlueprints/Prop/Prop_Boxes_01b.4"
    },
    "Properties": {
      "OverrideMaterials": [
        null
      ],
      "CachedMaxDrawDistance": 3702.9824,
      "RelativeLocation": {
        "X": -176.0,
        "Y": -184.0,
        "Z": 392.6224
      },
      "RelativeRotation": {
        "Pitch": 0.0,
        "Yaw": 129.37509,
        "Roll": 0.0
      }
    }
  },
  {
    "Type": "StaticMeshComponent",
    "Name": "StaticMeshComponent0",
    "Outer": "Prop_WildWest_BedRoll_2",
    "Class": "UScriptClass'StaticMeshComponent'",
    "Template": {
      "ObjectName": "StaticMeshComponent'Default__Prop_WildWest_BedRoll_C:StaticMeshComponent0'",
      "ObjectPath": "FortniteGame/Content/Building/ActorBlueprints/Prop/Prop_WildWest_BedRoll.4"
    },
    "Properties": {
      "OverrideMaterials": [
        null
      ],
      "CachedMaxDrawDistance": 2800.0,
      "RelativeLocation": {
        "X": -200.0,
        "Y": 184.0,
        "Z": 8.0
      },
      "RelativeRotation": {
        "Pitch": 0.0,
        "Yaw": 53.4375,
        "Roll": 0.0
      }
    }
  },
  {
    "Type": "StaticMeshComponent",
    "Name": "StaticMeshComponent0",
    "Outer": "Prop_WildWest_Blanket_2",
    "Class": "UScriptClass'StaticMeshComponent'",
    "Template": {
      "ObjectName": "StaticMeshComponent'Default__Prop_WildWest_Blanket_C:StaticMeshComponent0'",
      "ObjectPath": "FortniteGame/Content/Building/ActorBlueprints/Prop/Prop_WildWest_Blanket.4"
    },
    "Properties": {
      "OverrideMaterials": [
        null
      ],
      "CachedMaxDrawDistance": 9088.654,
      "RelativeLocation": {
        "X": -68.0,
        "Y": 156.0,
        "Z": 8.0
      },
      "RelativeRotation": {
        "Pitch": 0.0,
        "Yaw": 84.37502,
        "Roll": 0.0
      }
    }
  },
  {
    "Type": "StaticMeshComponent",
    "Name": "StaticMeshComponent0",
    "Outer": "Prop_WildWest_SimpleChair_01_2",
    "Class": "UScriptClass'StaticMeshComponent'",
    "Template": {
      "ObjectName": "StaticMeshComponent'Default__Prop_WildWest_SimpleChair_01_C:StaticMeshComponent0'",
      "ObjectPath": "FortniteGame/Content/Building/ActorBlueprints/Prop/Prop_WildWest_SimpleChair_01.4"
    },
    "Properties": {
      "OverrideMaterials": [
        null
      ],
      "CachedMaxDrawDistance": 3968.0444,
      "RelativeLocation": {
        "X": 208.0,
        "Y": -160.0,
        "Z": 8.0
      },
      "RelativeRotation": {
        "Pitch": 0.0,
        "Yaw": 19.687569,
        "Roll": 0.0
      }
    }
  },
  {
    "Type": "StaticMeshComponent",
    "Name": "StaticMeshComponent0",
    "Outer": "Prop_WildWest_SimpleChair_2",
    "Class": "UScriptClass'StaticMeshComponent'",
    "Template": {
      "ObjectName": "StaticMeshComponent'Default__Prop_WildWest_SimpleChair_01_C:StaticMeshComponent0'",
      "ObjectPath": "FortniteGame/Content/Building/ActorBlueprints/Prop/Prop_WildWest_SimpleChair_01.4"
    },
    "Properties": {
      "OverrideMaterials": [
        null
      ],
      "CachedMaxDrawDistance": 3968.0444,
      "RelativeLocation": {
        "X": 208.0,
        "Y": 84.0,
        "Z": 8.0
      },
      "RelativeRotation": {
        "Pitch": 0.0,
        "Yaw": 104.062614,
        "Roll": 0.0
      }
    }
  },
  {
    "Type": "StaticMeshComponent",
    "Name": "StaticMeshComponent0",
    "Outer": "Prop_WildWest_SimpleTable_01_2",
    "Class": "UScriptClass'StaticMeshComponent'",
    "Template": {
      "ObjectName": "StaticMeshComponent'Default__Prop_WildWest_SimpleTable_01_C:StaticMeshComponent0'",
      "ObjectPath": "FortniteGame/Content/Building/ActorBlueprints/Prop/Prop_WildWest_SimpleTable_01.4"
    },
    "Properties": {
      "OverrideMaterials": [
        null
      ],
      "CachedMaxDrawDistance": 8979.283,
      "RelativeLocation": {
        "X": 168.0,
        "Y": -36.0,
        "Z": 8.0
      }
    }
  },
  {
    "Type": "StaticMeshComponent",
    "Name": "StaticMeshComponent0",
    "Outer": "SM_Farm_Roof1_PeakCap_7",
    "Class": "UScriptClass'StaticMeshComponent'",
    "Template": {
      "ObjectName": "StaticMeshComponent'Default__Western_Wall_Trim_002_C:StaticMeshComponent0'",
      "ObjectPath": "FortniteGame/Content/Building/ActorBlueprints/Wall/Western_Wall_Trim_002.4"
    },
    "Properties": {
      "OverrideMaterials": [
        null
      ],
      "LODParentPrimitive": {
        "ObjectName": "StaticMeshComponent'Athena_ARID_1x1_Shack_c:PersistentLevel.LODActor_1.StaticMeshComponent0'",
        "ObjectPath": "FortniteGame/Content/Athena/Maps/Buildings/1x1/Arid/Athena_ARID_1x1_Shack_c.37"
      },
      "RelativeLocation": {
        "X": 0.0,
        "Y": -256.0,
        "Z": 384.0
      },
      "RelativeRotation": {
        "Pitch": 0.0,
        "Yaw": -179.99995,
        "Roll": 0.0
      }
    }
  },
  {
    "Type": "StaticMeshComponent",
    "Name": "StaticMeshComponent0",
    "Outer": "SM_Farm_Wall_12",
    "Class": "UScriptClass'StaticMeshComponent'",
    "Template": {
      "ObjectName": "StaticMeshComponent'Default__SM_Farm_Wall_2_C:StaticMeshComponent0'",
      "ObjectPath": "FortniteGame/Content/Building/ActorBlueprints/Wall/SM_Farm_Wall_2.5"
    },
    "Properties": {
      "OverrideMaterials": [
        null
      ],
      "LODParentPrimitive": {
        "ObjectName": "StaticMeshComponent'Athena_ARID_1x1_Shack_c:PersistentLevel.LODActor_1.StaticMeshComponent0'",
        "ObjectPath": "FortniteGame/Content/Athena/Maps/Buildings/1x1/Arid/Athena_ARID_1x1_Shack_c.37"
      },
      "RelativeLocation": {
        "X": -256.0,
        "Y": 0.0,
        "Z": 0.0
      },
      "RelativeRotation": {
        "Pitch": 0.0,
        "Yaw": 89.99998,
        "Roll": 0.0
      }
    }
  },
  {
    "Type": "StaticMeshComponent",
    "Name": "StaticMeshComponent0",
    "Outer": "SM_Farm_Wall_13",
    "Class": "UScriptClass'StaticMeshComponent'",
    "Template": {
      "ObjectName": "StaticMeshComponent'Default__SM_Farm_Wall_2_C:StaticMeshComponent0'",
      "ObjectPath": "FortniteGame/Content/Building/ActorBlueprints/Wall/SM_Farm_Wall_2.5"
    },
    "Properties": {
      "OverrideMaterials": [
        null
      ],
      "LODParentPrimitive": {
        "ObjectName": "StaticMeshComponent'Athena_ARID_1x1_Shack_c:PersistentLevel.LODActor_1.StaticMeshComponent0'",
        "ObjectPath": "FortniteGame/Content/Athena/Maps/Buildings/1x1/Arid/Athena_ARID_1x1_Shack_c.37"
      },
      "RelativeLocation": {
        "X": 256.0,
        "Y": 0.0,
        "Z": 0.0
      },
      "RelativeRotation": {
        "Pitch": 0.0,
        "Yaw": -89.99996,
        "Roll": 0.0
      }
    }
  },
  {
    "Type": "StaticMeshComponent",
    "Name": "StaticMeshComponent0",
    "Outer": "SM_Farm_Wall_14",
    "Class": "UScriptClass'StaticMeshComponent'",
    "Template": {
      "ObjectName": "StaticMeshComponent'Default__SM_Farm_StablesWall02_C:StaticMeshComponent0'",
      "ObjectPath": "FortniteGame/Content/Building/ActorBlueprints/Wall/SM_Farm_StablesWall02.5"
    },
    "Properties": {
      "OverrideMaterials": [
        null
      ],
      "LODParentPrimitive": {
        "ObjectName": "StaticMeshComponent'Athena_ARID_1x1_Shack_c:PersistentLevel.LODActor_1.StaticMeshComponent0'",
        "ObjectPath": "FortniteGame/Content/Athena/Maps/Buildings/1x1/Arid/Athena_ARID_1x1_Shack_c.37"
      },
      "RelativeLocation": {
        "X": 0.0,
        "Y": 256.0,
        "Z": 0.0
      }
    }
  },
  {
    "Type": "StaticMeshComponent",
    "Name": "StaticMeshComponent0",
    "Outer": "SM_Farm_Wall_15",
    "Class": "UScriptClass'StaticMeshComponent'",
    "Template": {
      "ObjectName": "StaticMeshComponent'Default__SM_Farm_QuarterWall_C:StaticMeshComponent0'",
      "ObjectPath": "FortniteGame/Content/Building/ActorBlueprints/Wall/SM_Farm_QuarterWall.4"
    },
    "Properties": {
      "OverrideMaterials": [
        null
      ],
      "LODParentPrimitive": {
        "ObjectName": "StaticMeshComponent'Athena_ARID_1x1_Shack_c:PersistentLevel.LODActor_1.StaticMeshComponent0'",
        "ObjectPath": "FortniteGame/Content/Athena/Maps/Buildings/1x1/Arid/Athena_ARID_1x1_Shack_c.37"
      },
      "RelativeLocation": {
        "X": -256.0,
        "Y": 0.0,
        "Z": 384.0
      },
      "RelativeRotation": {
        "Pitch": 0.0,
        "Yaw": 89.99998,
        "Roll": 0.0
      }
    }
  },
  {
    "Type": "StaticMeshComponent",
    "Name": "StaticMeshComponent0",
    "Outer": "SM_Farm_Wall_16",
    "Class": "UScriptClass'StaticMeshComponent'",
    "Template": {
      "ObjectName": "StaticMeshComponent'Default__SM_Farm_QuarterWall_C:StaticMeshComponent0'",
      "ObjectPath": "FortniteGame/Content/Building/ActorBlueprints/Wall/SM_Farm_QuarterWall.4"
    },
    "Properties": {
      "OverrideMaterials": [
        null
      ],
      "LODParentPrimitive": {
        "ObjectName": "StaticMeshComponent'Athena_ARID_1x1_Shack_c:PersistentLevel.LODActor_1.StaticMeshComponent0'",
        "ObjectPath": "FortniteGame/Content/Athena/Maps/Buildings/1x1/Arid/Athena_ARID_1x1_Shack_c.37"
      },
      "RelativeLocation": {
        "X": 256.0,
        "Y": 0.0,
        "Z": 384.0
      },
      "RelativeRotation": {
        "Pitch": 0.0,
        "Yaw": -89.99996,
        "Roll": 0.0
      }
    }
  },
  {
    "Type": "StaticMeshComponent",
    "Name": "StaticMeshComponent0",
    "Outer": "SM_Farm_Wall_17",
    "Class": "UScriptClass'StaticMeshComponent'",
    "Template": {
      "ObjectName": "StaticMeshComponent'Default__SM_Farm_QuarterWall_C:StaticMeshComponent0'",
      "ObjectPath": "FortniteGame/Content/Building/ActorBlueprints/Wall/SM_Farm_QuarterWall.4"
    },
    "Properties": {
      "OverrideMaterials": [
        null
      ],
      "LODParentPrimitive": {
        "ObjectName": "StaticMeshComponent'Athena_ARID_1x1_Shack_c:PersistentLevel.LODActor_1.StaticMeshComponent0'",
        "ObjectPath": "FortniteGame/Content/Athena/Maps/Buildings/1x1/Arid/Athena_ARID_1x1_Shack_c.37"
      },
      "RelativeLocation": {
        "X": 0.0,
        "Y": 256.0,
        "Z": 384.0
      }
    }
  },
  {
    "Type": "StaticMeshComponent",
    "Name": "StaticMeshComponent0",
    "Outer": "SM_Farm_Wall_52",
    "Class": "UScriptClass'StaticMeshComponent'",
    "Template": {
      "ObjectName": "StaticMeshComponent'Default__SM_Farm_Doorway_1_C:StaticMeshComponent0'",
      "ObjectPath": "FortniteGame/Content/Building/ActorBlueprints/Wall/SM_Farm_Doorway_1.4"
    },
    "Properties": {
      "OverrideMaterials": [
        null
      ],
      "LODParentPrimitive": {
        "ObjectName": "StaticMeshComponent'Athena_ARID_1x1_Shack_c:PersistentLevel.LODActor_1.StaticMeshComponent0'",
        "ObjectPath": "FortniteGame/Content/Athena/Maps/Buildings/1x1/Arid/Athena_ARID_1x1_Shack_c.37"
      },
      "RelativeLocation": {
        "X": 0.0,
        "Y": -256.0,
        "Z": 0.0
      },
      "RelativeRotation": {
        "Pitch": 0.0,
        "Yaw": -179.9999,
        "Roll": 0.0
      },
      "RelativeScale3D": {
        "X": -1.0,
        "Y": 1.0,
        "Z": 1.0
      }
    }
  },
  {
    "Type": "StaticMeshComponent",
    "Name": "StaticMeshComponent0",
    "Outer": "Tiered_Athena_FloorLoot_01_2",
    "Class": "UScriptClass'StaticMeshComponent'",
    "Template": {
      "ObjectName": "StaticMeshComponent'Default__Tiered_Athena_FloorLoot_01_C:StaticMeshComponent0'",
      "ObjectPath": "FortniteGame/Content/Athena/Environments/Blueprints/Tiered_Athena_FloorLoot_01.5"
    },
    "Properties": {
      "OverrideMaterials": [
        null
      ],
      "CachedMaxDrawDistance": 10643.375,
      "RelativeLocation": {
        "X": -57.0,
        "Y": -59.0,
        "Z": 30.304077
      }
    }
  },
  {
    "Type": "StaticMeshComponent",
    "Name": "StaticMeshComponent0",
    "Outer": "Tiered_Athena_FloorLoot_3",
    "Class": "UScriptClass'StaticMeshComponent'",
    "Template": {
      "ObjectName": "StaticMeshComponent'Default__Tiered_Athena_FloorLoot_01_C:StaticMeshComponent0'",
      "ObjectPath": "FortniteGame/Content/Athena/Environments/Blueprints/Tiered_Athena_FloorLoot_01.5"
    },
    "Properties": {
      "OverrideMaterials": [
        null
      ],
      "CachedMaxDrawDistance": 10643.375,
      "RelativeLocation": {
        "X": -8.0,
        "Y": 0.0,
        "Z": 392.0
      }
    }
  },
  {
    "Type": "StaticMeshComponent",
    "Name": "StaticMeshComponent0",
    "Outer": "WagonWheel_2",
    "Class": "UScriptClass'StaticMeshComponent'",
    "Template": {
      "ObjectName": "StaticMeshComponent'Default__WagonWheel_C:StaticMeshComponent0'",
      "ObjectPath": "FortniteGame/Content/Building/ActorBlueprints/Prop/WagonWheel.4"
    },
    "Properties": {
      "OverrideMaterials": [
        null
      ],
      "CachedMaxDrawDistance": 5001.0215,
      "RelativeLocation": {
        "X": 0.0,
        "Y": -284.0,
        "Z": 416.0
      },
      "RelativeRotation": {
        "Pitch": 0.0,
        "Yaw": -179.99998,
        "Roll": 11.250067
      }
    }
  },
  {
    "Type": "Tiered_Athena_FloorLoot_01_C",
    "Name": "Tiered_Athena_FloorLoot_01_2",
    "Outer": "PersistentLevel",
    "Class": "BlueprintGeneratedClass'FortniteGame/Content/Athena/Environments/Blueprints/Tiered_Athena_FloorLoot_01.Tiered_Athena_FloorLoot_01_C'",
    "Template": {
      "ObjectName": "Tiered_Athena_FloorLoot_01_C'Default__Tiered_Athena_FloorLoot_01_C'",
      "ObjectPath": "FortniteGame/Content/Athena/Environments/Blueprints/Tiered_Athena_FloorLoot_01.1"
    },
    "Properties": {
      "StaticMeshComponent": {
        "ObjectName": "StaticMeshComponent'Athena_ARID_1x1_Shack_c:PersistentLevel.Tiered_Athena_FloorLoot_01_2.StaticMeshComponent0'",
        "ObjectPath": "FortniteGame/Content/Athena/Maps/Buildings/1x1/Arid/Athena_ARID_1x1_Shack_c.52"
      },
      "MyGuid": "0ABF393C-46ABC10E-79DCC3AB-E88BB9FA",
      "DataVersion": 1,
      "CullDistance": 10643.375,
      "RootComponent": {
        "ObjectName": "StaticMeshComponent'Athena_ARID_1x1_Shack_c:PersistentLevel.Tiered_Athena_FloorLoot_01_2.StaticMeshComponent0'",
        "ObjectPath": "FortniteGame/Content/Athena/Maps/Buildings/1x1/Arid/Athena_ARID_1x1_Shack_c.52"
      }
    }
  },
  {
    "Type": "Tiered_Athena_FloorLoot_01_C",
    "Name": "Tiered_Athena_FloorLoot_3",
    "Outer": "PersistentLevel",
    "Class": "BlueprintGeneratedClass'FortniteGame/Content/Athena/Environments/Blueprints/Tiered_Athena_FloorLoot_01.Tiered_Athena_FloorLoot_01_C'",
    "Template": {
      "ObjectName": "Tiered_Athena_FloorLoot_01_C'Default__Tiered_Athena_FloorLoot_01_C'",
      "ObjectPath": "FortniteGame/Content/Athena/Environments/Blueprints/Tiered_Athena_FloorLoot_01.1"
    },
    "Properties": {
      "StaticMeshComponent": {
        "ObjectName": "StaticMeshComponent'Athena_ARID_1x1_Shack_c:PersistentLevel.Tiered_Athena_FloorLoot_3.StaticMeshComponent0'",
        "ObjectPath": "FortniteGame/Content/Athena/Maps/Buildings/1x1/Arid/Athena_ARID_1x1_Shack_c.53"
      },
      "MyGuid": "8595A019-4E22FB38-EA5A8D94-05A810D4",
      "DataVersion": 1,
      "CullDistance": 10643.375,
      "RootComponent": {
        "ObjectName": "StaticMeshComponent'Athena_ARID_1x1_Shack_c:PersistentLevel.Tiered_Athena_FloorLoot_3.StaticMeshComponent0'",
        "ObjectPath": "FortniteGame/Content/Athena/Maps/Buildings/1x1/Arid/Athena_ARID_1x1_Shack_c.53"
      }
    }
  },
  {
    "Type": "WagonWheel_C",
    "Name": "WagonWheel_2",
    "Outer": "PersistentLevel",
    "Class": "BlueprintGeneratedClass'FortniteGame/Content/Building/ActorBlueprints/Prop/WagonWheel.WagonWheel_C'",
    "Template": {
      "ObjectName": "WagonWheel_C'Default__WagonWheel_C'",
      "ObjectPath": "FortniteGame/Content/Building/ActorBlueprints/Prop/WagonWheel.1"
    },
    "Properties": {
      "StaticMeshComponent": {
        "ObjectName": "StaticMeshComponent'Athena_ARID_1x1_Shack_c:PersistentLevel.WagonWheel_2.StaticMeshComponent0'",
        "ObjectPath": "FortniteGame/Content/Athena/Maps/Buildings/1x1/Arid/Athena_ARID_1x1_Shack_c.54"
      },
      "ParentActorToAttachTo": {
        "ObjectName": "Western_Wall_Trim_002_C'Athena_ARID_1x1_Shack_c:PersistentLevel.SM_Farm_Roof1_PeakCap_7'",
        "ObjectPath": "FortniteGame/Content/Athena/Maps/Buildings/1x1/Arid/Athena_ARID_1x1_Shack_c.58"
      },
      "MyGuid": "3B20156B-4908C1C1-3E3D6D9A-CE78D094",
      "DataVersion": 1,
      "CullDistance": 5001.0215,
      "RootComponent": {
        "ObjectName": "StaticMeshComponent'Athena_ARID_1x1_Shack_c:PersistentLevel.WagonWheel_2.StaticMeshComponent0'",
        "ObjectPath": "FortniteGame/Content/Athena/Maps/Buildings/1x1/Arid/Athena_ARID_1x1_Shack_c.54"
      }
    }
  },
  {
    "Type": "Western_Wall_Trim_002_C",
    "Name": "SM_Farm_Roof1_PeakCap_7",
    "Outer": "PersistentLevel",
    "Class": "BlueprintGeneratedClass'FortniteGame/Content/Building/ActorBlueprints/Wall/Western_Wall_Trim_002.Western_Wall_Trim_002_C'",
    "Template": {
      "ObjectName": "Western_Wall_Trim_002_C'Default__Western_Wall_Trim_002_C'",
      "ObjectPath": "FortniteGame/Content/Building/ActorBlueprints/Wall/Western_Wall_Trim_002.1"
    },
    "Properties": {
      "TextureData": {
        "ObjectName": "BuildingTextureData'MI_Farm_Set_Natural'",
        "ObjectPath": "FortniteGame/Content/Building/TextureData/WallOuter/MI_Farm_Set_Natural.0"
      },
      "TextureData": {
        "ObjectName": "BuildingTextureData'MI_Farm_Set_Natural'",
        "ObjectPath": "FortniteGame/Content/Building/TextureData/WallOuter/MI_Farm_Set_Natural.0"
      },
      "TextureData": {
        "ObjectName": "BuildingTextureData'MI_Farm_Set_Natural'",
        "ObjectPath": "FortniteGame/Content/Building/TextureData/WallOuter/MI_Farm_Set_Natural.0"
      },
      "StaticMeshComponent": {
        "ObjectName": "StaticMeshComponent'Athena_ARID_1x1_Shack_c:PersistentLevel.SM_Farm_Roof1_PeakCap_7.StaticMeshComponent0'",
        "ObjectPath": "FortniteGame/Content/Athena/Maps/Buildings/1x1/Arid/Athena_ARID_1x1_Shack_c.44"
      },
      "BaseMaterial": {
        "ObjectName": "MaterialInstanceConstant'M_Western_Wall_1'",
        "ObjectPath": "FortniteGame/Content/Environments/Sets/Western/Materials/M_Western_Wall_1.0"
      },
      "MyGuid": "DB2BCCD9-4138E095-A165C78B-03F412C8",
      "DataVersion": 1,
      "CullDistance": 0.0,
      "RootComponent": {
        "ObjectName": "StaticMeshComponent'Athena_ARID_1x1_Shack_c:PersistentLevel.SM_Farm_Roof1_PeakCap_7.StaticMeshComponent0'",
        "ObjectPath": "FortniteGame/Content/Athena/Maps/Buildings/1x1/Arid/Athena_ARID_1x1_Shack_c.44"
      }
    }
  },
  {
    "Type": "World",
    "Name": "Athena_ARID_1x1_Shack_c",
    "Class": "UScriptClass'World'",
    "Properties": {
      "DefaultPhysicsVolume": null
    },
    "PersistentLevel": {
      "ObjectName": "Level'Athena_ARID_1x1_Shack_c:PersistentLevel'",
      "ObjectPath": "FortniteGame/Content/Athena/Maps/Buildings/1x1/Arid/Athena_ARID_1x1_Shack_c.12"
    },
    "ExtraReferencedObjects": [],
    "StreamingLevels": []
  }
]