[
  {
    "Type": "BlueprintGeneratedClass",
    "Name": "Apollo_Barn_Roof_A_C",
    "Class": "UScriptClass'BlueprintGeneratedClass'",
    "Properties": {
      "SimpleConstructionScript": {
        "ObjectName": "SimpleConstructionScript'Apollo_Barn_Roof_A_C:SimpleConstructionScript_78'",
        "ObjectPath": "FortniteGame/Content/Athena/Apollo/Environments/BuildingActors/Farm/Roofs/Apollo_Barn_Roof_A.4"
      }
    },
    "SuperStruct": {
      "ObjectName": "Class'BuildingRoof'",
      "ObjectPath": "/Script/FortniteGame"
    }
  },
  {
    "Type": "Apollo_Barn_Roof_A_C",
    "Name": "Default__Apollo_Barn_Roof_A_C",
    "Class": "BlueprintGeneratedClass'FortniteGame/Content/Athena/Apollo/Environments/BuildingActors/Farm/Roofs/Apollo_Barn_Roof_A.Apollo_Barn_Roof_A_C'",
    "Properties": {
      "StaticMesh": {
        "ObjectName": "StaticMesh'SM_Apollo_Barn_Roof_A'",
        "ObjectPath": "FortniteGame/Content/Environments/Apollo/Sets/Barn/Meshes/SM_Apollo_Barn_Roof_A.1"
      },
      "ResourceType": "EFortResourceType::Wood",
      "StaticMeshComponent": {
        "ObjectName": "StaticMeshComponent'Default__Apollo_Barn_Roof_A_C:StaticMeshComponent0'",
        "ObjectPath": "FortniteGame/Content/Athena/Apollo/Environments/BuildingActors/Farm/Roofs/Apollo_Barn_Roof_A.5"
      },
      "BuildingResourceAmountOverride": {
        "CurveTable": {
          "ObjectName": "CurveTable'AthenaResourceRates'",
          "ObjectPath": "FortniteGame/Content/Athena/Balance/DataTables/AthenaResourceRates.0"
        },
        "RowName": "LDBuildingNormal"
      },
      "EditModePatternData": {
        "ObjectName": "BuildingEditModeMetadata_Roof'EMP_Roof_RoofS'",
        "ObjectPath": "FortniteGame/Content/Building/EditModePatterns/Roof/EMP_Roof_RoofS.0"
      },
      "NavigationLinksClass": {
        "AssetPathName": "None",
        "SubPathString": ""
      },
      "CurrentBuildingLevel": 1,
      "AttributeInitKeys": {
        "AttributeInitCategory": "BuildingWood",
        "AttributeInitSubCategory": "2"
      },
      "AttributeInitKeys": {
        "AttributeInitCategory": "BuildingWood",
        "AttributeInitSubCategory": "2"
      },
      "RootComponent": {
        "ObjectName": "StaticMeshComponent'Default__Apollo_Barn_Roof_A_C:StaticMeshComponent0'",
        "ObjectPath": "FortniteGame/Content/Athena/Apollo/Environments/BuildingActors/Farm/Roofs/Apollo_Barn_Roof_A.5"
      }
    }
  },
  {
    "Type": "SceneComponent",
    "Name": "SceneComponent_152",
    "Outer": "Apollo_Barn_Roof_A_C",
    "Class": "UScriptClass'SceneComponent'"
  },
  {
    "Type": "SCS_Node",
    "Name": "SCS_Node_156",
    "Outer": "SimpleConstructionScript_78",
    "Class": "UScriptClass'SCS_Node'",
    "Properties": {
      "ComponentClass": {
        "ObjectName": "Class'SceneComponent'",
        "ObjectPath": "/Script/Engine"
      },
      "ComponentTemplate": {
        "ObjectName": "SceneComponent'Apollo_Barn_Roof_A_C:SceneComponent_152'",
        "ObjectPath": "FortniteGame/Content/Athena/Apollo/Environments/BuildingActors/Farm/Roofs/Apollo_Barn_Roof_A.2"
      },
      "VariableGuid": "56BC9799-C494E6E6-321D4295-7D5EB316",
      "InternalVariableName": "DefaultSceneRoot"
    }
  },
  {
    "Type": "SimpleConstructionScript",
    "Name": "SimpleConstructionScript_78",
    "Outer": "Apollo_Barn_Roof_A_C",
    "Class": "UScriptClass'SimpleConstructionScript'",
    "Properties": {
      "DefaultSceneRootNode": {
        "ObjectName": "SCS_Node'Apollo_Barn_Roof_A_C:SimpleConstructionScript_78.SCS_Node_156'",
        "ObjectPath": "FortniteGame/Content/Athena/Apollo/Environments/BuildingActors/Farm/Roofs/Apollo_Barn_Roof_A.3"
      }
    }
  },
  {
    "Type": "StaticMeshComponent",
    "Name": "StaticMeshComponent0",
    "Outer": "Default__Apollo_Barn_Roof_A_C",
    "Class": "UScriptClass'StaticMeshComponent'",
    "Properties": {
      "StaticMesh": {
        "ObjectName": "StaticMesh'SM_Apollo_Barn_Roof_A'",
        "ObjectPath": "FortniteGame/Content/Environments/Apollo/Sets/Barn/Meshes/SM_Apollo_Barn_Roof_A.1"
      },
      "CanCharacterStepUpOn": "ECB_Yes",
      "BodyInstance": {
        "bAutoWeld": false
      },
      "bCanEverAffectNavigation": true
    }
  }
]