[
  {
    "Type": "BlueprintGeneratedClass",
    "Name": "Apollo_Barn_Roof_Metal_Edge_B_C",
    "Class": "UScriptClass'BlueprintGeneratedClass'",
    "Super": {
      "ObjectName": "BlueprintGeneratedClass'Parent_BuildingPropWall_C'",
      "ObjectPath": "FortniteGame/Content/Building/ActorBlueprints/Wall/Parent_BuildingPropWall.0"
    },
    "Properties": {
      "SimpleConstructionScript": {
        "ObjectName": "SimpleConstructionScript'Apollo_Barn_Roof_Metal_Edge_B_C:SimpleConstructionScript_27'",
        "ObjectPath": "FortniteGame/Content/Athena/Apollo/Environments/BuildingActors/Farm/Roofs/Apollo_Barn_Roof_Metal_Edge_B.4"
      }
    },
    "SuperStruct": {
      "ObjectName": "BlueprintGeneratedClass'Parent_BuildingPropWall_C'",
      "ObjectPath": "FortniteGame/Content/Building/ActorBlueprints/Wall/Parent_BuildingPropWall.0"
    }
  },
  {
    "Type": "Apollo_Barn_Roof_Metal_Edge_B_C",
    "Name": "Default__Apollo_Barn_Roof_Metal_Edge_B_C",
    "Class": "BlueprintGeneratedClass'FortniteGame/Content/Athena/Apollo/Environments/BuildingActors/Farm/Roofs/Apollo_Barn_Roof_Metal_Edge_B.Apollo_Barn_Roof_Metal_Edge_B_C'",
    "Template": {
      "ObjectName": "Parent_BuildingPropWall_C'Default__Parent_BuildingPropWall_C'",
      "ObjectPath": "FortniteGame/Content/Building/ActorBlueprints/Wall/Parent_BuildingPropWall.1"
    },
    "Properties": {
      "AreaShapeType": "EBuildingWallArea::Flat",
      "StaticMesh": {
        "ObjectName": "StaticMesh'SM_Apollo_Barn_Roof_Metal_Floor_A_Edge_B'",
        "ObjectPath": "FortniteGame/Content/Environments/Apollo/Sets/Barn/Meshes/SM_Apollo_Barn_Roof_Metal_Floor_A_Edge_B.1"
      },
      "ResourceType": "EFortResourceType::Metal",
      "StaticMeshComponent": {
        "ObjectName": "StaticMeshComponent'Default__Apollo_Barn_Roof_Metal_Edge_B_C:StaticMeshComponent0'",
        "ObjectPath": "FortniteGame/Content/Athena/Apollo/Environments/BuildingActors/Farm/Roofs/Apollo_Barn_Roof_Metal_Edge_B.5"
      },
      "BuildingResourceAmountOverride": {
        "CurveTable": {
          "ObjectName": "CurveTable'AthenaResourceRates'",
          "ObjectPath": "FortniteGame/Content/Athena/Balance/DataTables/AthenaResourceRates.0"
        },
        "RowName": "PropMetalLow"
      },
      "DeathParticles": {
        "ObjectName": "ParticleSystem'P_General_Deco_Destruction_Small'",
        "ObjectPath": "FortniteGame/Content/Effects/Fort_Effects/World/Destruction/Base_Effects/P_General_Deco_Destruction_Small.100"
      },
      "EditModePatternData": {
        "ObjectName": "BuildingEditModeMetadata_Wall'EMP_Wall_QuarterWallS'",
        "ObjectPath": "FortniteGame/Content/Building/EditModePatterns/Wall/EMP_Wall_QuarterWallS.0"
      },
      "AreaClass": {
        "AssetPathName": "/Game/Building/NavigationAreas/FortMetaNavWallAreaDef.FortMetaNavWallAreaDef_C",
        "SubPathString": ""
      },
      "AttributeInitKeys": {
        "AttributeInitCategory": "PropMetal",
        "AttributeInitSubCategory": "1"
      },
      "AttributeInitKeys": {
        "AttributeInitCategory": "PropMetal",
        "AttributeInitSubCategory": "1"
      },
      "bDestroyOnPlayerBuildingPlacement": true,
      "CentroidOffset": {
        "X": 0.0,
        "Y": 0.0,
        "Z": 24.0
      },
      "RootComponent": {
        "ObjectName": "StaticMeshComponent'Default__Apollo_Barn_Roof_Metal_Edge_B_C:StaticMeshComponent0'",
        "ObjectPath": "FortniteGame/Content/Athena/Apollo/Environments/BuildingActors/Farm/Roofs/Apollo_Barn_Roof_Metal_Edge_B.5"
      }
    }
  },
  {
    "Type": "SceneComponent",
    "Name": "SceneComponent_2405",
    "Outer": "Apollo_Barn_Roof_Metal_Edge_B_C",
    "Class": "UScriptClass'SceneComponent'"
  },
  {
    "Type": "SCS_Node",
    "Name": "SCS_Node_2409",
    "Outer": "SimpleConstructionScript_27",
    "Class": "UScriptClass'SCS_Node'",
    "Properties": {
      "ComponentClass": {
        "ObjectName": "Class'SceneComponent'",
        "ObjectPath": "/Script/Engine"
      },
      "ComponentTemplate": {
        "ObjectName": "SceneComponent'Apollo_Barn_Roof_Metal_Edge_B_C:SceneComponent_2405'",
        "ObjectPath": "FortniteGame/Content/Athena/Apollo/Environments/BuildingActors/Farm/Roofs/Apollo_Barn_Roof_Metal_Edge_B.2"
      },
      "VariableGuid": "56BC9799-C494E6E6-321D4295-7D5EB316",
      "InternalVariableName": "DefaultSceneRoot"
    }
  },
  {
    "Type": "SimpleConstructionScript",
    "Name": "SimpleConstructionScript_27",
    "Outer": "Apollo_Barn_Roof_Metal_Edge_B_C",
    "Class": "UScriptClass'SimpleConstructionScript'",
    "Properties": {
      "DefaultSceneRootNode": {
        "ObjectName": "SCS_Node'Apollo_Barn_Roof_Metal_Edge_B_C:SimpleConstructionScript_27.SCS_Node_2409'",
        "ObjectPath": "FortniteGame/Content/Athena/Apollo/Environments/BuildingActors/Farm/Roofs/Apollo_Barn_Roof_Metal_Edge_B.3"
      }
    }
  },
  {
    "Type": "StaticMeshComponent",
    "Name": "StaticMeshComponent0",
    "Outer": "Default__Apollo_Barn_Roof_Metal_Edge_B_C",
    "Class": "UScriptClass'StaticMeshComponent'",
    "Template": {
      "ObjectName": "StaticMeshComponent'Default__Parent_BuildingPropWall_C:StaticMeshComponent0'",
      "ObjectPath": "FortniteGame/Content/Building/ActorBlueprints/Wall/Parent_BuildingPropWall.5"
    },
    "Properties": {
      "StaticMesh": {
        "ObjectName": "StaticMesh'SM_Apollo_Barn_Roof_Metal_Floor_A_Edge_B'",
        "ObjectPath": "FortniteGame/Content/Environments/Apollo/Sets/Barn/Meshes/SM_Apollo_Barn_Roof_Metal_Floor_A_Edge_B.1"
      },
      "CanCharacterStepUpOn": "ECB_Yes",
      "BodyInstance": {
        "bAutoWeld": false
      }
    }
  }
]