[
  {
    "Type": "BlueprintGeneratedClass",
    "Name": "BridgeGirder_Trim_E_C",
    "Class": "UScriptClass'BlueprintGeneratedClass'",
    "Super": {
      "ObjectName": "BlueprintGeneratedClass'Parent_BuildingPropWall_C'",
      "ObjectPath": "FortniteGame/Content/Building/ActorBlueprints/Wall/Parent_BuildingPropWall.0"
    },
    "Properties": {
      "SimpleConstructionScript": {
        "ObjectName": "SimpleConstructionScript'BridgeGirder_Trim_E_C:SimpleConstructionScript_129__17FE3727'",
        "ObjectPath": "FortniteGame/Content/Athena/Apollo/Environments/BuildingActors/Bridges/Walls/Blueprints/BridgeGirder_Trim_E.4"
      }
    },
    "SuperStruct": {
      "ObjectName": "BlueprintGeneratedClass'Parent_BuildingPropWall_C'",
      "ObjectPath": "FortniteGame/Content/Building/ActorBlueprints/Wall/Parent_BuildingPropWall.0"
    }
  },
  {
    "Type": "BridgeGirder_Trim_E_C",
    "Name": "Default__BridgeGirder_Trim_E_C",
    "Class": "BlueprintGeneratedClass'FortniteGame/Content/Athena/Apollo/Environments/BuildingActors/Bridges/Walls/Blueprints/BridgeGirder_Trim_E.BridgeGirder_Trim_E_C'",
    "Template": {
      "ObjectName": "Parent_BuildingPropWall_C'Default__Parent_BuildingPropWall_C'",
      "ObjectPath": "FortniteGame/Content/Building/ActorBlueprints/Wall/Parent_BuildingPropWall.1"
    },
    "Properties": {
      "StaticMesh": {
        "ObjectName": "StaticMesh'BridgeGirder_Trim_E'",
        "ObjectPath": "FortniteGame/Content/Athena/Apollo/Environments/BuildingActors/Bridges/Walls/Meshes/BridgeGirder_Trim_E.1"
      },
      "ResourceType": "EFortResourceType::Metal",
      "StaticMeshComponent": {
        "ObjectName": "StaticMeshComponent'Default__BridgeGirder_Trim_E_C:StaticMeshComponent0'",
        "ObjectPath": "FortniteGame/Content/Athena/Apollo/Environments/BuildingActors/Bridges/Walls/Blueprints/BridgeGirder_Trim_E.5"
      },
      "BuildingResourceAmountOverride": {
        "CurveTable": {
          "ObjectName": "CurveTable'AthenaResourceRates'",
          "ObjectPath": "FortniteGame/Content/Athena/Balance/DataTables/AthenaResourceRates.0"
        },
        "RowName": "LDBuildingNormal"
      },
      "EditModePatternData": {
        "ObjectName": "BuildingEditModeMetadata_Wall'EMP_Wall_QuarterWallS'",
        "ObjectPath": "FortniteGame/Content/Building/EditModePatterns/Wall/EMP_Wall_QuarterWallS.0"
      },
      "AreaClass": {
        "AssetPathName": "/Game/Building/NavigationAreas/FortMetaNavWallAreaDef.FortMetaNavWallAreaDef_C",
        "SubPathString": ""
      },
      "AttributeInitKeys": {
        "AttributeInitCategory": "BuildingMetal",
        "AttributeInitSubCategory": "1"
      },
      "AttributeInitKeys": {
        "AttributeInitCategory": "BuildingMetal",
        "AttributeInitSubCategory": "1"
      },
      "CentroidOffset": {
        "X": 0.0,
        "Y": 0.0,
        "Z": 48.0
      },
      "RootComponent": {
        "ObjectName": "StaticMeshComponent'Default__BridgeGirder_Trim_E_C:StaticMeshComponent0'",
        "ObjectPath": "FortniteGame/Content/Athena/Apollo/Environments/BuildingActors/Bridges/Walls/Blueprints/BridgeGirder_Trim_E.5"
      }
    }
  },
  {
    "Type": "SceneComponent",
    "Name": "SceneComponent_328",
    "Outer": "BridgeGirder_Trim_E_C",
    "Class": "UScriptClass'SceneComponent'"
  },
  {
    "Type": "SCS_Node",
    "Name": "SCS_Node_333",
    "Outer": "SimpleConstructionScript_129__17FE3727",
    "Class": "UScriptClass'SCS_Node'",
    "Properties": {
      "ComponentClass": {
        "ObjectName": "Class'SceneComponent'",
        "ObjectPath": "/Script/Engine"
      },
      "ComponentTemplate": {
        "ObjectName": "SceneComponent'BridgeGirder_Trim_E_C:SceneComponent_328'",
        "ObjectPath": "FortniteGame/Content/Athena/Apollo/Environments/BuildingActors/Bridges/Walls/Blueprints/BridgeGirder_Trim_E.2"
      },
      "VariableGuid": "56BC9799-C494E6E6-321D4295-7D5EB316",
      "InternalVariableName": "DefaultSceneRoot"
    }
  },
  {
    "Type": "SimpleConstructionScript",
    "Name": "SimpleConstructionScript_129__17FE3727",
    "Outer": "BridgeGirder_Trim_E_C",
    "Class": "UScriptClass'SimpleConstructionScript'",
    "Properties": {
      "DefaultSceneRootNode": {
        "ObjectName": "SCS_Node'BridgeGirder_Trim_E_C:SimpleConstructionScript_129__17FE3727.SCS_Node_333'",
        "ObjectPath": "FortniteGame/Content/Athena/Apollo/Environments/BuildingActors/Bridges/Walls/Blueprints/BridgeGirder_Trim_E.3"
      }
    }
  },
  {
    "Type": "StaticMeshComponent",
    "Name": "StaticMeshComponent0",
    "Outer": "Default__BridgeGirder_Trim_E_C",
    "Class": "UScriptClass'StaticMeshComponent'",
    "Template": {
      "ObjectName": "StaticMeshComponent'Default__Parent_BuildingPropWall_C:StaticMeshComponent0'",
      "ObjectPath": "FortniteGame/Content/Building/ActorBlueprints/Wall/Parent_BuildingPropWall.5"
    },
    "Properties": {
      "StaticMesh": {
        "ObjectName": "StaticMesh'BridgeGirder_Trim_E'",
        "ObjectPath": "FortniteGame/Content/Athena/Apollo/Environments/BuildingActors/Bridges/Walls/Meshes/BridgeGirder_Trim_E.1"
      },
      "CanCharacterStepUpOn": "ECB_Yes",
      "BodyInstance": {
        "bAutoWeld": false
      }
    }
  }
]