[
  {
    "Type": "BlueprintGeneratedClass",
    "Name": "BridgeGirder_E_C",
    "Class": "UScriptClass'BlueprintGeneratedClass'",
    "Properties": {
      "SimpleConstructionScript": {
        "ObjectName": "SimpleConstructionScript'BridgeGirder_E_C:SimpleConstructionScript_193__2529CB15'",
        "ObjectPath": "FortniteGame/Content/Athena/Apollo/Environments/BuildingActors/Bridges/Walls/Blueprints/BridgeGirder_E.4"
      }
    },
    "SuperStruct": {
      "ObjectName": "Class'BuildingProp'",
      "ObjectPath": "/Script/FortniteGame"
    }
  },
  {
    "Type": "BridgeGirder_E_C",
    "Name": "Default__BridgeGirder_E_C",
    "Class": "BlueprintGeneratedClass'FortniteGame/Content/Athena/Apollo/Environments/BuildingActors/Bridges/Walls/Blueprints/BridgeGirder_E.BridgeGirder_E_C'",
    "Properties": {
      "StaticMesh": {
        "ObjectName": "StaticMesh'BridgeGirder_E'",
        "ObjectPath": "FortniteGame/Content/Athena/Apollo/Environments/BuildingActors/Bridges/Walls/Meshes/BridgeGirder_E.1"
      },
      "ResourceType": "EFortResourceType::Metal",
      "RandomScaleRange": {
        "X": 1.0,
        "Y": 1.0
      },
      "StaticMeshComponent": {
        "ObjectName": "StaticMeshComponent'Default__BridgeGirder_E_C:StaticMeshComponent0'",
        "ObjectPath": "FortniteGame/Content/Athena/Apollo/Environments/BuildingActors/Bridges/Walls/Blueprints/BridgeGirder_E.5"
      },
      "BuildingResourceAmountOverride": {
        "CurveTable": {
          "ObjectName": "CurveTable'AthenaResourceRates'",
          "ObjectPath": "FortniteGame/Content/Athena/Balance/DataTables/AthenaResourceRates.0"
        },
        "RowName": "LDBuildingNormal"
      },
      "EditModePatternData": {
        "ObjectName": "BuildingEditModeMetadata_Wall'EMP_Wall_Solid'",
        "ObjectPath": "FortniteGame/Content/Building/EditModePatterns/Wall/EMP_Wall_Solid.0"
      },
      "BuildingAttachmentType": "ATTACH_Ceiling",
      "CurrentBuildingLevel": 1,
      "AttributeInitKeys": {
        "AttributeInitCategory": "BuildingMetal",
        "AttributeInitSubCategory": "2"
      },
      "AttributeInitKeys": {
        "AttributeInitCategory": "BuildingMetal",
        "AttributeInitSubCategory": "2"
      },
      "NavigationObstacleOverride": "ENavigationObstacleOverride::ForceEnabled",
      "bCanExportNavigationCollisions": true,
      "bDoNotBlockBuildings": true,
      "StaticGameplayTags": [
        "Building.Type.Prop"
      ],
      "SnapGridSize": 512.0,
      "VertSnapGridSize": 384.0,
      "CentroidOffset": {
        "X": 0.0,
        "Y": 0.0,
        "Z": 192.0
      },
      "BaseLocToPivotOffset": {
        "X": 0.0,
        "Y": -256.0,
        "Z": 0.0
      },
      "RootComponent": {
        "ObjectName": "StaticMeshComponent'Default__BridgeGirder_E_C:StaticMeshComponent0'",
        "ObjectPath": "FortniteGame/Content/Athena/Apollo/Environments/BuildingActors/Bridges/Walls/Blueprints/BridgeGirder_E.5"
      }
    }
  },
  {
    "Type": "SceneComponent",
    "Name": "SceneComponent_220",
    "Outer": "BridgeGirder_E_C",
    "Class": "UScriptClass'SceneComponent'"
  },
  {
    "Type": "SCS_Node",
    "Name": "SCS_Node_225",
    "Outer": "SimpleConstructionScript_193__2529CB15",
    "Class": "UScriptClass'SCS_Node'",
    "Properties": {
      "ComponentClass": {
        "ObjectName": "Class'SceneComponent'",
        "ObjectPath": "/Script/Engine"
      },
      "ComponentTemplate": {
        "ObjectName": "SceneComponent'BridgeGirder_E_C:SceneComponent_220'",
        "ObjectPath": "FortniteGame/Content/Athena/Apollo/Environments/BuildingActors/Bridges/Walls/Blueprints/BridgeGirder_E.2"
      },
      "VariableGuid": "56BC9799-C494E6E6-321D4295-7D5EB316",
      "InternalVariableName": "DefaultSceneRoot"
    }
  },
  {
    "Type": "SimpleConstructionScript",
    "Name": "SimpleConstructionScript_193__2529CB15",
    "Outer": "BridgeGirder_E_C",
    "Class": "UScriptClass'SimpleConstructionScript'",
    "Properties": {
      "DefaultSceneRootNode": {
        "ObjectName": "SCS_Node'BridgeGirder_E_C:SimpleConstructionScript_193__2529CB15.SCS_Node_225'",
        "ObjectPath": "FortniteGame/Content/Athena/Apollo/Environments/BuildingActors/Bridges/Walls/Blueprints/BridgeGirder_E.3"
      }
    }
  },
  {
    "Type": "StaticMeshComponent",
    "Name": "StaticMeshComponent0",
    "Outer": "Default__BridgeGirder_E_C",
    "Class": "UScriptClass'StaticMeshComponent'",
    "Properties": {
      "StaticMesh": {
        "ObjectName": "StaticMesh'BridgeGirder_E'",
        "ObjectPath": "FortniteGame/Content/Athena/Apollo/Environments/BuildingActors/Bridges/Walls/Meshes/BridgeGirder_E.1"
      },
      "CanCharacterStepUpOn": "ECB_Yes",
      "BodyInstance": {
        "bAutoWeld": false
      },
      "bCanEverAffectNavigation": true
    }
  }
]