[
  {
    "Type": "BlueprintGeneratedClass",
    "Name": "Lighthouse_Stairs_Curved01_C",
    "Class": "UScriptClass'BlueprintGeneratedClass'",
    "Properties": {
      "SimpleConstructionScript": {
        "ObjectName": "SimpleConstructionScript'Lighthouse_Stairs_Curved01_C:SimpleConstructionScript_49'",
        "ObjectPath": "FortniteGame/Content/Athena/Apollo/Environments/BuildingActors/BeachyBluffs/Stairs/Lighthouse_Stairs_Curved01.4"
      }
    },
    "SuperStruct": {
      "ObjectName": "Class'BuildingStairs'",
      "ObjectPath": "/Script/FortniteGame"
    }
  },
  {
    "Type": "Lighthouse_Stairs_Curved01_C",
    "Name": "Default__Lighthouse_Stairs_Curved01_C",
    "Class": "BlueprintGeneratedClass'FortniteGame/Content/Athena/Apollo/Environments/BuildingActors/BeachyBluffs/Stairs/Lighthouse_Stairs_Curved01.Lighthouse_Stairs_Curved01_C'",
    "Properties": {
      "RailingType": "EBuildingStairsRailing::None",
      "StaticMesh": {
        "ObjectName": "StaticMesh'S_Coastal_Lighthouse_Stairs_Curved_01'",
        "ObjectPath": "FortniteGame/Content/Environments/Apollo/Sets/BeachyBluffs/Meshes/S_Coastal_Lighthouse_Stairs_Curved_01.1"
      },
      "ResourceType": "EFortResourceType::Stone",
      "StaticMeshComponent": {
        "ObjectName": "StaticMeshComponent'Default__Lighthouse_Stairs_Curved01_C:StaticMeshComponent0'",
        "ObjectPath": "FortniteGame/Content/Athena/Apollo/Environments/BuildingActors/BeachyBluffs/Stairs/Lighthouse_Stairs_Curved01.5"
      },
      "BuildingResourceAmountOverride": {
        "CurveTable": {
          "ObjectName": "CurveTable'ResourceRates'",
          "ObjectPath": "FortniteGame/Content/Balance/DataTables/ResourceRates.0"
        },
        "RowName": "LDBuildingNormal"
      },
      "DeathParticles": {
        "ObjectName": "ParticleSystem'P_General_Deco_Destruction_Large'",
        "ObjectPath": "FortniteGame/Content/Effects/Fort_Effects/World/Destruction/Base_Effects/P_General_Deco_Destruction_Large.100"
      },
      "DeathParticleSocketName": "death_fx",
      "EditModePatternData": {
        "ObjectName": "BuildingEditModeMetadata_Stair'EMP_Stair_StairF'",
        "ObjectPath": "FortniteGame/Content/Building/EditModePatterns/Stair/EMP_Stair_StairF.0"
      },
      "NavigationLinksClass": {
        "AssetPathName": "/Game/Building/ActorBlueprints/Navigation/NavLink_StairW.NavLink_StairW_C",
        "SubPathString": ""
      },
      "CurrentBuildingLevel": 1,
      "AttributeInitKeys": {
        "AttributeInitCategory": "BuildingStone",
        "AttributeInitSubCategory": "2"
      },
      "AttributeInitKeys": {
        "AttributeInitCategory": "BuildingStone",
        "AttributeInitSubCategory": "2"
      },
      "HotSpotConfig": {
        "ObjectName": "BuildingActorHotSpotConfig'BuildingActorHotSpot_RoofSStairW'",
        "ObjectPath": "FortniteGame/Content/AI/HotSpots/BuildingActorHotSpot_RoofSStairW.0"
      },
      "RootComponent": {
        "ObjectName": "StaticMeshComponent'Default__Lighthouse_Stairs_Curved01_C:StaticMeshComponent0'",
        "ObjectPath": "FortniteGame/Content/Athena/Apollo/Environments/BuildingActors/BeachyBluffs/Stairs/Lighthouse_Stairs_Curved01.5"
      }
    }
  },
  {
    "Type": "SceneComponent",
    "Name": "SceneComponent_2262",
    "Outer": "Lighthouse_Stairs_Curved01_C",
    "Class": "UScriptClass'SceneComponent'"
  },
  {
    "Type": "SCS_Node",
    "Name": "SCS_Node_2266",
    "Outer": "SimpleConstructionScript_49",
    "Class": "UScriptClass'SCS_Node'",
    "Properties": {
      "ComponentClass": {
        "ObjectName": "Class'SceneComponent'",
        "ObjectPath": "/Script/Engine"
      },
      "ComponentTemplate": {
        "ObjectName": "SceneComponent'Lighthouse_Stairs_Curved01_C:SceneComponent_2262'",
        "ObjectPath": "FortniteGame/Content/Athena/Apollo/Environments/BuildingActors/BeachyBluffs/Stairs/Lighthouse_Stairs_Curved01.2"
      },
      "VariableGuid": "56BC9799-C494E6E6-321D4295-7D5EB316",
      "InternalVariableName": "DefaultSceneRoot"
    }
  },
  {
    "Type": "SimpleConstructionScript",
    "Name": "SimpleConstructionScript_49",
    "Outer": "Lighthouse_Stairs_Curved01_C",
    "Class": "UScriptClass'SimpleConstructionScript'",
    "Properties": {
      "DefaultSceneRootNode": {
        "ObjectName": "SCS_Node'Lighthouse_Stairs_Curved01_C:SimpleConstructionScript_49.SCS_Node_2266'",
        "ObjectPath": "FortniteGame/Content/Athena/Apollo/Environments/BuildingActors/BeachyBluffs/Stairs/Lighthouse_Stairs_Curved01.3"
      }
    }
  },
  {
    "Type": "StaticMeshComponent",
    "Name": "StaticMeshComponent0",
    "Outer": "Default__Lighthouse_Stairs_Curved01_C",
    "Class": "UScriptClass'StaticMeshComponent'",
    "Properties": {
      "StaticMesh": {
        "ObjectName": "StaticMesh'S_Coastal_Lighthouse_Stairs_Curved_01'",
        "ObjectPath": "FortniteGame/Content/Environments/Apollo/Sets/BeachyBluffs/Meshes/S_Coastal_Lighthouse_Stairs_Curved_01.1"
      },
      "CanCharacterStepUpOn": "ECB_Yes",
      "BodyInstance": {
        "bAutoWeld": false
      },
      "bCanEverAffectNavigation": true
    }
  }
]