[
  {
    "Type": "MaterialInstanceConstant",
    "Name": "M_Cement1_Tile1",
    "Class": "UScriptClass'MaterialInstanceConstant'",
    "Properties": {
      "Parent": {
        "ObjectName": "Material'M_BaseSimple_4Layers'",
        "ObjectPath": "FortniteGame/Content/Athena/WinterArt/Materials/M_BaseSimple_4Layers.0"
      },
      "ScalarParameterValues": [
        {
          "ParameterInfo": {
            "Name": "RefractionDepthBias",
            "Association": "GlobalParameter",
            "Index": -1
          },
          "ParameterValue": 0.0,
          "ExpressionGUID": "00000000-00000000-00000000-00000000"
        }
      ],
      "TextureParameterValues": [
        {
          "ParameterInfo": {
            "Name": "Diffuse",
            "Association": "GlobalParameter",
            "Index": -1
          },
          "ParameterValue": {
            "ObjectName": "Texture2D'T_Cement_Tile1_D'",
            "ObjectPath": "FortniteGame/Content/Athena/Apollo/Environments/BuildingActors/Bridges/Walls/Textures/T_Cement_Tile1_D.0"
          },
          "ExpressionGUID": "8ACC7C77-407678D2-EA8F66BC-BF1F1080"
        },
        {
          "ParameterInfo": {
            "Name": "SpecularMasks",
            "Association": "GlobalParameter",
            "Index": -1
          },
          "ParameterValue": {
            "ObjectName": "Texture2D'T_Cement_Tile1_S'",
            "ObjectPath": "FortniteGame/Content/Athena/Apollo/Environments/BuildingActors/Bridges/Walls/Textures/T_Cement_Tile1_S.0"
          },
          "ExpressionGUID": "8999B59B-4BA029AB-3F567E85-A145D0C5"
        },
        {
          "ParameterInfo": {
            "Name": "Normals",
            "Association": "GlobalParameter",
            "Index": -1
          },
          "ParameterValue": {
            "ObjectName": "Texture2D'T_Cement_Tile1_N'",
            "ObjectPath": "FortniteGame/Content/Athena/Apollo/Environments/BuildingActors/Bridges/Walls/Textures/T_Cement_Tile1_N.0"
          },
          "ExpressionGUID": "57304FA6-48859FE7-FA22D38D-5F1E0282"
        }
      ],
      "BasePropertyOverrides": {
        "DitheredLODTransition": true,
        "OpacityMaskClipValue": 0.3333
      }
    }
  }
]