[
  {
    "Type": "MaterialInstanceConstant",
    "Name": "M_Cement_Tile2",
    "Class": "UScriptClass'MaterialInstanceConstant'",
    "Properties": {
      "Parent": {
        "ObjectName": "Material'M_BaseSimple_4Layers'",
        "ObjectPath": "FortniteGame/Content/Athena/WinterArt/Materials/M_BaseSimple_4Layers.0"
      },
      "bHasStaticPermutationResource": true,
      "ScalarParameterValues": [
        {
          "ParameterInfo": {
            "Name": "Decal_TileX",
            "Association": "GlobalParameter",
            "Index": -1
          },
          "ParameterValue": -0.079632,
          "ExpressionGUID": "C3DC2BAE-49146883-8E25E5AB-CD8644D9"
        },
        {
          "ParameterInfo": {
            "Name": "RefractionDepthBias",
            "Association": "GlobalParameter",
            "Index": -1
          },
          "ParameterValue": 0.0,
          "ExpressionGUID": "00000000-00000000-00000000-00000000"
        }
      ],
      "VectorParameterValues": [
        {
          "ParameterInfo": {
            "Name": "Decal Tint",
            "Association": "GlobalParameter",
            "Index": -1
          },
          "ParameterValue": {
            "R": 1.0,
            "G": 1.0,
            "B": 1.0,
            "A": 0.0,
            "Hex": "FFFFFF"
          },
          "ExpressionGUID": "55078BAF-47692111-67C53EA4-9F2F4F21"
        }
      ],
      "TextureParameterValues": [
        {
          "ParameterInfo": {
            "Name": "Decal",
            "Association": "GlobalParameter",
            "Index": -1
          },
          "ParameterValue": {
            "ObjectName": "Texture2D'T_CementBridge_Decal1'",
            "ObjectPath": "FortniteGame/Content/Athena/Apollo/Environments/BuildingActors/Bridges/Walls/Textures/T_CementBridge_Decal1.0"
          },
          "ExpressionGUID": "F50D30BE-4418EC54-FBCFE484-3C10306F"
        },
        {
          "ParameterInfo": {
            "Name": "Diffuse",
            "Association": "GlobalParameter",
            "Index": -1
          },
          "ParameterValue": {
            "ObjectName": "Texture2D'T_Cement_Tile2_D'",
            "ObjectPath": "FortniteGame/Content/Athena/Apollo/Environments/BuildingActors/Bridges/Walls/Textures/T_Cement_Tile2_D.0"
          },
          "ExpressionGUID": "8ACC7C77-407678D2-EA8F66BC-BF1F1080"
        },
        {
          "ParameterInfo": {
            "Name": "SpecularMasks",
            "Association": "GlobalParameter",
            "Index": -1
          },
          "ParameterValue": {
            "ObjectName": "Texture2D'T_Cement_Tile2_S'",
            "ObjectPath": "FortniteGame/Content/Athena/Apollo/Environments/BuildingActors/Bridges/Walls/Textures/T_Cement_Tile2_S.0"
          },
          "ExpressionGUID": "8999B59B-4BA029AB-3F567E85-A145D0C5"
        },
        {
          "ParameterInfo": {
            "Name": "Normals",
            "Association": "GlobalParameter",
            "Index": -1
          },
          "ParameterValue": {
            "ObjectName": "Texture2D'T_Cement_Tile2_N'",
            "ObjectPath": "FortniteGame/Content/Athena/Apollo/Environments/BuildingActors/Bridges/Walls/Textures/T_Cement_Tile2_N.0"
          },
          "ExpressionGUID": "57304FA6-48859FE7-FA22D38D-5F1E0282"
        }
      ],
      "BasePropertyOverrides": {
        "DitheredLODTransition": true,
        "OpacityMaskClipValue": 0.3333
      },
      "StaticParameters": {
        "StaticSwitchParameters": [
          {
            "ParameterInfo": {
              "Name": "Use Decal UV 0",
              "Association": "GlobalParameter",
              "Index": -1
            },
            "Value": true,
            "bOverride": true,
            "ExpressionGUID": "2DFA0B30-408DD656-D611598A-A1864611"
          }
        ]
      }
    }
  }
]