[
  {
    "Type": "MaterialInstanceConstant",
    "Name": "M_SteelBridge1",
    "Class": "UScriptClass'MaterialInstanceConstant'",
    "Properties": {
      "Parent": {
        "ObjectName": "Material'M_BaseSimple_4Layers'",
        "ObjectPath": "FortniteGame/Content/Athena/WinterArt/Materials/M_BaseSimple_4Layers.0"
      },
      "bHasStaticPermutationResource": true,
      "ScalarParameterValues": [
        {
          "ParameterInfo": {
            "Name": "GradientFloors",
            "Association": "GlobalParameter",
            "Index": -1
          },
          "ParameterValue": -10.0,
          "ExpressionGUID": "4697CF8C-4C43639F-3F0B62AF-C54AD8E1"
        },
        {
          "ParameterInfo": {
            "Name": "L1_TintContrast",
            "Association": "GlobalParameter",
            "Index": -1
          },
          "ParameterValue": 0.0,
          "ExpressionGUID": "F5527CF3-49D73455-F33D41A4-6EDC5285"
        },
        {
          "ParameterInfo": {
            "Name": "L1_TintTransition",
            "Association": "GlobalParameter",
            "Index": -1
          },
          "ParameterValue": 0.9,
          "ExpressionGUID": "C1425959-4B2D4B1A-A0071398-503D3DF9"
        },
        {
          "ParameterInfo": {
            "Name": "L2_TintContrast",
            "Association": "GlobalParameter",
            "Index": -1
          },
          "ParameterValue": 0.0,
          "ExpressionGUID": "7F234CF8-485B28B0-D8D12C84-C790459E"
        },
        {
          "ParameterInfo": {
            "Name": "L2_TintTransition",
            "Association": "GlobalParameter",
            "Index": -1
          },
          "ParameterValue": 0.9,
          "ExpressionGUID": "3264080E-4F45BAD3-A2D6E9BC-B0B9EAA4"
        },
        {
          "ParameterInfo": {
            "Name": "L3_TintContrast",
            "Association": "GlobalParameter",
            "Index": -1
          },
          "ParameterValue": 0.0,
          "ExpressionGUID": "FDEDA22D-410CF295-7130ECBE-E34F005A"
        },
        {
          "ParameterInfo": {
            "Name": "L3_TintTransition",
            "Association": "GlobalParameter",
            "Index": -1
          },
          "ParameterValue": 0.9,
          "ExpressionGUID": "71B0503E-48BBE436-14952B8E-5D4567B4"
        },
        {
          "ParameterInfo": {
            "Name": "WS Paint Mask Size",
            "Association": "GlobalParameter",
            "Index": -1
          },
          "ParameterValue": 200.0,
          "ExpressionGUID": "E22B3EC0-48C8646A-2844B78A-5439C891"
        },
        {
          "ParameterInfo": {
            "Name": "WSPaintMask Min",
            "Association": "GlobalParameter",
            "Index": -1
          },
          "ParameterValue": 0.8,
          "ExpressionGUID": "5B684DEE-46481806-13393CBA-A8A14E51"
        },
        {
          "ParameterInfo": {
            "Name": "WSPaintMask Max",
            "Association": "GlobalParameter",
            "Index": -1
          },
          "ParameterValue": 2.0,
          "ExpressionGUID": "DE4E655E-43061FCF-F56FA993-C6BF546C"
        },
        {
          "ParameterInfo": {
            "Name": "RefractionDepthBias",
            "Association": "GlobalParameter",
            "Index": -1
          },
          "ParameterValue": 0.0,
          "ExpressionGUID": "00000000-00000000-00000000-00000000"
        }
      ],
      "VectorParameterValues": [
        {
          "ParameterInfo": {
            "Name": "WS GradientTop",
            "Association": "GlobalParameter",
            "Index": -1
          },
          "ParameterValue": {
            "R": 1.0,
            "G": 0.447186,
            "B": 0.078125,
            "A": 1.0,
            "Hex": "FFB34F"
          },
          "ExpressionGUID": "945C699A-449326A8-B4AD9F80-7C7C72DF"
        },
        {
          "ParameterInfo": {
            "Name": "TintColor",
            "Association": "GlobalParameter",
            "Index": -1
          },
          "ParameterValue": {
            "R": 0.223529,
            "G": 0.678431,
            "B": 1.0,
            "A": 0.0,
            "Hex": "82D7FF"
          },
          "ExpressionGUID": "236053EC-4E9F4D48-C5779BA1-2CEF53DD"
        },
        {
          "ParameterInfo": {
            "Name": "M2_TintColor",
            "Association": "GlobalParameter",
            "Index": -1
          },
          "ParameterValue": {
            "R": 0.223529,
            "G": 0.678431,
            "B": 1.0,
            "A": 0.0,
            "Hex": "82D7FF"
          },
          "ExpressionGUID": "53897863-40843DD8-8B5F989C-34EB58E2"
        },
        {
          "ParameterInfo": {
            "Name": "M3_TintColor",
            "Association": "GlobalParameter",
            "Index": -1
          },
          "ParameterValue": {
            "R": 0.223529,
            "G": 0.678431,
            "B": 1.0,
            "A": 0.0,
            "Hex": "82D7FF"
          },
          "ExpressionGUID": "B4111A21-4E438B00-F5B6AF80-F24A4755"
        }
      ],
      "TextureParameterValues": [
        {
          "ParameterInfo": {
            "Name": "Background Diffuse",
            "Association": "GlobalParameter",
            "Index": -1
          },
          "ParameterValue": {
            "ObjectName": "Texture2D'T_Steel_Bridge1_D'",
            "ObjectPath": "FortniteGame/Content/Athena/Apollo/Environments/BuildingActors/Bridges/Walls/Textures/T_Steel_Bridge1_D.0"
          },
          "ExpressionGUID": "A4024832-4B5427D9-5A422AB4-496604CC"
        },
        {
          "ParameterInfo": {
            "Name": "Diffuse",
            "Association": "GlobalParameter",
            "Index": -1
          },
          "ParameterValue": {
            "ObjectName": "Texture2D'T_Steel_Bridge1_D'",
            "ObjectPath": "FortniteGame/Content/Athena/Apollo/Environments/BuildingActors/Bridges/Walls/Textures/T_Steel_Bridge1_D.0"
          },
          "ExpressionGUID": "8ACC7C77-407678D2-EA8F66BC-BF1F1080"
        },
        {
          "ParameterInfo": {
            "Name": "SpecularMasks",
            "Association": "GlobalParameter",
            "Index": -1
          },
          "ParameterValue": {
            "ObjectName": "Texture2D'T_Steel_Bridge1_S'",
            "ObjectPath": "FortniteGame/Content/Athena/Apollo/Environments/BuildingActors/Bridges/Walls/Textures/T_Steel_Bridge1_S.0"
          },
          "ExpressionGUID": "8999B59B-4BA029AB-3F567E85-A145D0C5"
        },
        {
          "ParameterInfo": {
            "Name": "Normals",
            "Association": "GlobalParameter",
            "Index": -1
          },
          "ParameterValue": {
            "ObjectName": "Texture2D'T_Steel_Bridge1_N'",
            "ObjectPath": "FortniteGame/Content/Athena/Apollo/Environments/BuildingActors/Bridges/Walls/Textures/T_Steel_Bridge1_N.0"
          },
          "ExpressionGUID": "57304FA6-48859FE7-FA22D38D-5F1E0282"
        },
        {
          "ParameterInfo": {
            "Name": "Background Diffuse 2",
            "Association": "GlobalParameter",
            "Index": -1
          },
          "ParameterValue": {
            "ObjectName": "Texture2D'T_Steel_Bridge2_D'",
            "ObjectPath": "FortniteGame/Content/Athena/Apollo/Environments/BuildingActors/Bridges/Walls/Textures/T_Steel_Bridge2_D.0"
          },
          "ExpressionGUID": "A2D683E3-492C7208-15E7C797-7039DB75"
        },
        {
          "ParameterInfo": {
            "Name": "Diffuse_Texture_2",
            "Association": "GlobalParameter",
            "Index": -1
          },
          "ParameterValue": {
            "ObjectName": "Texture2D'T_Steel_Bridge2_D'",
            "ObjectPath": "FortniteGame/Content/Athena/Apollo/Environments/BuildingActors/Bridges/Walls/Textures/T_Steel_Bridge2_D.0"
          },
          "ExpressionGUID": "92D699FB-4D76EEA3-9F35C18B-0E38E754"
        },
        {
          "ParameterInfo": {
            "Name": "SpecularMasks_2",
            "Association": "GlobalParameter",
            "Index": -1
          },
          "ParameterValue": {
            "ObjectName": "Texture2D'T_Steel_Bridge2_S'",
            "ObjectPath": "FortniteGame/Content/Athena/Apollo/Environments/BuildingActors/Bridges/Walls/Textures/T_Steel_Bridge2_S.0"
          },
          "ExpressionGUID": "30BA8471-47F5D66B-9E252FA4-3A0993F0"
        },
        {
          "ParameterInfo": {
            "Name": "Normals_Texture_2",
            "Association": "GlobalParameter",
            "Index": -1
          },
          "ParameterValue": {
            "ObjectName": "Texture2D'T_Steel_Bridge2_N'",
            "ObjectPath": "FortniteGame/Content/Athena/Apollo/Environments/BuildingActors/Bridges/Walls/Textures/T_Steel_Bridge2_N.0"
          },
          "ExpressionGUID": "F3747893-430BE132-A1CC5691-AF74D10D"
        },
        {
          "ParameterInfo": {
            "Name": "Background Diffuse 3",
            "Association": "GlobalParameter",
            "Index": -1
          },
          "ParameterValue": {
            "ObjectName": "Texture2D'T_Steel_Bridge3_D'",
            "ObjectPath": "FortniteGame/Content/Athena/Apollo/Environments/BuildingActors/Bridges/Walls/Textures/T_Steel_Bridge3_D.0"
          },
          "ExpressionGUID": "77349060-475A56F0-5ED182B7-936DA1B7"
        },
        {
          "ParameterInfo": {
            "Name": "Diffuse_Texture_3",
            "Association": "GlobalParameter",
            "Index": -1
          },
          "ParameterValue": {
            "ObjectName": "Texture2D'T_Steel_Bridge3_D'",
            "ObjectPath": "FortniteGame/Content/Athena/Apollo/Environments/BuildingActors/Bridges/Walls/Textures/T_Steel_Bridge3_D.0"
          },
          "ExpressionGUID": "24FCE113-4765032B-9D43AEA4-4F143C5B"
        },
        {
          "ParameterInfo": {
            "Name": "SpecularMasks_3",
            "Association": "GlobalParameter",
            "Index": -1
          },
          "ParameterValue": {
            "ObjectName": "Texture2D'T_Steel_Bridge3_S'",
            "ObjectPath": "FortniteGame/Content/Athena/Apollo/Environments/BuildingActors/Bridges/Walls/Textures/T_Steel_Bridge3_S.0"
          },
          "ExpressionGUID": "F1DEC357-467F6780-E3C39487-1188DB9B"
        },
        {
          "ParameterInfo": {
            "Name": "Normals_Texture_3",
            "Association": "GlobalParameter",
            "Index": -1
          },
          "ParameterValue": {
            "ObjectName": "Texture2D'T_Steel_Bridge3_N'",
            "ObjectPath": "FortniteGame/Content/Athena/Apollo/Environments/BuildingActors/Bridges/Walls/Textures/T_Steel_Bridge3_N.0"
          },
          "ExpressionGUID": "DD52075B-470D6571-D36E74A8-A1C6EBD3"
        },
        {
          "ParameterInfo": {
            "Name": "Diffuse_Texture_4",
            "Association": "GlobalParameter",
            "Index": -1
          },
          "ParameterValue": {
            "ObjectName": "Texture2D'T_midgrey'",
            "ObjectPath": "FortniteGame/Content/Environments/Sets/Dojo/Homebase/Textures/T_midgrey.0"
          },
          "ExpressionGUID": "6B08E94C-40A88D5B-670409A0-450BE8EB"
        },
        {
          "ParameterInfo": {
            "Name": "SpecularMasks_4",
            "Association": "GlobalParameter",
            "Index": -1
          },
          "ParameterValue": {
            "ObjectName": "Texture2D'T_Fortnite_Default_S'",
            "ObjectPath": "FortniteGame/Content/Packages/Fortnite_UniqueMaterials_1/Textures/T_Fortnite_Default_S.0"
          },
          "ExpressionGUID": "26A806A1-4F0993D5-5A448093-2D168993"
        },
        {
          "ParameterInfo": {
            "Name": "Normals_Texture_4",
            "Association": "GlobalParameter",
            "Index": -1
          },
          "ParameterValue": {
            "ObjectName": "Texture2D'FlatNormal'",
            "ObjectPath": "Engine/Content/EngineMaterials/FlatNormal.0"
          },
          "ExpressionGUID": "2F4A3AA4-43EAEC77-5596E29B-D38AC332"
        }
      ],
      "BasePropertyOverrides": {
        "DitheredLODTransition": true,
        "OpacityMaskClipValue": 0.3333
      },
      "StaticParameters": {
        "StaticSwitchParameters": [
          {
            "ParameterInfo": {
              "Name": "L1_UseTintColorAsDiffuse",
              "Association": "GlobalParameter",
              "Index": -1
            },
            "Value": true,
            "bOverride": true,
            "ExpressionGUID": "A146F1CA-46DAF2A5-3A261A82-808809CD"
          },
          {
            "ParameterInfo": {
              "Name": "Use Color Swatch",
              "Association": "GlobalParameter",
              "Index": -1
            },
            "Value": true,
            "bOverride": true,
            "ExpressionGUID": "E6211A50-463185AA-68AE9984-E703349E"
          },
          {
            "ParameterInfo": {
              "Name": "L2 Use Color Swatch",
              "Association": "GlobalParameter",
              "Index": -1
            },
            "Value": true,
            "bOverride": true,
            "ExpressionGUID": "07083ADF-44E85514-A27E7998-BF931B46"
          },
          {
            "ParameterInfo": {
              "Name": "L2_UseTintColorAsDiffuse",
              "Association": "GlobalParameter",
              "Index": -1
            },
            "Value": true,
            "bOverride": true,
            "ExpressionGUID": "796C8E8F-4A6B4048-B1D8729B-8BB2B8E9"
          },
          {
            "ParameterInfo": {
              "Name": "Use 2 Materials",
              "Association": "GlobalParameter",
              "Index": -1
            },
            "Value": true,
            "bOverride": true,
            "ExpressionGUID": "D769E7B1-480B706B-58992488-7EDA8555"
          },
          {
            "ParameterInfo": {
              "Name": "L3 Use Color Swatch",
              "Association": "GlobalParameter",
              "Index": -1
            },
            "Value": true,
            "bOverride": true,
            "ExpressionGUID": "F5E3C571-41C5CC1D-965D0484-53068F01"
          },
          {
            "ParameterInfo": {
              "Name": "L3_UseTintColorAsDiffuse",
              "Association": "GlobalParameter",
              "Index": -1
            },
            "Value": true,
            "bOverride": true,
            "ExpressionGUID": "BD015C01-4C029914-F0762F81-CDE12D26"
          },
          {
            "ParameterInfo": {
              "Name": "Use 3 Materials",
              "Association": "GlobalParameter",
              "Index": -1
            },
            "Value": true,
            "bOverride": true,
            "ExpressionGUID": "15611757-486A5057-48FA7A90-508511E4"
          },
          {
            "ParameterInfo": {
              "Name": "WSPaintMask True",
              "Association": "GlobalParameter",
              "Index": -1
            },
            "Value": true,
            "bOverride": true,
            "ExpressionGUID": "EC191915-43F0970C-ACC7A4A8-6DD366DE"
          }
        ]
      }
    }
  }
]