[
  {
    "Type": "MaterialInstanceConstant",
    "Name": "MI_CementBridgeSupports",
    "Class": "UScriptClass'MaterialInstanceConstant'",
    "Properties": {
      "Parent": {
        "ObjectName": "Material'M_BaseSimple_4Layers'",
        "ObjectPath": "FortniteGame/Content/Athena/WinterArt/Materials/M_BaseSimple_4Layers.0"
      },
      "bHasStaticPermutationResource": true,
      "ScalarParameterValues": [
        {
          "ParameterInfo": {
            "Name": "Decal_TileX",
            "Association": "GlobalParameter",
            "Index": -1
          },
          "ParameterValue": 1.0,
          "ExpressionGUID": "C3DC2BAE-49146883-8E25E5AB-CD8644D9"
        },
        {
          "ParameterInfo": {
            "Name": "Decal_TileY",
            "Association": "GlobalParameter",
            "Index": -1
          },
          "ParameterValue": 0.7,
          "ExpressionGUID": "CB42E245-43AD0060-286B9C9C-177F3CB4"
        },
        {
          "ParameterInfo": {
            "Name": "RefractionDepthBias",
            "Association": "GlobalParameter",
            "Index": -1
          },
          "ParameterValue": 0.0,
          "ExpressionGUID": "00000000-00000000-00000000-00000000"
        }
      ],
      "VectorParameterValues": [
        {
          "ParameterInfo": {
            "Name": "Decal Tint",
            "Association": "GlobalParameter",
            "Index": -1
          },
          "ParameterValue": {
            "R": 1.0,
            "G": 1.0,
            "B": 1.0,
            "A": 0.0,
            "Hex": "FFFFFF"
          },
          "ExpressionGUID": "55078BAF-47692111-67C53EA4-9F2F4F21"
        }
      ],
      "TextureParameterValues": [
        {
          "ParameterInfo": {
            "Name": "Decal",
            "Association": "GlobalParameter",
            "Index": -1
          },
          "ParameterValue": {
            "ObjectName": "Texture2D'T_CementBridge_Decal1'",
            "ObjectPath": "FortniteGame/Content/Athena/Apollo/Environments/BuildingActors/Bridges/Walls/Textures/T_CementBridge_Decal1.0"
          },
          "ExpressionGUID": "F50D30BE-4418EC54-FBCFE484-3C10306F"
        },
        {
          "ParameterInfo": {
            "Name": "Diffuse",
            "Association": "GlobalParameter",
            "Index": -1
          },
          "ParameterValue": {
            "ObjectName": "Texture2D'T_CementBridge2_D'",
            "ObjectPath": "FortniteGame/Content/Athena/Apollo/Environments/BuildingActors/Bridges/Walls/Textures/T_CementBridge2_D.0"
          },
          "ExpressionGUID": "8ACC7C77-407678D2-EA8F66BC-BF1F1080"
        },
        {
          "ParameterInfo": {
            "Name": "SpecularMasks",
            "Association": "GlobalParameter",
            "Index": -1
          },
          "ParameterValue": {
            "ObjectName": "Texture2D'T_CementBridge2_S'",
            "ObjectPath": "FortniteGame/Content/Athena/Apollo/Environments/BuildingActors/Bridges/Walls/Textures/T_CementBridge2_S.0"
          },
          "ExpressionGUID": "8999B59B-4BA029AB-3F567E85-A145D0C5"
        },
        {
          "ParameterInfo": {
            "Name": "Normals",
            "Association": "GlobalParameter",
            "Index": -1
          },
          "ParameterValue": {
            "ObjectName": "Texture2D'T_CementBridge2_N'",
            "ObjectPath": "FortniteGame/Content/Athena/Apollo/Environments/BuildingActors/Bridges/Walls/Textures/T_CementBridge2_N.0"
          },
          "ExpressionGUID": "57304FA6-48859FE7-FA22D38D-5F1E0282"
        },
        {
          "ParameterInfo": {
            "Name": "Diffuse_Texture_2",
            "Association": "GlobalParameter",
            "Index": -1
          },
          "ParameterValue": {
            "ObjectName": "Texture2D'T_CementBridge5_D'",
            "ObjectPath": "FortniteGame/Content/Athena/Apollo/Environments/BuildingActors/Bridges/Walls/Textures/T_CementBridge5_D.0"
          },
          "ExpressionGUID": "92D699FB-4D76EEA3-9F35C18B-0E38E754"
        },
        {
          "ParameterInfo": {
            "Name": "SpecularMasks_2",
            "Association": "GlobalParameter",
            "Index": -1
          },
          "ParameterValue": {
            "ObjectName": "Texture2D'T_CementBridge5_S'",
            "ObjectPath": "FortniteGame/Content/Athena/Apollo/Environments/BuildingActors/Bridges/Walls/Textures/T_CementBridge5_S.0"
          },
          "ExpressionGUID": "30BA8471-47F5D66B-9E252FA4-3A0993F0"
        },
        {
          "ParameterInfo": {
            "Name": "Normals_Texture_2",
            "Association": "GlobalParameter",
            "Index": -1
          },
          "ParameterValue": {
            "ObjectName": "Texture2D'T_CementBridge5_N'",
            "ObjectPath": "FortniteGame/Content/Athena/Apollo/Environments/BuildingActors/Bridges/Walls/Textures/T_CementBridge5_N.0"
          },
          "ExpressionGUID": "F3747893-430BE132-A1CC5691-AF74D10D"
        },
        {
          "ParameterInfo": {
            "Name": "Diffuse_Texture_3",
            "Association": "GlobalParameter",
            "Index": -1
          },
          "ParameterValue": {
            "ObjectName": "Texture2D'T_SteelBridgeSupportWall_D'",
            "ObjectPath": "FortniteGame/Content/Athena/Apollo/Environments/BuildingActors/Bridges/Walls/Textures/T_SteelBridgeSupportWall_D.0"
          },
          "ExpressionGUID": "24FCE113-4765032B-9D43AEA4-4F143C5B"
        },
        {
          "ParameterInfo": {
            "Name": "SpecularMasks_3",
            "Association": "GlobalParameter",
            "Index": -1
          },
          "ParameterValue": {
            "ObjectName": "Texture2D'T_SteelBridgeSupportWall_S'",
            "ObjectPath": "FortniteGame/Content/Athena/Apollo/Environments/BuildingActors/Bridges/Walls/Textures/T_SteelBridgeSupportWall_S.0"
          },
          "ExpressionGUID": "F1DEC357-467F6780-E3C39487-1188DB9B"
        },
        {
          "ParameterInfo": {
            "Name": "Normals_Texture_3",
            "Association": "GlobalParameter",
            "Index": -1
          },
          "ParameterValue": {
            "ObjectName": "Texture2D'T_SteelBridgeSupportWall_N'",
            "ObjectPath": "FortniteGame/Content/Athena/Apollo/Environments/BuildingActors/Bridges/Walls/Textures/T_SteelBridgeSupportWall_N.0"
          },
          "ExpressionGUID": "DD52075B-470D6571-D36E74A8-A1C6EBD3"
        }
      ],
      "BasePropertyOverrides": {
        "DitheredLODTransition": true,
        "OpacityMaskClipValue": 0.3333
      },
      "StaticParameters": {
        "StaticSwitchParameters": [
          {
            "ParameterInfo": {
              "Name": "Use Decal",
              "Association": "GlobalParameter",
              "Index": -1
            },
            "Value": true,
            "bOverride": true,
            "ExpressionGUID": "BD6E6A5F-48302BFC-965536B5-C7831E2D"
          },
          {
            "ParameterInfo": {
              "Name": "Use Mod Simple",
              "Association": "GlobalParameter",
              "Index": -1
            },
            "Value": true,
            "bOverride": true,
            "ExpressionGUID": "BFBCFF5E-4087435E-AC672BBC-F6CE46BB"
          },
          {
            "ParameterInfo": {
              "Name": "Use Decal UV 0",
              "Association": "GlobalParameter",
              "Index": -1
            },
            "Value": false,
            "bOverride": true,
            "ExpressionGUID": "2DFA0B30-408DD656-D611598A-A1864611"
          },
          {
            "ParameterInfo": {
              "Name": "Use 2 Materials",
              "Association": "GlobalParameter",
              "Index": -1
            },
            "Value": true,
            "bOverride": true,
            "ExpressionGUID": "D769E7B1-480B706B-58992488-7EDA8555"
          }
        ]
      }
    }
  }
]