[
  {
    "Type": "ObjectProperty",
    "Name": "WoodCreakSound",
    "Outer": "Apollo_Boardwalk_Stair3_C",
    "Class": "UScriptClass'ObjectProperty'",
    "PropertyFlags": "BlueprintVisible | InstancedReference | NonTransactional",
    "PropertyClass": {
      "ObjectName": "Class'AudioComponent'",
      "ObjectPath": "/Script/Engine"
    }
  },
  {
    "Type": "BlueprintGeneratedClass",
    "Name": "Apollo_Boardwalk_Stair3_C",
    "Class": "UScriptClass'BlueprintGeneratedClass'",
    "Properties": {
      "SimpleConstructionScript": {
        "ObjectName": "SimpleConstructionScript'Apollo_Boardwalk_Stair3_C:SimpleConstructionScript_609'",
        "ObjectPath": "FortniteGame/Content/Athena/Apollo/Environments/BuildingActors/Wood/Boardwalk/Stairs/Apollo_Boardwalk_Stair3.7"
      }
    },
    "SuperStruct": {
      "ObjectName": "Class'BuildingStairs'",
      "ObjectPath": "/Script/FortniteGame"
    },
    "Children": [
      {
        "ObjectName": "ObjectProperty'Apollo_Boardwalk_Stair3_C:WoodCreakSound'",
        "ObjectPath": "FortniteGame/Content/Athena/Apollo/Environments/BuildingActors/Wood/Boardwalk/Stairs/Apollo_Boardwalk_Stair3.0"
      }
    ]
  },
  {
    "Type": "Apollo_Boardwalk_Stair3_C",
    "Name": "Default__Apollo_Boardwalk_Stair3_C",
    "Class": "BlueprintGeneratedClass'FortniteGame/Content/Athena/Apollo/Environments/BuildingActors/Wood/Boardwalk/Stairs/Apollo_Boardwalk_Stair3.Apollo_Boardwalk_Stair3_C'",
    "Properties": {
      "StaticMesh": {
        "ObjectName": "StaticMesh'Apollo_Boardwalk_StairsT'",
        "ObjectPath": "FortniteGame/Content/Environments/Apollo/Wood/Boardwalk/Meshes/Apollo_Boardwalk_StairsT.1"
      },
      "ResourceType": "EFortResourceType::Wood",
      "StaticMeshComponent": {
        "ObjectName": "StaticMeshComponent'Default__Apollo_Boardwalk_Stair3_C:StaticMeshComponent0'",
        "ObjectPath": "FortniteGame/Content/Athena/Apollo/Environments/BuildingActors/Wood/Boardwalk/Stairs/Apollo_Boardwalk_Stair3.8"
      },
      "BuildingResourceAmountOverride": {
        "CurveTable": {
          "ObjectName": "CurveTable'AthenaResourceRates'",
          "ObjectPath": "FortniteGame/Content/Athena/Balance/DataTables/AthenaResourceRates.0"
        },
        "RowName": "LDBuildingNormal"
      },
      "DeathParticles": {
        "ObjectName": "ParticleSystem'P_Destruction_Wall_Solid_wood'",
        "ObjectPath": "FortniteGame/Content/Effects/Fort_Effects/PBW/Destruction/P_Destruction_Wall_Solid_wood.141"
      },
      "DeathParticleSocketName": "death_particles",
      "EditModePatternData": {
        "ObjectName": "BuildingEditModeMetadata_Stair'EMP_Stair_StairR'",
        "ObjectPath": "FortniteGame/Content/Building/EditModePatterns/Stair/EMP_Stair_StairR.0"
      },
      "NavigationLinksClass": {
        "AssetPathName": "/Game/Building/ActorBlueprints/Navigation/NavLink_StairR.NavLink_StairR_C",
        "SubPathString": ""
      },
      "CurrentBuildingLevel": 1,
      "AttributeInitKeys": {
        "AttributeInitCategory": "BuildingWood",
        "AttributeInitSubCategory": "2"
      },
      "AttributeInitKeys": {
        "AttributeInitCategory": "BuildingWood",
        "AttributeInitSubCategory": "2"
      },
      "RootComponent": {
        "ObjectName": "StaticMeshComponent'Default__Apollo_Boardwalk_Stair3_C:StaticMeshComponent0'",
        "ObjectPath": "FortniteGame/Content/Athena/Apollo/Environments/BuildingActors/Wood/Boardwalk/Stairs/Apollo_Boardwalk_Stair3.8"
      }
    }
  },
  {
    "Type": "AudioComponent",
    "Name": "AudioComponent_1",
    "Outer": "Apollo_Boardwalk_Stair3_C",
    "Class": "UScriptClass'AudioComponent'",
    "Properties": {
      "Sound": {
        "ObjectName": "SoundCue'Wood_Creak_MediumHigh_Loop_Cue'",
        "ObjectPath": "FortniteGame/Content/Sounds/Fort_Ambient_NonLoop/Wood/Wood_Creak_MediumHigh_Loop_Cue.0"
      },
      "RelativeLocation": {
        "X": -6.1035156E-05,
        "Y": 218.61678,
        "Z": 198.70642
      }
    }
  },
  {
    "Type": "SceneComponent",
    "Name": "SceneComponent_2280",
    "Outer": "Apollo_Boardwalk_Stair3_C",
    "Class": "UScriptClass'SceneComponent'"
  },
  {
    "Type": "SCS_Node",
    "Name": "SCS_Node_0",
    "Outer": "SimpleConstructionScript_609",
    "Class": "UScriptClass'SCS_Node'",
    "Properties": {
      "ComponentClass": {
        "ObjectName": "Class'AudioComponent'",
        "ObjectPath": "/Script/Engine"
      },
      "ComponentTemplate": {
        "ObjectName": "AudioComponent'Apollo_Boardwalk_Stair3_C:AudioComponent_1'",
        "ObjectPath": "FortniteGame/Content/Athena/Apollo/Environments/BuildingActors/Wood/Boardwalk/Stairs/Apollo_Boardwalk_Stair3.3"
      },
      "ParentComponentOrVariableName": "StaticMeshComponent0",
      "bIsParentComponentNative": true,
      "VariableGuid": "49EE9039-849D76A7-8AB308C7-2230D777",
      "InternalVariableName": "WoodCreakSound"
    }
  },
  {
    "Type": "SCS_Node",
    "Name": "SCS_Node_2284",
    "Outer": "SimpleConstructionScript_609",
    "Class": "UScriptClass'SCS_Node'",
    "Properties": {
      "ComponentClass": {
        "ObjectName": "Class'SceneComponent'",
        "ObjectPath": "/Script/Engine"
      },
      "ComponentTemplate": {
        "ObjectName": "SceneComponent'Apollo_Boardwalk_Stair3_C:SceneComponent_2280'",
        "ObjectPath": "FortniteGame/Content/Athena/Apollo/Environments/BuildingActors/Wood/Boardwalk/Stairs/Apollo_Boardwalk_Stair3.4"
      },
      "VariableGuid": "56BC9799-C494E6E6-321D4295-7D5EB316",
      "InternalVariableName": "DefaultSceneRoot"
    }
  },
  {
    "Type": "SimpleConstructionScript",
    "Name": "SimpleConstructionScript_609",
    "Outer": "Apollo_Boardwalk_Stair3_C",
    "Class": "UScriptClass'SimpleConstructionScript'",
    "Properties": {
      "RootNodes": [
        {
          "ObjectName": "SCS_Node'Apollo_Boardwalk_Stair3_C:SimpleConstructionScript_609.SCS_Node_0'",
          "ObjectPath": "FortniteGame/Content/Athena/Apollo/Environments/BuildingActors/Wood/Boardwalk/Stairs/Apollo_Boardwalk_Stair3.5"
        }
      ],
      "AllNodes": [
        {
          "ObjectName": "SCS_Node'Apollo_Boardwalk_Stair3_C:SimpleConstructionScript_609.SCS_Node_0'",
          "ObjectPath": "FortniteGame/Content/Athena/Apollo/Environments/BuildingActors/Wood/Boardwalk/Stairs/Apollo_Boardwalk_Stair3.5"
        }
      ],
      "DefaultSceneRootNode": {
        "ObjectName": "SCS_Node'Apollo_Boardwalk_Stair3_C:SimpleConstructionScript_609.SCS_Node_2284'",
        "ObjectPath": "FortniteGame/Content/Athena/Apollo/Environments/BuildingActors/Wood/Boardwalk/Stairs/Apollo_Boardwalk_Stair3.6"
      }
    }
  },
  {
    "Type": "StaticMeshComponent",
    "Name": "StaticMeshComponent0",
    "Outer": "Default__Apollo_Boardwalk_Stair3_C",
    "Class": "UScriptClass'StaticMeshComponent'",
    "Properties": {
      "StaticMesh": {
        "ObjectName": "StaticMesh'Apollo_Boardwalk_StairsT'",
        "ObjectPath": "FortniteGame/Content/Environments/Apollo/Wood/Boardwalk/Meshes/Apollo_Boardwalk_StairsT.1"
      },
      "BodyInstance": {
        "bAutoWeld": false
      },
      "bCanEverAffectNavigation": true
    }
  }
]