[
  {
    "Type": "BlueprintGeneratedClass",
    "Name": "Apollo_Boardwalk_Stairs_C",
    "Class": "UScriptClass'BlueprintGeneratedClass'",
    "Properties": {
      "SimpleConstructionScript": {
        "ObjectName": "SimpleConstructionScript'Apollo_Boardwalk_Stairs_C:SimpleConstructionScript_36'",
        "ObjectPath": "FortniteGame/Content/Athena/Apollo/Environments/BuildingActors/Wood/Boardwalk/Stairs/Apollo_Boardwalk_Stairs.4"
      }
    },
    "SuperStruct": {
      "ObjectName": "Class'BuildingStairs'",
      "ObjectPath": "/Script/FortniteGame"
    }
  },
  {
    "Type": "Apollo_Boardwalk_Stairs_C",
    "Name": "Default__Apollo_Boardwalk_Stairs_C",
    "Class": "BlueprintGeneratedClass'FortniteGame/Content/Athena/Apollo/Environments/BuildingActors/Wood/Boardwalk/Stairs/Apollo_Boardwalk_Stairs.Apollo_Boardwalk_Stairs_C'",
    "Properties": {
      "StaticMesh": {
        "ObjectName": "StaticMesh'Apollo_Boardwalk_StairsF'",
        "ObjectPath": "FortniteGame/Content/Environments/Apollo/Wood/Boardwalk/Meshes/Apollo_Boardwalk_StairsF.1"
      },
      "ResourceType": "EFortResourceType::Wood",
      "StaticMeshComponent": {
        "ObjectName": "StaticMeshComponent'Default__Apollo_Boardwalk_Stairs_C:StaticMeshComponent0'",
        "ObjectPath": "FortniteGame/Content/Athena/Apollo/Environments/BuildingActors/Wood/Boardwalk/Stairs/Apollo_Boardwalk_Stairs.5"
      },
      "BuildingResourceAmountOverride": {
        "CurveTable": {
          "ObjectName": "CurveTable'AthenaResourceRates'",
          "ObjectPath": "FortniteGame/Content/Athena/Balance/DataTables/AthenaResourceRates.0"
        },
        "RowName": "LDBuildingNormal"
      },
      "DeathParticles": {
        "ObjectName": "ParticleSystem'P_Destruction_Wall_Solid_wood'",
        "ObjectPath": "FortniteGame/Content/Effects/Fort_Effects/PBW/Destruction/P_Destruction_Wall_Solid_wood.141"
      },
      "DeathParticleSocketName": "death_particles",
      "EditModePatternData": {
        "ObjectName": "BuildingEditModeMetadata_Stair'EMP_Stair_StairF'",
        "ObjectPath": "FortniteGame/Content/Building/EditModePatterns/Stair/EMP_Stair_StairF.0"
      },
      "NavigationLinksClass": {
        "AssetPathName": "/Game/Building/ActorBlueprints/Navigation/NavLink_StairF.NavLink_StairF_C",
        "SubPathString": ""
      },
      "CurrentBuildingLevel": 1,
      "AttributeInitKeys": {
        "AttributeInitCategory": "BuildingWood",
        "AttributeInitSubCategory": "2"
      },
      "AttributeInitKeys": {
        "AttributeInitCategory": "BuildingWood",
        "AttributeInitSubCategory": "2"
      },
      "RootComponent": {
        "ObjectName": "StaticMeshComponent'Default__Apollo_Boardwalk_Stairs_C:StaticMeshComponent0'",
        "ObjectPath": "FortniteGame/Content/Athena/Apollo/Environments/BuildingActors/Wood/Boardwalk/Stairs/Apollo_Boardwalk_Stairs.5"
      }
    }
  },
  {
    "Type": "SceneComponent",
    "Name": "SceneComponent_2281",
    "Outer": "Apollo_Boardwalk_Stairs_C",
    "Class": "UScriptClass'SceneComponent'"
  },
  {
    "Type": "SCS_Node",
    "Name": "SCS_Node_2285",
    "Outer": "SimpleConstructionScript_36",
    "Class": "UScriptClass'SCS_Node'",
    "Properties": {
      "ComponentClass": {
        "ObjectName": "Class'SceneComponent'",
        "ObjectPath": "/Script/Engine"
      },
      "ComponentTemplate": {
        "ObjectName": "SceneComponent'Apollo_Boardwalk_Stairs_C:SceneComponent_2281'",
        "ObjectPath": "FortniteGame/Content/Athena/Apollo/Environments/BuildingActors/Wood/Boardwalk/Stairs/Apollo_Boardwalk_Stairs.2"
      },
      "VariableGuid": "56BC9799-C494E6E6-321D4295-7D5EB316",
      "InternalVariableName": "DefaultSceneRoot"
    }
  },
  {
    "Type": "SimpleConstructionScript",
    "Name": "SimpleConstructionScript_36",
    "Outer": "Apollo_Boardwalk_Stairs_C",
    "Class": "UScriptClass'SimpleConstructionScript'",
    "Properties": {
      "DefaultSceneRootNode": {
        "ObjectName": "SCS_Node'Apollo_Boardwalk_Stairs_C:SimpleConstructionScript_36.SCS_Node_2285'",
        "ObjectPath": "FortniteGame/Content/Athena/Apollo/Environments/BuildingActors/Wood/Boardwalk/Stairs/Apollo_Boardwalk_Stairs.3"
      }
    }
  },
  {
    "Type": "StaticMeshComponent",
    "Name": "StaticMeshComponent0",
    "Outer": "Default__Apollo_Boardwalk_Stairs_C",
    "Class": "UScriptClass'StaticMeshComponent'",
    "Properties": {
      "StaticMesh": {
        "ObjectName": "StaticMesh'Apollo_Boardwalk_StairsF'",
        "ObjectPath": "FortniteGame/Content/Environments/Apollo/Wood/Boardwalk/Meshes/Apollo_Boardwalk_StairsF.1"
      },
      "CanCharacterStepUpOn": "ECB_Yes",
      "BodyInstance": {
        "bAutoWeld": false
      },
      "bCanEverAffectNavigation": true
    }
  }
]