[
  {
    "Type": "StructProperty",
    "Name": "UberGraphFrame",
    "Outer": "Apollo_Boardwalk_Stair4_C",
    "Class": "UScriptClass'StructProperty'",
    "PropertyFlags": "Transient | DuplicateTransient",
    "Struct": {
      "ObjectName": "ScriptStruct'PointerToUberGraphFrame'",
      "ObjectPath": "/Script/Engine"
    }
  },
  {
    "Type": "BlueprintGeneratedClass",
    "Name": "Apollo_Boardwalk_Stair4_C",
    "Class": "UScriptClass'BlueprintGeneratedClass'",
    "Properties": {
      "SimpleConstructionScript": {
        "ObjectName": "SimpleConstructionScript'Apollo_Boardwalk_Stair4_C:SimpleConstructionScript_602'",
        "ObjectPath": "FortniteGame/Content/Athena/Apollo/Environments/BuildingActors/Wood/Boardwalk/Stairs/Apollo_Boardwalk_Stair4.12"
      },
      "UberGraphFramePointerProperty": {
        "ObjectName": "StructProperty'Apollo_Boardwalk_Stair4_C:UberGraphFrame'",
        "ObjectPath": "FortniteGame/Content/Athena/Apollo/Environments/BuildingActors/Wood/Boardwalk/Stairs/Apollo_Boardwalk_Stair4.0"
      },
      "UberGraphFunction": {
        "ObjectName": "Function'Apollo_Boardwalk_Stair4_C:ExecuteUbergraph_Apollo_Boardwalk_Stair4'",
        "ObjectPath": "FortniteGame/Content/Athena/Apollo/Environments/BuildingActors/Wood/Boardwalk/Stairs/Apollo_Boardwalk_Stair4.7"
      }
    },
    "SuperStruct": {
      "ObjectName": "Class'BuildingStairs'",
      "ObjectPath": "/Script/FortniteGame"
    },
    "Children": [
      {
        "ObjectName": "StructProperty'Apollo_Boardwalk_Stair4_C:UberGraphFrame'",
        "ObjectPath": "FortniteGame/Content/Athena/Apollo/Environments/BuildingActors/Wood/Boardwalk/Stairs/Apollo_Boardwalk_Stair4.0"
      },
      {
        "ObjectName": "Function'Apollo_Boardwalk_Stair4_C:ReceiveBeginPlay'",
        "ObjectPath": "FortniteGame/Content/Athena/Apollo/Environments/BuildingActors/Wood/Boardwalk/Stairs/Apollo_Boardwalk_Stair4.8"
      },
      {
        "ObjectName": "Function'Apollo_Boardwalk_Stair4_C:ExecuteUbergraph_Apollo_Boardwalk_Stair4'",
        "ObjectPath": "FortniteGame/Content/Athena/Apollo/Environments/BuildingActors/Wood/Boardwalk/Stairs/Apollo_Boardwalk_Stair4.7"
      },
      {
        "ObjectName": "ObjectProperty'Apollo_Boardwalk_Stair4_C:WoodCreakSound'",
        "ObjectPath": "FortniteGame/Content/Athena/Apollo/Environments/BuildingActors/Wood/Boardwalk/Stairs/Apollo_Boardwalk_Stair4.5"
      },
      {
        "ObjectName": "ObjectProperty'Apollo_Boardwalk_Stair4_C:WoodCreakLoop_SoundCueSetting'",
        "ObjectPath": "FortniteGame/Content/Athena/Apollo/Environments/BuildingActors/Wood/Boardwalk/Stairs/Apollo_Boardwalk_Stair4.4"
      }
    ],
    "ClassFlags": "CLASS_MinimalAPI",
    "ClassWithin": null,
    "ClassConfigName": "/Game/Athena/Apollo/Environments/BuildingActors/Wood/Boardwalk/Stairs/Apollo_Boardwalk_Stair4_589823",
    "ClassGeneratedBy": null
  },
  {
    "Type": "Apollo_Boardwalk_Stair4_C",
    "Name": "Default__Apollo_Boardwalk_Stair4_C",
    "Class": "BlueprintGeneratedClass'FortniteGame/Content/Athena/Apollo/Environments/BuildingActors/Wood/Boardwalk/Stairs/Apollo_Boardwalk_Stair4.Apollo_Boardwalk_Stair4_C'",
    "Properties": {
      "UberGraphFrame": {},
      "WoodCreakLoop_SoundCueSetting": {
        "ObjectName": "SoundCue'Wood_Creak_MediumHigh_Loop_Cue'",
        "ObjectPath": "FortniteGame/Content/Sounds/Fort_Ambient_NonLoop/Wood/Wood_Creak_MediumHigh_Loop_Cue.0"
      },
      "StaticMesh": {
        "ObjectName": "StaticMesh'Apollo_Boardwalk_StairsR'",
        "ObjectPath": "FortniteGame/Content/Environments/Apollo/Wood/Boardwalk/Meshes/Apollo_Boardwalk_StairsR.1"
      },
      "ResourceType": "EFortResourceType::Wood",
      "StaticMeshComponent": {
        "ObjectName": "StaticMeshComponent'Default__Apollo_Boardwalk_Stair4_C:StaticMeshComponent0'",
        "ObjectPath": "FortniteGame/Content/Athena/Apollo/Environments/BuildingActors/Wood/Boardwalk/Stairs/Apollo_Boardwalk_Stair4.13"
      },
      "BuildingResourceAmountOverride": {
        "CurveTable": {
          "ObjectName": "CurveTable'AthenaResourceRates'",
          "ObjectPath": "FortniteGame/Content/Athena/Balance/DataTables/AthenaResourceRates.0"
        },
        "RowName": "LDBuildingNormal"
      },
      "DeathParticles": {
        "ObjectName": "ParticleSystem'P_Destruction_Wall_Solid_wood'",
        "ObjectPath": "FortniteGame/Content/Effects/Fort_Effects/PBW/Destruction/P_Destruction_Wall_Solid_wood.141"
      },
      "DeathParticleSocketName": "death_particles",
      "EditModePatternData": {
        "ObjectName": "BuildingEditModeMetadata_Stair'EMP_Stair_StairT'",
        "ObjectPath": "FortniteGame/Content/Building/EditModePatterns/Stair/EMP_Stair_StairT.0"
      },
      "NavigationLinksClass": {
        "AssetPathName": "/Game/Building/ActorBlueprints/Navigation/NavLink_StairT.NavLink_StairT_C",
        "SubPathString": ""
      },
      "CurrentBuildingLevel": 1,
      "AttributeInitKeys": {
        "AttributeInitCategory": "BuildingWood",
        "AttributeInitSubCategory": "2"
      },
      "AttributeInitKeys": {
        "AttributeInitCategory": "BuildingWood",
        "AttributeInitSubCategory": "2"
      },
      "RootComponent": {
        "ObjectName": "StaticMeshComponent'Default__Apollo_Boardwalk_Stair4_C:StaticMeshComponent0'",
        "ObjectPath": "FortniteGame/Content/Athena/Apollo/Environments/BuildingActors/Wood/Boardwalk/Stairs/Apollo_Boardwalk_Stair4.13"
      }
    }
  },
  {
    "Type": "AudioComponent",
    "Name": "AudioComponent_9",
    "Outer": "Apollo_Boardwalk_Stair4_C",
    "Class": "UScriptClass'AudioComponent'",
    "Properties": {
      "Sound": {
        "ObjectName": "SoundCue'Wood_Creak_MediumHigh_Loop_Cue'",
        "ObjectPath": "FortniteGame/Content/Sounds/Fort_Ambient_NonLoop/Wood/Wood_Creak_MediumHigh_Loop_Cue.0"
      },
      "RelativeLocation": {
        "X": 0.0,
        "Y": 170.37733,
        "Z": 184.35661
      }
    }
  },
  {
    "Type": "ObjectProperty",
    "Name": "WoodCreakLoop_SoundCueSetting",
    "Outer": "Apollo_Boardwalk_Stair4_C",
    "Class": "UScriptClass'ObjectProperty'",
    "PropertyFlags": "Edit | BlueprintVisible",
    "PropertyClass": {
      "ObjectName": "Class'SoundBase'",
      "ObjectPath": "/Script/Engine"
    }
  },
  {
    "Type": "ObjectProperty",
    "Name": "WoodCreakSound",
    "Outer": "Apollo_Boardwalk_Stair4_C",
    "Class": "UScriptClass'ObjectProperty'",
    "PropertyFlags": "BlueprintVisible | InstancedReference | NonTransactional",
    "PropertyClass": {
      "ObjectName": "Class'AudioComponent'",
      "ObjectPath": "/Script/Engine"
    }
  },
  {
    "Type": "IntProperty",
    "Name": "EntryPoint",
    "Outer": "ExecuteUbergraph_Apollo_Boardwalk_Stair4",
    "Class": "UScriptClass'IntProperty'",
    "PropertyFlags": "BlueprintVisible | BlueprintReadOnly | Parm"
  },
  {
    "Type": "Function",
    "Name": "ExecuteUbergraph_Apollo_Boardwalk_Stair4",
    "Outer": "Apollo_Boardwalk_Stair4_C",
    "Class": "UScriptClass'Function'",
    "Children": [
      {
        "ObjectName": "IntProperty'Apollo_Boardwalk_Stair4_C:ExecuteUbergraph_Apollo_Boardwalk_Stair4.EntryPoint'",
        "ObjectPath": "FortniteGame/Content/Athena/Apollo/Environments/BuildingActors/Wood/Boardwalk/Stairs/Apollo_Boardwalk_Stair4.6"
      }
    ],
    "FunctionFlags": "FUNC_None"
  },
  {
    "Type": "Function",
    "Name": "ReceiveBeginPlay",
    "Outer": "Apollo_Boardwalk_Stair4_C",
    "Class": "UScriptClass'Function'",
    "SuperStruct": {
      "ObjectName": "Function'Actor:ReceiveBeginPlay'",
      "ObjectPath": "/Script/Engine"
    },
    "FunctionFlags": "FUNC_None"
  },
  {
    "Type": "SceneComponent",
    "Name": "SceneComponent_2279",
    "Outer": "Apollo_Boardwalk_Stair4_C",
    "Class": "UScriptClass'SceneComponent'"
  },
  {
    "Type": "SCS_Node",
    "Name": "SCS_Node_2283",
    "Outer": "SimpleConstructionScript_602",
    "Class": "UScriptClass'SCS_Node'",
    "Properties": {
      "ComponentClass": {
        "ObjectName": "Class'SceneComponent'",
        "ObjectPath": "/Script/Engine"
      },
      "ComponentTemplate": {
        "ObjectName": "SceneComponent'Apollo_Boardwalk_Stair4_C:SceneComponent_2279'",
        "ObjectPath": "FortniteGame/Content/Athena/Apollo/Environments/BuildingActors/Wood/Boardwalk/Stairs/Apollo_Boardwalk_Stair4.9"
      },
      "VariableGuid": "56BC9799-C494E6E6-321D4295-7D5EB316",
      "InternalVariableName": "DefaultSceneRoot"
    }
  },
  {
    "Type": "SCS_Node",
    "Name": "SCS_Node_4",
    "Outer": "SimpleConstructionScript_602",
    "Class": "UScriptClass'SCS_Node'",
    "Properties": {
      "ComponentClass": {
        "ObjectName": "Class'AudioComponent'",
        "ObjectPath": "/Script/Engine"
      },
      "ComponentTemplate": {
        "ObjectName": "AudioComponent'Apollo_Boardwalk_Stair4_C:AudioComponent_9'",
        "ObjectPath": "FortniteGame/Content/Athena/Apollo/Environments/BuildingActors/Wood/Boardwalk/Stairs/Apollo_Boardwalk_Stair4.3"
      },
      "ParentComponentOrVariableName": "StaticMeshComponent0",
      "bIsParentComponentNative": true,
      "VariableGuid": "49EE9039-849D76A7-8AB308C7-2230D777",
      "InternalVariableName": "WoodCreakSound"
    }
  },
  {
    "Type": "SimpleConstructionScript",
    "Name": "SimpleConstructionScript_602",
    "Outer": "Apollo_Boardwalk_Stair4_C",
    "Class": "UScriptClass'SimpleConstructionScript'",
    "Properties": {
      "RootNodes": [
        {
          "ObjectName": "SCS_Node'Apollo_Boardwalk_Stair4_C:SimpleConstructionScript_602.SCS_Node_4'",
          "ObjectPath": "FortniteGame/Content/Athena/Apollo/Environments/BuildingActors/Wood/Boardwalk/Stairs/Apollo_Boardwalk_Stair4.11"
        }
      ],
      "AllNodes": [
        {
          "ObjectName": "SCS_Node'Apollo_Boardwalk_Stair4_C:SimpleConstructionScript_602.SCS_Node_4'",
          "ObjectPath": "FortniteGame/Content/Athena/Apollo/Environments/BuildingActors/Wood/Boardwalk/Stairs/Apollo_Boardwalk_Stair4.11"
        }
      ],
      "DefaultSceneRootNode": {
        "ObjectName": "SCS_Node'Apollo_Boardwalk_Stair4_C:SimpleConstructionScript_602.SCS_Node_2283'",
        "ObjectPath": "FortniteGame/Content/Athena/Apollo/Environments/BuildingActors/Wood/Boardwalk/Stairs/Apollo_Boardwalk_Stair4.10"
      }
    }
  },
  {
    "Type": "StaticMeshComponent",
    "Name": "StaticMeshComponent0",
    "Outer": "Default__Apollo_Boardwalk_Stair4_C",
    "Class": "UScriptClass'StaticMeshComponent'",
    "Properties": {
      "StaticMesh": {
        "ObjectName": "StaticMesh'Apollo_Boardwalk_StairsR'",
        "ObjectPath": "FortniteGame/Content/Environments/Apollo/Wood/Boardwalk/Meshes/Apollo_Boardwalk_StairsR.1"
      },
      "BodyInstance": {
        "bAutoWeld": false
      },
      "bCanEverAffectNavigation": true
    }
  }
]