[
  {
    "Type": "BodySetup",
    "Name": "BodySetup_1",
    "Outer": "SM_Athena_SS_1x1_Shrine_001_0_SM_FORT_Floors_Generic_BasicTile_5",
    "Class": "UScriptClass'BodySetup'",
    "Properties": {
      "DefaultInstance": {
        "ObjectType": "ECC_WorldStatic",
        "CollisionEnabled": "ECollisionEnabled::QueryOnly",
        "CollisionProfileName": "BlockAll",
        "CollisionResponses": {
          "ResponseArray": [
            {
              "Channel": "FCC_Trace_WeaponCapsule",
              "Response": "ECR_Block"
            },
            {
              "Channel": "FCC_Object_PawnAI",
              "Response": "ECR_Block"
            },
            {
              "Channel": "FCC_Trace_WeaponMulti",
              "Response": "ECR_Block"
            },
            {
              "Channel": "FCC_Trace_Weapon",
              "Response": "ECR_Block"
            },
            {
              "Channel": "FCC_Object_Projectile",
              "Response": "ECR_Block"
            },
            {
              "Channel": "FCC_Object_ProjectileIgnoreAI",
              "Response": "ECR_Block"
            },
            {
              "Channel": "FCC_Object_ProjectileMesh",
              "Response": "ECR_Block"
            },
            {
              "Channel": "FCC_Object_SpectatorDroneCamera",
              "Response": "ECR_Block"
            },
            {
              "Channel": "FCC_Trace_WeaponPawnAndWorldMulti",
              "Response": "ECR_Block"
            }
          ]
        }
      }
    },
    "BodySetupGuid": "98B936824F358B8C9E3D7F89E1977EEC"
  },
  {
    "Type": "HLODProxy",
    "Name": "Athena_SS_1x1_Shrine_001_0_HLOD",
    "Class": "UScriptClass'HLODProxy'",
    "Properties": {
      "ProxyMeshes": [
        {
          "LODActor": {
            "Guid": "5C0565A8-4C3D592B-8E95BAAA-D80DEF74"
          },
          "StaticMesh": {
            "ObjectName": "StaticMesh'SM_Athena_SS_1x1_Shrine_001_0_SM_FORT_Floors_Generic_BasicTile_5'",
            "ObjectPath": "FortniteGame/Content/Athena/Maps/Buildings/1x1/Shrines/HLOD/Athena_SS_1x1_Shrine_001_0_HLOD.3"
          },
          "Key": "76927B120C6645ACB9200E7FB8896AC3_5C0565A84C3D592B8E95BAAAD80DEF74_B6397B6E_1B864DD1_608D364B_ProxyLODMeshReduction"
        }
      ]
    }
  },
  {
    "Type": "MaterialInstanceConstant",
    "Name": "M_Athena_SS_1x1_Shrine_001_0_SM_FORT_Floors_Generic_BasicTile_5",
    "Class": "UScriptClass'MaterialInstanceConstant'",
    "Properties": {
      "Parent": {
        "ObjectName": "Material'BaseFlattenMaterial'",
        "ObjectPath": "Engine/Content/EngineMaterials/BaseFlattenMaterial.0"
      },
      "bHasStaticPermutationResource": true,
      "ScalarParameterValues": [
        {
          "ParameterInfo": {
            "Name": "MetallicConst",
            "Association": "GlobalParameter",
            "Index": -1
          },
          "ParameterValue": 0.0,
          "ExpressionGUID": "16B059D0-44221A3F-374E1891-C270FC15"
        },
        {
          "ParameterInfo": {
            "Name": "RoughnessConst",
            "Association": "GlobalParameter",
            "Index": -1
          },
          "ParameterValue": 1.0,
          "ExpressionGUID": "D267A77E-41FA7EC1-5E9D5BAE-BBF80B38"
        },
        {
          "ParameterInfo": {
            "Name": "SpecularConst",
            "Association": "GlobalParameter",
            "Index": -1
          },
          "ParameterValue": 0.075,
          "ExpressionGUID": "28B5BE19-4FC55461-751117AD-2CD30525"
        },
        {
          "ParameterInfo": {
            "Name": "OpacityConst",
            "Association": "GlobalParameter",
            "Index": -1
          },
          "ParameterValue": 1.0,
          "ExpressionGUID": "54F848F8-429DCBC2-7FFE98BC-6B68D0FF"
        },
        {
          "ParameterInfo": {
            "Name": "OpacityMaskConst",
            "Association": "GlobalParameter",
            "Index": -1
          },
          "ParameterValue": 1.0,
          "ExpressionGUID": "E97FC7E1-48654DF8-73D2E8A2-879E06C7"
        },
        {
          "ParameterInfo": {
            "Name": "AmbientOcclusionConst",
            "Association": "GlobalParameter",
            "Index": -1
          },
          "ParameterValue": 1.0,
          "ExpressionGUID": "423DC731-407F9562-94B756BF-6321AC88"
        }
      ],
      "TextureParameterValues": [
        {
          "ParameterInfo": {
            "Name": "DiffuseTexture",
            "Association": "GlobalParameter",
            "Index": -1
          },
          "ParameterValue": {
            "ObjectName": "Texture2D'T_Athena_SS_1x1_Shrine_001_0_SM_FORT_Floors_Generic_BasicTile_5_Diffuse'",
            "ObjectPath": "FortniteGame/Content/Athena/Maps/Buildings/1x1/Shrines/HLOD/Athena_SS_1x1_Shrine_001_0_HLOD.4"
          },
          "ExpressionGUID": "FA983522-483B48DB-7302F694-A9E59879"
        }
      ],
      "BasePropertyOverrides": {
        "bOverride_DitheredLODTransition": true,
        "DitheredLODTransition": true,
        "OpacityMaskClipValue": 0.3333
      },
      "StaticParameters": {
        "StaticSwitchParameters": [
          {
            "ParameterInfo": {
              "Name": "UseDiffuse",
              "Association": "GlobalParameter",
              "Index": -1
            },
            "Value": true,
            "bOverride": true,
            "ExpressionGUID": "99BA8635-4EAA882F-9D4136AF-958BF760"
          }
        ]
      }
    }
  },
  {
    "Type": "StaticMesh",
    "Name": "SM_Athena_SS_1x1_Shrine_001_0_SM_FORT_Floors_Generic_BasicTile_5",
    "Class": "UScriptClass'StaticMesh'",
    "Properties": {
      "StaticMaterials": [
        {
          "MaterialInterface": {
            "ObjectName": "MaterialInstanceConstant'M_Athena_SS_1x1_Shrine_001_0_SM_FORT_Floors_Generic_BasicTile_5'",
            "ObjectPath": "FortniteGame/Content/Athena/Maps/Buildings/1x1/Shrines/HLOD/Athena_SS_1x1_Shrine_001_0_HLOD.2"
          },
          "MaterialSlotName": "M_Athena_SS_1x1_Shrine_001_0_SM_FORT_Floors_Generic_BasicTile_5",
          "ImportedMaterialSlotName": "M_Athena_SS_1x1_Shrine_001_0_SM_FORT_Floors_Generic_BasicTile_5",
          "UVChannelData": {
            "bInitialized": true,
            "bOverrideDensities": false,
            "LocalUVDensities": 2657.4607,
            "LocalUVDensities": 2657.4607,
            "LocalUVDensities": 0.0,
            "LocalUVDensities": 0.0
          }
        }
      ],
      "LightmapUVDensity": 2657.4607,
      "ExtendedBounds": {
        "Origin": {
          "X": -10.717407,
          "Y": 3.0130615,
          "Z": 317.8264
        },
        "BoxExtent": {
          "X": 380.30984,
          "Y": 308.17972,
          "Z": 710.969
        },
        "SphereRadius": 816.53674
      }
    },
    "BodySetup": {
      "ObjectName": "BodySetup'SM_Athena_SS_1x1_Shrine_001_0_SM_FORT_Floors_Generic_BasicTile_5:BodySetup_1'",
      "ObjectPath": "FortniteGame/Content/Athena/Maps/Buildings/1x1/Shrines/HLOD/Athena_SS_1x1_Shrine_001_0_HLOD.0"
    },
    "NavCollision": null,
    "LightingGuid": "1920C653-4135C47A-5956F587-D44EDB0A",
    "RenderData": {
      "LODs": [
        {
          "Sections": [
            {
              "MaterialIndex": 0,
              "FirstIndex": 0,
              "NumTriangles": 172,
              "MinVertexIndex": 0,
              "MaxVertexIndex": 250,
              "bEnableCollision": false,
              "bCastShadow": true,
              "bForceOpaque": false,
              "bVisibleInRayTracing": true
            }
          ],
          "MaxDeviation": 0.0,
          "PositionVertexBuffer": {
            "Stride": 12,
            "NumVertices": 251
          },
          "VertexBuffer": {
            "NumTexCoords": 2,
            "NumVertices": 251,
            "Strides": -1,
            "UseHighPrecisionTangentBasis": false,
            "UseFullPrecisionUVs": false
          },
          "ColorVertexBuffer": {
            "Data": [],
            "Stride": 0,
            "NumVertices": 0
          }
        }
      ],
      "Bounds": {
        "Origin": {
          "X": -10.717407,
          "Y": 3.0130615,
          "Z": 317.8264
        },
        "BoxExtent": {
          "X": 380.30984,
          "Y": 308.17972,
          "Z": 710.969
        },
        "SphereRadius": 816.53674
      },
      "bLODsShareStaticLighting": true,
      "ScreenSize": [
        1.0,
        0.0,
        0.0,
        0.0,
        0.0,
        0.0,
        0.0,
        0.0
      ]
    }
  },
  {
    "Type": "Texture2D",
    "Name": "T_Athena_SS_1x1_Shrine_001_0_SM_FORT_Floors_Generic_BasicTile_5_Diffuse",
    "Class": "UScriptClass'Texture2D'",
    "Properties": {
      "ImportedSize": {
        "X": 128,
        "Y": 128
      },
      "LightingGuid": "CF478FEF-4C4D4AB5-FCEEF2A8-9A93D691",
      "LODGroup": "TEXTUREGROUP_HierarchicalLOD"
    },
    "SizeX": 0,
    "SizeY": 0,
    "PackedData": 0,
    "PixelFormat": "PF_Unknown",
    "FirstMipToSerialize": -1
  }
]