[
  {
    "Type": "BodySetup",
    "Name": "BodySetup_1",
    "Outer": "SM_LOD_StaticMeshActor_6",
    "Class": "UScriptClass'BodySetup'",
    "Properties": {
      "DefaultInstance": {
        "ObjectType": "ECC_WorldStatic",
        "CollisionProfileName": "BlockAll",
        "CollisionResponses": {
          "ResponseArray": [
            {
              "Channel": "FCC_Trace_WeaponCapsule",
              "Response": "ECR_Block"
            },
            {
              "Channel": "FCC_Object_PawnAI",
              "Response": "ECR_Block"
            },
            {
              "Channel": "FCC_Trace_WeaponMulti",
              "Response": "ECR_Block"
            },
            {
              "Channel": "FCC_Trace_Weapon",
              "Response": "ECR_Block"
            },
            {
              "Channel": "FCC_Object_Projectile",
              "Response": "ECR_Block"
            },
            {
              "Channel": "FCC_Object_ProjectileIgnoreAI",
              "Response": "ECR_Block"
            },
            {
              "Channel": "FCC_Object_ProjectileMesh",
              "Response": "ECR_Block"
            }
          ]
        },
        "CollisionEnabled": "ECollisionEnabled::QueryOnly"
      }
    },
    "BodySetupGuid": "CCB34E1D4A4FEE9CC8648F872B1E853B",
    "CookedFormatData": {
      "PhysXPC": {
        "BulkDataFlags": "BULKDATA_SingleUse | BULKDATA_ForceInlinePayload",
        "ElementCount": 35125,
        "SizeOnDisk": 35125,
        "OffsetInFile": "0x56F6D"
      }
    }
  },
  {
    "Type": "MaterialInstanceConstant",
    "Name": "M_LOD_StaticMeshActor_6",
    "Class": "UScriptClass'MaterialInstanceConstant'",
    "Properties": {
      "Parent": {
        "ObjectName": "Material'BaseFlattenMaterial'",
        "ObjectPath": "Engine/Content/EngineMaterials/BaseFlattenMaterial.0"
      },
      "bHasStaticPermutationResource": true,
      "ScalarParameterValues": [
        {
          "ParameterName": "MetallicConst",
          "ParameterValue": 0.0,
          "ExpressionGUID": "16B059D0-44221A3F-374E1891-C270FC15"
        },
        {
          "ParameterName": "RoughnessConst",
          "ParameterValue": 0.5,
          "ExpressionGUID": "D267A77E-41FA7EC1-5E9D5BAE-BBF80B38"
        },
        {
          "ParameterName": "SpecularConst",
          "ParameterValue": 0.075,
          "ExpressionGUID": "28B5BE19-4FC55461-751117AD-2CD30525"
        },
        {
          "ParameterName": "OpacityConst",
          "ParameterValue": 1.0,
          "ExpressionGUID": "54F848F8-429DCBC2-7FFE98BC-6B68D0FF"
        },
        {
          "ParameterName": "OpacityMaskConst",
          "ParameterValue": 1.0,
          "ExpressionGUID": "E97FC7E1-48654DF8-73D2E8A2-879E06C7"
        },
        {
          "ParameterName": "AmbientOcclusionConst",
          "ParameterValue": 1.0,
          "ExpressionGUID": "423DC731-407F9562-94B756BF-6321AC88"
        }
      ],
      "TextureParameterValues": [
        {
          "ParameterName": "DiffuseTexture",
          "ParameterValue": {
            "ObjectName": "Texture2D'T_LOD_StaticMeshActor_6_Diffuse'",
            "ObjectPath": "FortniteGame/Content/Athena/Maps/Buildings/3x3/HLOD/Athena_REM_3x3_RuinedBuilding_f_HLOD.4"
          },
          "ExpressionGUID": "FA983522-483B48DB-7302F694-A9E59879"
        }
      ],
      "BasePropertyOverrides": {
        "bOverride_DitheredLODTransition": true,
        "DitheredLODTransition": true
      }
    }
  },
  {
    "Type": "NavCollision",
    "Name": "NavCollision_1",
    "Outer": "SM_LOD_StaticMeshActor_6",
    "Class": "UScriptClass'NavCollision'",
    "CookedFormatData": {
      "NavCollision_X": {
        "BulkDataFlags": "BULKDATA_SingleUse | BULKDATA_ForceInlinePayload",
        "ElementCount": 21,
        "SizeOnDisk": 21,
        "OffsetInFile": "0x78691"
      }
    }
  },
  {
    "Type": "StaticMesh",
    "Name": "SM_LOD_StaticMeshActor_6",
    "Class": "UScriptClass'StaticMesh'",
    "Properties": {
      "StaticMaterials": [
        {
          "MaterialInterface": {
            "ObjectName": "MaterialInstanceConstant'M_LOD_StaticMeshActor_6'",
            "ObjectPath": "FortniteGame/Content/Athena/Maps/Buildings/3x3/HLOD/Athena_REM_3x3_RuinedBuilding_f_HLOD.1"
          },
          "MaterialSlotName": "None",
          "UVChannelData": {
            "bInitialized": true,
            "bOverrideDensities": false,
            "LocalUVDensities": 5989.246,
            "LocalUVDensities": 5990.9404,
            "LocalUVDensities": 0.0,
            "LocalUVDensities": 0.0
          }
        }
      ],
      "LightmapUVDensity": 5989.246,
      "ExtendedBounds": {
        "Origin": {
          "X": -527.49524,
          "Y": 533.78564,
          "Z": 565.74634
        },
        "BoxExtent": {
          "X": 799.6992,
          "Y": 797.1998,
          "Z": 602.3861
        },
        "SphereRadius": 1248.8586
      }
    },
    "BodySetup": {
      "ObjectName": "BodySetup'SM_LOD_StaticMeshActor_6:BodySetup_1'",
      "ObjectPath": "FortniteGame/Content/Athena/Maps/Buildings/3x3/HLOD/Athena_REM_3x3_RuinedBuilding_f_HLOD.0"
    },
    "NavCollision": {
      "ObjectName": "NavCollision'SM_LOD_StaticMeshActor_6:NavCollision_1'",
      "ObjectPath": "FortniteGame/Content/Athena/Maps/Buildings/3x3/HLOD/Athena_REM_3x3_RuinedBuilding_f_HLOD.2"
    },
    "LightingGuid": "93A43401-485242AB-C6302699-6379A440",
    "RenderData": {
      "LODs": [
        {
          "Sections": [
            {
              "MaterialIndex": 0,
              "FirstIndex": 0,
              "NumTriangles": 1056,
              "MinVertexIndex": 0,
              "MaxVertexIndex": 1251,
              "bEnableCollision": true,
              "bCastShadow": true,
              "bForceOpaque": false,
              "bVisibleInRayTracing": true
            }
          ],
          "MaxDeviation": 0.0,
          "PositionVertexBuffer": {
            "Stride": 12,
            "NumVertices": 1252
          },
          "VertexBuffer": {
            "NumTexCoords": 2,
            "NumVertices": 1252,
            "Strides": 16,
            "UseHighPrecisionTangentBasis": false,
            "UseFullPrecisionUVs": false
          },
          "ColorVertexBuffer": {
            "Data": [
              "CDCDCDCD",
              "CDCDCDCD",
              "CDCDCDCD",
              "CDCDCDCD",
              "CDCDCDCD",
              "CDCDCDCD",
              "CDCDCDCD",
              "CDCDCDCD",
              "CDCDCDCD",
              "CDCDCDCD",
              "CDCDCDCD",
              "CDCDCDCD",
              "CDCDCDCD",
              "CDCDCDCD",
              "CDCDCDCD",
              "CDCDCDCD",
              "CDCDCDCD",
              "CDCDCDCD",
              "CDCDCDCD",
              "CDCDCDCD",
              "CDCDCDCD",
              "CDCDCDCD",
              "CDCDCDCD",
              "CDCDCDCD",
              "CDCDCDCD",
              "CDCDCDCD",
              "CDCDCDCD",
              "CDCDCDCD",
              "CDCDCDCD",
              "CDCDCDCD",
              "CDCDCDCD",
              "CDCDCDCD",
              "CDCDCDCD",
              "CDCDCDCD",
              "CDCDCDCD",
              "CDCDCDCD",
              "CDCDCDCD",
              "CDCDCDCD",
              "CDCDCDCD",
              "CDCDCDCD",
              "CDCDCDCD",
              "CDCDCDCD",
              "CDCDCDCD",
              "CDCDCDCD",
              "CDCDCDCD",
              "CDCDCDCD",
              "CDCDCDCD",
              "CDCDCDCD",
              "CDCDCDCD",
              "CDCDCDCD",
              "CDCDCDCD",
              "CDCDCDCD",
              "CDCDCDCD",
              "CDCDCDCD",
              "CDCDCDCD",
              "CDCDCDCD",
              "CDCDCDCD",
              "CDCDCDCD",
              "CDCDCDCD",
              "CDCDCDCD",
              "CDCDCDCD",
              "CDCDCDCD",
              "CDCDCDCD",
              "CDCDCDCD",
              "CDCDCDCD",
              "CDCDCDCD",
              "CDCDCDCD",
              "CDCDCDCD",
              "CDCDCDCD",
              "CDCDCDCD",
              "CDCDCDCD",
              "CDCDCDCD",
              "CDCDCDCD",
              "CDCDCDCD",
              "CDCDCDCD",
              "CDCDCDCD",
              "CDCDCDCD",
              "CDCDCDCD",
              "CDCDCDCD",
              "CDCDCDCD",
              "CDCDCDCD",
              "CDCDCDCD",
              "CDCDCDCD",
              "CDCDCDCD",
              "CDCDCDCD",
              "CDCDCDCD",
              "CDCDCDCD",
              "CDCDCDCD",
              "CDCDCDCD",
              "CDCDCDCD",
              "CDCDCDCD",
              "CDCDCDCD",
              "CDCDCDCD",
              "CDCDCDCD",
              "CDCDCDCD",
              "CDCDCDCD",
              "CDCDCDCD",
              "CDCDCDCD",
              "CDCDCDCD",
              "CDCDCDCD",
              "CDCDCDCD",
              "CDCDCDCD",
              "CDCDCDCD",
              "CDCDCDCD",
              "CDCDCDCD",
              "CDCDCDCD",
              "CDCDCDCD",
              "CDCDCDCD",
              "CDCDCDCD",
              "CDCDCDCD",
              "CDCDCDCD",
              "CDCDCDCD",
              "CDCDCDCD",
              "CDCDCDCD",
              "CDCDCDCD",
              "CDCDCDCD",
              "CDCDCDCD",
              "CDCDCDCD",
              "CDCDCDCD",
              "CDCDCDCD",
              "CDCDCDCD",
              "CDCDCDCD",
              "CDCDCDCD",
              "CDCDCDCD",
              "CDCDCDCD",
              "CDCDCDCD",
              "CDCDCDCD",
              "CDCDCDCD",
              "CDCDCDCD",
              "CDCDCDCD",
              "CDCDCDCD",
              "CDCDCDCD",
              "CDCDCDCD",
              "CDCDCDCD",
              "CDCDCDCD",
              "CDCDCDCD",
              "CDCDCDCD",
              "CDCDCDCD",
              "CDCDCDCD",
              "CDCDCDCD",
              "CDCDCDCD",
              "CDCDCDCD",
              "CDCDCDCD",
              "CDCDCDCD",
              "CDCDCDCD",
              "CDCDCDCD",
              "CDCDCDCD",
              "CDCDCDCD",
              "CDCDCDCD",
              "CDCDCDCD",
              "CDCDCDCD",
              "CDCDCDCD",
              "CDCDCDCD",
              "CDCDCDCD",
              "CDCDCDCD",
              "CDCDCDCD",
              "CDCDCDCD",
              "CDCDCDCD",
              "CDCDCDCD",
              "CDCDCDCD",
              "CDCDCDCD",
              "CDCDCDCD",
              "CDCDCDCD",
              "CDCDCDCD",
              "CDCDCDCD",
              "CDCDCDCD",
              "CDCDCDCD",
              "CDCDCDCD",
              "CDCDCDCD",
              "CDCDCDCD",
              "CDCDCDCD",
              "CDCDCDCD",
              "CDCDCDCD",
              "CDCDCDCD",
              "CDCDCDCD",
              "CDCDCDCD",
              "CDCDCDCD",
              "CDCDCDCD",
              "CDCDCDCD",
              "CDCDCDCD",
              "CDCDCDCD",
              "CDCDCDCD",
              "CDCDCDCD",
              "CDCDCDCD",
              "CDCDCDCD",
              "CDCDCDCD",
              "CDCDCDCD",
              "CDCDCDCD",
              "CDCDCDCD",
              "CDCDCDCD",
              "CDCDCDCD",
              "CDCDCDCD",
              "CDCDCDCD",
              "CDCDCDCD",
              "CDCDCDCD",
              "CDCDCDCD",
              "CDCDCDCD",
              "CDCDCDCD",
              "CDCDCDCD",
              "CDCDCDCD",
              "CDCDCDCD",
              "CDCDCDCD",
              "CDCDCDCD",
              "CDCDCDCD",
              "CDCDCDCD",
              "CDCDCDCD",
              "CDCDCDCD",
              "CDCDCDCD",
              "CDCDCDCD",
              "CDCDCDCD",
              "CDCDCDCD",
              "CDCDCDCD",
              "CDCDCDCD",
              "CDCDCDCD",
              "CDCDCDCD",
              "CDCDCDCD",
              "CDCDCDCD",
              "CDCDCDCD",
              "CDCDCDCD",
              "CDCDCDCD",
              "CDCDCDCD",
              "CDCDCDCD",
              "CDCDCDCD",
              "CDCDCDCD",
              "CDCDCDCD",
              "CDCDCDCD",
              "CDCDCDCD",
              "CDCDCDCD",
              "CDCDCDCD",
              "CDCDCDCD",
              "CDCDCDCD",
              "CDCDCDCD",
              "CDCDCDCD",
              "CDCDCDCD",
              "CDCDCDCD",
              "CDCDCDCD",
              "CDCDCDCD",
              "CDCDCDCD",
              "CDCDCDCD",
              "CDCDCDCD",
              "CDCDCDCD",
              "CDCDCDCD",
              "CDCDCDCD",
              "CDCDCDCD",
              "CDCDCDCD",
              "CDCDCDCD",
              "CDCDCDCD",
              "CDCDCDCD",
              "CDCDCDCD",
              "CDCDCDCD",
              "CDCDCDCD",
              "CDCDCDCD",
              "CDCDCDCD",
              "CDCDCDCD",
              "CDCDCDCD",
              "CDCDCDCD",
              "CDCDCDCD",
              "CDCDCDCD",
              "CDCDCDCD",
              "CDCDCDCD",
              "CDCDCDCD",
              "CDCDCDCD",
              "CDCDCDCD",
              "CDCDCDCD",
              "CDCDCDCD",
              "CDCDCDCD",
              "CDCDCDCD",
              "CDCDCDCD",
              "CDCDCDCD",
              "CDCDCDCD",
              "CDCDCDCD",
              "CDCDCDCD",
              "CDCDCDCD",
              "CDCDCDCD",
              "CDCDCDCD",
              "CDCDCDCD",
              "CDCDCDCD",
              "CDCDCDCD",
              "CDCDCDCD",
              "CDCDCDCD",
              "CDCDCDCD",
              "CDCDCDCD",
              "CDCDCDCD",
              "CDCDCDCD",
              "CDCDCDCD",
              "CDCDCDCD",
              "CDCDCDCD",
              "CDCDCDCD",
              "CDCDCDCD",
              "CDCDCDCD",
              "CDCDCDCD",
              "CDCDCDCD",
              "CDCDCDCD",
              "CDCDCDCD",
              "CDCDCDCD",
              "CDCDCDCD",
              "CDCDCDCD",
              "CDCDCDCD",
              "CDCDCDCD",
              "CDCDCDCD",
              "CDCDCDCD",
              "CDCDCDCD",
              "CDCDCDCD",
              "CDCDCDCD",
              "CDCDCDCD",
              "CDCDCDCD",
              "CDCDCDCD",
              "CDCDCDCD",
              "CDCDCDCD",
              "CDCDCDCD",
              "CDCDCDCD",
              "CDCDCDCD",
              "CDCDCDCD",
              "CDCDCDCD",
              "CDCDCDCD",
              "CDCDCDCD",
              "CDCDCDCD",
              "CDCDCDCD",
              "CDCDCDCD",
              "CDCDCDCD",
              "CDCDCDCD",
              "CDCDCDCD",
              "CDCDCDCD",
              "CDCDCDCD",
              "CDCDCDCD",
              "CDCDCDCD",
              "CDCDCDCD",
              "CDCDCDCD",
              "CDCDCDCD",
              "CDCDCDCD",
              "CDCDCDCD",
              "CDCDCDCD",
              "CDCDCDCD",
              "CDCDCDCD",
              "CDCDCDCD",
              "CDCDCDCD",
              "CDCDCDCD",
              "CDCDCDCD",
              "CDCDCDCD",
              "CDCDCDCD",
              "CDCDCDCD",
              "CDCDCDCD",
              "CDCDCDCD",
              "CDCDCDCD",
              "CDCDCDCD",
              "CDCDCDCD",
              "CDCDCDCD",
              "CDCDCDCD",
              "CDCDCDCD",
              "CDCDCDCD",
              "CDCDCDCD",
              "CDCDCDCD",
              "CDCDCDCD",
              "CDCDCDCD",
              "CDCDCDCD",
              "CDCDCDCD",
              "CDCDCDCD",
              "CDCDCDCD",
              "CDCDCDCD",
              "CDCDCDCD",
              "CDCDCDCD",
              "CDCDCDCD",
              "CDCDCDCD",
              "CDCDCDCD",
              "CDCDCDCD",
              "CDCDCDCD",
              "CDCDCDCD",
              "CDCDCDCD",
              "CDCDCDCD",
              "CDCDCDCD",
              "CDCDCDCD",
              "CDCDCDCD",
              "CDCDCDCD",
              "CDCDCDCD",
              "CDCDCDCD",
              "CDCDCDCD",
              "CDCDCDCD",
              "CDCDCDCD",
              "CDCDCDCD",
              "CDCDCDCD",
              "CDCDCDCD",
              "CDCDCDCD",
              "CDCDCDCD",
              "CDCDCDCD",
              "CDCDCDCD",
              "CDCDCDCD",
              "CDCDCDCD",
              "CDCDCDCD",
              "CDCDCDCD",
              "CDCDCDCD",
              "CDCDCDCD",
              "CDCDCDCD",
              "CDCDCDCD",
              "CDCDCDCD",
              "CDCDCDCD",
              "CDCDCDCD",
              "CDCDCDCD",
              "CDCDCDCD",
              "CDCDCDCD",
              "CDCDCDCD",
              "CDCDCDCD",
              "CDCDCDCD",
              "CDCDCDCD",
              "CDCDCDCD",
              "CDCDCDCD",
              "CDCDCDCD",
              "CDCDCDCD",
              "CDCDCDCD",
              "CDCDCDCD",
              "CDCDCDCD",
              "CDCDCDCD",
              "CDCDCDCD",
              "CDCDCDCD",
              "CDCDCDCD",
              "CDCDCDCD",
              "CDCDCDCD",
              "CDCDCDCD",
              "CDCDCDCD",
              "CDCDCDCD",
              "CDCDCDCD",
              "CDCDCDCD",
              "CDCDCDCD",
              "CDCDCDCD",
              "CDCDCDCD",
              "CDCDCDCD",
              "CDCDCDCD",
              "CDCDCDCD",
              "CDCDCDCD",
              "CDCDCDCD",
              "CDCDCDCD",
              "CDCDCDCD",
              "CDCDCDCD",
              "CDCDCDCD",
              "CDCDCDCD",
              "CDCDCDCD",
              "CDCDCDCD",
              "CDCDCDCD",
              "CDCDCDCD",
              "CDCDCDCD",
              "CDCDCDCD",
              "CDCDCDCD",
              "CDCDCDCD",
              "CDCDCDCD",
              "CDCDCDCD",
              "CDCDCDCD",
              "CDCDCDCD",
              "CDCDCDCD",
              "CDCDCDCD",
              "CDCDCDCD",
              "CDCDCDCD",
              "CDCDCDCD",
              "CDCDCDCD",
              "CDCDCDCD",
              "CDCDCDCD",
              "CDCDCDCD",
              "CDCDCDCD",
              "CDCDCDCD",
              "CDCDCDCD",
              "CDCDCDCD",
              "CDCDCDCD",
              "CDCDCDCD",
              "CDCDCDCD",
              "CDCDCDCD",
              "CDCDCDCD",
              "CDCDCDCD",
              "CDCDCDCD",
              "CDCDCDCD",
              "CDCDCDCD",
              "CDCDCDCD",
              "CDCDCDCD",
              "CDCDCDCD",
              "CDCDCDCD",
              "CDCDCDCD",
              "CDCDCDCD",
              "CDCDCDCD",
              "CDCDCDCD",
              "CDCDCDCD",
              "CDCDCDCD",
              "CDCDCDCD",
              "CDCDCDCD",
              "CDCDCDCD",
              "CDCDCDCD",
              "CDCDCDCD",
              "CDCDCDCD",
              "CDCDCDCD",
              "CDCDCDCD",
              "CDCDCDCD",
              "CDCDCDCD",
              "CDCDCDCD",
              "CDCDCDCD",
              "CDCDCDCD",
              "CDCDCDCD",
              "CDCDCDCD",
              "CDCDCDCD",
              "CDCDCDCD",
              "CDCDCDCD",
              "CDCDCDCD",
              "CDCDCDCD",
              "CDCDCDCD",
              "CDCDCDCD",
              "CDCDCDCD",
              "CDCDCDCD",
              "CDCDCDCD",
              "CDCDCDCD",
              "CDCDCDCD",
              "CDCDCDCD",
              "CDCDCDCD",
              "CDCDCDCD",
              "CDCDCDCD",
              "CDCDCDCD",
              "CDCDCDCD",
              "CDCDCDCD",
              "CDCDCDCD",
              "CDCDCDCD",
              "CDCDCDCD",
              "CDCDCDCD",
              "CDCDCDCD",
              "CDCDCDCD",
              "CDCDCDCD",
              "CDCDCDCD",
              "CDCDCDCD",
              "CDCDCDCD",
              "CDCDCDCD",
              "CDCDCDCD",
              "CDCDCDCD",
              "CDCDCDCD",
              "CDCDCDCD",
              "CDCDCDCD",
              "CDCDCDCD",
              "CDCDCDCD",
              "CDCDCDCD",
              "CDCDCDCD",
              "CDCDCDCD",
              "CDCDCDCD",
              "CDCDCDCD",
              "CDCDCDCD",
              "CDCDCDCD",
              "CDCDCDCD",
              "CDCDCDCD",
              "CDCDCDCD",
              "CDCDCDCD",
              "CDCDCDCD",
              "CDCDCDCD",
              "CDCDCDCD",
              "CDCDCDCD",
              "CDCDCDCD",
              "CDCDCDCD",
              "CDCDCDCD",
              "CDCDCDCD",
              "CDCDCDCD",
              "CDCDCDCD",
              "CDCDCDCD",
              "CDCDCDCD",
              "CDCDCDCD",
              "CDCDCDCD",
              "CDCDCDCD",
              "CDCDCDCD",
              "CDCDCDCD",
              "CDCDCDCD",
              "CDCDCDCD",
              "CDCDCDCD",
              "CDCDCDCD",
              "CDCDCDCD",
              "CDCDCDCD",
              "CDCDCDCD",
              "CDCDCDCD",
              "CDCDCDCD",
              "CDCDCDCD",
              "CDCDCDCD",
              "CDCDCDCD",
              "CDCDCDCD",
              "CDCDCDCD",
              "CDCDCDCD",
              "CDCDCDCD",
              "CDCDCDCD",
              "CDCDCDCD",
              "CDCDCDCD",
              "CDCDCDCD",
              "CDCDCDCD",
              "CDCDCDCD",
              "CDCDCDCD",
              "CDCDCDCD",
              "CDCDCDCD",
              "CDCDCDCD",
              "CDCDCDCD",
              "CDCDCDCD",
              "CDCDCDCD",
              "CDCDCDCD",
              "CDCDCDCD",
              "CDCDCDCD",
              "CDCDCDCD",
              "CDCDCDCD",
              "CDCDCDCD",
              "CDCDCDCD",
              "CDCDCDCD",
              "CDCDCDCD",
              "CDCDCDCD",
              "CDCDCDCD",
              "CDCDCDCD",
              "CDCDCDCD",
              "CDCDCDCD",
              "CDCDCDCD",
              "CDCDCDCD",
              "CDCDCDCD",
              "CDCDCDCD",
              "CDCDCDCD",
              "CDCDCDCD",
              "CDCDCDCD",
              "CDCDCDCD",
              "CDCDCDCD",
              "CDCDCDCD",
              "CDCDCDCD",
              "CDCDCDCD",
              "CDCDCDCD",
              "CDCDCDCD",
              "CDCDCDCD",
              "CDCDCDCD",
              "CDCDCDCD",
              "CDCDCDCD",
              "CDCDCDCD",
              "CDCDCDCD",
              "CDCDCDCD",
              "CDCDCDCD",
              "CDCDCDCD",
              "CDCDCDCD",
              "CDCDCDCD",
              "CDCDCDCD",
              "CDCDCDCD",
              "CDCDCDCD",
              "CDCDCDCD",
              "CDCDCDCD",
              "CDCDCDCD",
              "CDCDCDCD",
              "CDCDCDCD",
              "CDCDCDCD",
              "CDCDCDCD",
              "CDCDCDCD",
              "CDCDCDCD",
              "CDCDCDCD",
              "CDCDCDCD",
              "CDCDCDCD",
              "CDCDCDCD",
              "CDCDCDCD",
              "CDCDCDCD",
              "CDCDCDCD",
              "CDCDCDCD",
              "CDCDCDCD",
              "CDCDCDCD",
              "CDCDCDCD",
              "CDCDCDCD",
              "CDCDCDCD",
              "CDCDCDCD",
              "CDCDCDCD",
              "CDCDCDCD",
              "CDCDCDCD",
              "CDCDCDCD",
              "CDCDCDCD",
              "CDCDCDCD",
              "CDCDCDCD",
              "CDCDCDCD",
              "CDCDCDCD",
              "CDCDCDCD",
              "CDCDCDCD",
              "CDCDCDCD",
              "CDCDCDCD",
              "CDCDCDCD",
              "CDCDCDCD",
              "CDCDCDCD",
              "CDCDCDCD",
              "CDCDCDCD",
              "CDCDCDCD",
              "CDCDCDCD",
              "CDCDCDCD",
              "CDCDCDCD",
              "CDCDCDCD",
              "CDCDCDCD",
              "CDCDCDCD",
              "CDCDCDCD",
              "CDCDCDCD",
              "CDCDCDCD",
              "CDCDCDCD",
              "CDCDCDCD",
              "CDCDCDCD",
              "CDCDCDCD",
              "CDCDCDCD",
              "CDCDCDCD",
              "CDCDCDCD",
              "CDCDCDCD",
              "CDCDCDCD",
              "CDCDCDCD",
              "CDCDCDCD",
              "CDCDCDCD",
              "CDCDCDCD",
              "CDCDCDCD",
              "CDCDCDCD",
              "CDCDCDCD",
              "CDCDCDCD",
              "CDCDCDCD",
              "CDCDCDCD",
              "CDCDCDCD",
              "CDCDCDCD",
              "CDCDCDCD",
              "CDCDCDCD",
              "CDCDCDCD",
              "CDCDCDCD",
              "CDCDCDCD",
              "CDCDCDCD",
              "CDCDCDCD",
              "CDCDCDCD",
              "CDCDCDCD",
              "CDCDCDCD",
              "CDCDCDCD",
              "CDCDCDCD",
              "CDCDCDCD",
              "CDCDCDCD",
              "CDCDCDCD",
              "CDCDCDCD",
              "CDCDCDCD",
              "CDCDCDCD",
              "CDCDCDCD",
              "CDCDCDCD",
              "CDCDCDCD",
              "CDCDCDCD",
              "CDCDCDCD",
              "CDCDCDCD",
              "CDCDCDCD",
              "CDCDCDCD",
              "CDCDCDCD",
              "CDCDCDCD",
              "CDCDCDCD",
              "CDCDCDCD",
              "CDCDCDCD",
              "CDCDCDCD",
              "CDCDCDCD",
              "CDCDCDCD",
              "CDCDCDCD",
              "CDCDCDCD",
              "CDCDCDCD",
              "CDCDCDCD",
              "CDCDCDCD",
              "CDCDCDCD",
              "CDCDCDCD",
              "CDCDCDCD",
              "CDCDCDCD",
              "CDCDCDCD",
              "CDCDCDCD",
              "CDCDCDCD",
              "CDCDCDCD",
              "CDCDCDCD",
              "CDCDCDCD",
              "CDCDCDCD",
              "CDCDCDCD",
              "CDCDCDCD",
              "CDCDCDCD",
              "CDCDCDCD",
              "CDCDCDCD",
              "CDCDCDCD",
              "CDCDCDCD",
              "CDCDCDCD",
              "CDCDCDCD",
              "CDCDCDCD",
              "CDCDCDCD",
              "CDCDCDCD",
              "CDCDCDCD",
              "CDCDCDCD",
              "CDCDCDCD",
              "CDCDCDCD",
              "CDCDCDCD",
              "CDCDCDCD",
              "CDCDCDCD",
              "CDCDCDCD",
              "CDCDCDCD",
              "CDCDCDCD",
              "CDCDCDCD",
              "CDCDCDCD",
              "CDCDCDCD",
              "CDCDCDCD",
              "CDCDCDCD",
              "CDCDCDCD",
              "CDCDCDCD",
              "CDCDCDCD",
              "CDCDCDCD",
              "CDCDCDCD",
              "CDCDCDCD",
              "CDCDCDCD",
              "CDCDCDCD",
              "CDCDCDCD",
              "CDCDCDCD",
              "CDCDCDCD",
              "CDCDCDCD",
              "CDCDCDCD",
              "CDCDCDCD",
              "CDCDCDCD",
              "CDCDCDCD",
              "CDCDCDCD",
              "CDCDCDCD",
              "CDCDCDCD",
              "CDCDCDCD",
              "CDCDCDCD",
              "CDCDCDCD",
              "CDCDCDCD",
              "CDCDCDCD",
              "CDCDCDCD",
              "CDCDCDCD",
              "CDCDCDCD",
              "CDCDCDCD",
              "CDCDCDCD",
              "CDCDCDCD",
              "CDCDCDCD",
              "CDCDCDCD",
              "CDCDCDCD",
              "CDCDCDCD",
              "CDCDCDCD",
              "CDCDCDCD",
              "CDCDCDCD",
              "CDCDCDCD",
              "CDCDCDCD",
              "CDCDCDCD",
              "CDCDCDCD",
              "CDCDCDCD",
              "CDCDCDCD",
              "CDCDCDCD",
              "CDCDCDCD",
              "CDCDCDCD",
              "CDCDCDCD",
              "CDCDCDCD",
              "CDCDCDCD",
              "CDCDCDCD",
              "CDCDCDCD",
              "CDCDCDCD",
              "CDCDCDCD",
              "CDCDCDCD",
              "CDCDCDCD",
              "CDCDCDCD",
              "CDCDCDCD",
              "CDCDCDCD",
              "CDCDCDCD",
              "CDCDCDCD",
              "CDCDCDCD",
              "CDCDCDCD",
              "CDCDCDCD",
              "CDCDCDCD",
              "CDCDCDCD",
              "CDCDCDCD",
              "CDCDCDCD",
              "CDCDCDCD",
              "CDCDCDCD",
              "CDCDCDCD",
              "CDCDCDCD",
              "CDCDCDCD",
              "CDCDCDCD",
              "CDCDCDCD",
              "CDCDCDCD",
              "CDCDCDCD",
              "CDCDCDCD",
              "CDCDCDCD",
              "CDCDCDCD",
              "CDCDCDCD",
              "CDCDCDCD",
              "CDCDCDCD",
              "CDCDCDCD",
              "CDCDCDCD",
              "CDCDCDCD",
              "CDCDCDCD",
              "CDCDCDCD",
              "CDCDCDCD",
              "CDCDCDCD",
              "CDCDCDCD",
              "CDCDCDCD",
              "CDCDCDCD",
              "CDCDCDCD",
              "CDCDCDCD",
              "CDCDCDCD",
              "CDCDCDCD",
              "CDCDCDCD",
              "CDCDCDCD",
              "CDCDCDCD",
              "CDCDCDCD",
              "CDCDCDCD",
              "CDCDCDCD",
              "CDCDCDCD",
              "CDCDCDCD",
              "CDCDCDCD",
              "CDCDCDCD",
              "CDCDCDCD",
              "CDCDCDCD",
              "CDCDCDCD",
              "CDCDCDCD",
              "CDCDCDCD",
              "CDCDCDCD",
              "CDCDCDCD",
              "CDCDCDCD",
              "CDCDCDCD",
              "CDCDCDCD",
              "CDCDCDCD",
              "CDCDCDCD",
              "CDCDCDCD",
              "CDCDCDCD",
              "CDCDCDCD",
              "CDCDCDCD",
              "CDCDCDCD",
              "CDCDCDCD",
              "CDCDCDCD",
              "CDCDCDCD",
              "CDCDCDCD",
              "CDCDCDCD",
              "CDCDCDCD",
              "CDCDCDCD",
              "CDCDCDCD",
              "CDCDCDCD",
              "CDCDCDCD",
              "CDCDCDCD",
              "CDCDCDCD",
              "CDCDCDCD",
              "CDCDCDCD",
              "CDCDCDCD",
              "CDCDCDCD",
              "CDCDCDCD",
              "CDCDCDCD",
              "CDCDCDCD",
              "CDCDCDCD",
              "CDCDCDCD",
              "CDCDCDCD",
              "CDCDCDCD",
              "CDCDCDCD",
              "CDCDCDCD",
              "CDCDCDCD",
              "CDCDCDCD",
              "CDCDCDCD",
              "CDCDCDCD",
              "CDCDCDCD",
              "CDCDCDCD",
              "CDCDCDCD",
              "CDCDCDCD",
              "CDCDCDCD",
              "CDCDCDCD",
              "CDCDCDCD",
              "CDCDCDCD",
              "CDCDCDCD",
              "CDCDCDCD",
              "CDCDCDCD",
              "CDCDCDCD",
              "CDCDCDCD",
              "CDCDCDCD",
              "CDCDCDCD",
              "CDCDCDCD",
              "CDCDCDCD",
              "CDCDCDCD",
              "CDCDCDCD",
              "CDCDCDCD",
              "CDCDCDCD",
              "CDCDCDCD",
              "CDCDCDCD",
              "CDCDCDCD",
              "CDCDCDCD",
              "CDCDCDCD",
              "CDCDCDCD",
              "CDCDCDCD",
              "CDCDCDCD",
              "CDCDCDCD",
              "CDCDCDCD",
              "CDCDCDCD",
              "CDCDCDCD",
              "CDCDCDCD",
              "CDCDCDCD",
              "CDCDCDCD",
              "CDCDCDCD",
              "CDCDCDCD",
              "CDCDCDCD",
              "CDCDCDCD",
              "CDCDCDCD",
              "CDCDCDCD",
              "CDCDCDCD",
              "CDCDCDCD",
              "CDCDCDCD",
              "CDCDCDCD",
              "CDCDCDCD",
              "CDCDCDCD",
              "CDCDCDCD",
              "CDCDCDCD",
              "CDCDCDCD",
              "CDCDCDCD",
              "CDCDCDCD",
              "CDCDCDCD",
              "CDCDCDCD",
              "CDCDCDCD",
              "CDCDCDCD",
              "CDCDCDCD",
              "CDCDCDCD",
              "CDCDCDCD",
              "CDCDCDCD",
              "CDCDCDCD",
              "CDCDCDCD",
              "CDCDCDCD",
              "CDCDCDCD",
              "CDCDCDCD",
              "CDCDCDCD",
              "CDCDCDCD",
              "CDCDCDCD",
              "CDCDCDCD",
              "CDCDCDCD",
              "CDCDCDCD",
              "CDCDCDCD",
              "CDCDCDCD",
              "CDCDCDCD",
              "CDCDCDCD",
              "CDCDCDCD",
              "CDCDCDCD",
              "CDCDCDCD",
              "CDCDCDCD",
              "CDCDCDCD",
              "CDCDCDCD",
              "CDCDCDCD",
              "CDCDCDCD",
              "CDCDCDCD",
              "CDCDCDCD",
              "CDCDCDCD",
              "CDCDCDCD",
              "CDCDCDCD",
              "CDCDCDCD",
              "CDCDCDCD",
              "CDCDCDCD",
              "CDCDCDCD",
              "CDCDCDCD",
              "CDCDCDCD",
              "CDCDCDCD",
              "CDCDCDCD",
              "CDCDCDCD",
              "CDCDCDCD",
              "CDCDCDCD",
              "CDCDCDCD",
              "CDCDCDCD",
              "CDCDCDCD",
              "CDCDCDCD",
              "CDCDCDCD",
              "CDCDCDCD",
              "CDCDCDCD",
              "CDCDCDCD",
              "CDCDCDCD",
              "CDCDCDCD",
              "CDCDCDCD",
              "CDCDCDCD",
              "CDCDCDCD",
              "CDCDCDCD",
              "CDCDCDCD",
              "CDCDCDCD",
              "CDCDCDCD",
              "CDCDCDCD",
              "CDCDCDCD",
              "CDCDCDCD",
              "CDCDCDCD",
              "CDCDCDCD",
              "CDCDCDCD",
              "CDCDCDCD",
              "CDCDCDCD",
              "CDCDCDCD",
              "CDCDCDCD",
              "CDCDCDCD",
              "CDCDCDCD",
              "CDCDCDCD",
              "CDCDCDCD",
              "CDCDCDCD",
              "CDCDCDCD",
              "CDCDCDCD",
              "CDCDCDCD",
              "CDCDCDCD",
              "CDCDCDCD",
              "CDCDCDCD",
              "CDCDCDCD",
              "CDCDCDCD",
              "CDCDCDCD",
              "CDCDCDCD",
              "CDCDCDCD",
              "CDCDCDCD",
              "CDCDCDCD",
              "CDCDCDCD",
              "CDCDCDCD",
              "CDCDCDCD",
              "CDCDCDCD",
              "CDCDCDCD",
              "CDCDCDCD",
              "CDCDCDCD",
              "CDCDCDCD",
              "CDCDCDCD",
              "CDCDCDCD",
              "CDCDCDCD",
              "CDCDCDCD",
              "CDCDCDCD",
              "CDCDCDCD",
              "CDCDCDCD",
              "CDCDCDCD",
              "CDCDCDCD",
              "CDCDCDCD",
              "CDCDCDCD",
              "CDCDCDCD",
              "CDCDCDCD",
              "CDCDCDCD",
              "CDCDCDCD",
              "CDCDCDCD",
              "CDCDCDCD",
              "CDCDCDCD",
              "CDCDCDCD",
              "CDCDCDCD",
              "CDCDCDCD",
              "CDCDCDCD",
              "CDCDCDCD",
              "CDCDCDCD",
              "CDCDCDCD",
              "CDCDCDCD",
              "CDCDCDCD",
              "CDCDCDCD",
              "CDCDCDCD",
              "CDCDCDCD",
              "CDCDCDCD",
              "CDCDCDCD",
              "CDCDCDCD",
              "CDCDCDCD",
              "CDCDCDCD",
              "CDCDCDCD",
              "CDCDCDCD",
              "CDCDCDCD",
              "CDCDCDCD",
              "CDCDCDCD",
              "CDCDCDCD",
              "CDCDCDCD",
              "CDCDCDCD",
              "CDCDCDCD",
              "CDCDCDCD",
              "CDCDCDCD",
              "CDCDCDCD",
              "CDCDCDCD",
              "CDCDCDCD",
              "CDCDCDCD",
              "CDCDCDCD",
              "CDCDCDCD",
              "CDCDCDCD",
              "CDCDCDCD",
              "CDCDCDCD",
              "CDCDCDCD",
              "CDCDCDCD",
              "CDCDCDCD",
              "CDCDCDCD",
              "CDCDCDCD",
              "CDCDCDCD",
              "CDCDCDCD",
              "CDCDCDCD",
              "CDCDCDCD",
              "CDCDCDCD",
              "CDCDCDCD",
              "CDCDCDCD",
              "CDCDCDCD",
              "CDCDCDCD",
              "CDCDCDCD",
              "CDCDCDCD",
              "CDCDCDCD",
              "CDCDCDCD",
              "CDCDCDCD",
              "CDCDCDCD",
              "CDCDCDCD",
              "CDCDCDCD",
              "CDCDCDCD",
              "CDCDCDCD",
              "CDCDCDCD",
              "CDCDCDCD",
              "CDCDCDCD",
              "CDCDCDCD",
              "CDCDCDCD",
              "CDCDCDCD",
              "CDCDCDCD",
              "CDCDCDCD",
              "CDCDCDCD",
              "CDCDCDCD",
              "CDCDCDCD",
              "CDCDCDCD",
              "CDCDCDCD",
              "CDCDCDCD",
              "CDCDCDCD",
              "CDCDCDCD",
              "CDCDCDCD",
              "CDCDCDCD",
              "CDCDCDCD",
              "CDCDCDCD",
              "CDCDCDCD",
              "CDCDCDCD",
              "CDCDCDCD",
              "CDCDCDCD",
              "CDCDCDCD",
              "CDCDCDCD",
              "CDCDCDCD",
              "CDCDCDCD",
              "CDCDCDCD",
              "CDCDCDCD",
              "CDCDCDCD",
              "CDCDCDCD",
              "CDCDCDCD",
              "CDCDCDCD",
              "CDCDCDCD",
              "CDCDCDCD",
              "CDCDCDCD",
              "CDCDCDCD",
              "CDCDCDCD",
              "CDCDCDCD",
              "CDCDCDCD",
              "CDCDCDCD",
              "CDCDCDCD",
              "CDCDCDCD",
              "CDCDCDCD",
              "CDCDCDCD",
              "CDCDCDCD",
              "CDCDCDCD",
              "CDCDCDCD",
              "CDCDCDCD",
              "CDCDCDCD",
              "CDCDCDCD",
              "CDCDCDCD",
              "CDCDCDCD",
              "CDCDCDCD",
              "CDCDCDCD",
              "CDCDCDCD",
              "CDCDCDCD",
              "CDCDCDCD",
              "CDCDCDCD",
              "CDCDCDCD",
              "CDCDCDCD",
              "CDCDCDCD",
              "CDCDCDCD",
              "CDCDCDCD",
              "CDCDCDCD",
              "CDCDCDCD",
              "CDCDCDCD",
              "CDCDCDCD",
              "CDCDCDCD",
              "CDCDCDCD",
              "CDCDCDCD",
              "CDCDCDCD",
              "CDCDCDCD",
              "CDCDCDCD",
              "CDCDCDCD",
              "CDCDCDCD",
              "CDCDCDCD",
              "CDCDCDCD",
              "CDCDCDCD",
              "CDCDCDCD",
              "CDCDCDCD",
              "CDCDCDCD",
              "CDCDCDCD",
              "CDCDCDCD",
              "CDCDCDCD",
              "CDCDCDCD",
              "CDCDCDCD",
              "CDCDCDCD",
              "CDCDCDCD"
            ],
            "Stride": 4,
            "NumVertices": 1252
          }
        }
      ],
      "Bounds": {
        "Origin": {
          "X": -527.49524,
          "Y": 533.78564,
          "Z": 565.74634
        },
        "BoxExtent": {
          "X": 799.6992,
          "Y": 797.1998,
          "Z": 602.3861
        },
        "SphereRadius": 1248.8586
      },
      "bLODsShareStaticLighting": true,
      "ScreenSize": [
        1E-45,
        1.0,
        1E-45,
        0.0,
        1E-45,
        0.0,
        1E-45,
        0.0
      ]
    }
  },
  {
    "Type": "Texture2D",
    "Name": "T_LOD_StaticMeshActor_6_Diffuse",
    "Class": "UScriptClass'Texture2D'",
    "Properties": {
      "ImportedSize": {
        "X": 256,
        "Y": 256
      },
      "LightingGuid": "6B3E0FCB-49296ABE-A634368A-8EF0B9B4",
      "LODGroup": "TEXTUREGROUP_HierarchicalLOD"
    },
    "SizeX": 256,
    "SizeY": 256,
    "PackedData": 1,
    "PixelFormat": "PF_DXT1",
    "FirstMipToSerialize": 0,
    "Mips": [
      {
        "BulkData": {
          "BulkDataFlags": "BULKDATA_PayloadAtEndOfFile | BULKDATA_PayloadInSeperateFile | BULKDATA_Force_NOT_InlinePayload",
          "ElementCount": 32768,
          "SizeOnDisk": 32768,
          "OffsetInFile": "0x0"
        },
        "SizeX": 256,
        "SizeY": 256,
        "SizeZ": 1
      },
      {
        "BulkData": {
          "BulkDataFlags": "BULKDATA_PayloadAtEndOfFile | BULKDATA_PayloadInSeperateFile | BULKDATA_Force_NOT_InlinePayload",
          "ElementCount": 8192,
          "SizeOnDisk": 8192,
          "OffsetInFile": "0x8000"
        },
        "SizeX": 128,
        "SizeY": 128,
        "SizeZ": 1
      },
      {
        "BulkData": {
          "BulkDataFlags": "BULKDATA_SingleUse | BULKDATA_ForceInlinePayload",
          "ElementCount": 2048,
          "SizeOnDisk": 2048,
          "OffsetInFile": "0xA9A6A"
        },
        "SizeX": 64,
        "SizeY": 64,
        "SizeZ": 1
      },
      {
        "BulkData": {
          "BulkDataFlags": "BULKDATA_SingleUse | BULKDATA_ForceInlinePayload",
          "ElementCount": 512,
          "SizeOnDisk": 512,
          "OffsetInFile": "0xAA28A"
        },
        "SizeX": 32,
        "SizeY": 32,
        "SizeZ": 1
      },
      {
        "BulkData": {
          "BulkDataFlags": "BULKDATA_SingleUse | BULKDATA_ForceInlinePayload",
          "ElementCount": 128,
          "SizeOnDisk": 128,
          "OffsetInFile": "0xAA4AA"
        },
        "SizeX": 16,
        "SizeY": 16,
        "SizeZ": 1
      },
      {
        "BulkData": {
          "BulkDataFlags": "BULKDATA_SingleUse | BULKDATA_ForceInlinePayload",
          "ElementCount": 32,
          "SizeOnDisk": 32,
          "OffsetInFile": "0xAA54A"
        },
        "SizeX": 8,
        "SizeY": 8,
        "SizeZ": 1
      },
      {
        "BulkData": {
          "BulkDataFlags": "BULKDATA_SingleUse | BULKDATA_ForceInlinePayload",
          "ElementCount": 8,
          "SizeOnDisk": 8,
          "OffsetInFile": "0xAA58A"
        },
        "SizeX": 4,
        "SizeY": 4,
        "SizeZ": 1
      },
      {
        "BulkData": {
          "BulkDataFlags": "BULKDATA_SingleUse | BULKDATA_ForceInlinePayload",
          "ElementCount": 8,
          "SizeOnDisk": 8,
          "OffsetInFile": "0xAA5B2"
        },
        "SizeX": 4,
        "SizeY": 4,
        "SizeZ": 1
      },
      {
        "BulkData": {
          "BulkDataFlags": "BULKDATA_SingleUse | BULKDATA_ForceInlinePayload",
          "ElementCount": 8,
          "SizeOnDisk": 8,
          "OffsetInFile": "0xAA5DA"
        },
        "SizeX": 4,
        "SizeY": 4,
        "SizeZ": 1
      }
    ]
  }
]