[
  {
    "Type": "StructProperty",
    "Name": "UberGraphFrame",
    "Outer": "Prop_Apollo_LilyPad_C",
    "Class": "UScriptClass'StructProperty'",
    "PropertyFlags": "Transient | DuplicateTransient",
    "Struct": {
      "ObjectName": "ScriptStruct'PointerToUberGraphFrame'",
      "ObjectPath": "/Script/Engine"
    }
  },
  {
    "Type": "BlueprintGeneratedClass",
    "Name": "Prop_Apollo_LilyPad_C",
    "Class": "UScriptClass'BlueprintGeneratedClass'",
    "Properties": {
      "DynamicBindingObjects": [
        {
          "ObjectName": "ComponentDelegateBinding'Prop_Apollo_LilyPad_C:ComponentDelegateBinding_0'",
          "ObjectPath": "FortniteGame/Content/Athena/Apollo/Environments/BuildingActors/Swamp/Props/Prop_Apollo_LilyPad.38"
        }
      ],
      "SimpleConstructionScript": {
        "ObjectName": "SimpleConstructionScript'Prop_Apollo_LilyPad_C:SimpleConstructionScript_618'",
        "ObjectPath": "FortniteGame/Content/Athena/Apollo/Environments/BuildingActors/Swamp/Props/Prop_Apollo_LilyPad.78"
      },
      "UberGraphFramePointerProperty": {
        "ObjectName": "StructProperty'Prop_Apollo_LilyPad_C:UberGraphFrame'",
        "ObjectPath": "FortniteGame/Content/Athena/Apollo/Environments/BuildingActors/Swamp/Props/Prop_Apollo_LilyPad.0"
      },
      "UberGraphFunction": {
        "ObjectName": "Function'Prop_Apollo_LilyPad_C:ExecuteUbergraph_Prop_Apollo_LilyPad'",
        "ObjectPath": "FortniteGame/Content/Athena/Apollo/Environments/BuildingActors/Swamp/Props/Prop_Apollo_LilyPad.5"
      }
    },
    "SuperStruct": {
      "ObjectName": "Class'BuildingProp'",
      "ObjectPath": "/Script/FortniteGame"
    },
    "Children": [
      {
        "ObjectName": "StructProperty'Prop_Apollo_LilyPad_C:UberGraphFrame'",
        "ObjectPath": "FortniteGame/Content/Athena/Apollo/Environments/BuildingActors/Swamp/Props/Prop_Apollo_LilyPad.0"
      },
      {
        "ObjectName": "Function'Prop_Apollo_LilyPad_C:CeilingCheck'",
        "ObjectPath": "FortniteGame/Content/Athena/Apollo/Environments/BuildingActors/Swamp/Props/Prop_Apollo_LilyPad.12"
      },
      {
        "ObjectName": "Function'Prop_Apollo_LilyPad_C:BndEvt__Jump_Collision_K2Node_ComponentBoundEvent_252_ComponentBeginOverlapSignature__DelegateSignature'",
        "ObjectPath": "FortniteGame/Content/Athena/Apollo/Environments/BuildingActors/Swamp/Props/Prop_Apollo_LilyPad.10"
      },
      {
        "ObjectName": "Function'Prop_Apollo_LilyPad_C:Reset Bounce Sound'",
        "ObjectPath": "FortniteGame/Content/Athena/Apollo/Environments/BuildingActors/Swamp/Props/Prop_Apollo_LilyPad.8"
      },
      {
        "ObjectName": "Function'Prop_Apollo_LilyPad_C:CustomEvent'",
        "ObjectPath": "FortniteGame/Content/Athena/Apollo/Environments/BuildingActors/Swamp/Props/Prop_Apollo_LilyPad.7"
      },
      {
        "ObjectName": "Function'Prop_Apollo_LilyPad_C:BounceAnim'",
        "ObjectPath": "FortniteGame/Content/Athena/Apollo/Environments/BuildingActors/Swamp/Props/Prop_Apollo_LilyPad.6"
      },
      {
        "ObjectName": "Function'Prop_Apollo_LilyPad_C:ExecuteUbergraph_Prop_Apollo_LilyPad'",
        "ObjectPath": "FortniteGame/Content/Athena/Apollo/Environments/BuildingActors/Swamp/Props/Prop_Apollo_LilyPad.5"
      },
      {
        "ObjectName": "ObjectProperty'Prop_Apollo_LilyPad_C:Jump_Collision'",
        "ObjectPath": "FortniteGame/Content/Athena/Apollo/Environments/BuildingActors/Swamp/Props/Prop_Apollo_LilyPad.3"
      },
      {
        "ObjectName": "BoolProperty'Prop_Apollo_LilyPad_C:Ceiling'",
        "ObjectPath": "FortniteGame/Content/Athena/Apollo/Environments/BuildingActors/Swamp/Props/Prop_Apollo_LilyPad.20"
      },
      {
        "ObjectName": "FloatProperty'Prop_Apollo_LilyPad_C:BounceHeight'",
        "ObjectPath": "FortniteGame/Content/Athena/Apollo/Environments/BuildingActors/Swamp/Props/Prop_Apollo_LilyPad.39"
      },
      {
        "ObjectName": "FloatProperty'Prop_Apollo_LilyPad_C:JumpHeight'",
        "ObjectPath": "FortniteGame/Content/Athena/Apollo/Environments/BuildingActors/Swamp/Props/Prop_Apollo_LilyPad.49"
      },
      {
        "ObjectName": "FloatProperty'Prop_Apollo_LilyPad_C:FinalBounceJumpHeight'",
        "ObjectPath": "FortniteGame/Content/Athena/Apollo/Environments/BuildingActors/Swamp/Props/Prop_Apollo_LilyPad.48"
      },
      {
        "ObjectName": "ObjectProperty'Prop_Apollo_LilyPad_C:LaunchForceFeedback'",
        "ObjectPath": "FortniteGame/Content/Athena/Apollo/Environments/BuildingActors/Swamp/Props/Prop_Apollo_LilyPad.70"
      },
      {
        "ObjectName": "ObjectProperty'Prop_Apollo_LilyPad_C:OverlapPawn'",
        "ObjectPath": "FortniteGame/Content/Athena/Apollo/Environments/BuildingActors/Swamp/Props/Prop_Apollo_LilyPad.73"
      },
      {
        "ObjectName": "ObjectProperty'Prop_Apollo_LilyPad_C:OverlapController'",
        "ObjectPath": "FortniteGame/Content/Athena/Apollo/Environments/BuildingActors/Swamp/Props/Prop_Apollo_LilyPad.72"
      },
      {
        "ObjectName": "ClassProperty'Prop_Apollo_LilyPad_C:GE_PlayerLaunched'",
        "ObjectPath": "FortniteGame/Content/Athena/Apollo/Environments/BuildingActors/Swamp/Props/Prop_Apollo_LilyPad.37"
      },
      {
        "ObjectName": "ObjectProperty'Prop_Apollo_LilyPad_C:LilypadSound'",
        "ObjectPath": "FortniteGame/Content/Athena/Apollo/Environments/BuildingActors/Swamp/Props/Prop_Apollo_LilyPad.71"
      },
      {
        "ObjectName": "ObjectProperty'Prop_Apollo_LilyPad_C:OverlapVehicle'",
        "ObjectPath": "FortniteGame/Content/Athena/Apollo/Environments/BuildingActors/Swamp/Props/Prop_Apollo_LilyPad.74"
      },
      {
        "ObjectName": "StructProperty'Prop_Apollo_LilyPad_C:NewVar_0'",
        "ObjectPath": "FortniteGame/Content/Athena/Apollo/Environments/BuildingActors/Swamp/Props/Prop_Apollo_LilyPad.95"
      }
    ]
  },
  {
    "Type": "Prop_Apollo_LilyPad_C",
    "Name": "Default__Prop_Apollo_LilyPad_C",
    "Class": "BlueprintGeneratedClass'FortniteGame/Content/Athena/Apollo/Environments/BuildingActors/Swamp/Props/Prop_Apollo_LilyPad.Prop_Apollo_LilyPad_C'",
    "Properties": {
      "UberGraphFrame": {},
      "LaunchForceFeedback": {
        "ObjectName": "ForceFeedbackEffect'FF_Generic_LaunchPawn'",
        "ObjectPath": "FortniteGame/Content/Weapons/ForceFeedback/FF_Generic_LaunchPawn.0"
      },
      "GE_PlayerLaunched": {
        "ObjectName": "BlueprintGeneratedClass'GE_Generic_Character_Launch_C'",
        "ObjectPath": "FortniteGame/Content/Abilities/Player/Generic/GameplayEffects/GE_Generic_Character_Launch.0"
      },
      "LilypadSound": {
        "ObjectName": "SoundCue'Prop_Lilypad_Jump_Cue'",
        "ObjectPath": "FortniteGame/Content/Sounds/Fort_Test_Sounds/World_Objects/Bouncing/Prop_Lilypad_Jump_Cue.0"
      },
      "NewVar_0": {
        "TagName": "GameplayCue.Athena.HidingProp.Wobble"
      },
      "StaticMesh": {
        "ObjectName": "StaticMesh'S_Swamp_LilyPad_Large_01'",
        "ObjectPath": "FortniteGame/Content/Environments/Apollo/Sets/Swamp/Props/Meshes/S_Swamp_LilyPad_Large_01.1"
      },
      "RandomScaleRange": {
        "X": 0.8,
        "Y": 1.3
      },
      "StaticMeshComponent": {
        "ObjectName": "StaticMeshComponent'Default__Prop_Apollo_LilyPad_C:StaticMeshComponent0'",
        "ObjectPath": "FortniteGame/Content/Athena/Apollo/Environments/BuildingActors/Swamp/Props/Prop_Apollo_LilyPad.79"
      },
      "BuildingResourceAmountOverride": {
        "CurveTable": {
          "ObjectName": "CurveTable'AthenaResourceRates'",
          "ObjectPath": "FortniteGame/Content/Athena/Balance/DataTables/AthenaResourceRates.0"
        },
        "RowName": "ResourceNone"
      },
      "DeathParticles": {
        "ObjectName": "ParticleSystem'P_General_Deco_Destruction_Large'",
        "ObjectPath": "FortniteGame/Content/Effects/Fort_Effects/World/Destruction/Base_Effects/P_General_Deco_Destruction_Large.100"
      },
      "DeathSound": {
        "ObjectName": "SoundCue'Demo_Rubber_ImpactFinal_Cue'",
        "ObjectPath": "FortniteGame/Content/Sounds/Fort_Impact_Sounds/Demolition/Exterior_Props/Demo_Rubber_ImpactFinal_Cue.0"
      },
      "BuildingAttachmentType": "ATTACH_Floor",
      "AreaClass": {
        "AssetPathName": "/Script/NavigationSystem.NavArea_Default",
        "SubPathString": ""
      },
      "AttributeInitKeys": {
        "AttributeInitCategory": "PropMetal",
        "AttributeInitSubCategory": "3"
      },
      "AttributeInitKeys": {
        "AttributeInitCategory": "PropMetal",
        "AttributeInitSubCategory": "3"
      },
      "NavigationObstacleOverride": "ENavigationObstacleOverride::ForceEnabled",
      "bIsNavigationRelevant": false,
      "bDestroyOnPlayerBuildingPlacement": true,
      "StaticGameplayTags": [
        "Building.Type.Container.Tires",
        "Building.Type.Prop"
      ],
      "BRMaxDrawDistance": 18000.0,
      "PlayHitSound": {
        "ObjectName": "SoundCue'Demo_Rubber_Impact_Cue'",
        "ObjectPath": "FortniteGame/Content/Sounds/Fort_Impact_Sounds/Demolition/Exterior_Props/Demo_Rubber_Impact_Cue.0"
      },
      "bEnableAutoLODGeneration": false,
      "RootComponent": {
        "ObjectName": "StaticMeshComponent'Default__Prop_Apollo_LilyPad_C:StaticMeshComponent0'",
        "ObjectPath": "FortniteGame/Content/Athena/Apollo/Environments/BuildingActors/Swamp/Props/Prop_Apollo_LilyPad.79"
      }
    }
  },
  {
    "Type": "ObjectProperty",
    "Name": "Jump_Collision",
    "Outer": "Prop_Apollo_LilyPad_C",
    "Class": "UScriptClass'ObjectProperty'",
    "PropertyFlags": "BlueprintVisible | InstancedReference | NonTransactional",
    "PropertyClass": {
      "ObjectName": "Class'StaticMeshComponent'",
      "ObjectPath": "/Script/Engine"
    }
  },
  {
    "Type": "IntProperty",
    "Name": "EntryPoint",
    "Outer": "ExecuteUbergraph_Prop_Apollo_LilyPad",
    "Class": "UScriptClass'IntProperty'",
    "PropertyFlags": "BlueprintVisible | BlueprintReadOnly | Parm"
  },
  {
    "Type": "Function",
    "Name": "ExecuteUbergraph_Prop_Apollo_LilyPad",
    "Outer": "Prop_Apollo_LilyPad_C",
    "Class": "UScriptClass'Function'",
    "Children": [
      {
        "ObjectName": "IntProperty'Prop_Apollo_LilyPad_C:ExecuteUbergraph_Prop_Apollo_LilyPad.EntryPoint'",
        "ObjectPath": "FortniteGame/Content/Athena/Apollo/Environments/BuildingActors/Swamp/Props/Prop_Apollo_LilyPad.4"
      },
      {
        "ObjectName": "StructProperty'Prop_Apollo_LilyPad_C:ExecuteUbergraph_Prop_Apollo_LilyPad.CallFunc_MakeGameplayCueParameters_ReturnValue'",
        "ObjectPath": "FortniteGame/Content/Athena/Apollo/Environments/BuildingActors/Swamp/Props/Prop_Apollo_LilyPad.90"
      },
      {
        "ObjectName": "ObjectProperty'Prop_Apollo_LilyPad_C:ExecuteUbergraph_Prop_Apollo_LilyPad.K2Node_ComponentBoundEvent_OverlappedComponent'",
        "ObjectPath": "FortniteGame/Content/Athena/Apollo/Environments/BuildingActors/Swamp/Props/Prop_Apollo_LilyPad.67"
      },
      {
        "ObjectName": "ObjectProperty'Prop_Apollo_LilyPad_C:ExecuteUbergraph_Prop_Apollo_LilyPad.K2Node_ComponentBoundEvent_OtherActor'",
        "ObjectPath": "FortniteGame/Content/Athena/Apollo/Environments/BuildingActors/Swamp/Props/Prop_Apollo_LilyPad.65"
      },
      {
        "ObjectName": "ObjectProperty'Prop_Apollo_LilyPad_C:ExecuteUbergraph_Prop_Apollo_LilyPad.K2Node_ComponentBoundEvent_OtherComp'",
        "ObjectPath": "FortniteGame/Content/Athena/Apollo/Environments/BuildingActors/Swamp/Props/Prop_Apollo_LilyPad.66"
      },
      {
        "ObjectName": "IntProperty'Prop_Apollo_LilyPad_C:ExecuteUbergraph_Prop_Apollo_LilyPad.K2Node_ComponentBoundEvent_OtherBodyIndex'",
        "ObjectPath": "FortniteGame/Content/Athena/Apollo/Environments/BuildingActors/Swamp/Props/Prop_Apollo_LilyPad.57"
      },
      {
        "ObjectName": "BoolProperty'Prop_Apollo_LilyPad_C:ExecuteUbergraph_Prop_Apollo_LilyPad.K2Node_ComponentBoundEvent_bFromSweep'",
        "ObjectPath": "FortniteGame/Content/Athena/Apollo/Environments/BuildingActors/Swamp/Props/Prop_Apollo_LilyPad.30"
      },
      {
        "ObjectName": "StructProperty'Prop_Apollo_LilyPad_C:ExecuteUbergraph_Prop_Apollo_LilyPad.K2Node_ComponentBoundEvent_SweepResult'",
        "ObjectPath": "FortniteGame/Content/Athena/Apollo/Environments/BuildingActors/Swamp/Props/Prop_Apollo_LilyPad.94"
      },
      {
        "ObjectName": "StructProperty'Prop_Apollo_LilyPad_C:ExecuteUbergraph_Prop_Apollo_LilyPad.CallFunc_K2_GetActorLocation_ReturnValue'",
        "ObjectPath": "FortniteGame/Content/Athena/Apollo/Environments/BuildingActors/Swamp/Props/Prop_Apollo_LilyPad.88"
      },
      {
        "ObjectName": "ObjectProperty'Prop_Apollo_LilyPad_C:ExecuteUbergraph_Prop_Apollo_LilyPad.K2Node_DynamicCast_AsFort_Player_Pawn'",
        "ObjectPath": "FortniteGame/Content/Athena/Apollo/Environments/BuildingActors/Swamp/Props/Prop_Apollo_LilyPad.69"
      },
      {
        "ObjectName": "BoolProperty'Prop_Apollo_LilyPad_C:ExecuteUbergraph_Prop_Apollo_LilyPad.K2Node_DynamicCast_bSuccess'",
        "ObjectPath": "FortniteGame/Content/Athena/Apollo/Environments/BuildingActors/Swamp/Props/Prop_Apollo_LilyPad.31"
      },
      {
        "ObjectName": "BoolProperty'Prop_Apollo_LilyPad_C:ExecuteUbergraph_Prop_Apollo_LilyPad.CallFunc_IsValid_ReturnValue'",
        "ObjectPath": "FortniteGame/Content/Athena/Apollo/Environments/BuildingActors/Swamp/Props/Prop_Apollo_LilyPad.28"
      },
      {
        "ObjectName": "ObjectProperty'Prop_Apollo_LilyPad_C:ExecuteUbergraph_Prop_Apollo_LilyPad.CallFunc_GetAbilitySystemComponent_ReturnValue'",
        "ObjectPath": "FortniteGame/Content/Athena/Apollo/Environments/BuildingActors/Swamp/Props/Prop_Apollo_LilyPad.62"
      },
      {
        "ObjectName": "StructProperty'Prop_Apollo_LilyPad_C:ExecuteUbergraph_Prop_Apollo_LilyPad.CallFunc_BP_ApplyGameplayEffectToSelf_ReturnValue'",
        "ObjectPath": "FortniteGame/Content/Athena/Apollo/Environments/BuildingActors/Swamp/Props/Prop_Apollo_LilyPad.86"
      },
      {
        "ObjectName": "BoolProperty'Prop_Apollo_LilyPad_C:ExecuteUbergraph_Prop_Apollo_LilyPad.Temp_bool_IsClosed_Variable'",
        "ObjectPath": "FortniteGame/Content/Athena/Apollo/Environments/BuildingActors/Swamp/Props/Prop_Apollo_LilyPad.35"
      },
      {
        "ObjectName": "StructProperty'Prop_Apollo_LilyPad_C:ExecuteUbergraph_Prop_Apollo_LilyPad.CallFunc_K2_GetActorLocation_ReturnValue_1'",
        "ObjectPath": "FortniteGame/Content/Athena/Apollo/Environments/BuildingActors/Swamp/Props/Prop_Apollo_LilyPad.89"
      },
      {
        "ObjectName": "StructProperty'Prop_Apollo_LilyPad_C:ExecuteUbergraph_Prop_Apollo_LilyPad.CallFunc_MakeVector_ReturnValue'",
        "ObjectPath": "FortniteGame/Content/Athena/Apollo/Environments/BuildingActors/Swamp/Props/Prop_Apollo_LilyPad.91"
      },
      {
        "ObjectName": "BoolProperty'Prop_Apollo_LilyPad_C:ExecuteUbergraph_Prop_Apollo_LilyPad.CallFunc_LaunchHoverboard_Success'",
        "ObjectPath": "FortniteGame/Content/Athena/Apollo/Environments/BuildingActors/Swamp/Props/Prop_Apollo_LilyPad.29"
      },
      {
        "ObjectName": "BoolProperty'Prop_Apollo_LilyPad_C:ExecuteUbergraph_Prop_Apollo_LilyPad.CallFunc_CeilingCheck_Success'",
        "ObjectPath": "FortniteGame/Content/Athena/Apollo/Environments/BuildingActors/Swamp/Props/Prop_Apollo_LilyPad.25"
      },
      {
        "ObjectName": "BoolProperty'Prop_Apollo_LilyPad_C:ExecuteUbergraph_Prop_Apollo_LilyPad.CallFunc_CeilingCheck_Success_1'",
        "ObjectPath": "FortniteGame/Content/Athena/Apollo/Environments/BuildingActors/Swamp/Props/Prop_Apollo_LilyPad.26"
      },
      {
        "ObjectName": "BoolProperty'Prop_Apollo_LilyPad_C:ExecuteUbergraph_Prop_Apollo_LilyPad.Temp_bool_Has_Been_Initd_Variable'",
        "ObjectPath": "FortniteGame/Content/Athena/Apollo/Environments/BuildingActors/Swamp/Props/Prop_Apollo_LilyPad.33"
      },
      {
        "ObjectName": "StructProperty'Prop_Apollo_LilyPad_C:ExecuteUbergraph_Prop_Apollo_LilyPad.CallFunc_GetActorForwardVector_ReturnValue'",
        "ObjectPath": "FortniteGame/Content/Athena/Apollo/Environments/BuildingActors/Swamp/Props/Prop_Apollo_LilyPad.87"
      },
      {
        "ObjectName": "StructProperty'Prop_Apollo_LilyPad_C:ExecuteUbergraph_Prop_Apollo_LilyPad.CallFunc_Multiply_VectorFloat_ReturnValue'",
        "ObjectPath": "FortniteGame/Content/Athena/Apollo/Environments/BuildingActors/Swamp/Props/Prop_Apollo_LilyPad.93"
      },
      {
        "ObjectName": "FloatProperty'Prop_Apollo_LilyPad_C:ExecuteUbergraph_Prop_Apollo_LilyPad.CallFunc_BreakVector_X'",
        "ObjectPath": "FortniteGame/Content/Athena/Apollo/Environments/BuildingActors/Swamp/Props/Prop_Apollo_LilyPad.45"
      },
      {
        "ObjectName": "FloatProperty'Prop_Apollo_LilyPad_C:ExecuteUbergraph_Prop_Apollo_LilyPad.CallFunc_BreakVector_Y'",
        "ObjectPath": "FortniteGame/Content/Athena/Apollo/Environments/BuildingActors/Swamp/Props/Prop_Apollo_LilyPad.46"
      },
      {
        "ObjectName": "FloatProperty'Prop_Apollo_LilyPad_C:ExecuteUbergraph_Prop_Apollo_LilyPad.CallFunc_BreakVector_Z'",
        "ObjectPath": "FortniteGame/Content/Athena/Apollo/Environments/BuildingActors/Swamp/Props/Prop_Apollo_LilyPad.47"
      },
      {
        "ObjectName": "StructProperty'Prop_Apollo_LilyPad_C:ExecuteUbergraph_Prop_Apollo_LilyPad.CallFunc_MakeVector_ReturnValue_1'",
        "ObjectPath": "FortniteGame/Content/Athena/Apollo/Environments/BuildingActors/Swamp/Props/Prop_Apollo_LilyPad.92"
      },
      {
        "ObjectName": "BoolProperty'Prop_Apollo_LilyPad_C:ExecuteUbergraph_Prop_Apollo_LilyPad.Temp_bool_Has_Been_Initd_Variable_1'",
        "ObjectPath": "FortniteGame/Content/Athena/Apollo/Environments/BuildingActors/Swamp/Props/Prop_Apollo_LilyPad.34"
      },
      {
        "ObjectName": "ObjectProperty'Prop_Apollo_LilyPad_C:ExecuteUbergraph_Prop_Apollo_LilyPad.CallFunc_GetController_ReturnValue'",
        "ObjectPath": "FortniteGame/Content/Athena/Apollo/Environments/BuildingActors/Swamp/Props/Prop_Apollo_LilyPad.64"
      },
      {
        "ObjectName": "ObjectProperty'Prop_Apollo_LilyPad_C:ExecuteUbergraph_Prop_Apollo_LilyPad.K2Node_DynamicCast_AsFort_Player_Controller'",
        "ObjectPath": "FortniteGame/Content/Athena/Apollo/Environments/BuildingActors/Swamp/Props/Prop_Apollo_LilyPad.68"
      },
      {
        "ObjectName": "BoolProperty'Prop_Apollo_LilyPad_C:ExecuteUbergraph_Prop_Apollo_LilyPad.K2Node_DynamicCast_bSuccess_1'",
        "ObjectPath": "FortniteGame/Content/Athena/Apollo/Environments/BuildingActors/Swamp/Props/Prop_Apollo_LilyPad.32"
      },
      {
        "ObjectName": "ObjectProperty'Prop_Apollo_LilyPad_C:ExecuteUbergraph_Prop_Apollo_LilyPad.CallFunc_GetAbilitySystemComponent_ReturnValue_1'",
        "ObjectPath": "FortniteGame/Content/Athena/Apollo/Environments/BuildingActors/Swamp/Props/Prop_Apollo_LilyPad.63"
      },
      {
        "ObjectName": "BoolProperty'Prop_Apollo_LilyPad_C:ExecuteUbergraph_Prop_Apollo_LilyPad.Temp_bool_IsClosed_Variable_1'",
        "ObjectPath": "FortniteGame/Content/Athena/Apollo/Environments/BuildingActors/Swamp/Props/Prop_Apollo_LilyPad.36"
      },
      {
        "ObjectName": "InterfaceProperty'Prop_Apollo_LilyPad_C:ExecuteUbergraph_Prop_Apollo_LilyPad.CallFunc_HasMatchingGameplayTag_self_CastInput'",
        "ObjectPath": "FortniteGame/Content/Athena/Apollo/Environments/BuildingActors/Swamp/Props/Prop_Apollo_LilyPad.50"
      },
      {
        "ObjectName": "BoolProperty'Prop_Apollo_LilyPad_C:ExecuteUbergraph_Prop_Apollo_LilyPad.CallFunc_HasMatchingGameplayTag_ReturnValue'",
        "ObjectPath": "FortniteGame/Content/Athena/Apollo/Environments/BuildingActors/Swamp/Props/Prop_Apollo_LilyPad.27"
      },
      {
        "ObjectName": "BoolProperty'Prop_Apollo_LilyPad_C:ExecuteUbergraph_Prop_Apollo_LilyPad.CallFunc_BooleanOR_ReturnValue'",
        "ObjectPath": "FortniteGame/Content/Athena/Apollo/Environments/BuildingActors/Swamp/Props/Prop_Apollo_LilyPad.24"
      }
    ],
    "FunctionFlags": "FUNC_None"
  },
  {
    "Type": "Function",
    "Name": "BounceAnim",
    "Outer": "Prop_Apollo_LilyPad_C",
    "Class": "UScriptClass'Function'",
    "FunctionFlags": "FUNC_None"
  },
  {
    "Type": "Function",
    "Name": "CustomEvent",
    "Outer": "Prop_Apollo_LilyPad_C",
    "Class": "UScriptClass'Function'",
    "FunctionFlags": "FUNC_None"
  },
  {
    "Type": "Function",
    "Name": "Reset Bounce Sound",
    "Outer": "Prop_Apollo_LilyPad_C",
    "Class": "UScriptClass'Function'",
    "FunctionFlags": "FUNC_None"
  },
  {
    "Type": "ObjectProperty",
    "Name": "OverlappedComponent",
    "Outer": "BndEvt__Jump_Collision_K2Node_ComponentBoundEvent_252_ComponentBeginOverlapSignature__DelegateSignature",
    "Class": "UScriptClass'ObjectProperty'",
    "PropertyFlags": "BlueprintVisible | BlueprintReadOnly | Parm | InstancedReference",
    "PropertyClass": {
      "ObjectName": "Class'PrimitiveComponent'",
      "ObjectPath": "/Script/Engine"
    }
  },
  {
    "Type": "Function",
    "Name": "BndEvt__Jump_Collision_K2Node_ComponentBoundEvent_252_ComponentBeginOverlapSignature__DelegateSignature",
    "Outer": "Prop_Apollo_LilyPad_C",
    "Class": "UScriptClass'Function'",
    "Children": [
      {
        "ObjectName": "ObjectProperty'Prop_Apollo_LilyPad_C:BndEvt__Jump_Collision_K2Node_ComponentBoundEvent_252_ComponentBeginOverlapSignature__DelegateSignature.OverlappedComponent'",
        "ObjectPath": "FortniteGame/Content/Athena/Apollo/Environments/BuildingActors/Swamp/Props/Prop_Apollo_LilyPad.9"
      },
      {
        "ObjectName": "ObjectProperty'Prop_Apollo_LilyPad_C:BndEvt__Jump_Collision_K2Node_ComponentBoundEvent_252_ComponentBeginOverlapSignature__DelegateSignature.OtherActor'",
        "ObjectPath": "FortniteGame/Content/Athena/Apollo/Environments/BuildingActors/Swamp/Props/Prop_Apollo_LilyPad.58"
      },
      {
        "ObjectName": "ObjectProperty'Prop_Apollo_LilyPad_C:BndEvt__Jump_Collision_K2Node_ComponentBoundEvent_252_ComponentBeginOverlapSignature__DelegateSignature.OtherComp'",
        "ObjectPath": "FortniteGame/Content/Athena/Apollo/Environments/BuildingActors/Swamp/Props/Prop_Apollo_LilyPad.59"
      },
      {
        "ObjectName": "IntProperty'Prop_Apollo_LilyPad_C:BndEvt__Jump_Collision_K2Node_ComponentBoundEvent_252_ComponentBeginOverlapSignature__DelegateSignature.OtherBodyIndex'",
        "ObjectPath": "FortniteGame/Content/Athena/Apollo/Environments/BuildingActors/Swamp/Props/Prop_Apollo_LilyPad.51"
      },
      {
        "ObjectName": "BoolProperty'Prop_Apollo_LilyPad_C:BndEvt__Jump_Collision_K2Node_ComponentBoundEvent_252_ComponentBeginOverlapSignature__DelegateSignature.bFromSweep'",
        "ObjectPath": "FortniteGame/Content/Athena/Apollo/Environments/BuildingActors/Swamp/Props/Prop_Apollo_LilyPad.19"
      },
      {
        "ObjectName": "StructProperty'Prop_Apollo_LilyPad_C:BndEvt__Jump_Collision_K2Node_ComponentBoundEvent_252_ComponentBeginOverlapSignature__DelegateSignature.SweepResult'",
        "ObjectPath": "FortniteGame/Content/Athena/Apollo/Environments/BuildingActors/Swamp/Props/Prop_Apollo_LilyPad.81"
      }
    ],
    "FunctionFlags": "FUNC_None"
  },
  {
    "Type": "BoolProperty",
    "Name": "Success",
    "Outer": "CeilingCheck",
    "Class": "UScriptClass'BoolProperty'",
    "PropertyFlags": "Parm | OutParm",
    "BoolSize": 1,
    "bIsNativeBool": true
  },
  {
    "Type": "Function",
    "Name": "CeilingCheck",
    "Outer": "Prop_Apollo_LilyPad_C",
    "Class": "UScriptClass'Function'",
    "Children": [
      {
        "ObjectName": "BoolProperty'Prop_Apollo_LilyPad_C:CeilingCheck.Success'",
        "ObjectPath": "FortniteGame/Content/Athena/Apollo/Environments/BuildingActors/Swamp/Props/Prop_Apollo_LilyPad.11"
      },
      {
        "ObjectName": "ArrayProperty'Prop_Apollo_LilyPad_C:CeilingCheck.ActorsToIgnore'",
        "ObjectPath": "FortniteGame/Content/Athena/Apollo/Environments/BuildingActors/Swamp/Props/Prop_Apollo_LilyPad.14"
      },
      {
        "ObjectName": "IntProperty'Prop_Apollo_LilyPad_C:CeilingCheck.Temp_int_Array_Index_Variable'",
        "ObjectPath": "FortniteGame/Content/Athena/Apollo/Environments/BuildingActors/Swamp/Props/Prop_Apollo_LilyPad.55"
      },
      {
        "ObjectName": "IntProperty'Prop_Apollo_LilyPad_C:CeilingCheck.Temp_int_Loop_Counter_Variable'",
        "ObjectPath": "FortniteGame/Content/Athena/Apollo/Environments/BuildingActors/Swamp/Props/Prop_Apollo_LilyPad.56"
      },
      {
        "ObjectName": "IntProperty'Prop_Apollo_LilyPad_C:CeilingCheck.CallFunc_Add_IntInt_ReturnValue'",
        "ObjectPath": "FortniteGame/Content/Athena/Apollo/Environments/BuildingActors/Swamp/Props/Prop_Apollo_LilyPad.52"
      },
      {
        "ObjectName": "ObjectProperty'Prop_Apollo_LilyPad_C:CeilingCheck.CallFunc_K2_GetRootComponent_ReturnValue'",
        "ObjectPath": "FortniteGame/Content/Athena/Apollo/Environments/BuildingActors/Swamp/Props/Prop_Apollo_LilyPad.61"
      },
      {
        "ObjectName": "BoolProperty'Prop_Apollo_LilyPad_C:CeilingCheck.CallFunc_IsValid_ReturnValue'",
        "ObjectPath": "FortniteGame/Content/Athena/Apollo/Environments/BuildingActors/Swamp/Props/Prop_Apollo_LilyPad.22"
      },
      {
        "ObjectName": "StructProperty'Prop_Apollo_LilyPad_C:CeilingCheck.CallFunc_K2_GetComponentLocation_ReturnValue'",
        "ObjectPath": "FortniteGame/Content/Athena/Apollo/Environments/BuildingActors/Swamp/Props/Prop_Apollo_LilyPad.83"
      },
      {
        "ObjectName": "FloatProperty'Prop_Apollo_LilyPad_C:CeilingCheck.CallFunc_BreakVector_X'",
        "ObjectPath": "FortniteGame/Content/Athena/Apollo/Environments/BuildingActors/Swamp/Props/Prop_Apollo_LilyPad.42"
      },
      {
        "ObjectName": "FloatProperty'Prop_Apollo_LilyPad_C:CeilingCheck.CallFunc_BreakVector_Y'",
        "ObjectPath": "FortniteGame/Content/Athena/Apollo/Environments/BuildingActors/Swamp/Props/Prop_Apollo_LilyPad.43"
      },
      {
        "ObjectName": "FloatProperty'Prop_Apollo_LilyPad_C:CeilingCheck.CallFunc_BreakVector_Z'",
        "ObjectPath": "FortniteGame/Content/Athena/Apollo/Environments/BuildingActors/Swamp/Props/Prop_Apollo_LilyPad.44"
      },
      {
        "ObjectName": "IntProperty'Prop_Apollo_LilyPad_C:CeilingCheck.CallFunc_Array_Add_ReturnValue'",
        "ObjectPath": "FortniteGame/Content/Athena/Apollo/Environments/BuildingActors/Swamp/Props/Prop_Apollo_LilyPad.53"
      },
      {
        "ObjectName": "FloatProperty'Prop_Apollo_LilyPad_C:CeilingCheck.CallFunc_Add_FloatFloat_ReturnValue'",
        "ObjectPath": "FortniteGame/Content/Athena/Apollo/Environments/BuildingActors/Swamp/Props/Prop_Apollo_LilyPad.40"
      },
      {
        "ObjectName": "FloatProperty'Prop_Apollo_LilyPad_C:CeilingCheck.CallFunc_Add_FloatFloat_ReturnValue_1'",
        "ObjectPath": "FortniteGame/Content/Athena/Apollo/Environments/BuildingActors/Swamp/Props/Prop_Apollo_LilyPad.41"
      },
      {
        "ObjectName": "StructProperty'Prop_Apollo_LilyPad_C:CeilingCheck.CallFunc_MakeVector_ReturnValue'",
        "ObjectPath": "FortniteGame/Content/Athena/Apollo/Environments/BuildingActors/Swamp/Props/Prop_Apollo_LilyPad.84"
      },
      {
        "ObjectName": "StructProperty'Prop_Apollo_LilyPad_C:CeilingCheck.CallFunc_MakeVector_ReturnValue_1'",
        "ObjectPath": "FortniteGame/Content/Athena/Apollo/Environments/BuildingActors/Swamp/Props/Prop_Apollo_LilyPad.85"
      },
      {
        "ObjectName": "ArrayProperty'Prop_Apollo_LilyPad_C:CeilingCheck.CallFunc_GetAttachedActors_OutActors'",
        "ObjectPath": "FortniteGame/Content/Athena/Apollo/Environments/BuildingActors/Swamp/Props/Prop_Apollo_LilyPad.16"
      },
      {
        "ObjectName": "StructProperty'Prop_Apollo_LilyPad_C:CeilingCheck.CallFunc_CapsuleTraceSingle_OutHit'",
        "ObjectPath": "FortniteGame/Content/Athena/Apollo/Environments/BuildingActors/Swamp/Props/Prop_Apollo_LilyPad.82"
      },
      {
        "ObjectName": "BoolProperty'Prop_Apollo_LilyPad_C:CeilingCheck.CallFunc_CapsuleTraceSingle_ReturnValue'",
        "ObjectPath": "FortniteGame/Content/Athena/Apollo/Environments/BuildingActors/Swamp/Props/Prop_Apollo_LilyPad.21"
      },
      {
        "ObjectName": "ObjectProperty'Prop_Apollo_LilyPad_C:CeilingCheck.CallFunc_Array_Get_Item'",
        "ObjectPath": "FortniteGame/Content/Athena/Apollo/Environments/BuildingActors/Swamp/Props/Prop_Apollo_LilyPad.60"
      },
      {
        "ObjectName": "ArrayProperty'Prop_Apollo_LilyPad_C:CeilingCheck.CallFunc_GetAttachedActors_OutActors_1'",
        "ObjectPath": "FortniteGame/Content/Athena/Apollo/Environments/BuildingActors/Swamp/Props/Prop_Apollo_LilyPad.18"
      },
      {
        "ObjectName": "IntProperty'Prop_Apollo_LilyPad_C:CeilingCheck.CallFunc_Array_Length_ReturnValue'",
        "ObjectPath": "FortniteGame/Content/Athena/Apollo/Environments/BuildingActors/Swamp/Props/Prop_Apollo_LilyPad.54"
      },
      {
        "ObjectName": "BoolProperty'Prop_Apollo_LilyPad_C:CeilingCheck.CallFunc_Less_IntInt_ReturnValue'",
        "ObjectPath": "FortniteGame/Content/Athena/Apollo/Environments/BuildingActors/Swamp/Props/Prop_Apollo_LilyPad.23"
      }
    ],
    "FunctionFlags": "FUNC_None"
  },
  {
    "Type": "ObjectProperty",
    "Name": "ActorsToIgnore",
    "Outer": "ActorsToIgnore",
    "Class": "UScriptClass'ObjectProperty'",
    "PropertyClass": {
      "ObjectName": "Class'Actor'",
      "ObjectPath": "/Script/Engine"
    }
  },
  {
    "Type": "ArrayProperty",
    "Name": "ActorsToIgnore",
    "Outer": "CeilingCheck",
    "Class": "UScriptClass'ArrayProperty'",
    "PropertyFlags": "Edit | BlueprintVisible | DisableEditOnTemplate",
    "Inner": {
      "ObjectName": "ObjectProperty'Prop_Apollo_LilyPad_C:CeilingCheck.ActorsToIgnore.ActorsToIgnore'",
      "ObjectPath": "FortniteGame/Content/Athena/Apollo/Environments/BuildingActors/Swamp/Props/Prop_Apollo_LilyPad.13"
    }
  },
  {
    "Type": "ObjectProperty",
    "Name": "CallFunc_GetAttachedActors_OutActors",
    "Outer": "CallFunc_GetAttachedActors_OutActors",
    "Class": "UScriptClass'ObjectProperty'",
    "PropertyClass": {
      "ObjectName": "Class'Actor'",
      "ObjectPath": "/Script/Engine"
    }
  },
  {
    "Type": "ArrayProperty",
    "Name": "CallFunc_GetAttachedActors_OutActors",
    "Outer": "CeilingCheck",
    "Class": "UScriptClass'ArrayProperty'",
    "PropertyFlags": "ReferenceParm",
    "Inner": {
      "ObjectName": "ObjectProperty'Prop_Apollo_LilyPad_C:CeilingCheck.CallFunc_GetAttachedActors_OutActors.CallFunc_GetAttachedActors_OutActors'",
      "ObjectPath": "FortniteGame/Content/Athena/Apollo/Environments/BuildingActors/Swamp/Props/Prop_Apollo_LilyPad.15"
    }
  },
  {
    "Type": "ObjectProperty",
    "Name": "CallFunc_GetAttachedActors_OutActors_1",
    "Outer": "CallFunc_GetAttachedActors_OutActors_1",
    "Class": "UScriptClass'ObjectProperty'",
    "PropertyClass": {
      "ObjectName": "Class'Actor'",
      "ObjectPath": "/Script/Engine"
    }
  },
  {
    "Type": "ArrayProperty",
    "Name": "CallFunc_GetAttachedActors_OutActors_1",
    "Outer": "CeilingCheck",
    "Class": "UScriptClass'ArrayProperty'",
    "PropertyFlags": "ReferenceParm",
    "Inner": {
      "ObjectName": "ObjectProperty'Prop_Apollo_LilyPad_C:CeilingCheck.CallFunc_GetAttachedActors_OutActors_1.CallFunc_GetAttachedActors_OutActors_1'",
      "ObjectPath": "FortniteGame/Content/Athena/Apollo/Environments/BuildingActors/Swamp/Props/Prop_Apollo_LilyPad.17"
    }
  },
  {
    "Type": "BoolProperty",
    "Name": "bFromSweep",
    "Outer": "BndEvt__Jump_Collision_K2Node_ComponentBoundEvent_252_ComponentBeginOverlapSignature__DelegateSignature",
    "Class": "UScriptClass'BoolProperty'",
    "PropertyFlags": "BlueprintVisible | BlueprintReadOnly | Parm",
    "BoolSize": 1,
    "bIsNativeBool": true
  },
  {
    "Type": "BoolProperty",
    "Name": "Ceiling",
    "Outer": "Prop_Apollo_LilyPad_C",
    "Class": "UScriptClass'BoolProperty'",
    "PropertyFlags": "Edit | BlueprintVisible | DisableEditOnInstance",
    "BoolSize": 1,
    "bIsNativeBool": true
  },
  {
    "Type": "BoolProperty",
    "Name": "CallFunc_CapsuleTraceSingle_ReturnValue",
    "Outer": "CeilingCheck",
    "Class": "UScriptClass'BoolProperty'",
    "BoolSize": 1,
    "bIsNativeBool": true
  },
  {
    "Type": "BoolProperty",
    "Name": "CallFunc_IsValid_ReturnValue",
    "Outer": "CeilingCheck",
    "Class": "UScriptClass'BoolProperty'",
    "BoolSize": 1,
    "bIsNativeBool": true
  },
  {
    "Type": "BoolProperty",
    "Name": "CallFunc_Less_IntInt_ReturnValue",
    "Outer": "CeilingCheck",
    "Class": "UScriptClass'BoolProperty'",
    "BoolSize": 1,
    "bIsNativeBool": true
  },
  {
    "Type": "BoolProperty",
    "Name": "CallFunc_BooleanOR_ReturnValue",
    "Outer": "ExecuteUbergraph_Prop_Apollo_LilyPad",
    "Class": "UScriptClass'BoolProperty'",
    "BoolSize": 1,
    "bIsNativeBool": true
  },
  {
    "Type": "BoolProperty",
    "Name": "CallFunc_CeilingCheck_Success",
    "Outer": "ExecuteUbergraph_Prop_Apollo_LilyPad",
    "Class": "UScriptClass'BoolProperty'",
    "BoolSize": 1,
    "bIsNativeBool": true
  },
  {
    "Type": "BoolProperty",
    "Name": "CallFunc_CeilingCheck_Success_1",
    "Outer": "ExecuteUbergraph_Prop_Apollo_LilyPad",
    "Class": "UScriptClass'BoolProperty'",
    "BoolSize": 1,
    "bIsNativeBool": true
  },
  {
    "Type": "BoolProperty",
    "Name": "CallFunc_HasMatchingGameplayTag_ReturnValue",
    "Outer": "ExecuteUbergraph_Prop_Apollo_LilyPad",
    "Class": "UScriptClass'BoolProperty'",
    "BoolSize": 1,
    "bIsNativeBool": true
  },
  {
    "Type": "BoolProperty",
    "Name": "CallFunc_IsValid_ReturnValue",
    "Outer": "ExecuteUbergraph_Prop_Apollo_LilyPad",
    "Class": "UScriptClass'BoolProperty'",
    "BoolSize": 1,
    "bIsNativeBool": true
  },
  {
    "Type": "BoolProperty",
    "Name": "CallFunc_LaunchHoverboard_Success",
    "Outer": "ExecuteUbergraph_Prop_Apollo_LilyPad",
    "Class": "UScriptClass'BoolProperty'",
    "BoolSize": 1,
    "bIsNativeBool": true
  },
  {
    "Type": "BoolProperty",
    "Name": "K2Node_ComponentBoundEvent_bFromSweep",
    "Outer": "ExecuteUbergraph_Prop_Apollo_LilyPad",
    "Class": "UScriptClass'BoolProperty'",
    "BoolSize": 1,
    "bIsNativeBool": true
  },
  {
    "Type": "BoolProperty",
    "Name": "K2Node_DynamicCast_bSuccess",
    "Outer": "ExecuteUbergraph_Prop_Apollo_LilyPad",
    "Class": "UScriptClass'BoolProperty'",
    "BoolSize": 1,
    "bIsNativeBool": true
  },
  {
    "Type": "BoolProperty",
    "Name": "K2Node_DynamicCast_bSuccess_1",
    "Outer": "ExecuteUbergraph_Prop_Apollo_LilyPad",
    "Class": "UScriptClass'BoolProperty'",
    "BoolSize": 1,
    "bIsNativeBool": true
  },
  {
    "Type": "BoolProperty",
    "Name": "Temp_bool_Has_Been_Initd_Variable",
    "Outer": "ExecuteUbergraph_Prop_Apollo_LilyPad",
    "Class": "UScriptClass'BoolProperty'",
    "BoolSize": 1,
    "bIsNativeBool": true
  },
  {
    "Type": "BoolProperty",
    "Name": "Temp_bool_Has_Been_Initd_Variable_1",
    "Outer": "ExecuteUbergraph_Prop_Apollo_LilyPad",
    "Class": "UScriptClass'BoolProperty'",
    "BoolSize": 1,
    "bIsNativeBool": true
  },
  {
    "Type": "BoolProperty",
    "Name": "Temp_bool_IsClosed_Variable",
    "Outer": "ExecuteUbergraph_Prop_Apollo_LilyPad",
    "Class": "UScriptClass'BoolProperty'",
    "BoolSize": 1,
    "bIsNativeBool": true
  },
  {
    "Type": "BoolProperty",
    "Name": "Temp_bool_IsClosed_Variable_1",
    "Outer": "ExecuteUbergraph_Prop_Apollo_LilyPad",
    "Class": "UScriptClass'BoolProperty'",
    "BoolSize": 1,
    "bIsNativeBool": true
  },
  {
    "Type": "ClassProperty",
    "Name": "GE_PlayerLaunched",
    "Outer": "Prop_Apollo_LilyPad_C",
    "Class": "UScriptClass'ClassProperty'",
    "PropertyFlags": "Edit | BlueprintVisible | DisableEditOnInstance",
    "PropertyClass": {
      "ObjectName": "Class'Class'",
      "ObjectPath": "/Script/CoreUObject"
    },
    "MetaClass": {
      "ObjectName": "Class'GameplayEffect'",
      "ObjectPath": "/Script/GameplayAbilities"
    }
  },
  {
    "Type": "ComponentDelegateBinding",
    "Name": "ComponentDelegateBinding_0",
    "Outer": "Prop_Apollo_LilyPad_C",
    "Class": "UScriptClass'ComponentDelegateBinding'",
    "Properties": {
      "ComponentDelegateBindings": [
        {
          "ComponentPropertyName": "Jump_Collision",
          "DelegatePropertyName": "OnComponentBeginOverlap",
          "FunctionNameToBind": "BndEvt__Jump_Collision_K2Node_ComponentBoundEvent_252_ComponentBeginOverlapSignature__DelegateSignature"
        }
      ]
    }
  },
  {
    "Type": "FloatProperty",
    "Name": "BounceHeight",
    "Outer": "Prop_Apollo_LilyPad_C",
    "Class": "UScriptClass'FloatProperty'",
    "PropertyFlags": "Edit | BlueprintVisible | DisableEditOnInstance"
  },
  {
    "Type": "FloatProperty",
    "Name": "CallFunc_Add_FloatFloat_ReturnValue",
    "Outer": "CeilingCheck",
    "Class": "UScriptClass'FloatProperty'"
  },
  {
    "Type": "FloatProperty",
    "Name": "CallFunc_Add_FloatFloat_ReturnValue_1",
    "Outer": "CeilingCheck",
    "Class": "UScriptClass'FloatProperty'"
  },
  {
    "Type": "FloatProperty",
    "Name": "CallFunc_BreakVector_X",
    "Outer": "CeilingCheck",
    "Class": "UScriptClass'FloatProperty'"
  },
  {
    "Type": "FloatProperty",
    "Name": "CallFunc_BreakVector_Y",
    "Outer": "CeilingCheck",
    "Class": "UScriptClass'FloatProperty'"
  },
  {
    "Type": "FloatProperty",
    "Name": "CallFunc_BreakVector_Z",
    "Outer": "CeilingCheck",
    "Class": "UScriptClass'FloatProperty'"
  },
  {
    "Type": "FloatProperty",
    "Name": "CallFunc_BreakVector_X",
    "Outer": "ExecuteUbergraph_Prop_Apollo_LilyPad",
    "Class": "UScriptClass'FloatProperty'"
  },
  {
    "Type": "FloatProperty",
    "Name": "CallFunc_BreakVector_Y",
    "Outer": "ExecuteUbergraph_Prop_Apollo_LilyPad",
    "Class": "UScriptClass'FloatProperty'"
  },
  {
    "Type": "FloatProperty",
    "Name": "CallFunc_BreakVector_Z",
    "Outer": "ExecuteUbergraph_Prop_Apollo_LilyPad",
    "Class": "UScriptClass'FloatProperty'"
  },
  {
    "Type": "FloatProperty",
    "Name": "FinalBounceJumpHeight",
    "Outer": "Prop_Apollo_LilyPad_C",
    "Class": "UScriptClass'FloatProperty'",
    "PropertyFlags": "Edit | BlueprintVisible | DisableEditOnInstance"
  },
  {
    "Type": "FloatProperty",
    "Name": "JumpHeight",
    "Outer": "Prop_Apollo_LilyPad_C",
    "Class": "UScriptClass'FloatProperty'",
    "PropertyFlags": "Edit | BlueprintVisible | DisableEditOnInstance"
  },
  {
    "Type": "InterfaceProperty",
    "Name": "CallFunc_HasMatchingGameplayTag_self_CastInput",
    "Outer": "ExecuteUbergraph_Prop_Apollo_LilyPad",
    "Class": "UScriptClass'InterfaceProperty'",
    "InterfaceClass": {
      "ObjectName": "Class'GameplayTagAssetInterface'",
      "ObjectPath": "/Script/GameplayTags"
    }
  },
  {
    "Type": "IntProperty",
    "Name": "OtherBodyIndex",
    "Outer": "BndEvt__Jump_Collision_K2Node_ComponentBoundEvent_252_ComponentBeginOverlapSignature__DelegateSignature",
    "Class": "UScriptClass'IntProperty'",
    "PropertyFlags": "BlueprintVisible | BlueprintReadOnly | Parm"
  },
  {
    "Type": "IntProperty",
    "Name": "CallFunc_Add_IntInt_ReturnValue",
    "Outer": "CeilingCheck",
    "Class": "UScriptClass'IntProperty'"
  },
  {
    "Type": "IntProperty",
    "Name": "CallFunc_Array_Add_ReturnValue",
    "Outer": "CeilingCheck",
    "Class": "UScriptClass'IntProperty'"
  },
  {
    "Type": "IntProperty",
    "Name": "CallFunc_Array_Length_ReturnValue",
    "Outer": "CeilingCheck",
    "Class": "UScriptClass'IntProperty'"
  },
  {
    "Type": "IntProperty",
    "Name": "Temp_int_Array_Index_Variable",
    "Outer": "CeilingCheck",
    "Class": "UScriptClass'IntProperty'"
  },
  {
    "Type": "IntProperty",
    "Name": "Temp_int_Loop_Counter_Variable",
    "Outer": "CeilingCheck",
    "Class": "UScriptClass'IntProperty'"
  },
  {
    "Type": "IntProperty",
    "Name": "K2Node_ComponentBoundEvent_OtherBodyIndex",
    "Outer": "ExecuteUbergraph_Prop_Apollo_LilyPad",
    "Class": "UScriptClass'IntProperty'"
  },
  {
    "Type": "ObjectProperty",
    "Name": "OtherActor",
    "Outer": "BndEvt__Jump_Collision_K2Node_ComponentBoundEvent_252_ComponentBeginOverlapSignature__DelegateSignature",
    "Class": "UScriptClass'ObjectProperty'",
    "PropertyFlags": "BlueprintVisible | BlueprintReadOnly | Parm",
    "PropertyClass": {
      "ObjectName": "Class'Actor'",
      "ObjectPath": "/Script/Engine"
    }
  },
  {
    "Type": "ObjectProperty",
    "Name": "OtherComp",
    "Outer": "BndEvt__Jump_Collision_K2Node_ComponentBoundEvent_252_ComponentBeginOverlapSignature__DelegateSignature",
    "Class": "UScriptClass'ObjectProperty'",
    "PropertyFlags": "BlueprintVisible | BlueprintReadOnly | Parm | InstancedReference",
    "PropertyClass": {
      "ObjectName": "Class'PrimitiveComponent'",
      "ObjectPath": "/Script/Engine"
    }
  },
  {
    "Type": "ObjectProperty",
    "Name": "CallFunc_Array_Get_Item",
    "Outer": "CeilingCheck",
    "Class": "UScriptClass'ObjectProperty'",
    "PropertyClass": {
      "ObjectName": "Class'Actor'",
      "ObjectPath": "/Script/Engine"
    }
  },
  {
    "Type": "ObjectProperty",
    "Name": "CallFunc_K2_GetRootComponent_ReturnValue",
    "Outer": "CeilingCheck",
    "Class": "UScriptClass'ObjectProperty'",
    "PropertyFlags": "InstancedReference",
    "PropertyClass": {
      "ObjectName": "Class'SceneComponent'",
      "ObjectPath": "/Script/Engine"
    }
  },
  {
    "Type": "ObjectProperty",
    "Name": "CallFunc_GetAbilitySystemComponent_ReturnValue",
    "Outer": "ExecuteUbergraph_Prop_Apollo_LilyPad",
    "Class": "UScriptClass'ObjectProperty'",
    "PropertyFlags": "InstancedReference",
    "PropertyClass": {
      "ObjectName": "Class'AbilitySystemComponent'",
      "ObjectPath": "/Script/GameplayAbilities"
    }
  },
  {
    "Type": "ObjectProperty",
    "Name": "CallFunc_GetAbilitySystemComponent_ReturnValue_1",
    "Outer": "ExecuteUbergraph_Prop_Apollo_LilyPad",
    "Class": "UScriptClass'ObjectProperty'",
    "PropertyFlags": "InstancedReference",
    "PropertyClass": {
      "ObjectName": "Class'AbilitySystemComponent'",
      "ObjectPath": "/Script/GameplayAbilities"
    }
  },
  {
    "Type": "ObjectProperty",
    "Name": "CallFunc_GetController_ReturnValue",
    "Outer": "ExecuteUbergraph_Prop_Apollo_LilyPad",
    "Class": "UScriptClass'ObjectProperty'",
    "PropertyClass": {
      "ObjectName": "Class'Controller'",
      "ObjectPath": "/Script/Engine"
    }
  },
  {
    "Type": "ObjectProperty",
    "Name": "K2Node_ComponentBoundEvent_OtherActor",
    "Outer": "ExecuteUbergraph_Prop_Apollo_LilyPad",
    "Class": "UScriptClass'ObjectProperty'",
    "PropertyClass": {
      "ObjectName": "Class'Actor'",
      "ObjectPath": "/Script/Engine"
    }
  },
  {
    "Type": "ObjectProperty",
    "Name": "K2Node_ComponentBoundEvent_OtherComp",
    "Outer": "ExecuteUbergraph_Prop_Apollo_LilyPad",
    "Class": "UScriptClass'ObjectProperty'",
    "PropertyFlags": "InstancedReference",
    "PropertyClass": {
      "ObjectName": "Class'PrimitiveComponent'",
      "ObjectPath": "/Script/Engine"
    }
  },
  {
    "Type": "ObjectProperty",
    "Name": "K2Node_ComponentBoundEvent_OverlappedComponent",
    "Outer": "ExecuteUbergraph_Prop_Apollo_LilyPad",
    "Class": "UScriptClass'ObjectProperty'",
    "PropertyFlags": "InstancedReference",
    "PropertyClass": {
      "ObjectName": "Class'PrimitiveComponent'",
      "ObjectPath": "/Script/Engine"
    }
  },
  {
    "Type": "ObjectProperty",
    "Name": "K2Node_DynamicCast_AsFort_Player_Controller",
    "Outer": "ExecuteUbergraph_Prop_Apollo_LilyPad",
    "Class": "UScriptClass'ObjectProperty'",
    "PropertyClass": {
      "ObjectName": "Class'FortPlayerController'",
      "ObjectPath": "/Script/FortniteGame"
    }
  },
  {
    "Type": "ObjectProperty",
    "Name": "K2Node_DynamicCast_AsFort_Player_Pawn",
    "Outer": "ExecuteUbergraph_Prop_Apollo_LilyPad",
    "Class": "UScriptClass'ObjectProperty'",
    "PropertyClass": {
      "ObjectName": "Class'FortPlayerPawn'",
      "ObjectPath": "/Script/FortniteGame"
    }
  },
  {
    "Type": "ObjectProperty",
    "Name": "LaunchForceFeedback",
    "Outer": "Prop_Apollo_LilyPad_C",
    "Class": "UScriptClass'ObjectProperty'",
    "PropertyFlags": "Edit | BlueprintVisible | DisableEditOnInstance",
    "PropertyClass": {
      "ObjectName": "Class'ForceFeedbackEffect'",
      "ObjectPath": "/Script/Engine"
    }
  },
  {
    "Type": "ObjectProperty",
    "Name": "LilypadSound",
    "Outer": "Prop_Apollo_LilyPad_C",
    "Class": "UScriptClass'ObjectProperty'",
    "PropertyFlags": "Edit | BlueprintVisible | DisableEditOnInstance",
    "PropertyClass": {
      "ObjectName": "Class'SoundBase'",
      "ObjectPath": "/Script/Engine"
    }
  },
  {
    "Type": "ObjectProperty",
    "Name": "OverlapController",
    "Outer": "Prop_Apollo_LilyPad_C",
    "Class": "UScriptClass'ObjectProperty'",
    "PropertyFlags": "Edit | BlueprintVisible | DisableEditOnTemplate | DisableEditOnInstance",
    "PropertyClass": {
      "ObjectName": "Class'FortPlayerController'",
      "ObjectPath": "/Script/FortniteGame"
    }
  },
  {
    "Type": "ObjectProperty",
    "Name": "OverlapPawn",
    "Outer": "Prop_Apollo_LilyPad_C",
    "Class": "UScriptClass'ObjectProperty'",
    "PropertyFlags": "Edit | BlueprintVisible | DisableEditOnTemplate | DisableEditOnInstance",
    "PropertyClass": {
      "ObjectName": "Class'FortPlayerPawn'",
      "ObjectPath": "/Script/FortniteGame"
    }
  },
  {
    "Type": "ObjectProperty",
    "Name": "OverlapVehicle",
    "Outer": "Prop_Apollo_LilyPad_C",
    "Class": "UScriptClass'ObjectProperty'",
    "PropertyFlags": "Edit | BlueprintVisible | DisableEditOnTemplate | DisableEditOnInstance",
    "PropertyClass": {
      "ObjectName": "Class'FortAthenaJackalVehicle'",
      "ObjectPath": "/Script/FortniteGame"
    }
  },
  {
    "Type": "SceneComponent",
    "Name": "SceneComponent_604",
    "Outer": "Prop_Apollo_LilyPad_C",
    "Class": "UScriptClass'SceneComponent'"
  },
  {
    "Type": "SCS_Node",
    "Name": "SCS_Node_6",
    "Outer": "SimpleConstructionScript_618",
    "Class": "UScriptClass'SCS_Node'",
    "Properties": {
      "ComponentClass": {
        "ObjectName": "Class'StaticMeshComponent'",
        "ObjectPath": "/Script/Engine"
      },
      "ComponentTemplate": {
        "ObjectName": "StaticMeshComponent'Prop_Apollo_LilyPad_C:StaticMeshComponent_2372__4F4778FA'",
        "ObjectPath": "FortniteGame/Content/Athena/Apollo/Environments/BuildingActors/Swamp/Props/Prop_Apollo_LilyPad.80"
      },
      "ParentComponentOrVariableName": "StaticMeshComponent0",
      "bIsParentComponentNative": true,
      "VariableGuid": "A3D31ADB-00000000-00000000-00000000",
      "InternalVariableName": "Jump_Collision"
    }
  },
  {
    "Type": "SCS_Node",
    "Name": "SCS_Node_617",
    "Outer": "SimpleConstructionScript_618",
    "Class": "UScriptClass'SCS_Node'",
    "Properties": {
      "ComponentClass": {
        "ObjectName": "Class'SceneComponent'",
        "ObjectPath": "/Script/Engine"
      },
      "ComponentTemplate": {
        "ObjectName": "SceneComponent'Prop_Apollo_LilyPad_C:SceneComponent_604'",
        "ObjectPath": "FortniteGame/Content/Athena/Apollo/Environments/BuildingActors/Swamp/Props/Prop_Apollo_LilyPad.75"
      },
      "VariableGuid": "4D3A059E-00000000-00000000-00000000",
      "InternalVariableName": "DefaultSceneRoot"
    }
  },
  {
    "Type": "SimpleConstructionScript",
    "Name": "SimpleConstructionScript_618",
    "Outer": "Prop_Apollo_LilyPad_C",
    "Class": "UScriptClass'SimpleConstructionScript'",
    "Properties": {
      "RootNodes": [
        {
          "ObjectName": "SCS_Node'Prop_Apollo_LilyPad_C:SimpleConstructionScript_618.SCS_Node_6'",
          "ObjectPath": "FortniteGame/Content/Athena/Apollo/Environments/BuildingActors/Swamp/Props/Prop_Apollo_LilyPad.76"
        }
      ],
      "AllNodes": [
        {
          "ObjectName": "SCS_Node'Prop_Apollo_LilyPad_C:SimpleConstructionScript_618.SCS_Node_6'",
          "ObjectPath": "FortniteGame/Content/Athena/Apollo/Environments/BuildingActors/Swamp/Props/Prop_Apollo_LilyPad.76"
        }
      ],
      "DefaultSceneRootNode": {
        "ObjectName": "SCS_Node'Prop_Apollo_LilyPad_C:SimpleConstructionScript_618.SCS_Node_617'",
        "ObjectPath": "FortniteGame/Content/Athena/Apollo/Environments/BuildingActors/Swamp/Props/Prop_Apollo_LilyPad.77"
      }
    }
  },
  {
    "Type": "StaticMeshComponent",
    "Name": "StaticMeshComponent0",
    "Outer": "Default__Prop_Apollo_LilyPad_C",
    "Class": "UScriptClass'StaticMeshComponent'",
    "Properties": {
      "StaticMesh": {
        "ObjectName": "StaticMesh'S_Swamp_LilyPad_Large_01'",
        "ObjectPath": "FortniteGame/Content/Environments/Apollo/Sets/Swamp/Props/Meshes/S_Swamp_LilyPad_Large_01.1"
      },
      "bGenerateOverlapEvents": false,
      "bAllowCullDistanceVolume": false,
      "BodyInstance": {
        "bAutoWeld": false
      },
      "bCanEverAffectNavigation": true
    }
  },
  {
    "Type": "StaticMeshComponent",
    "Name": "StaticMeshComponent_2372__4F4778FA",
    "Outer": "Prop_Apollo_LilyPad_C",
    "Class": "UScriptClass'StaticMeshComponent'",
    "Properties": {
      "StaticMesh": {
        "ObjectName": "StaticMesh'Cylinder'",
        "ObjectPath": "Engine/Content/BasicShapes/Cylinder.1"
      },
      "BodyInstance": {
        "bAutoWeld": false,
        "CollisionProfileName": "FortTriggerOnlyPawns",
        "CollisionResponses": {
          "ResponseArray": [
            {
              "Channel": "WorldStatic",
              "Response": "ECR_Ignore"
            },
            {
              "Channel": "WorldDynamic",
              "Response": "ECR_Ignore"
            },
            {
              "Channel": "Pawn",
              "Response": "ECR_Overlap"
            },
            {
              "Channel": "Visibility",
              "Response": "ECR_Ignore"
            },
            {
              "Channel": "Camera",
              "Response": "ECR_Ignore"
            },
            {
              "Channel": "PhysicsBody",
              "Response": "ECR_Ignore"
            },
            {
              "Channel": "Vehicle",
              "Response": "ECR_Overlap"
            },
            {
              "Channel": "Destructible",
              "Response": "ECR_Ignore"
            },
            {
              "Channel": "FCC_Object_PawnAI",
              "Response": "ECR_Overlap"
            },
            {
              "Channel": "FCC_Trace_WeaponWorldMulti",
              "Response": "ECR_Ignore"
            }
          ]
        },
        "MassInKgOverride": 790.5542
      },
      "RelativeLocation": {
        "X": 0.0,
        "Y": 0.0,
        "Z": 38.165596
      },
      "RelativeScale3D": {
        "X": 1.9430654,
        "Y": 2.0035372,
        "Z": 0.45124823
      },
      "bVisible": false,
      "bHiddenInGame": true
    }
  },
  {
    "Type": "StructProperty",
    "Name": "SweepResult",
    "Outer": "BndEvt__Jump_Collision_K2Node_ComponentBoundEvent_252_ComponentBeginOverlapSignature__DelegateSignature",
    "Class": "UScriptClass'StructProperty'",
    "PropertyFlags": "ConstParm | BlueprintVisible | BlueprintReadOnly | Parm | OutParm | ReferenceParm | ContainsInstancedReference",
    "Struct": {
      "ObjectName": "ScriptStruct'HitResult'",
      "ObjectPath": "/Script/Engine"
    }
  },
  {
    "Type": "StructProperty",
    "Name": "CallFunc_CapsuleTraceSingle_OutHit",
    "Outer": "CeilingCheck",
    "Class": "UScriptClass'StructProperty'",
    "PropertyFlags": "ContainsInstancedReference",
    "Struct": {
      "ObjectName": "ScriptStruct'HitResult'",
      "ObjectPath": "/Script/Engine"
    }
  },
  {
    "Type": "StructProperty",
    "Name": "CallFunc_K2_GetComponentLocation_ReturnValue",
    "Outer": "CeilingCheck",
    "Class": "UScriptClass'StructProperty'",
    "Struct": {
      "ObjectName": "ScriptStruct'Vector'",
      "ObjectPath": "/Script/CoreUObject"
    }
  },
  {
    "Type": "StructProperty",
    "Name": "CallFunc_MakeVector_ReturnValue",
    "Outer": "CeilingCheck",
    "Class": "UScriptClass'StructProperty'",
    "Struct": {
      "ObjectName": "ScriptStruct'Vector'",
      "ObjectPath": "/Script/CoreUObject"
    }
  },
  {
    "Type": "StructProperty",
    "Name": "CallFunc_MakeVector_ReturnValue_1",
    "Outer": "CeilingCheck",
    "Class": "UScriptClass'StructProperty'",
    "Struct": {
      "ObjectName": "ScriptStruct'Vector'",
      "ObjectPath": "/Script/CoreUObject"
    }
  },
  {
    "Type": "StructProperty",
    "Name": "CallFunc_BP_ApplyGameplayEffectToSelf_ReturnValue",
    "Outer": "ExecuteUbergraph_Prop_Apollo_LilyPad",
    "Class": "UScriptClass'StructProperty'",
    "Struct": {
      "ObjectName": "ScriptStruct'ActiveGameplayEffectHandle'",
      "ObjectPath": "/Script/GameplayAbilities"
    }
  },
  {
    "Type": "StructProperty",
    "Name": "CallFunc_GetActorForwardVector_ReturnValue",
    "Outer": "ExecuteUbergraph_Prop_Apollo_LilyPad",
    "Class": "UScriptClass'StructProperty'",
    "Struct": {
      "ObjectName": "ScriptStruct'Vector'",
      "ObjectPath": "/Script/CoreUObject"
    }
  },
  {
    "Type": "StructProperty",
    "Name": "CallFunc_K2_GetActorLocation_ReturnValue",
    "Outer": "ExecuteUbergraph_Prop_Apollo_LilyPad",
    "Class": "UScriptClass'StructProperty'",
    "Struct": {
      "ObjectName": "ScriptStruct'Vector'",
      "ObjectPath": "/Script/CoreUObject"
    }
  },
  {
    "Type": "StructProperty",
    "Name": "CallFunc_K2_GetActorLocation_ReturnValue_1",
    "Outer": "ExecuteUbergraph_Prop_Apollo_LilyPad",
    "Class": "UScriptClass'StructProperty'",
    "Struct": {
      "ObjectName": "ScriptStruct'Vector'",
      "ObjectPath": "/Script/CoreUObject"
    }
  },
  {
    "Type": "StructProperty",
    "Name": "CallFunc_MakeGameplayCueParameters_ReturnValue",
    "Outer": "ExecuteUbergraph_Prop_Apollo_LilyPad",
    "Class": "UScriptClass'StructProperty'",
    "PropertyFlags": "ContainsInstancedReference",
    "Struct": {
      "ObjectName": "ScriptStruct'GameplayCueParameters'",
      "ObjectPath": "/Script/GameplayAbilities"
    }
  },
  {
    "Type": "StructProperty",
    "Name": "CallFunc_MakeVector_ReturnValue",
    "Outer": "ExecuteUbergraph_Prop_Apollo_LilyPad",
    "Class": "UScriptClass'StructProperty'",
    "Struct": {
      "ObjectName": "ScriptStruct'Vector'",
      "ObjectPath": "/Script/CoreUObject"
    }
  },
  {
    "Type": "StructProperty",
    "Name": "CallFunc_MakeVector_ReturnValue_1",
    "Outer": "ExecuteUbergraph_Prop_Apollo_LilyPad",
    "Class": "UScriptClass'StructProperty'",
    "Struct": {
      "ObjectName": "ScriptStruct'Vector'",
      "ObjectPath": "/Script/CoreUObject"
    }
  },
  {
    "Type": "StructProperty",
    "Name": "CallFunc_Multiply_VectorFloat_ReturnValue",
    "Outer": "ExecuteUbergraph_Prop_Apollo_LilyPad",
    "Class": "UScriptClass'StructProperty'",
    "Struct": {
      "ObjectName": "ScriptStruct'Vector'",
      "ObjectPath": "/Script/CoreUObject"
    }
  },
  {
    "Type": "StructProperty",
    "Name": "K2Node_ComponentBoundEvent_SweepResult",
    "Outer": "ExecuteUbergraph_Prop_Apollo_LilyPad",
    "Class": "UScriptClass'StructProperty'",
    "PropertyFlags": "ConstParm | ContainsInstancedReference",
    "Struct": {
      "ObjectName": "ScriptStruct'HitResult'",
      "ObjectPath": "/Script/Engine"
    }
  },
  {
    "Type": "StructProperty",
    "Name": "NewVar_0",
    "Outer": "Prop_Apollo_LilyPad_C",
    "Class": "UScriptClass'StructProperty'",
    "PropertyFlags": "Edit | BlueprintVisible | DisableEditOnInstance",
    "Struct": {
      "ObjectName": "ScriptStruct'GameplayTag'",
      "ObjectPath": "/Script/GameplayTags"
    }
  }
]