[
  {
    "Type": "BodySetup",
    "Name": "BodySetup_1",
    "Outer": "SM_Athena_SUB_5x5_House_j_1_SM_FORT_Floors_Generic_BasicTileBeams_C_653",
    "Class": "UScriptClass'BodySetup'",
    "Properties": {
      "DefaultInstance": {
        "ObjectType": "ECC_WorldStatic",
        "CollisionEnabled": "ECollisionEnabled::QueryOnly",
        "CollisionProfileName": "BlockAll",
        "CollisionResponses": {
          "ResponseArray": [
            {
              "Channel": "FCC_Trace_WeaponCapsule",
              "Response": "ECR_Block"
            },
            {
              "Channel": "FCC_Object_PawnAI",
              "Response": "ECR_Block"
            },
            {
              "Channel": "FCC_Trace_WeaponMulti",
              "Response": "ECR_Block"
            },
            {
              "Channel": "FCC_Trace_Weapon",
              "Response": "ECR_Block"
            },
            {
              "Channel": "FCC_Object_Projectile",
              "Response": "ECR_Block"
            },
            {
              "Channel": "FCC_Object_ProjectileIgnoreAI",
              "Response": "ECR_Block"
            },
            {
              "Channel": "FCC_Object_ProjectileMesh",
              "Response": "ECR_Block"
            },
            {
              "Channel": "FCC_Object_SpectatorDroneCamera",
              "Response": "ECR_Block"
            }
          ]
        }
      }
    },
    "BodySetupGuid": "092E654F4FEBC5E7F5B04C8BF4814AC0"
  },
  {
    "Type": "HLODProxy",
    "Name": "Athena_SUB_5x5_House_j_1_HLOD",
    "Class": "UScriptClass'HLODProxy'",
    "Properties": {
      "ProxyMeshes": [
        {
          "LODActor": {
            "Guid": "6AC7A6C1-48DDAFF0-C3F9498B-BF6E9E7E"
          },
          "StaticMesh": {
            "ObjectName": "StaticMesh'SM_Athena_SUB_5x5_House_j_1_SM_FORT_Floors_Generic_BasicTileBeams_C_653'",
            "ObjectPath": "FortniteGame/Content/Athena/Maps/Buildings/5x5/HLOD/Athena_SUB_5x5_House_j_1_HLOD.4"
          },
          "Key": "76927B120C6645ACB9200E7FB8896AC3_6AC7A6C148DDAFF0C3F9498BBF6E9E7E_E511BEC4_BE09C588_FA51C7CF_ProxyLODMeshReduction"
        }
      ]
    }
  },
  {
    "Type": "MaterialInstanceConstant",
    "Name": "M_Athena_SUB_5x5_House_j_1_SM_FORT_Floors_Generic_BasicTileBeams_C_653",
    "Class": "UScriptClass'MaterialInstanceConstant'",
    "Properties": {
      "Parent": {
        "ObjectName": "Material'BaseFlattenMaterialAthena_MedHLOD'",
        "ObjectPath": "FortniteGame/Content/Athena/HLODSetup/Materials/BaseFlattenMaterialAthena_MedHLOD.0"
      },
      "bHasStaticPermutationResource": true,
      "ScalarParameterValues": [
        {
          "ParameterInfo": {
            "Name": "MetallicConst",
            "Association": "GlobalParameter",
            "Index": -1
          },
          "ParameterValue": 0.0,
          "ExpressionGUID": "DF762E36-47C779AB-3231ABBC-84920D01"
        },
        {
          "ParameterInfo": {
            "Name": "RoughnessConst",
            "Association": "GlobalParameter",
            "Index": -1
          },
          "ParameterValue": 1.0,
          "ExpressionGUID": "67948A44-4E72B482-DC859C95-1C1BEB62"
        },
        {
          "ParameterInfo": {
            "Name": "SpecularConst",
            "Association": "GlobalParameter",
            "Index": -1
          },
          "ParameterValue": 0.075,
          "ExpressionGUID": "F223E3CB-45C3161C-A86098BD-0550F837"
        },
        {
          "ParameterInfo": {
            "Name": "OpacityConst",
            "Association": "GlobalParameter",
            "Index": -1
          },
          "ParameterValue": 1.0,
          "ExpressionGUID": "5CD49B72-46AFD6EA-081F26B9-DF50808B"
        },
        {
          "ParameterInfo": {
            "Name": "OpacityMaskConst",
            "Association": "GlobalParameter",
            "Index": -1
          },
          "ParameterValue": 1.0,
          "ExpressionGUID": "C019A35E-469F1FBE-A5FA559C-9B07F150"
        },
        {
          "ParameterInfo": {
            "Name": "AmbientOcclusionConst",
            "Association": "GlobalParameter",
            "Index": -1
          },
          "ParameterValue": 1.0,
          "ExpressionGUID": "A4B0120B-45121C51-549CB6AE-11CBEC3D"
        }
      ],
      "TextureParameterValues": [
        {
          "ParameterInfo": {
            "Name": "DiffuseTexture",
            "Association": "GlobalParameter",
            "Index": -1
          },
          "ParameterValue": {
            "ObjectName": "Texture2D'T_Athena_SUB_5x5_House_j_1_SM_FORT_Floors_Generic_BasicTileBeams_C_653_Diffuse'",
            "ObjectPath": "FortniteGame/Content/Athena/Maps/Buildings/5x5/HLOD/Athena_SUB_5x5_House_j_1_HLOD.5"
          },
          "ExpressionGUID": "4E7AD77A-43D375BA-CEB77C86-73756268"
        }
      ],
      "BasePropertyOverrides": {
        "bOverride_DitheredLODTransition": true,
        "DitheredLODTransition": true
      },
      "StaticParameters": {
        "StaticSwitchParameters": [
          {
            "ParameterInfo": {
              "Name": "UseDiffuse",
              "Association": "GlobalParameter",
              "Index": -1
            },
            "Value": true,
            "bOverride": true,
            "ExpressionGUID": "99BA8635-4EAA882F-9D4136AF-958BF760"
          }
        ]
      }
    }
  },
  {
    "Type": "NavCollision",
    "Name": "NavCollision_1",
    "Outer": "SM_Athena_SUB_5x5_House_j_1_SM_FORT_Floors_Generic_BasicTileBeams_C_653",
    "Class": "UScriptClass'NavCollision'",
    "CookedFormatData": {
      "NavCollision_X": {
        "BulkDataFlags": "BULKDATA_SingleUse | BULKDATA_ForceInlinePayload",
        "ElementCount": 21,
        "SizeOnDisk": 21,
        "OffsetInFile": "0x298B7"
      }
    }
  },
  {
    "Type": "StaticMesh",
    "Name": "SM_Athena_SUB_5x5_House_j_1_SM_FORT_Floors_Generic_BasicTileBeams_C_653",
    "Class": "UScriptClass'StaticMesh'",
    "Properties": {
      "StaticMaterials": [
        {
          "MaterialInterface": {
            "ObjectName": "MaterialInstanceConstant'M_Athena_SUB_5x5_House_j_1_SM_FORT_Floors_Generic_BasicTileBeams_C_653'",
            "ObjectPath": "FortniteGame/Content/Athena/Maps/Buildings/5x5/HLOD/Athena_SUB_5x5_House_j_1_HLOD.2"
          },
          "MaterialSlotName": "None",
          "UVChannelData": {
            "bInitialized": true,
            "bOverrideDensities": false,
            "LocalUVDensities": 6527.56,
            "LocalUVDensities": 6527.56,
            "LocalUVDensities": 0.0,
            "LocalUVDensities": 0.0
          }
        },
        {
          "MaterialInterface": {
            "ObjectName": "MaterialInstanceConstant'MI_AthenaTreeXmasPine_01_Impostor_MT'",
            "ObjectPath": "FortniteGame/Content/ImpostorBaker/ImpostorLODs/AthenaTreeXmasPine_02/MI_AthenaTreeXmasPine_01_Impostor_MT.0"
          },
          "MaterialSlotName": "None",
          "UVChannelData": {
            "bInitialized": true,
            "bOverrideDensities": false,
            "LocalUVDensities": 17644.023,
            "LocalUVDensities": 118.043785,
            "LocalUVDensities": 0.0,
            "LocalUVDensities": 0.0
          }
        }
      ],
      "LightmapUVDensity": 6571.3945,
      "LightMapResolution": 32,
      "ExtendedBounds": {
        "Origin": {
          "X": -1027.583,
          "Y": 1033.8163,
          "Z": 397.0405
        },
        "BoxExtent": {
          "X": 1371.2793,
          "Y": 1305.8165,
          "Z": 793.9119
        },
        "SphereRadius": 1882.7961
      }
    },
    "BodySetup": {
      "ObjectName": "BodySetup'SM_Athena_SUB_5x5_House_j_1_SM_FORT_Floors_Generic_BasicTileBeams_C_653:BodySetup_1'",
      "ObjectPath": "FortniteGame/Content/Athena/Maps/Buildings/5x5/HLOD/Athena_SUB_5x5_House_j_1_HLOD.0"
    },
    "NavCollision": {
      "ObjectName": "NavCollision'SM_Athena_SUB_5x5_House_j_1_SM_FORT_Floors_Generic_BasicTileBeams_C_653:NavCollision_1'",
      "ObjectPath": "FortniteGame/Content/Athena/Maps/Buildings/5x5/HLOD/Athena_SUB_5x5_House_j_1_HLOD.3"
    },
    "LightingGuid": "757CC174-4C32F5A6-15E3BE85-74BF6261",
    "RenderData": null
  },
  {
    "Type": "Texture2D",
    "Name": "T_Athena_SUB_5x5_House_j_1_SM_FORT_Floors_Generic_BasicTileBeams_C_653_Diffuse",
    "Class": "UScriptClass'Texture2D'",
    "Properties": {
      "ImportedSize": {
        "X": 256,
        "Y": 256
      },
      "LightingGuid": "B134097E-4284CB36-26602394-D434BF8C",
      "LODGroup": "TEXTUREGROUP_HierarchicalLOD"
    },
    "SizeX": 0,
    "SizeY": 0,
    "PackedData": 0,
    "PixelFormat": "PF_Unknown",
    "FirstMipToSerialize": -1
  }
]