[
  {
    "Type": "BodySetup",
    "Name": "BodySetup_1",
    "Outer": "SM_Athena_SUB_5x5_House_g_1_SM_FORT_Floors_Generic_BasicTileBeams_C_653",
    "Class": "UScriptClass'BodySetup'",
    "Properties": {
      "DefaultInstance": {
        "ObjectType": "ECC_WorldStatic",
        "CollisionEnabled": "ECollisionEnabled::QueryOnly",
        "CollisionProfileName": "BlockAll",
        "CollisionResponses": {
          "ResponseArray": [
            {
              "Channel": "FCC_Trace_WeaponCapsule",
              "Response": "ECR_Block"
            },
            {
              "Channel": "FCC_Object_PawnAI",
              "Response": "ECR_Block"
            },
            {
              "Channel": "FCC_Trace_WeaponMulti",
              "Response": "ECR_Block"
            },
            {
              "Channel": "FCC_Trace_Weapon",
              "Response": "ECR_Block"
            },
            {
              "Channel": "FCC_Object_Projectile",
              "Response": "ECR_Block"
            },
            {
              "Channel": "FCC_Object_ProjectileIgnoreAI",
              "Response": "ECR_Block"
            },
            {
              "Channel": "FCC_Object_ProjectileMesh",
              "Response": "ECR_Block"
            },
            {
              "Channel": "FCC_Object_SpectatorDroneCamera",
              "Response": "ECR_Block"
            }
          ]
        }
      }
    },
    "BodySetupGuid": "6D5CC60E4EDD5C4DD0DB98A099C550A1"
  },
  {
    "Type": "HLODProxy",
    "Name": "Athena_SUB_5x5_House_g_1_HLOD",
    "Class": "UScriptClass'HLODProxy'",
    "Properties": {
      "ProxyMeshes": [
        {
          "LODActor": {
            "Guid": "E0A099B5-48A4DE0B-E9531984-AA045495"
          },
          "StaticMesh": {
            "ObjectName": "StaticMesh'SM_Athena_SUB_5x5_House_g_1_SM_FORT_Floors_Generic_BasicTileBeams_C_653'",
            "ObjectPath": "FortniteGame/Content/Athena/Maps/Buildings/5x5/HLOD/Athena_SUB_5x5_House_g_1_HLOD.4"
          },
          "Key": "76927B120C6645ACB9200E7FB8896AC3_E0A099B548A4DE0BE9531984AA045495_E511BEC4_BE09C588_399E70EC_ProxyLODMeshReduction"
        }
      ]
    }
  },
  {
    "Type": "MaterialInstanceConstant",
    "Name": "M_Athena_SUB_5x5_House_g_1_SM_FORT_Floors_Generic_BasicTileBeams_C_653",
    "Class": "UScriptClass'MaterialInstanceConstant'",
    "Properties": {
      "Parent": {
        "ObjectName": "Material'BaseFlattenMaterialAthena_MedHLOD'",
        "ObjectPath": "FortniteGame/Content/Athena/HLODSetup/Materials/BaseFlattenMaterialAthena_MedHLOD.0"
      },
      "bHasStaticPermutationResource": true,
      "ScalarParameterValues": [
        {
          "ParameterInfo": {
            "Name": "MetallicConst",
            "Association": "GlobalParameter",
            "Index": -1
          },
          "ParameterValue": 0.0,
          "ExpressionGUID": "DF762E36-47C779AB-3231ABBC-84920D01"
        },
        {
          "ParameterInfo": {
            "Name": "RoughnessConst",
            "Association": "GlobalParameter",
            "Index": -1
          },
          "ParameterValue": 1.0,
          "ExpressionGUID": "67948A44-4E72B482-DC859C95-1C1BEB62"
        },
        {
          "ParameterInfo": {
            "Name": "SpecularConst",
            "Association": "GlobalParameter",
            "Index": -1
          },
          "ParameterValue": 0.075,
          "ExpressionGUID": "F223E3CB-45C3161C-A86098BD-0550F837"
        },
        {
          "ParameterInfo": {
            "Name": "OpacityConst",
            "Association": "GlobalParameter",
            "Index": -1
          },
          "ParameterValue": 1.0,
          "ExpressionGUID": "5CD49B72-46AFD6EA-081F26B9-DF50808B"
        },
        {
          "ParameterInfo": {
            "Name": "OpacityMaskConst",
            "Association": "GlobalParameter",
            "Index": -1
          },
          "ParameterValue": 1.0,
          "ExpressionGUID": "C019A35E-469F1FBE-A5FA559C-9B07F150"
        },
        {
          "ParameterInfo": {
            "Name": "AmbientOcclusionConst",
            "Association": "GlobalParameter",
            "Index": -1
          },
          "ParameterValue": 1.0,
          "ExpressionGUID": "A4B0120B-45121C51-549CB6AE-11CBEC3D"
        }
      ],
      "TextureParameterValues": [
        {
          "ParameterInfo": {
            "Name": "DiffuseTexture",
            "Association": "GlobalParameter",
            "Index": -1
          },
          "ParameterValue": {
            "ObjectName": "Texture2D'T_Athena_SUB_5x5_House_g_1_SM_FORT_Floors_Generic_BasicTileBeams_C_653_Diffuse'",
            "ObjectPath": "FortniteGame/Content/Athena/Maps/Buildings/5x5/HLOD/Athena_SUB_5x5_House_g_1_HLOD.5"
          },
          "ExpressionGUID": "4E7AD77A-43D375BA-CEB77C86-73756268"
        }
      ],
      "BasePropertyOverrides": {
        "bOverride_DitheredLODTransition": true,
        "DitheredLODTransition": true
      },
      "StaticParameters": {
        "StaticSwitchParameters": [
          {
            "ParameterInfo": {
              "Name": "UseDiffuse",
              "Association": "GlobalParameter",
              "Index": -1
            },
            "Value": true,
            "bOverride": true,
            "ExpressionGUID": "99BA8635-4EAA882F-9D4136AF-958BF760"
          }
        ]
      }
    }
  },
  {
    "Type": "NavCollision",
    "Name": "NavCollision_1",
    "Outer": "SM_Athena_SUB_5x5_House_g_1_SM_FORT_Floors_Generic_BasicTileBeams_C_653",
    "Class": "UScriptClass'NavCollision'",
    "CookedFormatData": {
      "NavCollision_X": {
        "BulkDataFlags": "BULKDATA_SingleUse | BULKDATA_ForceInlinePayload",
        "ElementCount": 21,
        "SizeOnDisk": 21,
        "OffsetInFile": "0x29527"
      }
    }
  },
  {
    "Type": "StaticMesh",
    "Name": "SM_Athena_SUB_5x5_House_g_1_SM_FORT_Floors_Generic_BasicTileBeams_C_653",
    "Class": "UScriptClass'StaticMesh'",
    "Properties": {
      "StaticMaterials": [
        {
          "MaterialInterface": {
            "ObjectName": "MaterialInstanceConstant'M_Athena_SUB_5x5_House_g_1_SM_FORT_Floors_Generic_BasicTileBeams_C_653'",
            "ObjectPath": "FortniteGame/Content/Athena/Maps/Buildings/5x5/HLOD/Athena_SUB_5x5_House_g_1_HLOD.2"
          },
          "MaterialSlotName": "None",
          "UVChannelData": {
            "bInitialized": true,
            "bOverrideDensities": false,
            "LocalUVDensities": 6446.938,
            "LocalUVDensities": 6446.938,
            "LocalUVDensities": 0.0,
            "LocalUVDensities": 0.0
          }
        },
        {
          "MaterialInterface": {
            "ObjectName": "MaterialInstanceConstant'MI_AthenaTreeXmasPine_02_Impostor'",
            "ObjectPath": "FortniteGame/Content/ImpostorBaker/ImpostorLODs/AthenaTreeXmasPine_02/MI_AthenaTreeXmasPine_02_Impostor.0"
          },
          "MaterialSlotName": "None",
          "UVChannelData": {
            "bInitialized": true,
            "bOverrideDensities": false,
            "LocalUVDensities": 18771.357,
            "LocalUVDensities": 132.91156,
            "LocalUVDensities": 0.0,
            "LocalUVDensities": 0.0
          }
        },
        {
          "MaterialInterface": {
            "ObjectName": "MaterialInstanceConstant'MI_AthenaTreeXmasPine_01_Impostor'",
            "ObjectPath": "FortniteGame/Content/ImpostorBaker/ImpostorLODs/AthenaTreeXmasPine_02/MI_AthenaTreeXmasPine_01_Impostor.0"
          },
          "MaterialSlotName": "None",
          "UVChannelData": {
            "bInitialized": true,
            "bOverrideDensities": false,
            "LocalUVDensities": 17920.54,
            "LocalUVDensities": 119.89218,
            "LocalUVDensities": 0.0,
            "LocalUVDensities": 0.0
          }
        },
        {
          "MaterialInterface": {
            "ObjectName": "MaterialInstanceConstant'MI_AthenaTreeMedium_03_01_Impostor'",
            "ObjectPath": "FortniteGame/Content/ImpostorBaker/ImpostorLODs/AthenaTreeMedium_03/MI_AthenaTreeMedium_03_01_Impostor.0"
          },
          "MaterialSlotName": "None",
          "UVChannelData": {
            "bInitialized": true,
            "bOverrideDensities": false,
            "LocalUVDensities": 9541.243,
            "LocalUVDensities": 121.12943,
            "LocalUVDensities": 0.0,
            "LocalUVDensities": 0.0
          }
        }
      ],
      "LightmapUVDensity": 6609.429,
      "LightMapResolution": 32,
      "PositiveBoundsExtension": {
        "X": 250.23395,
        "Y": 477.60352,
        "Z": 410.73608
      },
      "NegativeBoundsExtension": {
        "X": 318.42798,
        "Y": 278.15808,
        "Z": 10.450623
      },
      "ExtendedBounds": {
        "Origin": {
          "X": -1021.27625,
          "Y": 1128.251,
          "Z": 777.5509
        },
        "BoxExtent": {
          "X": 1616.4457,
          "Y": 1668.624,
          "Z": 827.714
        },
        "SphereRadius": 2466.2346
      }
    },
    "BodySetup": {
      "ObjectName": "BodySetup'SM_Athena_SUB_5x5_House_g_1_SM_FORT_Floors_Generic_BasicTileBeams_C_653:BodySetup_1'",
      "ObjectPath": "FortniteGame/Content/Athena/Maps/Buildings/5x5/HLOD/Athena_SUB_5x5_House_g_1_HLOD.0"
    },
    "NavCollision": {
      "ObjectName": "NavCollision'SM_Athena_SUB_5x5_House_g_1_SM_FORT_Floors_Generic_BasicTileBeams_C_653:NavCollision_1'",
      "ObjectPath": "FortniteGame/Content/Athena/Maps/Buildings/5x5/HLOD/Athena_SUB_5x5_House_g_1_HLOD.3"
    },
    "LightingGuid": "FDFF1059-428761F0-F317B9A0-2917CD95",
    "RenderData": null
  },
  {
    "Type": "Texture2D",
    "Name": "T_Athena_SUB_5x5_House_g_1_SM_FORT_Floors_Generic_BasicTileBeams_C_653_Diffuse",
    "Class": "UScriptClass'Texture2D'",
    "Properties": {
      "ImportedSize": {
        "X": 256,
        "Y": 256
      },
      "LightingGuid": "8FED55C1-423BC61A-7C643E82-18C924D0",
      "LODGroup": "TEXTUREGROUP_HierarchicalLOD"
    },
    "SizeX": 0,
    "SizeY": 0,
    "PackedData": 0,
    "PixelFormat": "PF_Unknown",
    "FirstMipToSerialize": -1
  }
]