[
  {
    "Type": "BodySetup",
    "Name": "BodySetup_0",
    "Outer": "SM_Athena_URB_5x5_Park_b_1_S_Sidewalk_1x1_A_NoCurb_1",
    "Class": "UScriptClass'BodySetup'",
    "Properties": {
      "DefaultInstance": {
        "ObjectType": "ECC_WorldStatic",
        "CollisionEnabled": "ECollisionEnabled::QueryOnly",
        "CollisionProfileName": "BlockAll",
        "CollisionResponses": {
          "ResponseArray": [
            {
              "Channel": "FCC_Trace_WeaponCapsule",
              "Response": "ECR_Block"
            },
            {
              "Channel": "FCC_Object_PawnAI",
              "Response": "ECR_Block"
            },
            {
              "Channel": "FCC_Trace_WeaponMulti",
              "Response": "ECR_Block"
            },
            {
              "Channel": "FCC_Trace_Weapon",
              "Response": "ECR_Block"
            },
            {
              "Channel": "FCC_Object_Projectile",
              "Response": "ECR_Block"
            },
            {
              "Channel": "FCC_Object_ProjectileIgnoreAI",
              "Response": "ECR_Block"
            },
            {
              "Channel": "FCC_Object_ProjectileMesh",
              "Response": "ECR_Block"
            },
            {
              "Channel": "FCC_Object_SpectatorDroneCamera",
              "Response": "ECR_Block"
            }
          ]
        }
      }
    },
    "BodySetupGuid": "22A3F9B642BE8BB07FB26986E483FE5B"
  },
  {
    "Type": "HLODProxy",
    "Name": "Athena_URB_5x5_Park_b_1_HLOD",
    "Class": "UScriptClass'HLODProxy'",
    "Properties": {
      "ProxyMeshes": [
        {
          "LODActor": {
            "Guid": "9164F5DD-4493B74D-7451C5B3-4BBEDA40"
          },
          "StaticMesh": {
            "ObjectName": "StaticMesh'SM_Athena_URB_5x5_Park_b_1_S_Sidewalk_1x1_A_NoCurb_1'",
            "ObjectPath": "FortniteGame/Content/Athena/Maps/Buildings/5x5/HLOD/Athena_URB_5x5_Park_b_1_HLOD.4"
          },
          "Key": "76927B120C6645ACB9200E7FB8896AC3_9164F5DD4493B74D7451C5B34BBEDA40_5AC38ADB_59B20A45_D906CE6E_ProxyLODMeshReduction"
        }
      ]
    }
  },
  {
    "Type": "MaterialInstanceConstant",
    "Name": "M_Athena_URB_5x5_Park_b_1_S_Sidewalk_1x1_A_NoCurb_1",
    "Class": "UScriptClass'MaterialInstanceConstant'",
    "Properties": {
      "Parent": {
        "ObjectName": "MaterialInstanceConstant'BaseFlattenMaterialAthena_MedHLOD_GrassReplace'",
        "ObjectPath": "FortniteGame/Content/Athena/HLODSetup/Materials/BaseFlattenMaterialAthena_MedHLOD_GrassReplace.0"
      },
      "bHasStaticPermutationResource": true,
      "ScalarParameterValues": [
        {
          "ParameterInfo": {
            "Name": "MetallicConst",
            "Association": "GlobalParameter",
            "Index": -1
          },
          "ParameterValue": 0.0,
          "ExpressionGUID": "DF762E36-47C779AB-3231ABBC-84920D01"
        },
        {
          "ParameterInfo": {
            "Name": "RoughnessConst",
            "Association": "GlobalParameter",
            "Index": -1
          },
          "ParameterValue": 1.0,
          "ExpressionGUID": "67948A44-4E72B482-DC859C95-1C1BEB62"
        },
        {
          "ParameterInfo": {
            "Name": "SpecularConst",
            "Association": "GlobalParameter",
            "Index": -1
          },
          "ParameterValue": 0.075,
          "ExpressionGUID": "F223E3CB-45C3161C-A86098BD-0550F837"
        },
        {
          "ParameterInfo": {
            "Name": "OpacityConst",
            "Association": "GlobalParameter",
            "Index": -1
          },
          "ParameterValue": 1.0,
          "ExpressionGUID": "5CD49B72-46AFD6EA-081F26B9-DF50808B"
        },
        {
          "ParameterInfo": {
            "Name": "OpacityMaskConst",
            "Association": "GlobalParameter",
            "Index": -1
          },
          "ParameterValue": 1.0,
          "ExpressionGUID": "C019A35E-469F1FBE-A5FA559C-9B07F150"
        },
        {
          "ParameterInfo": {
            "Name": "AmbientOcclusionConst",
            "Association": "GlobalParameter",
            "Index": -1
          },
          "ParameterValue": 1.0,
          "ExpressionGUID": "A4B0120B-45121C51-549CB6AE-11CBEC3D"
        }
      ],
      "TextureParameterValues": [
        {
          "ParameterInfo": {
            "Name": "DiffuseTexture",
            "Association": "GlobalParameter",
            "Index": -1
          },
          "ParameterValue": {
            "ObjectName": "Texture2D'T_Athena_URB_5x5_Park_b_1_S_Sidewalk_1x1_A_NoCurb_1_Diffuse'",
            "ObjectPath": "FortniteGame/Content/Athena/Maps/Buildings/5x5/HLOD/Athena_URB_5x5_Park_b_1_HLOD.5"
          },
          "ExpressionGUID": "4E7AD77A-43D375BA-CEB77C86-73756268"
        }
      ],
      "BasePropertyOverrides": {
        "bOverride_DitheredLODTransition": true,
        "DitheredLODTransition": true
      },
      "StaticParameters": {
        "StaticSwitchParameters": [
          {
            "ParameterInfo": {
              "Name": "UseDiffuse",
              "Association": "GlobalParameter",
              "Index": -1
            },
            "Value": true,
            "bOverride": true,
            "ExpressionGUID": "99BA8635-4EAA882F-9D4136AF-958BF760"
          }
        ]
      }
    }
  },
  {
    "Type": "NavCollision",
    "Name": "NavCollision_0",
    "Outer": "SM_Athena_URB_5x5_Park_b_1_S_Sidewalk_1x1_A_NoCurb_1",
    "Class": "UScriptClass'NavCollision'",
    "CookedFormatData": {
      "NavCollision_X": {
        "BulkDataFlags": "BULKDATA_SingleUse | BULKDATA_ForceInlinePayload",
        "ElementCount": 21,
        "SizeOnDisk": 21,
        "OffsetInFile": "0x2B1D0"
      }
    }
  },
  {
    "Type": "StaticMesh",
    "Name": "SM_Athena_URB_5x5_Park_b_1_S_Sidewalk_1x1_A_NoCurb_1",
    "Class": "UScriptClass'StaticMesh'",
    "Properties": {
      "StaticMaterials": [
        {
          "MaterialInterface": {
            "ObjectName": "MaterialInstanceConstant'M_Athena_URB_5x5_Park_b_1_S_Sidewalk_1x1_A_NoCurb_1'",
            "ObjectPath": "FortniteGame/Content/Athena/Maps/Buildings/5x5/HLOD/Athena_URB_5x5_Park_b_1_HLOD.2"
          },
          "MaterialSlotName": "None",
          "UVChannelData": {
            "bInitialized": true,
            "bOverrideDensities": false,
            "LocalUVDensities": 8085.554,
            "LocalUVDensities": 8085.554,
            "LocalUVDensities": 0.0,
            "LocalUVDensities": 0.0
          }
        }
      ],
      "LightmapUVDensity": 8085.554,
      "LightMapResolution": 32,
      "ExtendedBounds": {
        "Origin": {
          "X": -1027.7812,
          "Y": 1023.2191,
          "Z": 436.9606
        },
        "BoxExtent": {
          "X": 1473.4053,
          "Y": 1474.8726,
          "Z": 473.28302
        },
        "SphereRadius": 1923.6238
      }
    },
    "BodySetup": {
      "ObjectName": "BodySetup'SM_Athena_URB_5x5_Park_b_1_S_Sidewalk_1x1_A_NoCurb_1:BodySetup_0'",
      "ObjectPath": "FortniteGame/Content/Athena/Maps/Buildings/5x5/HLOD/Athena_URB_5x5_Park_b_1_HLOD.0"
    },
    "NavCollision": {
      "ObjectName": "NavCollision'SM_Athena_URB_5x5_Park_b_1_S_Sidewalk_1x1_A_NoCurb_1:NavCollision_0'",
      "ObjectPath": "FortniteGame/Content/Athena/Maps/Buildings/5x5/HLOD/Athena_URB_5x5_Park_b_1_HLOD.3"
    },
    "LightingGuid": "3A811860-4155ED0D-9B650A8A-83321CF0",
    "RenderData": null
  },
  {
    "Type": "Texture2D",
    "Name": "T_Athena_URB_5x5_Park_b_1_S_Sidewalk_1x1_A_NoCurb_1_Diffuse",
    "Class": "UScriptClass'Texture2D'",
    "Properties": {
      "ImportedSize": {
        "X": 256,
        "Y": 256
      },
      "LightingGuid": "CCD9AEEB-40C53FFC-FACF3692-ECCA3BEC",
      "LODGroup": "TEXTUREGROUP_HierarchicalLOD"
    },
    "SizeX": 0,
    "SizeY": 0,
    "PackedData": 0,
    "PixelFormat": "PF_Unknown",
    "FirstMipToSerialize": -1
  }
]