[
  {
    "Type": "BlueprintGeneratedClass",
    "Name": "BridgeSupport_02_PillarTop_C",
    "Class": "UScriptClass'BlueprintGeneratedClass'",
    "Properties": {
      "SimpleConstructionScript": {
        "ObjectName": "SimpleConstructionScript'BridgeSupport_02_PillarTop_C:SimpleConstructionScript_533'",
        "ObjectPath": "FortniteGame/Content/Athena/Apollo/Environments/BuildingActors/Bridges/Corners/Blueprints/BridgeSupport_02_PillarTop.4"
      }
    },
    "SuperStruct": {
      "ObjectName": "Class'BuildingPillar'",
      "ObjectPath": "/Script/FortniteGame"
    }
  },
  {
    "Type": "BridgeSupport_02_PillarTop_C",
    "Name": "Default__BridgeSupport_02_PillarTop_C",
    "Class": "BlueprintGeneratedClass'FortniteGame/Content/Athena/Apollo/Environments/BuildingActors/Bridges/Corners/Blueprints/BridgeSupport_02_PillarTop.BridgeSupport_02_PillarTop_C'",
    "Properties": {
      "StaticMesh": {
        "ObjectName": "StaticMesh'SM_Apollo_BridgeSupport_02_PillarTop'",
        "ObjectPath": "FortniteGame/Content/Athena/Apollo/Environments/BuildingActors/Bridges/Walls/Meshes/SM_Apollo_BridgeSupport_02_PillarTop.1"
      },
      "ResourceType": "EFortResourceType::Stone",
      "StaticMeshComponent": {
        "ObjectName": "StaticMeshComponent'Default__BridgeSupport_02_PillarTop_C:StaticMeshComponent0'",
        "ObjectPath": "FortniteGame/Content/Athena/Apollo/Environments/BuildingActors/Bridges/Corners/Blueprints/BridgeSupport_02_PillarTop.5"
      },
      "BuildingResourceAmountOverride": {
        "CurveTable": {
          "ObjectName": "CurveTable'ResourceRates'",
          "ObjectPath": "FortniteGame/Content/Balance/DataTables/ResourceRates.0"
        },
        "RowName": "LDBuildingNormal"
      },
      "EditModePatternData": {
        "ObjectName": "BuildingEditModeMetadata_Pillar'EMP_Pillar'",
        "ObjectPath": "FortniteGame/Content/Building/EditModePatterns/Pillar/EMP_Pillar.0"
      },
      "BuildingAttachmentSlot": "SLOT_Floor",
      "CurrentBuildingLevel": 1,
      "AttributeInitKeys": {
        "AttributeInitCategory": "BuildingStone",
        "AttributeInitSubCategory": "2"
      },
      "AttributeInitKeys": {
        "AttributeInitCategory": "BuildingStone",
        "AttributeInitSubCategory": "2"
      },
      "NavigationObstacleOverride": "ENavigationObstacleOverride::ForceEnabled",
      "bCanExportNavigationCollisions": true,
      "bDoNotBlockBuildings": true,
      "bDestroyOnPlayerBuildingPlacement": true,
      "bUseCentroidForBlockBuildingsCheck": false,
      "SnapGridSize": 128.0,
      "CentroidOffset": {
        "X": 0.0,
        "Y": 0.0,
        "Z": 192.0
      },
      "RootComponent": {
        "ObjectName": "StaticMeshComponent'Default__BridgeSupport_02_PillarTop_C:StaticMeshComponent0'",
        "ObjectPath": "FortniteGame/Content/Athena/Apollo/Environments/BuildingActors/Bridges/Corners/Blueprints/BridgeSupport_02_PillarTop.5"
      }
    }
  },
  {
    "Type": "SceneComponent",
    "Name": "SceneComponent_1524",
    "Outer": "BridgeSupport_02_PillarTop_C",
    "Class": "UScriptClass'SceneComponent'"
  },
  {
    "Type": "SCS_Node",
    "Name": "SCS_Node_1528",
    "Outer": "SimpleConstructionScript_533",
    "Class": "UScriptClass'SCS_Node'",
    "Properties": {
      "ComponentClass": {
        "ObjectName": "Class'SceneComponent'",
        "ObjectPath": "/Script/Engine"
      },
      "ComponentTemplate": {
        "ObjectName": "SceneComponent'BridgeSupport_02_PillarTop_C:SceneComponent_1524'",
        "ObjectPath": "FortniteGame/Content/Athena/Apollo/Environments/BuildingActors/Bridges/Corners/Blueprints/BridgeSupport_02_PillarTop.2"
      },
      "VariableGuid": "56BC9799-C494E6E6-321D4295-7D5EB316",
      "InternalVariableName": "DefaultSceneRoot"
    }
  },
  {
    "Type": "SimpleConstructionScript",
    "Name": "SimpleConstructionScript_533",
    "Outer": "BridgeSupport_02_PillarTop_C",
    "Class": "UScriptClass'SimpleConstructionScript'",
    "Properties": {
      "DefaultSceneRootNode": {
        "ObjectName": "SCS_Node'BridgeSupport_02_PillarTop_C:SimpleConstructionScript_533.SCS_Node_1528'",
        "ObjectPath": "FortniteGame/Content/Athena/Apollo/Environments/BuildingActors/Bridges/Corners/Blueprints/BridgeSupport_02_PillarTop.3"
      }
    }
  },
  {
    "Type": "StaticMeshComponent",
    "Name": "StaticMeshComponent0",
    "Outer": "Default__BridgeSupport_02_PillarTop_C",
    "Class": "UScriptClass'StaticMeshComponent'",
    "Properties": {
      "StaticMesh": {
        "ObjectName": "StaticMesh'SM_Apollo_BridgeSupport_02_PillarTop'",
        "ObjectPath": "FortniteGame/Content/Athena/Apollo/Environments/BuildingActors/Bridges/Walls/Meshes/SM_Apollo_BridgeSupport_02_PillarTop.1"
      },
      "CanCharacterStepUpOn": "ECB_Yes",
      "BodyInstance": {
        "bAutoWeld": false
      },
      "bCanEverAffectNavigation": true
    }
  }
]