[
  {
    "Type": "BodySetup",
    "Name": "BodySetup_1",
    "Outer": "SM_Athena_SUB_3x3_WaterTower_a_1_SM_3x3decos_Fountain_Sidewalk05_4",
    "Class": "UScriptClass'BodySetup'",
    "Properties": {
      "DefaultInstance": {
        "ObjectType": "ECC_WorldStatic",
        "CollisionEnabled": "ECollisionEnabled::QueryOnly",
        "CollisionProfileName": "BlockAll",
        "CollisionResponses": {
          "ResponseArray": [
            {
              "Channel": "FCC_Trace_WeaponCapsule",
              "Response": "ECR_Block"
            },
            {
              "Channel": "FCC_Object_PawnAI",
              "Response": "ECR_Block"
            },
            {
              "Channel": "FCC_Trace_WeaponMulti",
              "Response": "ECR_Block"
            },
            {
              "Channel": "FCC_Trace_Weapon",
              "Response": "ECR_Block"
            },
            {
              "Channel": "FCC_Object_Projectile",
              "Response": "ECR_Block"
            },
            {
              "Channel": "FCC_Object_ProjectileIgnoreAI",
              "Response": "ECR_Block"
            },
            {
              "Channel": "FCC_Object_ProjectileMesh",
              "Response": "ECR_Block"
            },
            {
              "Channel": "FCC_Object_SpectatorDroneCamera",
              "Response": "ECR_Block"
            }
          ]
        }
      }
    },
    "BodySetupGuid": "45F3A0B94345FF824C8931802A28215C"
  },
  {
    "Type": "HLODProxy",
    "Name": "Athena_SUB_3x3_WaterTower_a_1_HLOD",
    "Class": "UScriptClass'HLODProxy'",
    "Properties": {
      "ProxyMeshes": [
        {
          "LODActor": {
            "Guid": "701727C5-45E4E393-615C0193-A42E2F62"
          },
          "StaticMesh": {
            "ObjectName": "StaticMesh'SM_Athena_SUB_3x3_WaterTower_a_1_SM_3x3decos_Fountain_Sidewalk05_4'",
            "ObjectPath": "FortniteGame/Content/Athena/Maps/Buildings/3x3/HLOD/Athena_SUB_3x3_WaterTower_a_1_HLOD.4"
          },
          "Key": "76927B120C6645ACB9200E7FB8896AC3_701727C545E4E393615C0193A42E2F62_2AFDE3CF_BE09C588_2D043CE5_ProxyLODMeshReduction"
        }
      ]
    }
  },
  {
    "Type": "MaterialInstanceConstant",
    "Name": "M_Athena_SUB_3x3_WaterTower_a_1_SM_3x3decos_Fountain_Sidewalk05_4",
    "Class": "UScriptClass'MaterialInstanceConstant'",
    "Properties": {
      "Parent": {
        "ObjectName": "Material'BaseFlattenMaterialAthena_MedHLOD'",
        "ObjectPath": "FortniteGame/Content/Athena/HLODSetup/Materials/BaseFlattenMaterialAthena_MedHLOD.0"
      },
      "bHasStaticPermutationResource": true,
      "ScalarParameterValues": [
        {
          "ParameterInfo": {
            "Name": "MetallicConst",
            "Association": "GlobalParameter",
            "Index": -1
          },
          "ParameterValue": 0.0,
          "ExpressionGUID": "DF762E36-47C779AB-3231ABBC-84920D01"
        },
        {
          "ParameterInfo": {
            "Name": "RoughnessConst",
            "Association": "GlobalParameter",
            "Index": -1
          },
          "ParameterValue": 1.0,
          "ExpressionGUID": "67948A44-4E72B482-DC859C95-1C1BEB62"
        },
        {
          "ParameterInfo": {
            "Name": "SpecularConst",
            "Association": "GlobalParameter",
            "Index": -1
          },
          "ParameterValue": 0.075,
          "ExpressionGUID": "F223E3CB-45C3161C-A86098BD-0550F837"
        },
        {
          "ParameterInfo": {
            "Name": "OpacityConst",
            "Association": "GlobalParameter",
            "Index": -1
          },
          "ParameterValue": 1.0,
          "ExpressionGUID": "5CD49B72-46AFD6EA-081F26B9-DF50808B"
        },
        {
          "ParameterInfo": {
            "Name": "OpacityMaskConst",
            "Association": "GlobalParameter",
            "Index": -1
          },
          "ParameterValue": 1.0,
          "ExpressionGUID": "C019A35E-469F1FBE-A5FA559C-9B07F150"
        },
        {
          "ParameterInfo": {
            "Name": "AmbientOcclusionConst",
            "Association": "GlobalParameter",
            "Index": -1
          },
          "ParameterValue": 1.0,
          "ExpressionGUID": "A4B0120B-45121C51-549CB6AE-11CBEC3D"
        }
      ],
      "TextureParameterValues": [
        {
          "ParameterInfo": {
            "Name": "DiffuseTexture",
            "Association": "GlobalParameter",
            "Index": -1
          },
          "ParameterValue": {
            "ObjectName": "Texture2D'T_Athena_SUB_3x3_WaterTower_a_1_SM_3x3decos_Fountain_Sidewalk05_4_Diffuse'",
            "ObjectPath": "FortniteGame/Content/Athena/Maps/Buildings/3x3/HLOD/Athena_SUB_3x3_WaterTower_a_1_HLOD.5"
          },
          "ExpressionGUID": "4E7AD77A-43D375BA-CEB77C86-73756268"
        }
      ],
      "BasePropertyOverrides": {
        "bOverride_DitheredLODTransition": true,
        "DitheredLODTransition": true
      },
      "StaticParameters": {
        "StaticSwitchParameters": [
          {
            "ParameterInfo": {
              "Name": "UseDiffuse",
              "Association": "GlobalParameter",
              "Index": -1
            },
            "Value": true,
            "bOverride": true,
            "ExpressionGUID": "99BA8635-4EAA882F-9D4136AF-958BF760"
          }
        ]
      }
    }
  },
  {
    "Type": "NavCollision",
    "Name": "NavCollision_1",
    "Outer": "SM_Athena_SUB_3x3_WaterTower_a_1_SM_3x3decos_Fountain_Sidewalk05_4",
    "Class": "UScriptClass'NavCollision'",
    "CookedFormatData": {
      "NavCollision_X": {
        "BulkDataFlags": "BULKDATA_SingleUse | BULKDATA_ForceInlinePayload",
        "ElementCount": 21,
        "SizeOnDisk": 21,
        "OffsetInFile": "0x26446"
      }
    }
  },
  {
    "Type": "StaticMesh",
    "Name": "SM_Athena_SUB_3x3_WaterTower_a_1_SM_3x3decos_Fountain_Sidewalk05_4",
    "Class": "UScriptClass'StaticMesh'",
    "Properties": {
      "StaticMaterials": [
        {
          "MaterialInterface": {
            "ObjectName": "MaterialInstanceConstant'M_Athena_SUB_3x3_WaterTower_a_1_SM_3x3decos_Fountain_Sidewalk05_4'",
            "ObjectPath": "FortniteGame/Content/Athena/Maps/Buildings/3x3/HLOD/Athena_SUB_3x3_WaterTower_a_1_HLOD.2"
          },
          "MaterialSlotName": "None",
          "UVChannelData": {
            "bInitialized": true,
            "bOverrideDensities": false,
            "LocalUVDensities": 4043.3174,
            "LocalUVDensities": 4043.3174,
            "LocalUVDensities": 0.0,
            "LocalUVDensities": 0.0
          }
        },
        {
          "MaterialInterface": {
            "ObjectName": "MaterialInstanceConstant'MI_AthenaTreeMedium_01_Impostor'",
            "ObjectPath": "FortniteGame/Content/ImpostorBaker/ImpostorLODs/AthenaTreeMedium_01/MI_AthenaTreeMedium_01_Impostor.0"
          },
          "MaterialSlotName": "None",
          "UVChannelData": {
            "bInitialized": true,
            "bOverrideDensities": false,
            "LocalUVDensities": 12307.653,
            "LocalUVDensities": 104.17689,
            "LocalUVDensities": 0.0,
            "LocalUVDensities": 0.0
          }
        }
      ],
      "LightmapUVDensity": 4078.541,
      "LightMapResolution": 32,
      "NegativeBoundsExtension": {
        "X": 201.2821,
        "Y": 254.44153,
        "Z": 19.415436
      },
      "ExtendedBounds": {
        "Origin": {
          "X": -573.86346,
          "Y": 425.70395,
          "Z": 952.0815
        },
        "BoxExtent": {
          "X": 907.4716,
          "Y": 938.5121,
          "Z": 982.1834
        },
        "SphereRadius": 1633.7056
      }
    },
    "BodySetup": {
      "ObjectName": "BodySetup'SM_Athena_SUB_3x3_WaterTower_a_1_SM_3x3decos_Fountain_Sidewalk05_4:BodySetup_1'",
      "ObjectPath": "FortniteGame/Content/Athena/Maps/Buildings/3x3/HLOD/Athena_SUB_3x3_WaterTower_a_1_HLOD.0"
    },
    "NavCollision": {
      "ObjectName": "NavCollision'SM_Athena_SUB_3x3_WaterTower_a_1_SM_3x3decos_Fountain_Sidewalk05_4:NavCollision_1'",
      "ObjectPath": "FortniteGame/Content/Athena/Maps/Buildings/3x3/HLOD/Athena_SUB_3x3_WaterTower_a_1_HLOD.3"
    },
    "LightingGuid": "54766FBE-4C33672A-D1DF52A3-6736221F",
    "RenderData": null
  },
  {
    "Type": "Texture2D",
    "Name": "T_Athena_SUB_3x3_WaterTower_a_1_SM_3x3decos_Fountain_Sidewalk05_4_Diffuse",
    "Class": "UScriptClass'Texture2D'",
    "Properties": {
      "ImportedSize": {
        "X": 256,
        "Y": 256
      },
      "LightingGuid": "EF066B2E-4E65D864-5436D2AA-3EABB2B4",
      "LODGroup": "TEXTUREGROUP_HierarchicalLOD"
    },
    "SizeX": 0,
    "SizeY": 0,
    "PackedData": 0,
    "PixelFormat": "PF_Unknown",
    "FirstMipToSerialize": -1
  }
]