[
  {
    "Type": "BodySetup",
    "Name": "BodySetup_0",
    "Outer": "SM_Athena_URB_3x3_ClockTower_a_1_SM_3x3decos_Fountain_Sidewalk02",
    "Class": "UScriptClass'BodySetup'",
    "Properties": {
      "DefaultInstance": {
        "ObjectType": "ECC_WorldStatic",
        "CollisionEnabled": "ECollisionEnabled::QueryOnly",
        "CollisionProfileName": "BlockAll",
        "CollisionResponses": {
          "ResponseArray": [
            {
              "Channel": "FCC_Trace_WeaponCapsule",
              "Response": "ECR_Block"
            },
            {
              "Channel": "FCC_Object_PawnAI",
              "Response": "ECR_Block"
            },
            {
              "Channel": "FCC_Trace_WeaponMulti",
              "Response": "ECR_Block"
            },
            {
              "Channel": "FCC_Trace_Weapon",
              "Response": "ECR_Block"
            },
            {
              "Channel": "FCC_Object_Projectile",
              "Response": "ECR_Block"
            },
            {
              "Channel": "FCC_Object_ProjectileIgnoreAI",
              "Response": "ECR_Block"
            },
            {
              "Channel": "FCC_Object_ProjectileMesh",
              "Response": "ECR_Block"
            },
            {
              "Channel": "FCC_Object_SpectatorDroneCamera",
              "Response": "ECR_Block"
            }
          ]
        }
      }
    },
    "BodySetupGuid": "38E9947749B2E32960BA4780EDBC0A05"
  },
  {
    "Type": "HLODProxy",
    "Name": "Athena_URB_3x3_ClockTower_a_1_HLOD",
    "Class": "UScriptClass'HLODProxy'",
    "Properties": {
      "ProxyMeshes": [
        {
          "LODActor": {
            "Guid": "9EA9585B-438C9094-8B34DDB9-8D3A4709"
          },
          "StaticMesh": {
            "ObjectName": "StaticMesh'SM_Athena_URB_3x3_ClockTower_a_1_SM_3x3decos_Fountain_Sidewalk02'",
            "ObjectPath": "FortniteGame/Content/Athena/Maps/Buildings/3x3/HLOD/Athena_URB_3x3_ClockTower_a_1_HLOD.4"
          },
          "Key": "76927B120C6645ACB9200E7FB8896AC3_9EA9585B438C90948B34DDB98D3A4709_3D097606_BE09C588_3B88C4C8_ProxyLODMeshReduction"
        }
      ]
    }
  },
  {
    "Type": "MaterialInstanceConstant",
    "Name": "M_Athena_URB_3x3_ClockTower_a_1_SM_3x3decos_Fountain_Sidewalk02",
    "Class": "UScriptClass'MaterialInstanceConstant'",
    "Properties": {
      "Parent": {
        "ObjectName": "Material'BaseFlattenMaterialAthena_MedHLOD'",
        "ObjectPath": "FortniteGame/Content/Athena/HLODSetup/Materials/BaseFlattenMaterialAthena_MedHLOD.0"
      },
      "bHasStaticPermutationResource": true,
      "ScalarParameterValues": [
        {
          "ParameterInfo": {
            "Name": "MetallicConst",
            "Association": "GlobalParameter",
            "Index": -1
          },
          "ParameterValue": 0.0,
          "ExpressionGUID": "DF762E36-47C779AB-3231ABBC-84920D01"
        },
        {
          "ParameterInfo": {
            "Name": "RoughnessConst",
            "Association": "GlobalParameter",
            "Index": -1
          },
          "ParameterValue": 1.0,
          "ExpressionGUID": "67948A44-4E72B482-DC859C95-1C1BEB62"
        },
        {
          "ParameterInfo": {
            "Name": "SpecularConst",
            "Association": "GlobalParameter",
            "Index": -1
          },
          "ParameterValue": 0.075,
          "ExpressionGUID": "F223E3CB-45C3161C-A86098BD-0550F837"
        },
        {
          "ParameterInfo": {
            "Name": "OpacityConst",
            "Association": "GlobalParameter",
            "Index": -1
          },
          "ParameterValue": 1.0,
          "ExpressionGUID": "5CD49B72-46AFD6EA-081F26B9-DF50808B"
        },
        {
          "ParameterInfo": {
            "Name": "OpacityMaskConst",
            "Association": "GlobalParameter",
            "Index": -1
          },
          "ParameterValue": 1.0,
          "ExpressionGUID": "C019A35E-469F1FBE-A5FA559C-9B07F150"
        },
        {
          "ParameterInfo": {
            "Name": "AmbientOcclusionConst",
            "Association": "GlobalParameter",
            "Index": -1
          },
          "ParameterValue": 1.0,
          "ExpressionGUID": "A4B0120B-45121C51-549CB6AE-11CBEC3D"
        }
      ],
      "TextureParameterValues": [
        {
          "ParameterInfo": {
            "Name": "DiffuseTexture",
            "Association": "GlobalParameter",
            "Index": -1
          },
          "ParameterValue": {
            "ObjectName": "Texture2D'T_Athena_URB_3x3_ClockTower_a_1_SM_3x3decos_Fountain_Sidewalk02_Diffuse'",
            "ObjectPath": "FortniteGame/Content/Athena/Maps/Buildings/3x3/HLOD/Athena_URB_3x3_ClockTower_a_1_HLOD.5"
          },
          "ExpressionGUID": "4E7AD77A-43D375BA-CEB77C86-73756268"
        }
      ],
      "BasePropertyOverrides": {
        "bOverride_DitheredLODTransition": true,
        "DitheredLODTransition": true
      },
      "StaticParameters": {
        "StaticSwitchParameters": [
          {
            "ParameterInfo": {
              "Name": "UseDiffuse",
              "Association": "GlobalParameter",
              "Index": -1
            },
            "Value": true,
            "bOverride": true,
            "ExpressionGUID": "99BA8635-4EAA882F-9D4136AF-958BF760"
          }
        ]
      }
    }
  },
  {
    "Type": "NavCollision",
    "Name": "NavCollision_0",
    "Outer": "SM_Athena_URB_3x3_ClockTower_a_1_SM_3x3decos_Fountain_Sidewalk02",
    "Class": "UScriptClass'NavCollision'",
    "CookedFormatData": {
      "NavCollision_X": {
        "BulkDataFlags": "BULKDATA_SingleUse | BULKDATA_ForceInlinePayload",
        "ElementCount": 21,
        "SizeOnDisk": 21,
        "OffsetInFile": "0x24920"
      }
    }
  },
  {
    "Type": "StaticMesh",
    "Name": "SM_Athena_URB_3x3_ClockTower_a_1_SM_3x3decos_Fountain_Sidewalk02",
    "Class": "UScriptClass'StaticMesh'",
    "Properties": {
      "StaticMaterials": [
        {
          "MaterialInterface": {
            "ObjectName": "MaterialInstanceConstant'M_Athena_URB_3x3_ClockTower_a_1_SM_3x3decos_Fountain_Sidewalk02'",
            "ObjectPath": "FortniteGame/Content/Athena/Maps/Buildings/3x3/HLOD/Athena_URB_3x3_ClockTower_a_1_HLOD.2"
          },
          "MaterialSlotName": "None",
          "UVChannelData": {
            "bInitialized": true,
            "bOverrideDensities": false,
            "LocalUVDensities": 5019.877,
            "LocalUVDensities": 5019.877,
            "LocalUVDensities": 0.0,
            "LocalUVDensities": 0.0
          }
        }
      ],
      "LightmapUVDensity": 5019.877,
      "LightMapResolution": 256,
      "ExtendedBounds": {
        "Origin": {
          "X": -504.70044,
          "Y": 505.25262,
          "Z": 1463.3689
        },
        "BoxExtent": {
          "X": 775.1968,
          "Y": 774.4302,
          "Z": 1470.6953
        },
        "SphereRadius": 1830.2555
      }
    },
    "BodySetup": {
      "ObjectName": "BodySetup'SM_Athena_URB_3x3_ClockTower_a_1_SM_3x3decos_Fountain_Sidewalk02:BodySetup_0'",
      "ObjectPath": "FortniteGame/Content/Athena/Maps/Buildings/3x3/HLOD/Athena_URB_3x3_ClockTower_a_1_HLOD.0"
    },
    "NavCollision": {
      "ObjectName": "NavCollision'SM_Athena_URB_3x3_ClockTower_a_1_SM_3x3decos_Fountain_Sidewalk02:NavCollision_0'",
      "ObjectPath": "FortniteGame/Content/Athena/Maps/Buildings/3x3/HLOD/Athena_URB_3x3_ClockTower_a_1_HLOD.3"
    },
    "LightingGuid": "B0E89999-442F0E6F-81C6FE9D-3A25DABD",
    "RenderData": null
  },
  {
    "Type": "Texture2D",
    "Name": "T_Athena_URB_3x3_ClockTower_a_1_SM_3x3decos_Fountain_Sidewalk02_Diffuse",
    "Class": "UScriptClass'Texture2D'",
    "Properties": {
      "ImportedSize": {
        "X": 256,
        "Y": 256
      },
      "LightingGuid": "8A6CB47B-40891B5F-21727196-A6E6F3F4",
      "LODGroup": "TEXTUREGROUP_HierarchicalLOD"
    },
    "SizeX": 0,
    "SizeY": 0,
    "PackedData": 0,
    "PixelFormat": "PF_Unknown",
    "FirstMipToSerialize": -1
  }
]