[
  {
    "Type": "BodySetup",
    "Name": "BodySetup_0",
    "Outer": "SM_Athena_SS_1x1_Outdoor3_006_0_Farm_Roof1_Peak3",
    "Class": "UScriptClass'BodySetup'",
    "Properties": {
      "DefaultInstance": {
        "ObjectType": "ECC_WorldStatic",
        "CollisionEnabled": "ECollisionEnabled::QueryOnly",
        "CollisionProfileName": "BlockAll",
        "CollisionResponses": {
          "ResponseArray": [
            {
              "Channel": "FCC_Trace_WeaponCapsule",
              "Response": "ECR_Block"
            },
            {
              "Channel": "FCC_Object_PawnAI",
              "Response": "ECR_Block"
            },
            {
              "Channel": "FCC_Trace_WeaponMulti",
              "Response": "ECR_Block"
            },
            {
              "Channel": "FCC_Trace_Weapon",
              "Response": "ECR_Block"
            },
            {
              "Channel": "FCC_Object_Projectile",
              "Response": "ECR_Block"
            },
            {
              "Channel": "FCC_Object_ProjectileIgnoreAI",
              "Response": "ECR_Block"
            },
            {
              "Channel": "FCC_Object_ProjectileMesh",
              "Response": "ECR_Block"
            },
            {
              "Channel": "FCC_Object_SpectatorDroneCamera",
              "Response": "ECR_Block"
            }
          ]
        }
      }
    },
    "BodySetupGuid": "45CF3B70450DDA970DFFD9A3DC4124A7"
  },
  {
    "Type": "HLODProxy",
    "Name": "Athena_SS_1x1_Outdoor3_006_0_HLOD",
    "Class": "UScriptClass'HLODProxy'",
    "Properties": {
      "ProxyMeshes": [
        {
          "LODActor": {
            "Guid": "0CE45A4F-494D8FFA-19231A94-F3DE0CC2"
          },
          "StaticMesh": {
            "ObjectName": "StaticMesh'SM_Athena_SS_1x1_Outdoor3_006_0_Farm_Roof1_Peak3'",
            "ObjectPath": "FortniteGame/Content/Athena/Maps/Buildings/1x1/HLOD/Athena_SS_1x1_Outdoor3_006_0_HLOD.4"
          },
          "Key": "76927B120C6645ACB9200E7FB8896AC3_0CE45A4F494D8FFA19231A94F3DE0CC2_C765880A_1B864DD1_478FBA86_ProxyLODMeshReduction"
        }
      ]
    }
  },
  {
    "Type": "MaterialInstanceConstant",
    "Name": "M_Athena_SS_1x1_Outdoor3_006_0_Farm_Roof1_Peak3",
    "Class": "UScriptClass'MaterialInstanceConstant'",
    "Properties": {
      "Parent": {
        "ObjectName": "Material'BaseFlattenMaterial'",
        "ObjectPath": "Engine/Content/EngineMaterials/BaseFlattenMaterial.0"
      },
      "bHasStaticPermutationResource": true,
      "ScalarParameterValues": [
        {
          "ParameterInfo": {
            "Name": "MetallicConst",
            "Association": "GlobalParameter",
            "Index": -1
          },
          "ParameterValue": 0.0,
          "ExpressionGUID": "16B059D0-44221A3F-374E1891-C270FC15"
        },
        {
          "ParameterInfo": {
            "Name": "RoughnessConst",
            "Association": "GlobalParameter",
            "Index": -1
          },
          "ParameterValue": 1.0,
          "ExpressionGUID": "D267A77E-41FA7EC1-5E9D5BAE-BBF80B38"
        },
        {
          "ParameterInfo": {
            "Name": "SpecularConst",
            "Association": "GlobalParameter",
            "Index": -1
          },
          "ParameterValue": 0.075,
          "ExpressionGUID": "28B5BE19-4FC55461-751117AD-2CD30525"
        },
        {
          "ParameterInfo": {
            "Name": "OpacityConst",
            "Association": "GlobalParameter",
            "Index": -1
          },
          "ParameterValue": 1.0,
          "ExpressionGUID": "54F848F8-429DCBC2-7FFE98BC-6B68D0FF"
        },
        {
          "ParameterInfo": {
            "Name": "OpacityMaskConst",
            "Association": "GlobalParameter",
            "Index": -1
          },
          "ParameterValue": 1.0,
          "ExpressionGUID": "E97FC7E1-48654DF8-73D2E8A2-879E06C7"
        },
        {
          "ParameterInfo": {
            "Name": "AmbientOcclusionConst",
            "Association": "GlobalParameter",
            "Index": -1
          },
          "ParameterValue": 1.0,
          "ExpressionGUID": "423DC731-407F9562-94B756BF-6321AC88"
        }
      ],
      "TextureParameterValues": [
        {
          "ParameterInfo": {
            "Name": "DiffuseTexture",
            "Association": "GlobalParameter",
            "Index": -1
          },
          "ParameterValue": {
            "ObjectName": "Texture2D'T_Athena_SS_1x1_Outdoor3_006_0_Farm_Roof1_Peak3_Diffuse'",
            "ObjectPath": "FortniteGame/Content/Athena/Maps/Buildings/1x1/HLOD/Athena_SS_1x1_Outdoor3_006_0_HLOD.5"
          },
          "ExpressionGUID": "FA983522-483B48DB-7302F694-A9E59879"
        }
      ],
      "BasePropertyOverrides": {
        "bOverride_DitheredLODTransition": true,
        "DitheredLODTransition": true
      },
      "StaticParameters": {
        "StaticSwitchParameters": [
          {
            "ParameterInfo": {
              "Name": "UseDiffuse",
              "Association": "GlobalParameter",
              "Index": -1
            },
            "Value": true,
            "bOverride": true,
            "ExpressionGUID": "99BA8635-4EAA882F-9D4136AF-958BF760"
          }
        ]
      }
    }
  },
  {
    "Type": "NavCollision",
    "Name": "NavCollision_0",
    "Outer": "SM_Athena_SS_1x1_Outdoor3_006_0_Farm_Roof1_Peak3",
    "Class": "UScriptClass'NavCollision'",
    "CookedFormatData": {
      "NavCollision_X": {
        "BulkDataFlags": "BULKDATA_SingleUse | BULKDATA_ForceInlinePayload",
        "ElementCount": 21,
        "SizeOnDisk": 21,
        "OffsetInFile": "0x2414D"
      }
    }
  },
  {
    "Type": "StaticMesh",
    "Name": "SM_Athena_SS_1x1_Outdoor3_006_0_Farm_Roof1_Peak3",
    "Class": "UScriptClass'StaticMesh'",
    "Properties": {
      "StaticMaterials": [
        {
          "MaterialInterface": {
            "ObjectName": "MaterialInstanceConstant'M_Athena_SS_1x1_Outdoor3_006_0_Farm_Roof1_Peak3'",
            "ObjectPath": "FortniteGame/Content/Athena/Maps/Buildings/1x1/HLOD/Athena_SS_1x1_Outdoor3_006_0_HLOD.2"
          },
          "MaterialSlotName": "None",
          "UVChannelData": {
            "bInitialized": true,
            "bOverrideDensities": false,
            "LocalUVDensities": 3451.4229,
            "LocalUVDensities": 3451.4229,
            "LocalUVDensities": 0.0,
            "LocalUVDensities": 0.0
          }
        }
      ],
      "LightmapUVDensity": 3451.4229,
      "ExtendedBounds": {
        "Origin": {
          "X": 1.2349854,
          "Y": 1.0113525,
          "Z": 271.27493
        },
        "BoxExtent": {
          "X": 334.24585,
          "Y": 331.61243,
          "Z": 668.0748
        },
        "SphereRadius": 784.5282
      }
    },
    "BodySetup": {
      "ObjectName": "BodySetup'SM_Athena_SS_1x1_Outdoor3_006_0_Farm_Roof1_Peak3:BodySetup_0'",
      "ObjectPath": "FortniteGame/Content/Athena/Maps/Buildings/1x1/HLOD/Athena_SS_1x1_Outdoor3_006_0_HLOD.0"
    },
    "NavCollision": {
      "ObjectName": "NavCollision'SM_Athena_SS_1x1_Outdoor3_006_0_Farm_Roof1_Peak3:NavCollision_0'",
      "ObjectPath": "FortniteGame/Content/Athena/Maps/Buildings/1x1/HLOD/Athena_SS_1x1_Outdoor3_006_0_HLOD.3"
    },
    "LightingGuid": "C990E781-46D26992-C05A43BB-C84F084E",
    "RenderData": null
  },
  {
    "Type": "Texture2D",
    "Name": "T_Athena_SS_1x1_Outdoor3_006_0_Farm_Roof1_Peak3_Diffuse",
    "Class": "UScriptClass'Texture2D'",
    "Properties": {
      "ImportedSize": {
        "X": 128,
        "Y": 128
      },
      "LightingGuid": "0B666BFA-496133EC-FB08C6A9-0842BBBC",
      "LODGroup": "TEXTUREGROUP_HierarchicalLOD"
    },
    "SizeX": 0,
    "SizeY": 0,
    "PackedData": 0,
    "PixelFormat": "PF_Unknown",
    "FirstMipToSerialize": -1
  }
]