[
  {
    "Type": "BlueprintGeneratedClass",
    "Name": "Apollo_LogJam_Sign_C",
    "Class": "UScriptClass'BlueprintGeneratedClass'",
    "Properties": {
      "SimpleConstructionScript": {
        "ObjectName": "SimpleConstructionScript'Apollo_LogJam_Sign_C:SimpleConstructionScript_32'",
        "ObjectPath": "FortniteGame/Content/Athena/Apollo/Environments/BuildingActors/SawMill/Prop/Apollo_LogJam_Sign.4"
      }
    },
    "SuperStruct": {
      "ObjectName": "Class'BuildingProp'",
      "ObjectPath": "/Script/FortniteGame"
    }
  },
  {
    "Type": "Apollo_LogJam_Sign_C",
    "Name": "Default__Apollo_LogJam_Sign_C",
    "Class": "BlueprintGeneratedClass'FortniteGame/Content/Athena/Apollo/Environments/BuildingActors/SawMill/Prop/Apollo_LogJam_Sign.Apollo_LogJam_Sign_C'",
    "Properties": {
      "StaticMesh": {
        "ObjectName": "StaticMesh'SM_Apollo_Log_Sign'",
        "ObjectPath": "FortniteGame/Content/Environments/Apollo/Props/Log_Sign/Meshes/SM_Apollo_Log_Sign.1"
      },
      "ResourceType": "EFortResourceType::Metal",
      "StaticMeshComponent": {
        "ObjectName": "StaticMeshComponent'Default__Apollo_LogJam_Sign_C:StaticMeshComponent0'",
        "ObjectPath": "FortniteGame/Content/Athena/Apollo/Environments/BuildingActors/SawMill/Prop/Apollo_LogJam_Sign.5"
      },
      "BuildingResourceAmountOverride": {
        "CurveTable": {
          "ObjectName": "CurveTable'AthenaResourceRates'",
          "ObjectPath": "FortniteGame/Content/Athena/Balance/DataTables/AthenaResourceRates.0"
        },
        "RowName": "ResourceMetalMedium"
      },
      "DeathParticles": {
        "ObjectName": "ParticleSystem'P_General_Deco_Destruction_Large'",
        "ObjectPath": "FortniteGame/Content/Effects/Fort_Effects/World/Destruction/Base_Effects/P_General_Deco_Destruction_Large.100"
      },
      "DeathParticleSocketName": "DeathParticle",
      "BuildingAttachmentSlot": "SLOT_Floor",
      "AttributeInitKeys": {
        "AttributeInitCategory": "ResourceMetal",
        "AttributeInitSubCategory": "2"
      },
      "AttributeInitKeys": {
        "AttributeInitCategory": "ResourceMetal",
        "AttributeInitSubCategory": "2"
      },
      "NavigationObstacleOverride": "ENavigationObstacleOverride::ForceEnabled",
      "bCanExportNavigationCollisions": true,
      "bDestroyFoliageWhenPlaced": true,
      "bDestroyOnPlayerBuildingPlacement": true,
      "StaticGameplayTags": [
        "Building.Type.Prop"
      ],
      "BRMaxDrawDistance": 22000.0,
      "CentroidOffset": {
        "X": 0.0,
        "Y": 0.0,
        "Z": 128.0
      },
      "RootComponent": {
        "ObjectName": "StaticMeshComponent'Default__Apollo_LogJam_Sign_C:StaticMeshComponent0'",
        "ObjectPath": "FortniteGame/Content/Athena/Apollo/Environments/BuildingActors/SawMill/Prop/Apollo_LogJam_Sign.5"
      }
    }
  },
  {
    "Type": "SceneComponent",
    "Name": "SceneComponent_269",
    "Outer": "Apollo_LogJam_Sign_C",
    "Class": "UScriptClass'SceneComponent'"
  },
  {
    "Type": "SCS_Node",
    "Name": "SCS_Node_273",
    "Outer": "SimpleConstructionScript_32",
    "Class": "UScriptClass'SCS_Node'",
    "Properties": {
      "ComponentClass": {
        "ObjectName": "Class'SceneComponent'",
        "ObjectPath": "/Script/Engine"
      },
      "ComponentTemplate": {
        "ObjectName": "SceneComponent'Apollo_LogJam_Sign_C:SceneComponent_269'",
        "ObjectPath": "FortniteGame/Content/Athena/Apollo/Environments/BuildingActors/SawMill/Prop/Apollo_LogJam_Sign.2"
      },
      "VariableGuid": "56BC9799-C494E6E6-321D4295-7D5EB316",
      "InternalVariableName": "DefaultSceneRoot"
    }
  },
  {
    "Type": "SimpleConstructionScript",
    "Name": "SimpleConstructionScript_32",
    "Outer": "Apollo_LogJam_Sign_C",
    "Class": "UScriptClass'SimpleConstructionScript'",
    "Properties": {
      "DefaultSceneRootNode": {
        "ObjectName": "SCS_Node'Apollo_LogJam_Sign_C:SimpleConstructionScript_32.SCS_Node_273'",
        "ObjectPath": "FortniteGame/Content/Athena/Apollo/Environments/BuildingActors/SawMill/Prop/Apollo_LogJam_Sign.3"
      }
    }
  },
  {
    "Type": "StaticMeshComponent",
    "Name": "StaticMeshComponent0",
    "Outer": "Default__Apollo_LogJam_Sign_C",
    "Class": "UScriptClass'StaticMeshComponent'",
    "Properties": {
      "StaticMesh": {
        "ObjectName": "StaticMesh'SM_Apollo_Log_Sign'",
        "ObjectPath": "FortniteGame/Content/Environments/Apollo/Props/Log_Sign/Meshes/SM_Apollo_Log_Sign.1"
      },
      "bAllowCullDistanceVolume": false,
      "bCanEverAffectNavigation": true
    }
  }
]