[
  {
    "Type": "BlueprintGeneratedClass",
    "Name": "Fishstick_Wall_Poster_5_C",
    "Class": "UScriptClass'BlueprintGeneratedClass'",
    "Properties": {
      "SimpleConstructionScript": {
        "ObjectName": "SimpleConstructionScript'Fishstick_Wall_Poster_5_C:SimpleConstructionScript_326'",
        "ObjectPath": "FortniteGame/Content/Athena/Apollo/Environments/BuildingActors/BeachyBluffs/Props/Fishstick_Wall_Poster_5.4"
      }
    },
    "SuperStruct": {
      "ObjectName": "Class'BuildingDeco'",
      "ObjectPath": "/Script/FortniteGame"
    }
  },
  {
    "Type": "Fishstick_Wall_Poster_5_C",
    "Name": "Default__Fishstick_Wall_Poster_5_C",
    "Class": "BlueprintGeneratedClass'FortniteGame/Content/Athena/Apollo/Environments/BuildingActors/BeachyBluffs/Props/Fishstick_Wall_Poster_5.Fishstick_Wall_Poster_5_C'",
    "Properties": {
      "TextureData": {
        "ObjectName": "BuildingTextureData'Fishstick_Posters1'",
        "ObjectPath": "FortniteGame/Content/Environments/Apollo/Sets/BeachyBluffs/DataAssets/Fishstick_Posters1.0"
      },
      "StaticMesh": {
        "ObjectName": "StaticMesh'Durr_Wall_Poster_5'",
        "ObjectPath": "FortniteGame/Content/Environments/Props/Durr/Meshes/Durr_Wall_Poster_5.1"
      },
      "ResourceType": "EFortResourceType::Stone",
      "bRandomScaleOnPlacement": true,
      "bPropagatesBounceEffects": true,
      "RandomScaleRange": {
        "X": 0.75,
        "Y": 1.25
      },
      "StaticMeshComponent": {
        "ObjectName": "StaticMeshComponent'Default__Fishstick_Wall_Poster_5_C:StaticMeshComponent0'",
        "ObjectPath": "FortniteGame/Content/Athena/Apollo/Environments/BuildingActors/BeachyBluffs/Props/Fishstick_Wall_Poster_5.5"
      },
      "BuildingResourceAmountOverride": {
        "CurveTable": {
          "ObjectName": "CurveTable'ResourceRates'",
          "ObjectPath": "FortniteGame/Content/Balance/DataTables/ResourceRates.0"
        },
        "RowName": "ResourceNone"
      },
      "DeathParticles": {
        "ObjectName": "ParticleSystem'P_General_Deco_Destruction_Small'",
        "ObjectPath": "FortniteGame/Content/Effects/Fort_Effects/World/Destruction/Base_Effects/P_General_Deco_Destruction_Small.100"
      },
      "BuildingAttachmentType": "ATTACH_Wall",
      "AreaClass": {
        "AssetPathName": "/Script/NavigationSystem.NavArea_Default",
        "SubPathString": ""
      },
      "AttributeInitKeys": {
        "AttributeInitCategory": "BuildingDeco",
        "AttributeInitSubCategory": "1"
      },
      "AttributeInitKeys": {
        "AttributeInitCategory": "BuildingDeco",
        "AttributeInitSubCategory": "1"
      },
      "bDoNotBlockBuildings": true,
      "bDestroyOnPlayerBuildingPlacement": true,
      "StaticGameplayTags": [
        "Building.Type.Deco"
      ],
      "bEnableAutoLODGeneration": false,
      "RootComponent": {
        "ObjectName": "StaticMeshComponent'Default__Fishstick_Wall_Poster_5_C:StaticMeshComponent0'",
        "ObjectPath": "FortniteGame/Content/Athena/Apollo/Environments/BuildingActors/BeachyBluffs/Props/Fishstick_Wall_Poster_5.5"
      }
    }
  },
  {
    "Type": "SceneComponent",
    "Name": "SceneComponent_1425",
    "Outer": "Fishstick_Wall_Poster_5_C",
    "Class": "UScriptClass'SceneComponent'"
  },
  {
    "Type": "SCS_Node",
    "Name": "SCS_Node_1429",
    "Outer": "SimpleConstructionScript_326",
    "Class": "UScriptClass'SCS_Node'",
    "Properties": {
      "ComponentClass": {
        "ObjectName": "Class'SceneComponent'",
        "ObjectPath": "/Script/Engine"
      },
      "ComponentTemplate": {
        "ObjectName": "SceneComponent'Fishstick_Wall_Poster_5_C:SceneComponent_1425'",
        "ObjectPath": "FortniteGame/Content/Athena/Apollo/Environments/BuildingActors/BeachyBluffs/Props/Fishstick_Wall_Poster_5.2"
      },
      "VariableGuid": "56BC9799-C494E6E6-321D4295-7D5EB316",
      "InternalVariableName": "DefaultSceneRoot"
    }
  },
  {
    "Type": "SimpleConstructionScript",
    "Name": "SimpleConstructionScript_326",
    "Outer": "Fishstick_Wall_Poster_5_C",
    "Class": "UScriptClass'SimpleConstructionScript'",
    "Properties": {
      "DefaultSceneRootNode": {
        "ObjectName": "SCS_Node'Fishstick_Wall_Poster_5_C:SimpleConstructionScript_326.SCS_Node_1429'",
        "ObjectPath": "FortniteGame/Content/Athena/Apollo/Environments/BuildingActors/BeachyBluffs/Props/Fishstick_Wall_Poster_5.3"
      }
    }
  },
  {
    "Type": "StaticMeshComponent",
    "Name": "StaticMeshComponent0",
    "Outer": "Default__Fishstick_Wall_Poster_5_C",
    "Class": "UScriptClass'StaticMeshComponent'",
    "Properties": {
      "StaticMesh": {
        "ObjectName": "StaticMesh'Durr_Wall_Poster_5'",
        "ObjectPath": "FortniteGame/Content/Environments/Props/Durr/Meshes/Durr_Wall_Poster_5.1"
      },
      "CanCharacterStepUpOn": "ECB_Yes",
      "BodyInstance": {
        "bAutoWeld": false,
        "CollisionProfileName": "Custom",
        "CollisionResponses": {
          "ResponseArray": [
            {
              "Channel": "FCC_Trace_Interaction",
              "Response": "ECR_Block"
            },
            {
              "Channel": "FCC_Trace_WeakSpot",
              "Response": "ECR_Overlap"
            },
            {
              "Channel": "FCC_Trace_WeaponCapsule",
              "Response": "ECR_Block"
            },
            {
              "Channel": "FCC_Object_PawnAI",
              "Response": "ECR_Block"
            },
            {
              "Channel": "FCC_Trace_WeaponMulti",
              "Response": "ECR_Block"
            },
            {
              "Channel": "FCC_Trace_Weapon",
              "Response": "ECR_Block"
            },
            {
              "Channel": "FCC_Object_Projectile",
              "Response": "ECR_Block"
            },
            {
              "Channel": "FCC_Object_ProjectileIgnoreAI",
              "Response": "ECR_Block"
            },
            {
              "Channel": "FCC_Trace_World",
              "Response": "ECR_Block"
            },
            {
              "Channel": "FCC_Object_ProjectileMesh",
              "Response": "ECR_Block"
            },
            {
              "Channel": "FCC_Trace_WeaponPawnAndWorldMulti",
              "Response": "ECR_Block"
            }
          ]
        }
      },
      "DetailMode": "DM_Medium",
      "bCanEverAffectNavigation": true
    }
  }
]