[
  {
    "Type": "ObjectProperty",
    "Name": "PointLight",
    "Outer": "Fishstick_Menu1_C",
    "Class": "UScriptClass'ObjectProperty'",
    "PropertyFlags": "BlueprintVisible | InstancedReference | NonTransactional",
    "PropertyClass": {
      "ObjectName": "Class'PointLightComponent'",
      "ObjectPath": "/Script/Engine"
    }
  },
  {
    "Type": "BlueprintGeneratedClass",
    "Name": "Fishstick_Menu1_C",
    "Class": "UScriptClass'BlueprintGeneratedClass'",
    "Super": {
      "ObjectName": "BlueprintGeneratedClass'Parent_BuildingPropActor_C'",
      "ObjectPath": "FortniteGame/Content/Building/ActorBlueprints/Prop/Parent_BuildingPropActor.1"
    },
    "Properties": {
      "SimpleConstructionScript": {
        "ObjectName": "SimpleConstructionScript'Fishstick_Menu1_C:SimpleConstructionScript_585'",
        "ObjectPath": "FortniteGame/Content/Athena/Apollo/Environments/BuildingActors/BeachyBluffs/Props/Fishstick_Menu1.7"
      }
    },
    "SuperStruct": {
      "ObjectName": "BlueprintGeneratedClass'Parent_BuildingPropActor_C'",
      "ObjectPath": "FortniteGame/Content/Building/ActorBlueprints/Prop/Parent_BuildingPropActor.1"
    },
    "Children": [
      {
        "ObjectName": "ObjectProperty'Fishstick_Menu1_C:PointLight'",
        "ObjectPath": "FortniteGame/Content/Athena/Apollo/Environments/BuildingActors/BeachyBluffs/Props/Fishstick_Menu1.0"
      }
    ]
  },
  {
    "Type": "Fishstick_Menu1_C",
    "Name": "Default__Fishstick_Menu1_C",
    "Class": "BlueprintGeneratedClass'FortniteGame/Content/Athena/Apollo/Environments/BuildingActors/BeachyBluffs/Props/Fishstick_Menu1.Fishstick_Menu1_C'",
    "Template": {
      "ObjectName": "Parent_BuildingPropActor_C'Default__Parent_BuildingPropActor_C'",
      "ObjectPath": "FortniteGame/Content/Building/ActorBlueprints/Prop/Parent_BuildingPropActor.2"
    },
    "Properties": {
      "StaticMesh": {
        "ObjectName": "StaticMesh'Fishstick_Menu1'",
        "ObjectPath": "FortniteGame/Content/Environments/Apollo/Sets/BeachyBluffs/Meshes/Fishstick_Menu1.1"
      },
      "ResourceType": "EFortResourceType::Metal",
      "StaticMeshComponent": {
        "ObjectName": "StaticMeshComponent'Default__Fishstick_Menu1_C:StaticMeshComponent0'",
        "ObjectPath": "FortniteGame/Content/Athena/Apollo/Environments/BuildingActors/BeachyBluffs/Props/Fishstick_Menu1.8"
      },
      "DestructionLootTierGroup": "Destruction_MechanicalMedium",
      "BuildingResourceAmountOverride": {
        "RowName": "PropMetalMedium"
      },
      "DeathParticles": {
        "ObjectName": "ParticleSystem'P_General_Deco_Destruction_Large'",
        "ObjectPath": "FortniteGame/Content/Effects/Fort_Effects/World/Destruction/Base_Effects/P_General_Deco_Destruction_Large.100"
      },
      "BuildingAttachmentType": "ATTACH_Floor",
      "AttributeInitKeys": {
        "AttributeInitCategory": "PropMetal",
        "AttributeInitSubCategory": "2"
      },
      "AttributeInitKeys": {
        "AttributeInitCategory": "PropMetal",
        "AttributeInitSubCategory": "2"
      },
      "NavigationObstacleOverride": "ENavigationObstacleOverride::ForceEnabled",
      "bDestroyOnPlayerBuildingPlacement": true,
      "BRMaxDrawDistance": 6000.0,
      "bEnableAutoLODGeneration": false,
      "RootComponent": {
        "ObjectName": "StaticMeshComponent'Default__Fishstick_Menu1_C:StaticMeshComponent0'",
        "ObjectPath": "FortniteGame/Content/Athena/Apollo/Environments/BuildingActors/BeachyBluffs/Props/Fishstick_Menu1.8"
      }
    }
  },
  {
    "Type": "PointLightComponent",
    "Name": "PointLight_GEN_VARIABLE",
    "Outer": "Fishstick_Menu1_C",
    "Class": "UScriptClass'PointLightComponent'",
    "Properties": {
      "bUseInverseSquaredFalloff": false,
      "LightFalloffExponent": 3.0,
      "SourceRadius": 75.44874,
      "SourceLength": 375.39185,
      "AttenuationRadius": 500.0,
      "SpecularScale": 0.0,
      "Intensity": 2.0,
      "LightColor": {
        "B": 208,
        "G": 207,
        "R": 156,
        "A": 255,
        "Hex": "9CCFD0"
      },
      "VolumetricScatteringIntensity": 0.0,
      "RelativeLocation": {
        "X": -8.548279,
        "Y": 74.43751,
        "Z": 1.1219921
      },
      "RelativeRotation": {
        "Pitch": -90.0,
        "Yaw": 0.0,
        "Roll": -0.0
      },
      "DetailMode": "DM_Medium"
    }
  },
  {
    "Type": "SceneComponent",
    "Name": "SceneComponent_473",
    "Outer": "Fishstick_Menu1_C",
    "Class": "UScriptClass'SceneComponent'"
  },
  {
    "Type": "SCS_Node",
    "Name": "SCS_Node_0",
    "Outer": "SimpleConstructionScript_585",
    "Class": "UScriptClass'SCS_Node'",
    "Properties": {
      "ComponentClass": {
        "ObjectName": "Class'PointLightComponent'",
        "ObjectPath": "/Script/Engine"
      },
      "ComponentTemplate": {
        "ObjectName": "PointLightComponent'Fishstick_Menu1_C:PointLight_GEN_VARIABLE'",
        "ObjectPath": "FortniteGame/Content/Athena/Apollo/Environments/BuildingActors/BeachyBluffs/Props/Fishstick_Menu1.3"
      },
      "ParentComponentOrVariableName": "StaticMeshComponent0",
      "bIsParentComponentNative": true,
      "VariableGuid": "57EE5EC5-43C545F9-6B57A2BB-D22118A6",
      "InternalVariableName": "PointLight"
    }
  },
  {
    "Type": "SCS_Node",
    "Name": "SCS_Node_483",
    "Outer": "SimpleConstructionScript_585",
    "Class": "UScriptClass'SCS_Node'",
    "Properties": {
      "ComponentClass": {
        "ObjectName": "Class'SceneComponent'",
        "ObjectPath": "/Script/Engine"
      },
      "ComponentTemplate": {
        "ObjectName": "SceneComponent'Fishstick_Menu1_C:SceneComponent_473'",
        "ObjectPath": "FortniteGame/Content/Athena/Apollo/Environments/BuildingActors/BeachyBluffs/Props/Fishstick_Menu1.4"
      },
      "VariableGuid": "56BC9799-C494E6E6-321D4295-7D5EB316",
      "InternalVariableName": "DefaultSceneRoot"
    }
  },
  {
    "Type": "SimpleConstructionScript",
    "Name": "SimpleConstructionScript_585",
    "Outer": "Fishstick_Menu1_C",
    "Class": "UScriptClass'SimpleConstructionScript'",
    "Properties": {
      "RootNodes": [
        {
          "ObjectName": "SCS_Node'Fishstick_Menu1_C:SimpleConstructionScript_585.SCS_Node_0'",
          "ObjectPath": "FortniteGame/Content/Athena/Apollo/Environments/BuildingActors/BeachyBluffs/Props/Fishstick_Menu1.5"
        }
      ],
      "AllNodes": [
        {
          "ObjectName": "SCS_Node'Fishstick_Menu1_C:SimpleConstructionScript_585.SCS_Node_0'",
          "ObjectPath": "FortniteGame/Content/Athena/Apollo/Environments/BuildingActors/BeachyBluffs/Props/Fishstick_Menu1.5"
        }
      ],
      "DefaultSceneRootNode": {
        "ObjectName": "SCS_Node'Fishstick_Menu1_C:SimpleConstructionScript_585.SCS_Node_483'",
        "ObjectPath": "FortniteGame/Content/Athena/Apollo/Environments/BuildingActors/BeachyBluffs/Props/Fishstick_Menu1.6"
      }
    }
  },
  {
    "Type": "StaticMeshComponent",
    "Name": "StaticMeshComponent0",
    "Outer": "Default__Fishstick_Menu1_C",
    "Class": "UScriptClass'StaticMeshComponent'",
    "Template": {
      "ObjectName": "StaticMeshComponent'Default__Parent_BuildingPropActor_C:StaticMeshComponent0'",
      "ObjectPath": "FortniteGame/Content/Building/ActorBlueprints/Prop/Parent_BuildingPropActor.336"
    },
    "Properties": {
      "StaticMesh": {
        "ObjectName": "StaticMesh'Fishstick_Menu1'",
        "ObjectPath": "FortniteGame/Content/Environments/Apollo/Sets/BeachyBluffs/Meshes/Fishstick_Menu1.1"
      },
      "bAllowCullDistanceVolume": false,
      "CanCharacterStepUpOn": "ECB_Yes",
      "BodyInstance": {
        "bAutoWeld": false
      }
    }
  }
]