[
  {
    "Type": "ObjectProperty",
    "Name": "PointLight1",
    "Outer": "Fishstick_Signage1_C",
    "Class": "UScriptClass'ObjectProperty'",
    "PropertyFlags": "BlueprintVisible | InstancedReference | NonTransactional",
    "PropertyClass": {
      "ObjectName": "Class'PointLightComponent'",
      "ObjectPath": "/Script/Engine"
    }
  },
  {
    "Type": "BlueprintGeneratedClass",
    "Name": "Fishstick_Signage1_C",
    "Class": "UScriptClass'BlueprintGeneratedClass'",
    "Super": {
      "ObjectName": "BlueprintGeneratedClass'Parent_BuildingPropActor_C'",
      "ObjectPath": "FortniteGame/Content/Building/ActorBlueprints/Prop/Parent_BuildingPropActor.1"
    },
    "Properties": {
      "SimpleConstructionScript": {
        "ObjectName": "SimpleConstructionScript'Fishstick_Signage1_C:SimpleConstructionScript_767'",
        "ObjectPath": "FortniteGame/Content/Athena/Apollo/Environments/BuildingActors/BeachyBluffs/Props/Fishstick_Signage1.7"
      }
    },
    "SuperStruct": {
      "ObjectName": "BlueprintGeneratedClass'Parent_BuildingPropActor_C'",
      "ObjectPath": "FortniteGame/Content/Building/ActorBlueprints/Prop/Parent_BuildingPropActor.1"
    },
    "Children": [
      {
        "ObjectName": "ObjectProperty'Fishstick_Signage1_C:PointLight1'",
        "ObjectPath": "FortniteGame/Content/Athena/Apollo/Environments/BuildingActors/BeachyBluffs/Props/Fishstick_Signage1.0"
      }
    ]
  },
  {
    "Type": "Fishstick_Signage1_C",
    "Name": "Default__Fishstick_Signage1_C",
    "Class": "BlueprintGeneratedClass'FortniteGame/Content/Athena/Apollo/Environments/BuildingActors/BeachyBluffs/Props/Fishstick_Signage1.Fishstick_Signage1_C'",
    "Template": {
      "ObjectName": "Parent_BuildingPropActor_C'Default__Parent_BuildingPropActor_C'",
      "ObjectPath": "FortniteGame/Content/Building/ActorBlueprints/Prop/Parent_BuildingPropActor.2"
    },
    "Properties": {
      "StaticMesh": {
        "ObjectName": "StaticMesh'Fishstick_Signage1'",
        "ObjectPath": "FortniteGame/Content/Environments/Apollo/Sets/BeachyBluffs/Meshes/Fishstick_Signage1.1"
      },
      "ResourceType": "EFortResourceType::Metal",
      "StaticMeshComponent": {
        "ObjectName": "StaticMeshComponent'Default__Fishstick_Signage1_C:StaticMeshComponent0'",
        "ObjectPath": "FortniteGame/Content/Athena/Apollo/Environments/BuildingActors/BeachyBluffs/Props/Fishstick_Signage1.8"
      },
      "BuildingResourceAmountOverride": {
        "RowName": "PropMetalLow"
      },
      "DeathParticles": {
        "ObjectName": "ParticleSystem'P_General_Deco_Destruction_Medium'",
        "ObjectPath": "FortniteGame/Content/Effects/Fort_Effects/World/Destruction/Base_Effects/P_General_Deco_Destruction_Medium.100"
      },
      "DeathSound": {
        "ObjectName": "SoundCue'Demo_MetalSign_ImpactFinal_Cue'",
        "ObjectPath": "FortniteGame/Content/Sounds/Fort_Impact_Sounds/Demolition/Exterior_Props/Demo_MetalSign_ImpactFinal_Cue.0"
      },
      "BuildingAttachmentType": "ATTACH_All",
      "AttributeInitKeys": {
        "AttributeInitCategory": "PropMetal",
        "AttributeInitSubCategory": "1"
      },
      "AttributeInitKeys": {
        "AttributeInitCategory": "PropMetal",
        "AttributeInitSubCategory": "1"
      },
      "NavigationObstacleOverride": "ENavigationObstacleOverride::ForceEnabled",
      "bDestroyOnPlayerBuildingPlacement": true,
      "PlayHitSound": {
        "ObjectName": "SoundCue'Demo_MetalSign_Impact_Cue'",
        "ObjectPath": "FortniteGame/Content/Sounds/Fort_Impact_Sounds/Demolition/Exterior_Props/Demo_MetalSign_Impact_Cue.0"
      },
      "bEnableAutoLODGeneration": false,
      "RootComponent": {
        "ObjectName": "StaticMeshComponent'Default__Fishstick_Signage1_C:StaticMeshComponent0'",
        "ObjectPath": "FortniteGame/Content/Athena/Apollo/Environments/BuildingActors/BeachyBluffs/Props/Fishstick_Signage1.8"
      }
    }
  },
  {
    "Type": "PointLightComponent",
    "Name": "PointLight1_GEN_VARIABLE",
    "Outer": "Fishstick_Signage1_C",
    "Class": "UScriptClass'PointLightComponent'",
    "Properties": {
      "SourceRadius": 25.097204,
      "SourceLength": 116.834946,
      "AttenuationRadius": 702.768,
      "Intensity": 800.0,
      "LightColor": {
        "B": 208,
        "G": 207,
        "R": 156,
        "A": 255,
        "Hex": "9CCFD0"
      },
      "RelativeLocation": {
        "X": 4.930504,
        "Y": 49.72036,
        "Z": 30.795925
      },
      "RelativeRotation": {
        "Pitch": -90.0,
        "Yaw": 0.0,
        "Roll": -0.0
      },
      "DetailMode": "DM_Medium"
    }
  },
  {
    "Type": "SceneComponent",
    "Name": "SceneComponent_2077",
    "Outer": "Fishstick_Signage1_C",
    "Class": "UScriptClass'SceneComponent'"
  },
  {
    "Type": "SCS_Node",
    "Name": "SCS_Node_0",
    "Outer": "SimpleConstructionScript_767",
    "Class": "UScriptClass'SCS_Node'",
    "Properties": {
      "ComponentClass": {
        "ObjectName": "Class'PointLightComponent'",
        "ObjectPath": "/Script/Engine"
      },
      "ComponentTemplate": {
        "ObjectName": "PointLightComponent'Fishstick_Signage1_C:PointLight1_GEN_VARIABLE'",
        "ObjectPath": "FortniteGame/Content/Athena/Apollo/Environments/BuildingActors/BeachyBluffs/Props/Fishstick_Signage1.3"
      },
      "ParentComponentOrVariableName": "StaticMeshComponent0",
      "bIsParentComponentNative": true,
      "VariableGuid": "8705BBCF-43B149B2-9B71A194-F8EEA0E8",
      "InternalVariableName": "PointLight1"
    }
  },
  {
    "Type": "SCS_Node",
    "Name": "SCS_Node_2081",
    "Outer": "SimpleConstructionScript_767",
    "Class": "UScriptClass'SCS_Node'",
    "Properties": {
      "ComponentClass": {
        "ObjectName": "Class'SceneComponent'",
        "ObjectPath": "/Script/Engine"
      },
      "ComponentTemplate": {
        "ObjectName": "SceneComponent'Fishstick_Signage1_C:SceneComponent_2077'",
        "ObjectPath": "FortniteGame/Content/Athena/Apollo/Environments/BuildingActors/BeachyBluffs/Props/Fishstick_Signage1.4"
      },
      "VariableGuid": "56BC9799-C494E6E6-321D4295-7D5EB316",
      "InternalVariableName": "DefaultSceneRoot"
    }
  },
  {
    "Type": "SimpleConstructionScript",
    "Name": "SimpleConstructionScript_767",
    "Outer": "Fishstick_Signage1_C",
    "Class": "UScriptClass'SimpleConstructionScript'",
    "Properties": {
      "RootNodes": [
        {
          "ObjectName": "SCS_Node'Fishstick_Signage1_C:SimpleConstructionScript_767.SCS_Node_0'",
          "ObjectPath": "FortniteGame/Content/Athena/Apollo/Environments/BuildingActors/BeachyBluffs/Props/Fishstick_Signage1.5"
        }
      ],
      "AllNodes": [
        {
          "ObjectName": "SCS_Node'Fishstick_Signage1_C:SimpleConstructionScript_767.SCS_Node_0'",
          "ObjectPath": "FortniteGame/Content/Athena/Apollo/Environments/BuildingActors/BeachyBluffs/Props/Fishstick_Signage1.5"
        }
      ],
      "DefaultSceneRootNode": {
        "ObjectName": "SCS_Node'Fishstick_Signage1_C:SimpleConstructionScript_767.SCS_Node_2081'",
        "ObjectPath": "FortniteGame/Content/Athena/Apollo/Environments/BuildingActors/BeachyBluffs/Props/Fishstick_Signage1.6"
      }
    }
  },
  {
    "Type": "StaticMeshComponent",
    "Name": "StaticMeshComponent0",
    "Outer": "Default__Fishstick_Signage1_C",
    "Class": "UScriptClass'StaticMeshComponent'",
    "Template": {
      "ObjectName": "StaticMeshComponent'Default__Parent_BuildingPropActor_C:StaticMeshComponent0'",
      "ObjectPath": "FortniteGame/Content/Building/ActorBlueprints/Prop/Parent_BuildingPropActor.336"
    },
    "Properties": {
      "StaticMesh": {
        "ObjectName": "StaticMesh'Fishstick_Signage1'",
        "ObjectPath": "FortniteGame/Content/Environments/Apollo/Sets/BeachyBluffs/Meshes/Fishstick_Signage1.1"
      },
      "CanCharacterStepUpOn": "ECB_Yes",
      "BodyInstance": {
        "bAutoWeld": false
      }
    }
  }
]