[
  {
    "Type": "ObjectProperty",
    "Name": "PointLight",
    "Outer": "Fishstick_Signage9_C",
    "Class": "UScriptClass'ObjectProperty'",
    "PropertyFlags": "BlueprintVisible | InstancedReference | NonTransactional",
    "PropertyClass": {
      "ObjectName": "Class'PointLightComponent'",
      "ObjectPath": "/Script/Engine"
    }
  },
  {
    "Type": "BlueprintGeneratedClass",
    "Name": "Fishstick_Signage9_C",
    "Class": "UScriptClass'BlueprintGeneratedClass'",
    "Super": {
      "ObjectName": "BlueprintGeneratedClass'Parent_BuildingPropActor_C'",
      "ObjectPath": "FortniteGame/Content/Building/ActorBlueprints/Prop/Parent_BuildingPropActor.1"
    },
    "Properties": {
      "SimpleConstructionScript": {
        "ObjectName": "SimpleConstructionScript'Fishstick_Signage9_C:SimpleConstructionScript_775'",
        "ObjectPath": "FortniteGame/Content/Athena/Apollo/Environments/BuildingActors/BeachyBluffs/Props/Fishstick_Signage9.7"
      }
    },
    "SuperStruct": {
      "ObjectName": "BlueprintGeneratedClass'Parent_BuildingPropActor_C'",
      "ObjectPath": "FortniteGame/Content/Building/ActorBlueprints/Prop/Parent_BuildingPropActor.1"
    },
    "Children": [
      {
        "ObjectName": "ObjectProperty'Fishstick_Signage9_C:PointLight'",
        "ObjectPath": "FortniteGame/Content/Athena/Apollo/Environments/BuildingActors/BeachyBluffs/Props/Fishstick_Signage9.0"
      }
    ]
  },
  {
    "Type": "Fishstick_Signage9_C",
    "Name": "Default__Fishstick_Signage9_C",
    "Class": "BlueprintGeneratedClass'FortniteGame/Content/Athena/Apollo/Environments/BuildingActors/BeachyBluffs/Props/Fishstick_Signage9.Fishstick_Signage9_C'",
    "Template": {
      "ObjectName": "Parent_BuildingPropActor_C'Default__Parent_BuildingPropActor_C'",
      "ObjectPath": "FortniteGame/Content/Building/ActorBlueprints/Prop/Parent_BuildingPropActor.2"
    },
    "Properties": {
      "StaticMesh": {
        "ObjectName": "StaticMesh'Fishstick_Signage9'",
        "ObjectPath": "FortniteGame/Content/Environments/Apollo/Sets/BeachyBluffs/Meshes/Fishstick_Signage9.1"
      },
      "ResourceType": "EFortResourceType::Metal",
      "StaticMeshComponent": {
        "ObjectName": "StaticMeshComponent'Default__Fishstick_Signage9_C:StaticMeshComponent0'",
        "ObjectPath": "FortniteGame/Content/Athena/Apollo/Environments/BuildingActors/BeachyBluffs/Props/Fishstick_Signage9.8"
      },
      "BuildingResourceAmountOverride": {
        "RowName": "PropMetalLow"
      },
      "DeathParticles": {
        "ObjectName": "ParticleSystem'P_General_Deco_Destruction_Medium'",
        "ObjectPath": "FortniteGame/Content/Effects/Fort_Effects/World/Destruction/Base_Effects/P_General_Deco_Destruction_Medium.100"
      },
      "BuildingAttachmentType": "ATTACH_All",
      "AreaClass": {
        "AssetPathName": "/Script/NavigationSystem.NavArea_Default",
        "SubPathString": ""
      },
      "AttributeInitKeys": {
        "AttributeInitCategory": "PropMetal",
        "AttributeInitSubCategory": "1"
      },
      "AttributeInitKeys": {
        "AttributeInitCategory": "PropMetal",
        "AttributeInitSubCategory": "1"
      },
      "bCanExportNavigationCollisions": false,
      "bIsNavigationRelevant": false,
      "bDestroyOnPlayerBuildingPlacement": true,
      "bEnableAutoLODGeneration": false,
      "RootComponent": {
        "ObjectName": "StaticMeshComponent'Default__Fishstick_Signage9_C:StaticMeshComponent0'",
        "ObjectPath": "FortniteGame/Content/Athena/Apollo/Environments/BuildingActors/BeachyBluffs/Props/Fishstick_Signage9.8"
      }
    }
  },
  {
    "Type": "PointLightComponent",
    "Name": "PointLight_GEN_VARIABLE",
    "Outer": "Fishstick_Signage9_C",
    "Class": "UScriptClass'PointLightComponent'",
    "Properties": {
      "SourceRadius": 25.097204,
      "SourceLength": 116.834946,
      "AttenuationRadius": 137.72765,
      "Intensity": 50.0,
      "LightColor": {
        "B": 82,
        "G": 156,
        "R": 225,
        "A": 255,
        "Hex": "E19C52"
      },
      "CastShadows": false,
      "RelativeLocation": {
        "X": 0.0,
        "Y": 35.0,
        "Z": 13.397686
      },
      "RelativeRotation": {
        "Pitch": -90.0,
        "Yaw": 0.0,
        "Roll": -0.0
      },
      "DetailMode": "DM_Medium"
    }
  },
  {
    "Type": "SceneComponent",
    "Name": "SceneComponent_2076",
    "Outer": "Fishstick_Signage9_C",
    "Class": "UScriptClass'SceneComponent'"
  },
  {
    "Type": "SCS_Node",
    "Name": "SCS_Node_0",
    "Outer": "SimpleConstructionScript_775",
    "Class": "UScriptClass'SCS_Node'",
    "Properties": {
      "ComponentClass": {
        "ObjectName": "Class'PointLightComponent'",
        "ObjectPath": "/Script/Engine"
      },
      "ComponentTemplate": {
        "ObjectName": "PointLightComponent'Fishstick_Signage9_C:PointLight_GEN_VARIABLE'",
        "ObjectPath": "FortniteGame/Content/Athena/Apollo/Environments/BuildingActors/BeachyBluffs/Props/Fishstick_Signage9.3"
      },
      "ParentComponentOrVariableName": "StaticMeshComponent0",
      "bIsParentComponentNative": true,
      "VariableGuid": "546F002E-4C3BB03C-2C38EDB6-CFBC9880",
      "InternalVariableName": "PointLight"
    }
  },
  {
    "Type": "SCS_Node",
    "Name": "SCS_Node_2080",
    "Outer": "SimpleConstructionScript_775",
    "Class": "UScriptClass'SCS_Node'",
    "Properties": {
      "ComponentClass": {
        "ObjectName": "Class'SceneComponent'",
        "ObjectPath": "/Script/Engine"
      },
      "ComponentTemplate": {
        "ObjectName": "SceneComponent'Fishstick_Signage9_C:SceneComponent_2076'",
        "ObjectPath": "FortniteGame/Content/Athena/Apollo/Environments/BuildingActors/BeachyBluffs/Props/Fishstick_Signage9.4"
      },
      "VariableGuid": "56BC9799-C494E6E6-321D4295-7D5EB316",
      "InternalVariableName": "DefaultSceneRoot"
    }
  },
  {
    "Type": "SimpleConstructionScript",
    "Name": "SimpleConstructionScript_775",
    "Outer": "Fishstick_Signage9_C",
    "Class": "UScriptClass'SimpleConstructionScript'",
    "Properties": {
      "RootNodes": [
        {
          "ObjectName": "SCS_Node'Fishstick_Signage9_C:SimpleConstructionScript_775.SCS_Node_0'",
          "ObjectPath": "FortniteGame/Content/Athena/Apollo/Environments/BuildingActors/BeachyBluffs/Props/Fishstick_Signage9.5"
        }
      ],
      "AllNodes": [
        {
          "ObjectName": "SCS_Node'Fishstick_Signage9_C:SimpleConstructionScript_775.SCS_Node_0'",
          "ObjectPath": "FortniteGame/Content/Athena/Apollo/Environments/BuildingActors/BeachyBluffs/Props/Fishstick_Signage9.5"
        }
      ],
      "DefaultSceneRootNode": {
        "ObjectName": "SCS_Node'Fishstick_Signage9_C:SimpleConstructionScript_775.SCS_Node_2080'",
        "ObjectPath": "FortniteGame/Content/Athena/Apollo/Environments/BuildingActors/BeachyBluffs/Props/Fishstick_Signage9.6"
      }
    }
  },
  {
    "Type": "StaticMeshComponent",
    "Name": "StaticMeshComponent0",
    "Outer": "Default__Fishstick_Signage9_C",
    "Class": "UScriptClass'StaticMeshComponent'",
    "Template": {
      "ObjectName": "StaticMeshComponent'Default__Parent_BuildingPropActor_C:StaticMeshComponent0'",
      "ObjectPath": "FortniteGame/Content/Building/ActorBlueprints/Prop/Parent_BuildingPropActor.336"
    },
    "Properties": {
      "StaticMesh": {
        "ObjectName": "StaticMesh'Fishstick_Signage9'",
        "ObjectPath": "FortniteGame/Content/Environments/Apollo/Sets/BeachyBluffs/Meshes/Fishstick_Signage9.1"
      },
      "CanCharacterStepUpOn": "ECB_Yes",
      "BodyInstance": {
        "bAutoWeld": false
      }
    }
  }
]