[
  {
    "Type": "ObjectProperty",
    "Name": "S_SlurpySwamp_SlurpSign_01_Rotating",
    "Outer": "SlurpSign_Rotating_C",
    "Class": "UScriptClass'ObjectProperty'",
    "PropertyFlags": "BlueprintVisible | InstancedReference | NonTransactional",
    "PropertyClass": {
      "ObjectName": "Class'StaticMeshComponent'",
      "ObjectPath": "/Script/Engine"
    }
  },
  {
    "Type": "BlueprintGeneratedClass",
    "Name": "SlurpSign_Rotating_C",
    "Class": "UScriptClass'BlueprintGeneratedClass'",
    "Properties": {
      "SimpleConstructionScript": {
        "ObjectName": "SimpleConstructionScript'SlurpSign_Rotating_C:SimpleConstructionScript_418'",
        "ObjectPath": "FortniteGame/Content/Athena/Apollo/Environments/BuildingActors/BeachyBluffs/Props/SlurpSign_Rotating.6"
      }
    },
    "SuperStruct": {
      "ObjectName": "Class'BuildingProp'",
      "ObjectPath": "/Script/FortniteGame"
    },
    "Children": [
      {
        "ObjectName": "ObjectProperty'SlurpSign_Rotating_C:S_SlurpySwamp_SlurpSign_01_Rotating'",
        "ObjectPath": "FortniteGame/Content/Athena/Apollo/Environments/BuildingActors/BeachyBluffs/Props/SlurpSign_Rotating.0"
      }
    ]
  },
  {
    "Type": "SlurpSign_Rotating_C",
    "Name": "Default__SlurpSign_Rotating_C",
    "Class": "BlueprintGeneratedClass'FortniteGame/Content/Athena/Apollo/Environments/BuildingActors/BeachyBluffs/Props/SlurpSign_Rotating.SlurpSign_Rotating_C'",
    "Properties": {
      "StaticMesh": {
        "ObjectName": "StaticMesh'S_SlurpySwamp_SlurpSign_01_Static'",
        "ObjectPath": "FortniteGame/Content/Environments/Apollo/Sets/Swamp/Props/Meshes/S_SlurpySwamp_SlurpSign_01_Static.1"
      },
      "ResourceType": "EFortResourceType::Metal",
      "StaticMeshComponent": {
        "ObjectName": "StaticMeshComponent'Default__SlurpSign_Rotating_C:StaticMeshComponent0'",
        "ObjectPath": "FortniteGame/Content/Athena/Apollo/Environments/BuildingActors/BeachyBluffs/Props/SlurpSign_Rotating.7"
      },
      "BuildingResourceAmountOverride": {
        "CurveTable": {
          "ObjectName": "CurveTable'ResourceRates'",
          "ObjectPath": "FortniteGame/Content/Balance/DataTables/ResourceRates.0"
        },
        "RowName": "ResourceMetalHigh"
      },
      "DeathParticles": {
        "ObjectName": "ParticleSystem'P_RotSlurpSign_Destruction'",
        "ObjectPath": "FortniteGame/Content/Effects/Fort_Effects/World/Destruction/SlurpFactory/P_RotSlurpSign_Destruction.93"
      },
      "DeathSound": {
        "ObjectName": "SoundCue'Demo_MetalHollowSmall_ImpactFinal_Cue'",
        "ObjectPath": "FortniteGame/Content/Sounds/Fort_Impact_Sounds/Demolition/Exterior_Props/Demo_MetalHollowSmall_ImpactFinal_Cue.0"
      },
      "BuildingAttachmentType": "ATTACH_Wall",
      "AttributeInitKeys": {
        "AttributeInitCategory": "ResourceMetal",
        "AttributeInitSubCategory": "3"
      },
      "AttributeInitKeys": {
        "AttributeInitCategory": "ResourceMetal",
        "AttributeInitSubCategory": "3"
      },
      "NavigationObstacleOverride": "ENavigationObstacleOverride::ForceEnabled",
      "bCanExportNavigationCollisions": true,
      "StaticGameplayTags": [
        "Building.Type.Prop"
      ],
      "PlayHitSound": {
        "ObjectName": "SoundCue'Demo_MetalHollowSmall_Impact_Cue'",
        "ObjectPath": "FortniteGame/Content/Sounds/Fort_Impact_Sounds/Demolition/Exterior_Props/Demo_MetalHollowSmall_Impact_Cue.0"
      },
      "RootComponent": {
        "ObjectName": "StaticMeshComponent'Default__SlurpSign_Rotating_C:StaticMeshComponent0'",
        "ObjectPath": "FortniteGame/Content/Athena/Apollo/Environments/BuildingActors/BeachyBluffs/Props/SlurpSign_Rotating.7"
      }
    }
  },
  {
    "Type": "SceneComponent",
    "Name": "SceneComponent_1864",
    "Outer": "SlurpSign_Rotating_C",
    "Class": "UScriptClass'SceneComponent'"
  },
  {
    "Type": "SCS_Node",
    "Name": "SCS_Node_1",
    "Outer": "SimpleConstructionScript_418",
    "Class": "UScriptClass'SCS_Node'",
    "Properties": {
      "ComponentClass": {
        "ObjectName": "Class'StaticMeshComponent'",
        "ObjectPath": "/Script/Engine"
      },
      "ComponentTemplate": {
        "ObjectName": "StaticMeshComponent'SlurpSign_Rotating_C:S_SlurpySwamp_SlurpSign_01_Rotating_GEN_VARIABLE'",
        "ObjectPath": "FortniteGame/Content/Athena/Apollo/Environments/BuildingActors/BeachyBluffs/Props/SlurpSign_Rotating.8"
      },
      "ParentComponentOrVariableName": "StaticMeshComponent0",
      "bIsParentComponentNative": true,
      "VariableGuid": "85AF4CFC-4B673DFA-4EB1ACAC-6986B1FA",
      "InternalVariableName": "S_SlurpySwamp_SlurpSign_01_Rotating"
    }
  },
  {
    "Type": "SCS_Node",
    "Name": "SCS_Node_1868",
    "Outer": "SimpleConstructionScript_418",
    "Class": "UScriptClass'SCS_Node'",
    "Properties": {
      "ComponentClass": {
        "ObjectName": "Class'SceneComponent'",
        "ObjectPath": "/Script/Engine"
      },
      "ComponentTemplate": {
        "ObjectName": "SceneComponent'SlurpSign_Rotating_C:SceneComponent_1864'",
        "ObjectPath": "FortniteGame/Content/Athena/Apollo/Environments/BuildingActors/BeachyBluffs/Props/SlurpSign_Rotating.3"
      },
      "VariableGuid": "56BC9799-C494E6E6-321D4295-7D5EB316",
      "InternalVariableName": "DefaultSceneRoot"
    }
  },
  {
    "Type": "SimpleConstructionScript",
    "Name": "SimpleConstructionScript_418",
    "Outer": "SlurpSign_Rotating_C",
    "Class": "UScriptClass'SimpleConstructionScript'",
    "Properties": {
      "RootNodes": [
        {
          "ObjectName": "SCS_Node'SlurpSign_Rotating_C:SimpleConstructionScript_418.SCS_Node_1'",
          "ObjectPath": "FortniteGame/Content/Athena/Apollo/Environments/BuildingActors/BeachyBluffs/Props/SlurpSign_Rotating.4"
        }
      ],
      "AllNodes": [
        {
          "ObjectName": "SCS_Node'SlurpSign_Rotating_C:SimpleConstructionScript_418.SCS_Node_1'",
          "ObjectPath": "FortniteGame/Content/Athena/Apollo/Environments/BuildingActors/BeachyBluffs/Props/SlurpSign_Rotating.4"
        }
      ],
      "DefaultSceneRootNode": {
        "ObjectName": "SCS_Node'SlurpSign_Rotating_C:SimpleConstructionScript_418.SCS_Node_1868'",
        "ObjectPath": "FortniteGame/Content/Athena/Apollo/Environments/BuildingActors/BeachyBluffs/Props/SlurpSign_Rotating.5"
      }
    }
  },
  {
    "Type": "StaticMeshComponent",
    "Name": "StaticMeshComponent0",
    "Outer": "Default__SlurpSign_Rotating_C",
    "Class": "UScriptClass'StaticMeshComponent'",
    "Properties": {
      "StaticMesh": {
        "ObjectName": "StaticMesh'S_SlurpySwamp_SlurpSign_01_Static'",
        "ObjectPath": "FortniteGame/Content/Environments/Apollo/Sets/Swamp/Props/Meshes/S_SlurpySwamp_SlurpSign_01_Static.1"
      },
      "CanCharacterStepUpOn": "ECB_Yes",
      "BodyInstance": {
        "bAutoWeld": false
      },
      "bCanEverAffectNavigation": true
    }
  },
  {
    "Type": "StaticMeshComponent",
    "Name": "S_SlurpySwamp_SlurpSign_01_Rotating_GEN_VARIABLE",
    "Outer": "SlurpSign_Rotating_C",
    "Class": "UScriptClass'StaticMeshComponent'",
    "Properties": {
      "StaticMesh": {
        "ObjectName": "StaticMesh'S_SlurpySwamp_SlurpSign_01_Rotating'",
        "ObjectPath": "FortniteGame/Content/Environments/Apollo/Sets/Swamp/Props/Meshes/S_SlurpySwamp_SlurpSign_01_Rotating.1"
      },
      "RelativeLocation": {
        "X": 9.198059,
        "Y": -6.1035156E-05,
        "Z": 668.4703
      },
      "RelativeRotation": {
        "Pitch": -14.999984,
        "Yaw": 0.0,
        "Roll": 0.0
      }
    }
  }
]