[
  {
    "Type": "BlueprintGeneratedClass",
    "Name": "Slurp_Coffee_Sign_C",
    "Class": "UScriptClass'BlueprintGeneratedClass'",
    "Properties": {
      "SimpleConstructionScript": {
        "ObjectName": "SimpleConstructionScript'Slurp_Coffee_Sign_C:SimpleConstructionScript_418'",
        "ObjectPath": "FortniteGame/Content/Athena/Apollo/Environments/BuildingActors/BeachyBluffs/Props/Slurp_Coffee_Sign.4"
      }
    },
    "SuperStruct": {
      "ObjectName": "Class'BuildingProp'",
      "ObjectPath": "/Script/FortniteGame"
    }
  },
  {
    "Type": "Slurp_Coffee_Sign_C",
    "Name": "Default__Slurp_Coffee_Sign_C",
    "Class": "BlueprintGeneratedClass'FortniteGame/Content/Athena/Apollo/Environments/BuildingActors/BeachyBluffs/Props/Slurp_Coffee_Sign.Slurp_Coffee_Sign_C'",
    "Properties": {
      "StaticMesh": {
        "ObjectName": "StaticMesh'Slurp_Coffee_Sign'",
        "ObjectPath": "FortniteGame/Content/Environments/Apollo/Props/SlurpFactory/Meshes/Slurp_Coffee_Sign.1"
      },
      "ResourceType": "EFortResourceType::Metal",
      "StaticMeshComponent": {
        "ObjectName": "StaticMeshComponent'Default__Slurp_Coffee_Sign_C:StaticMeshComponent0'",
        "ObjectPath": "FortniteGame/Content/Athena/Apollo/Environments/BuildingActors/BeachyBluffs/Props/Slurp_Coffee_Sign.5"
      },
      "BuildingResourceAmountOverride": {
        "CurveTable": {
          "ObjectName": "CurveTable'ResourceRates'",
          "ObjectPath": "FortniteGame/Content/Balance/DataTables/ResourceRates.0"
        },
        "RowName": "ResourceMetalHigh"
      },
      "DeathParticles": {
        "ObjectName": "ParticleSystem'P_KeyboardKing_Sign_DestructionEffect'",
        "ObjectPath": "FortniteGame/Content/Effects/Fort_Effects/World/Props/Dusty/P_KeyboardKing_Sign_DestructionEffect.210"
      },
      "DeathSound": {
        "ObjectName": "SoundCue'Demo_MetalHollowSmall_ImpactFinal_Cue'",
        "ObjectPath": "FortniteGame/Content/Sounds/Fort_Impact_Sounds/Demolition/Exterior_Props/Demo_MetalHollowSmall_ImpactFinal_Cue.0"
      },
      "BuildingAttachmentType": "ATTACH_Wall",
      "AttributeInitKeys": {
        "AttributeInitCategory": "ResourceMetal",
        "AttributeInitSubCategory": "3"
      },
      "AttributeInitKeys": {
        "AttributeInitCategory": "ResourceMetal",
        "AttributeInitSubCategory": "3"
      },
      "NavigationObstacleOverride": "ENavigationObstacleOverride::ForceEnabled",
      "bCanExportNavigationCollisions": true,
      "StaticGameplayTags": [
        "Building.Type.Prop"
      ],
      "PlayHitSound": {
        "ObjectName": "SoundCue'Demo_MetalHollowSmall_Impact_Cue'",
        "ObjectPath": "FortniteGame/Content/Sounds/Fort_Impact_Sounds/Demolition/Exterior_Props/Demo_MetalHollowSmall_Impact_Cue.0"
      },
      "RootComponent": {
        "ObjectName": "StaticMeshComponent'Default__Slurp_Coffee_Sign_C:StaticMeshComponent0'",
        "ObjectPath": "FortniteGame/Content/Athena/Apollo/Environments/BuildingActors/BeachyBluffs/Props/Slurp_Coffee_Sign.5"
      }
    }
  },
  {
    "Type": "SceneComponent",
    "Name": "SceneComponent_1864",
    "Outer": "Slurp_Coffee_Sign_C",
    "Class": "UScriptClass'SceneComponent'"
  },
  {
    "Type": "SCS_Node",
    "Name": "SCS_Node_1868",
    "Outer": "SimpleConstructionScript_418",
    "Class": "UScriptClass'SCS_Node'",
    "Properties": {
      "ComponentClass": {
        "ObjectName": "Class'SceneComponent'",
        "ObjectPath": "/Script/Engine"
      },
      "ComponentTemplate": {
        "ObjectName": "SceneComponent'Slurp_Coffee_Sign_C:SceneComponent_1864'",
        "ObjectPath": "FortniteGame/Content/Athena/Apollo/Environments/BuildingActors/BeachyBluffs/Props/Slurp_Coffee_Sign.2"
      },
      "VariableGuid": "56BC9799-C494E6E6-321D4295-7D5EB316",
      "InternalVariableName": "DefaultSceneRoot"
    }
  },
  {
    "Type": "SimpleConstructionScript",
    "Name": "SimpleConstructionScript_418",
    "Outer": "Slurp_Coffee_Sign_C",
    "Class": "UScriptClass'SimpleConstructionScript'",
    "Properties": {
      "DefaultSceneRootNode": {
        "ObjectName": "SCS_Node'Slurp_Coffee_Sign_C:SimpleConstructionScript_418.SCS_Node_1868'",
        "ObjectPath": "FortniteGame/Content/Athena/Apollo/Environments/BuildingActors/BeachyBluffs/Props/Slurp_Coffee_Sign.3"
      }
    }
  },
  {
    "Type": "StaticMeshComponent",
    "Name": "StaticMeshComponent0",
    "Outer": "Default__Slurp_Coffee_Sign_C",
    "Class": "UScriptClass'StaticMeshComponent'",
    "Properties": {
      "StaticMesh": {
        "ObjectName": "StaticMesh'Slurp_Coffee_Sign'",
        "ObjectPath": "FortniteGame/Content/Environments/Apollo/Props/SlurpFactory/Meshes/Slurp_Coffee_Sign.1"
      },
      "CanCharacterStepUpOn": "ECB_Yes",
      "BodyInstance": {
        "bAutoWeld": false
      },
      "bCanEverAffectNavigation": true
    }
  }
]