[
  {
    "Type": "Texture2D",
    "Name": "T_MetalDeck_D",
    "Class": "UScriptClass'Texture2D'",
    "Properties": {
      "ImportedSize": {
        "X": 2048,
        "Y": 2048
      },
      "LightingGuid": "1B0EBCE8-47ED499D-F39998AA-0AB3DFB7"
    },
    "SizeX": 2048,
    "SizeY": 2048,
    "PackedData": 1,
    "PixelFormat": "PF_DXT5",
    "FirstMipToSerialize": 0,
    "Mips": [
      {
        "BulkData": {
          "BulkDataFlags": "BULKDATA_PayloadAtEndOfFile | BULKDATA_PayloadInSeperateFile | BULKDATA_Force_NOT_InlinePayload",
          "ElementCount": 4194304,
          "SizeOnDisk": 4194304,
          "OffsetInFile": "0x0"
        },
        "SizeX": 2048,
        "SizeY": 2048,
        "SizeZ": 1
      },
      {
        "BulkData": {
          "BulkDataFlags": "BULKDATA_PayloadAtEndOfFile | BULKDATA_PayloadInSeperateFile | BULKDATA_Force_NOT_InlinePayload",
          "ElementCount": 1048576,
          "SizeOnDisk": 1048576,
          "OffsetInFile": "0x400000"
        },
        "SizeX": 1024,
        "SizeY": 1024,
        "SizeZ": 1
      },
      {
        "BulkData": {
          "BulkDataFlags": "BULKDATA_PayloadAtEndOfFile | BULKDATA_PayloadInSeperateFile | BULKDATA_Force_NOT_InlinePayload",
          "ElementCount": 262144,
          "SizeOnDisk": 262144,
          "OffsetInFile": "0x500000"
        },
        "SizeX": 512,
        "SizeY": 512,
        "SizeZ": 1
      },
      {
        "BulkData": {
          "BulkDataFlags": "BULKDATA_PayloadAtEndOfFile | BULKDATA_PayloadInSeperateFile | BULKDATA_Force_NOT_InlinePayload",
          "ElementCount": 65536,
          "SizeOnDisk": 65536,
          "OffsetInFile": "0x540000"
        },
        "SizeX": 256,
        "SizeY": 256,
        "SizeZ": 1
      },
      {
        "BulkData": {
          "BulkDataFlags": "BULKDATA_PayloadAtEndOfFile | BULKDATA_PayloadInSeperateFile | BULKDATA_Force_NOT_InlinePayload",
          "ElementCount": 16384,
          "SizeOnDisk": 16384,
          "OffsetInFile": "0x550000"
        },
        "SizeX": 128,
        "SizeY": 128,
        "SizeZ": 1
      },
      {
        "BulkData": {
          "BulkDataFlags": "BULKDATA_SingleUse | BULKDATA_ForceInlinePayload",
          "ElementCount": 4096,
          "SizeOnDisk": 4096,
          "OffsetInFile": "0x1F6A"
        },
        "SizeX": 64,
        "SizeY": 64,
        "SizeZ": 1
      },
      {
        "BulkData": {
          "BulkDataFlags": "BULKDATA_SingleUse | BULKDATA_ForceInlinePayload",
          "ElementCount": 1024,
          "SizeOnDisk": 1024,
          "OffsetInFile": "0x2F8E"
        },
        "SizeX": 32,
        "SizeY": 32,
        "SizeZ": 1
      },
      {
        "BulkData": {
          "BulkDataFlags": "BULKDATA_SingleUse | BULKDATA_ForceInlinePayload",
          "ElementCount": 256,
          "SizeOnDisk": 256,
          "OffsetInFile": "0x33B2"
        },
        "SizeX": 16,
        "SizeY": 16,
        "SizeZ": 1
      },
      {
        "BulkData": {
          "BulkDataFlags": "BULKDATA_SingleUse | BULKDATA_ForceInlinePayload",
          "ElementCount": 64,
          "SizeOnDisk": 64,
          "OffsetInFile": "0x34D6"
        },
        "SizeX": 8,
        "SizeY": 8,
        "SizeZ": 1
      },
      {
        "BulkData": {
          "BulkDataFlags": "BULKDATA_SingleUse | BULKDATA_ForceInlinePayload",
          "ElementCount": 16,
          "SizeOnDisk": 16,
          "OffsetInFile": "0x353A"
        },
        "SizeX": 4,
        "SizeY": 4,
        "SizeZ": 1
      },
      {
        "BulkData": {
          "BulkDataFlags": "BULKDATA_SingleUse | BULKDATA_ForceInlinePayload",
          "ElementCount": 16,
          "SizeOnDisk": 16,
          "OffsetInFile": "0x356E"
        },
        "SizeX": 4,
        "SizeY": 4,
        "SizeZ": 1
      },
      {
        "BulkData": {
          "BulkDataFlags": "BULKDATA_SingleUse | BULKDATA_ForceInlinePayload",
          "ElementCount": 16,
          "SizeOnDisk": 16,
          "OffsetInFile": "0x35A2"
        },
        "SizeX": 4,
        "SizeY": 4,
        "SizeZ": 1
      }
    ]
  }
]