[
  {
    "Type": "StructProperty",
    "Name": "UberGraphFrame",
    "Outer": "Apollo_PowerPlant_Transformer_01_C",
    "Class": "UScriptClass'StructProperty'",
    "PropertyFlags": "Transient | DuplicateTransient",
    "Struct": {
      "ObjectName": "ScriptStruct'PointerToUberGraphFrame'",
      "ObjectPath": "/Script/Engine"
    }
  },
  {
    "Type": "BlueprintGeneratedClass",
    "Name": "Apollo_PowerPlant_Transformer_01_C",
    "Class": "UScriptClass'BlueprintGeneratedClass'",
    "Properties": {
      "SimpleConstructionScript": {
        "ObjectName": "SimpleConstructionScript'Apollo_PowerPlant_Transformer_01_C:SimpleConstructionScript_480'",
        "ObjectPath": "FortniteGame/Content/Athena/Apollo/Environments/BuildingActors/PowerPlant/Props/Apollo_PowerPlant_Transformer_01.34"
      },
      "UberGraphFramePointerProperty": {
        "ObjectName": "StructProperty'Apollo_PowerPlant_Transformer_01_C:UberGraphFrame'",
        "ObjectPath": "FortniteGame/Content/Athena/Apollo/Environments/BuildingActors/PowerPlant/Props/Apollo_PowerPlant_Transformer_01.0"
      },
      "UberGraphFunction": {
        "ObjectName": "Function'Apollo_PowerPlant_Transformer_01_C:ExecuteUbergraph_Apollo_PowerPlant_Transformer_01'",
        "ObjectPath": "FortniteGame/Content/Athena/Apollo/Environments/BuildingActors/PowerPlant/Props/Apollo_PowerPlant_Transformer_01.7"
      }
    },
    "SuperStruct": {
      "ObjectName": "Class'BuildingProp'",
      "ObjectPath": "/Script/FortniteGame"
    },
    "Children": [
      {
        "ObjectName": "StructProperty'Apollo_PowerPlant_Transformer_01_C:UberGraphFrame'",
        "ObjectPath": "FortniteGame/Content/Athena/Apollo/Environments/BuildingActors/PowerPlant/Props/Apollo_PowerPlant_Transformer_01.0"
      },
      {
        "ObjectName": "Function'Apollo_PowerPlant_Transformer_01_C:OnDamagePlayEffects'",
        "ObjectPath": "FortniteGame/Content/Athena/Apollo/Environments/BuildingActors/PowerPlant/Props/Apollo_PowerPlant_Transformer_01.12"
      },
      {
        "ObjectName": "Function'Apollo_PowerPlant_Transformer_01_C:OnDeathPlayEffects'",
        "ObjectPath": "FortniteGame/Content/Athena/Apollo/Environments/BuildingActors/PowerPlant/Props/Apollo_PowerPlant_Transformer_01.11"
      },
      {
        "ObjectName": "Function'Apollo_PowerPlant_Transformer_01_C:ExecuteUbergraph_Apollo_PowerPlant_Transformer_01'",
        "ObjectPath": "FortniteGame/Content/Athena/Apollo/Environments/BuildingActors/PowerPlant/Props/Apollo_PowerPlant_Transformer_01.7"
      },
      {
        "ObjectName": "ObjectProperty'Apollo_PowerPlant_Transformer_01_C:Transformer_Large_Buzz_Cue'",
        "ObjectPath": "FortniteGame/Content/Athena/Apollo/Environments/BuildingActors/PowerPlant/Props/Apollo_PowerPlant_Transformer_01.5"
      },
      {
        "ObjectName": "ObjectProperty'Apollo_PowerPlant_Transformer_01_C:Effect_Electric_ON_Hit'",
        "ObjectPath": "FortniteGame/Content/Athena/Apollo/Environments/BuildingActors/PowerPlant/Props/Apollo_PowerPlant_Transformer_01.14"
      },
      {
        "ObjectName": "ObjectProperty'Apollo_PowerPlant_Transformer_01_C:Effect_Shock'",
        "ObjectPath": "FortniteGame/Content/Athena/Apollo/Environments/BuildingActors/PowerPlant/Props/Apollo_PowerPlant_Transformer_01.16"
      },
      {
        "ObjectName": "ObjectProperty'Apollo_PowerPlant_Transformer_01_C:Effect_Electricity_On'",
        "ObjectPath": "FortniteGame/Content/Athena/Apollo/Environments/BuildingActors/PowerPlant/Props/Apollo_PowerPlant_Transformer_01.15"
      },
      {
        "ObjectName": "BoolProperty'Apollo_PowerPlant_Transformer_01_C:Can_Fire'",
        "ObjectPath": "FortniteGame/Content/Athena/Apollo/Environments/BuildingActors/PowerPlant/Props/Apollo_PowerPlant_Transformer_01.4"
      }
    ],
    "ClassFlags": "CLASS_ReplicationDataIsSetUp",
    "ClassWithin": null,
    "ClassConfigName": "/Game/AI/HotSpots/BuildingActorHotSpot_BoundingBox_3071",
    "ClassGeneratedBy": null
  },
  {
    "Type": "Apollo_PowerPlant_Transformer_01_C",
    "Name": "Default__Apollo_PowerPlant_Transformer_01_C",
    "Class": "BlueprintGeneratedClass'FortniteGame/Content/Athena/Apollo/Environments/BuildingActors/PowerPlant/Props/Apollo_PowerPlant_Transformer_01.Apollo_PowerPlant_Transformer_01_C'",
    "Properties": {
      "UberGraphFrame": {},
      "Can_Fire": true,
      "StaticMesh": {
        "ObjectName": "StaticMesh'S_PowerPlant_Transformer_01'",
        "ObjectPath": "FortniteGame/Content/Environments/Apollo/Sets/PowerPlant/Props/Meshes/S_PowerPlant_Transformer_01.1"
      },
      "ResourceType": "EFortResourceType::Metal",
      "StaticMeshComponent": {
        "ObjectName": "StaticMeshComponent'Default__Apollo_PowerPlant_Transformer_01_C:StaticMeshComponent0'",
        "ObjectPath": "FortniteGame/Content/Athena/Apollo/Environments/BuildingActors/PowerPlant/Props/Apollo_PowerPlant_Transformer_01.35"
      },
      "DestructionLootTierGroup": "Destruction_RefinedMetalHigh",
      "BuildingResourceAmountOverride": {
        "CurveTable": {
          "ObjectName": "CurveTable'ResourceRates'",
          "ObjectPath": "FortniteGame/Content/Balance/DataTables/ResourceRates.0"
        },
        "RowName": "ResourceMetalHigh"
      },
      "DeathParticles": {
        "ObjectName": "ParticleSystem'P_General_Deco_Destruction_XLarge'",
        "ObjectPath": "FortniteGame/Content/Effects/Fort_Effects/World/Destruction/Base_Effects/P_General_Deco_Destruction_XLarge.77"
      },
      "DeathParticleSocketName": "DeathParticle",
      "BuildingAttachmentType": "ATTACH_Floor",
      "CurrentBuildingLevel": 2,
      "AttributeInitKeys": {
        "AttributeInitCategory": "ResourceMetal",
        "AttributeInitSubCategory": "3"
      },
      "AttributeInitKeys": {
        "AttributeInitCategory": "ResourceMetal",
        "AttributeInitSubCategory": "3"
      },
      "NavigationObstacleOverride": "ENavigationObstacleOverride::ForceEnabled",
      "bCanExportNavigationCollisions": true,
      "bForceAutomationPass_NavmeshOnTop": true,
      "StaticGameplayTags": [
        "Building.Type.Prop"
      ],
      "CentroidOffset": {
        "X": 0.0,
        "Y": 0.0,
        "Z": 200.0
      },
      "HotSpotConfig": {
        "ObjectName": "BuildingActorHotSpotConfig'BuildingActorHotSpot_BoundingBox'",
        "ObjectPath": "FortniteGame/Content/AI/HotSpots/BuildingActorHotSpot_BoundingBox.0"
      },
      "RootComponent": {
        "ObjectName": "StaticMeshComponent'Default__Apollo_PowerPlant_Transformer_01_C:StaticMeshComponent0'",
        "ObjectPath": "FortniteGame/Content/Athena/Apollo/Environments/BuildingActors/PowerPlant/Props/Apollo_PowerPlant_Transformer_01.35"
      }
    }
  },
  {
    "Type": "AudioComponent",
    "Name": "Transformer_Large_Buzz_Cue_GEN_VARIABLE",
    "Outer": "Apollo_PowerPlant_Transformer_01_C",
    "Class": "UScriptClass'AudioComponent'",
    "Properties": {
      "Sound": {
        "ObjectName": "SoundCue'Transformer_Large_Buzz_Cue'",
        "ObjectPath": "FortniteGame/Content/Sounds/Fort_Prop_Sounds/Exterior/PowerPlant/Transformer_Large_Buzz_Cue.0"
      },
      "RelativeLocation": {
        "X": 0.0,
        "Y": 0.0,
        "Z": 576.0
      }
    }
  },
  {
    "Type": "BoolProperty",
    "Name": "Can_Fire",
    "Outer": "Apollo_PowerPlant_Transformer_01_C",
    "Class": "UScriptClass'BoolProperty'",
    "PropertyFlags": "Edit | BlueprintVisible | DisableEditOnInstance",
    "BoolSize": 1,
    "bIsNativeBool": true
  },
  {
    "Type": "ObjectProperty",
    "Name": "Transformer_Large_Buzz_Cue",
    "Outer": "Apollo_PowerPlant_Transformer_01_C",
    "Class": "UScriptClass'ObjectProperty'",
    "PropertyFlags": "BlueprintVisible | InstancedReference | NonTransactional",
    "PropertyClass": {
      "ObjectName": "Class'AudioComponent'",
      "ObjectPath": "/Script/Engine"
    }
  },
  {
    "Type": "IntProperty",
    "Name": "EntryPoint",
    "Outer": "ExecuteUbergraph_Apollo_PowerPlant_Transformer_01",
    "Class": "UScriptClass'IntProperty'",
    "PropertyFlags": "BlueprintVisible | BlueprintReadOnly | Parm"
  },
  {
    "Type": "Function",
    "Name": "ExecuteUbergraph_Apollo_PowerPlant_Transformer_01",
    "Outer": "Apollo_PowerPlant_Transformer_01_C",
    "Class": "UScriptClass'Function'",
    "Children": [
      {
        "ObjectName": "IntProperty'Apollo_PowerPlant_Transformer_01_C:ExecuteUbergraph_Apollo_PowerPlant_Transformer_01.EntryPoint'",
        "ObjectPath": "FortniteGame/Content/Athena/Apollo/Environments/BuildingActors/PowerPlant/Props/Apollo_PowerPlant_Transformer_01.6"
      },
      {
        "ObjectName": "FloatProperty'Apollo_PowerPlant_Transformer_01_C:ExecuteUbergraph_Apollo_PowerPlant_Transformer_01.K2Node_Event_Damage_1'",
        "ObjectPath": "FortniteGame/Content/Athena/Apollo/Environments/BuildingActors/PowerPlant/Props/Apollo_PowerPlant_Transformer_01.9"
      },
      {
        "ObjectName": "StructProperty'Apollo_PowerPlant_Transformer_01_C:ExecuteUbergraph_Apollo_PowerPlant_Transformer_01.K2Node_Event_DamageTags_1'",
        "ObjectPath": "FortniteGame/Content/Athena/Apollo/Environments/BuildingActors/PowerPlant/Props/Apollo_PowerPlant_Transformer_01.37"
      },
      {
        "ObjectName": "StructProperty'Apollo_PowerPlant_Transformer_01_C:ExecuteUbergraph_Apollo_PowerPlant_Transformer_01.K2Node_Event_Momentum_1'",
        "ObjectPath": "FortniteGame/Content/Athena/Apollo/Environments/BuildingActors/PowerPlant/Props/Apollo_PowerPlant_Transformer_01.43"
      },
      {
        "ObjectName": "StructProperty'Apollo_PowerPlant_Transformer_01_C:ExecuteUbergraph_Apollo_PowerPlant_Transformer_01.K2Node_Event_HitInfo_1'",
        "ObjectPath": "FortniteGame/Content/Athena/Apollo/Environments/BuildingActors/PowerPlant/Props/Apollo_PowerPlant_Transformer_01.41"
      },
      {
        "ObjectName": "ObjectProperty'Apollo_PowerPlant_Transformer_01_C:ExecuteUbergraph_Apollo_PowerPlant_Transformer_01.K2Node_Event_InstigatedBy_1'",
        "ObjectPath": "FortniteGame/Content/Athena/Apollo/Environments/BuildingActors/PowerPlant/Props/Apollo_PowerPlant_Transformer_01.21"
      },
      {
        "ObjectName": "ObjectProperty'Apollo_PowerPlant_Transformer_01_C:ExecuteUbergraph_Apollo_PowerPlant_Transformer_01.K2Node_Event_DamageCauser_1'",
        "ObjectPath": "FortniteGame/Content/Athena/Apollo/Environments/BuildingActors/PowerPlant/Props/Apollo_PowerPlant_Transformer_01.19"
      },
      {
        "ObjectName": "StructProperty'Apollo_PowerPlant_Transformer_01_C:ExecuteUbergraph_Apollo_PowerPlant_Transformer_01.K2Node_Event_EffectContext_1'",
        "ObjectPath": "FortniteGame/Content/Athena/Apollo/Environments/BuildingActors/PowerPlant/Props/Apollo_PowerPlant_Transformer_01.39"
      },
      {
        "ObjectName": "ObjectProperty'Apollo_PowerPlant_Transformer_01_C:ExecuteUbergraph_Apollo_PowerPlant_Transformer_01.CallFunc_SpawnSoundAttached_ReturnValue'",
        "ObjectPath": "FortniteGame/Content/Athena/Apollo/Environments/BuildingActors/PowerPlant/Props/Apollo_PowerPlant_Transformer_01.17"
      },
      {
        "ObjectName": "FloatProperty'Apollo_PowerPlant_Transformer_01_C:ExecuteUbergraph_Apollo_PowerPlant_Transformer_01.K2Node_Event_Damage'",
        "ObjectPath": "FortniteGame/Content/Athena/Apollo/Environments/BuildingActors/PowerPlant/Props/Apollo_PowerPlant_Transformer_01.8"
      },
      {
        "ObjectName": "StructProperty'Apollo_PowerPlant_Transformer_01_C:ExecuteUbergraph_Apollo_PowerPlant_Transformer_01.K2Node_Event_DamageTags'",
        "ObjectPath": "FortniteGame/Content/Athena/Apollo/Environments/BuildingActors/PowerPlant/Props/Apollo_PowerPlant_Transformer_01.36"
      },
      {
        "ObjectName": "StructProperty'Apollo_PowerPlant_Transformer_01_C:ExecuteUbergraph_Apollo_PowerPlant_Transformer_01.K2Node_Event_Momentum'",
        "ObjectPath": "FortniteGame/Content/Athena/Apollo/Environments/BuildingActors/PowerPlant/Props/Apollo_PowerPlant_Transformer_01.42"
      },
      {
        "ObjectName": "StructProperty'Apollo_PowerPlant_Transformer_01_C:ExecuteUbergraph_Apollo_PowerPlant_Transformer_01.K2Node_Event_HitInfo'",
        "ObjectPath": "FortniteGame/Content/Athena/Apollo/Environments/BuildingActors/PowerPlant/Props/Apollo_PowerPlant_Transformer_01.40"
      },
      {
        "ObjectName": "ObjectProperty'Apollo_PowerPlant_Transformer_01_C:ExecuteUbergraph_Apollo_PowerPlant_Transformer_01.K2Node_Event_InstigatedBy'",
        "ObjectPath": "FortniteGame/Content/Athena/Apollo/Environments/BuildingActors/PowerPlant/Props/Apollo_PowerPlant_Transformer_01.20"
      },
      {
        "ObjectName": "ObjectProperty'Apollo_PowerPlant_Transformer_01_C:ExecuteUbergraph_Apollo_PowerPlant_Transformer_01.K2Node_Event_DamageCauser'",
        "ObjectPath": "FortniteGame/Content/Athena/Apollo/Environments/BuildingActors/PowerPlant/Props/Apollo_PowerPlant_Transformer_01.18"
      },
      {
        "ObjectName": "StructProperty'Apollo_PowerPlant_Transformer_01_C:ExecuteUbergraph_Apollo_PowerPlant_Transformer_01.K2Node_Event_EffectContext'",
        "ObjectPath": "FortniteGame/Content/Athena/Apollo/Environments/BuildingActors/PowerPlant/Props/Apollo_PowerPlant_Transformer_01.38"
      }
    ],
    "FunctionFlags": "FUNC_None"
  },
  {
    "Type": "FloatProperty",
    "Name": "K2Node_Event_Damage",
    "Outer": "ExecuteUbergraph_Apollo_PowerPlant_Transformer_01",
    "Class": "UScriptClass'FloatProperty'"
  },
  {
    "Type": "FloatProperty",
    "Name": "K2Node_Event_Damage_1",
    "Outer": "ExecuteUbergraph_Apollo_PowerPlant_Transformer_01",
    "Class": "UScriptClass'FloatProperty'"
  },
  {
    "Type": "FloatProperty",
    "Name": "Damage",
    "Outer": "OnDeathPlayEffects",
    "Class": "UScriptClass'FloatProperty'",
    "PropertyFlags": "BlueprintVisible | BlueprintReadOnly | Parm"
  },
  {
    "Type": "Function",
    "Name": "OnDeathPlayEffects",
    "Outer": "Apollo_PowerPlant_Transformer_01_C",
    "Class": "UScriptClass'Function'",
    "SuperStruct": {
      "ObjectName": "Function'BuildingActor:OnDeathPlayEffects'",
      "ObjectPath": "/Script/FortniteGame"
    },
    "Children": [
      {
        "ObjectName": "FloatProperty'Apollo_PowerPlant_Transformer_01_C:OnDeathPlayEffects.Damage'",
        "ObjectPath": "FortniteGame/Content/Athena/Apollo/Environments/BuildingActors/PowerPlant/Props/Apollo_PowerPlant_Transformer_01.10"
      },
      {
        "ObjectName": "StructProperty'Apollo_PowerPlant_Transformer_01_C:OnDeathPlayEffects.DamageTags'",
        "ObjectPath": "FortniteGame/Content/Athena/Apollo/Environments/BuildingActors/PowerPlant/Props/Apollo_PowerPlant_Transformer_01.48"
      },
      {
        "ObjectName": "StructProperty'Apollo_PowerPlant_Transformer_01_C:OnDeathPlayEffects.Momentum'",
        "ObjectPath": "FortniteGame/Content/Athena/Apollo/Environments/BuildingActors/PowerPlant/Props/Apollo_PowerPlant_Transformer_01.51"
      },
      {
        "ObjectName": "StructProperty'Apollo_PowerPlant_Transformer_01_C:OnDeathPlayEffects.HitInfo'",
        "ObjectPath": "FortniteGame/Content/Athena/Apollo/Environments/BuildingActors/PowerPlant/Props/Apollo_PowerPlant_Transformer_01.50"
      },
      {
        "ObjectName": "ObjectProperty'Apollo_PowerPlant_Transformer_01_C:OnDeathPlayEffects.InstigatedBy'",
        "ObjectPath": "FortniteGame/Content/Athena/Apollo/Environments/BuildingActors/PowerPlant/Props/Apollo_PowerPlant_Transformer_01.25"
      },
      {
        "ObjectName": "ObjectProperty'Apollo_PowerPlant_Transformer_01_C:OnDeathPlayEffects.DamageCauser'",
        "ObjectPath": "FortniteGame/Content/Athena/Apollo/Environments/BuildingActors/PowerPlant/Props/Apollo_PowerPlant_Transformer_01.24"
      },
      {
        "ObjectName": "StructProperty'Apollo_PowerPlant_Transformer_01_C:OnDeathPlayEffects.EffectContext'",
        "ObjectPath": "FortniteGame/Content/Athena/Apollo/Environments/BuildingActors/PowerPlant/Props/Apollo_PowerPlant_Transformer_01.49"
      }
    ],
    "FunctionFlags": "FUNC_None"
  },
  {
    "Type": "Function",
    "Name": "OnDamagePlayEffects",
    "Outer": "Apollo_PowerPlant_Transformer_01_C",
    "Class": "UScriptClass'Function'",
    "SuperStruct": {
      "ObjectName": "Function'BuildingActor:OnDamagePlayEffects'",
      "ObjectPath": "/Script/FortniteGame"
    },
    "Children": [
      {
        "ObjectName": "FloatProperty'Apollo_PowerPlant_Transformer_01_C:OnDamagePlayEffects.Damage'",
        "ObjectPath": "FortniteGame/Content/Athena/Apollo/Environments/BuildingActors/PowerPlant/Props/Apollo_PowerPlant_Transformer_01.13"
      },
      {
        "ObjectName": "StructProperty'Apollo_PowerPlant_Transformer_01_C:OnDamagePlayEffects.DamageTags'",
        "ObjectPath": "FortniteGame/Content/Athena/Apollo/Environments/BuildingActors/PowerPlant/Props/Apollo_PowerPlant_Transformer_01.44"
      },
      {
        "ObjectName": "StructProperty'Apollo_PowerPlant_Transformer_01_C:OnDamagePlayEffects.Momentum'",
        "ObjectPath": "FortniteGame/Content/Athena/Apollo/Environments/BuildingActors/PowerPlant/Props/Apollo_PowerPlant_Transformer_01.47"
      },
      {
        "ObjectName": "StructProperty'Apollo_PowerPlant_Transformer_01_C:OnDamagePlayEffects.HitInfo'",
        "ObjectPath": "FortniteGame/Content/Athena/Apollo/Environments/BuildingActors/PowerPlant/Props/Apollo_PowerPlant_Transformer_01.46"
      },
      {
        "ObjectName": "ObjectProperty'Apollo_PowerPlant_Transformer_01_C:OnDamagePlayEffects.InstigatedBy'",
        "ObjectPath": "FortniteGame/Content/Athena/Apollo/Environments/BuildingActors/PowerPlant/Props/Apollo_PowerPlant_Transformer_01.23"
      },
      {
        "ObjectName": "ObjectProperty'Apollo_PowerPlant_Transformer_01_C:OnDamagePlayEffects.DamageCauser'",
        "ObjectPath": "FortniteGame/Content/Athena/Apollo/Environments/BuildingActors/PowerPlant/Props/Apollo_PowerPlant_Transformer_01.22"
      },
      {
        "ObjectName": "StructProperty'Apollo_PowerPlant_Transformer_01_C:OnDamagePlayEffects.EffectContext'",
        "ObjectPath": "FortniteGame/Content/Athena/Apollo/Environments/BuildingActors/PowerPlant/Props/Apollo_PowerPlant_Transformer_01.45"
      }
    ],
    "FunctionFlags": "FUNC_None"
  },
  {
    "Type": "FloatProperty",
    "Name": "Damage",
    "Outer": "OnDamagePlayEffects",
    "Class": "UScriptClass'FloatProperty'",
    "PropertyFlags": "BlueprintVisible | BlueprintReadOnly | Parm"
  },
  {
    "Type": "ObjectProperty",
    "Name": "Effect_Electric_ON_Hit",
    "Outer": "Apollo_PowerPlant_Transformer_01_C",
    "Class": "UScriptClass'ObjectProperty'",
    "PropertyFlags": "BlueprintVisible | InstancedReference | NonTransactional",
    "PropertyClass": {
      "ObjectName": "Class'ParticleSystemComponent'",
      "ObjectPath": "/Script/Engine"
    }
  },
  {
    "Type": "ObjectProperty",
    "Name": "Effect_Electricity_On",
    "Outer": "Apollo_PowerPlant_Transformer_01_C",
    "Class": "UScriptClass'ObjectProperty'",
    "PropertyFlags": "BlueprintVisible | InstancedReference | NonTransactional",
    "PropertyClass": {
      "ObjectName": "Class'ParticleSystemComponent'",
      "ObjectPath": "/Script/Engine"
    }
  },
  {
    "Type": "ObjectProperty",
    "Name": "Effect_Shock",
    "Outer": "Apollo_PowerPlant_Transformer_01_C",
    "Class": "UScriptClass'ObjectProperty'",
    "PropertyFlags": "BlueprintVisible | InstancedReference | NonTransactional",
    "PropertyClass": {
      "ObjectName": "Class'ParticleSystemComponent'",
      "ObjectPath": "/Script/Engine"
    }
  },
  {
    "Type": "ObjectProperty",
    "Name": "CallFunc_SpawnSoundAttached_ReturnValue",
    "Outer": "ExecuteUbergraph_Apollo_PowerPlant_Transformer_01",
    "Class": "UScriptClass'ObjectProperty'",
    "PropertyFlags": "InstancedReference",
    "PropertyClass": {
      "ObjectName": "Class'AudioComponent'",
      "ObjectPath": "/Script/Engine"
    }
  },
  {
    "Type": "ObjectProperty",
    "Name": "K2Node_Event_DamageCauser",
    "Outer": "ExecuteUbergraph_Apollo_PowerPlant_Transformer_01",
    "Class": "UScriptClass'ObjectProperty'",
    "PropertyClass": {
      "ObjectName": "Class'Actor'",
      "ObjectPath": "/Script/Engine"
    }
  },
  {
    "Type": "ObjectProperty",
    "Name": "K2Node_Event_DamageCauser_1",
    "Outer": "ExecuteUbergraph_Apollo_PowerPlant_Transformer_01",
    "Class": "UScriptClass'ObjectProperty'",
    "PropertyClass": {
      "ObjectName": "Class'Actor'",
      "ObjectPath": "/Script/Engine"
    }
  },
  {
    "Type": "ObjectProperty",
    "Name": "K2Node_Event_InstigatedBy",
    "Outer": "ExecuteUbergraph_Apollo_PowerPlant_Transformer_01",
    "Class": "UScriptClass'ObjectProperty'",
    "PropertyClass": {
      "ObjectName": "Class'FortPawn'",
      "ObjectPath": "/Script/FortniteGame"
    }
  },
  {
    "Type": "ObjectProperty",
    "Name": "K2Node_Event_InstigatedBy_1",
    "Outer": "ExecuteUbergraph_Apollo_PowerPlant_Transformer_01",
    "Class": "UScriptClass'ObjectProperty'",
    "PropertyClass": {
      "ObjectName": "Class'FortPawn'",
      "ObjectPath": "/Script/FortniteGame"
    }
  },
  {
    "Type": "ObjectProperty",
    "Name": "DamageCauser",
    "Outer": "OnDamagePlayEffects",
    "Class": "UScriptClass'ObjectProperty'",
    "PropertyFlags": "BlueprintVisible | BlueprintReadOnly | Parm",
    "PropertyClass": {
      "ObjectName": "Class'Actor'",
      "ObjectPath": "/Script/Engine"
    }
  },
  {
    "Type": "ObjectProperty",
    "Name": "InstigatedBy",
    "Outer": "OnDamagePlayEffects",
    "Class": "UScriptClass'ObjectProperty'",
    "PropertyFlags": "BlueprintVisible | BlueprintReadOnly | Parm",
    "PropertyClass": {
      "ObjectName": "Class'FortPawn'",
      "ObjectPath": "/Script/FortniteGame"
    }
  },
  {
    "Type": "ObjectProperty",
    "Name": "DamageCauser",
    "Outer": "OnDeathPlayEffects",
    "Class": "UScriptClass'ObjectProperty'",
    "PropertyFlags": "BlueprintVisible | BlueprintReadOnly | Parm",
    "PropertyClass": {
      "ObjectName": "Class'Actor'",
      "ObjectPath": "/Script/Engine"
    }
  },
  {
    "Type": "ObjectProperty",
    "Name": "InstigatedBy",
    "Outer": "OnDeathPlayEffects",
    "Class": "UScriptClass'ObjectProperty'",
    "PropertyFlags": "BlueprintVisible | BlueprintReadOnly | Parm",
    "PropertyClass": {
      "ObjectName": "Class'FortPawn'",
      "ObjectPath": "/Script/FortniteGame"
    }
  },
  {
    "Type": "ParticleSystemComponent",
    "Name": "ParticleSystemComponent_26445__562C17CB",
    "Outer": "Apollo_PowerPlant_Transformer_01_C",
    "Class": "UScriptClass'ParticleSystemComponent'",
    "Properties": {
      "Template": {
        "ObjectName": "ParticleSystem'P_Large_Transformer_Power'",
        "ObjectPath": "FortniteGame/Content/Effects/Fort_Effects/World/Props/Large_Transformer/P_Large_Transformer_Power.31"
      },
      "WarmupTime": 5.0,
      "RelativeLocation": {
        "X": 0.0,
        "Y": 0.0,
        "Z": 500.0
      },
      "RelativeRotation": {
        "Pitch": 0.0,
        "Yaw": 90.0,
        "Roll": 0.0
      },
      "PrimaryComponentTick": {
        "bStartWithTickEnabled": false
      },
      "bAutoActivate": false
    }
  },
  {
    "Type": "ParticleSystemComponent",
    "Name": "ParticleSystemComponent_26458__68ECCF88",
    "Outer": "Apollo_PowerPlant_Transformer_01_C",
    "Class": "UScriptClass'ParticleSystemComponent'",
    "Properties": {
      "Template": {
        "ObjectName": "ParticleSystem'P_transformer_Shock'",
        "ObjectPath": "FortniteGame/Content/Effects/Fort_Effects/World/Props/Transformer/P_transformer_Shock.17"
      },
      "PrimaryComponentTick": {
        "bStartWithTickEnabled": false
      },
      "bAutoActivate": false
    }
  },
  {
    "Type": "ParticleSystemComponent",
    "Name": "ParticleSystemComponent_4568__44207AF7",
    "Outer": "Apollo_PowerPlant_Transformer_01_C",
    "Class": "UScriptClass'ParticleSystemComponent'",
    "Properties": {
      "Template": {
        "ObjectName": "ParticleSystem'P_Electric_Container_Hit'",
        "ObjectPath": "FortniteGame/Content/Effects/Fort_Effects/World/Props/Transformer/P_Electric_Container_Hit.16"
      },
      "RelativeLocation": {
        "X": 100.0,
        "Y": 0.0,
        "Z": 0.0
      },
      "RelativeRotation": {
        "Pitch": 180.0,
        "Yaw": 0.0,
        "Roll": 0.0
      },
      "RelativeScale3D": {
        "X": 3.0,
        "Y": 3.0,
        "Z": 3.0
      },
      "PrimaryComponentTick": {
        "bStartWithTickEnabled": false
      },
      "bAutoActivate": false
    }
  },
  {
    "Type": "SCS_Node",
    "Name": "SCS_Node_0",
    "Outer": "SimpleConstructionScript_480",
    "Class": "UScriptClass'SCS_Node'",
    "Properties": {
      "ComponentClass": {
        "ObjectName": "Class'AudioComponent'",
        "ObjectPath": "/Script/Engine"
      },
      "ComponentTemplate": {
        "ObjectName": "AudioComponent'Apollo_PowerPlant_Transformer_01_C:Transformer_Large_Buzz_Cue_GEN_VARIABLE'",
        "ObjectPath": "FortniteGame/Content/Athena/Apollo/Environments/BuildingActors/PowerPlant/Props/Apollo_PowerPlant_Transformer_01.3"
      },
      "ParentComponentOrVariableName": "StaticMeshComponent0",
      "bIsParentComponentNative": true,
      "VariableGuid": "A6ED9EF4-473E43CE-99E402BE-7D2C677E",
      "InternalVariableName": "Transformer_Large_Buzz_Cue"
    }
  },
  {
    "Type": "SCS_Node",
    "Name": "SCS_Node_537",
    "Outer": "SimpleConstructionScript_480",
    "Class": "UScriptClass'SCS_Node'",
    "Properties": {
      "ComponentClass": {
        "ObjectName": "Class'SceneComponent'",
        "ObjectPath": "/Script/Engine"
      },
      "ComponentTemplate": null,
      "VariableGuid": "56BC9799-C494E6E6-321D4295-7D5EB316",
      "InternalVariableName": "DefaultSceneRoot"
    }
  },
  {
    "Type": "SCS_Node",
    "Name": "SCS_Node_65",
    "Outer": "SimpleConstructionScript_480",
    "Class": "UScriptClass'SCS_Node'",
    "Properties": {
      "ComponentClass": {
        "ObjectName": "Class'ParticleSystemComponent'",
        "ObjectPath": "/Script/Engine"
      },
      "ComponentTemplate": {
        "ObjectName": "ParticleSystemComponent'Apollo_PowerPlant_Transformer_01_C:ParticleSystemComponent_26445__562C17CB'",
        "ObjectPath": "FortniteGame/Content/Athena/Apollo/Environments/BuildingActors/PowerPlant/Props/Apollo_PowerPlant_Transformer_01.26"
      },
      "ParentComponentOrVariableName": "StaticMeshComponent0",
      "bIsParentComponentNative": true,
      "ChildNodes": [
        {
          "ObjectName": "SCS_Node'Apollo_PowerPlant_Transformer_01_C:SimpleConstructionScript_480.SCS_Node_67'",
          "ObjectPath": "FortniteGame/Content/Athena/Apollo/Environments/BuildingActors/PowerPlant/Props/Apollo_PowerPlant_Transformer_01.32"
        },
        {
          "ObjectName": "SCS_Node'Apollo_PowerPlant_Transformer_01_C:SimpleConstructionScript_480.SCS_Node_8'",
          "ObjectPath": "FortniteGame/Content/Athena/Apollo/Environments/BuildingActors/PowerPlant/Props/Apollo_PowerPlant_Transformer_01.33"
        }
      ],
      "VariableGuid": "AD6D76F9-1E0E17C2-009272AF-FF40E2CD",
      "InternalVariableName": "Effect_Electricity_On"
    }
  },
  {
    "Type": "SCS_Node",
    "Name": "SCS_Node_67",
    "Outer": "SimpleConstructionScript_480",
    "Class": "UScriptClass'SCS_Node'",
    "Properties": {
      "ComponentClass": {
        "ObjectName": "Class'ParticleSystemComponent'",
        "ObjectPath": "/Script/Engine"
      },
      "ComponentTemplate": {
        "ObjectName": "ParticleSystemComponent'Apollo_PowerPlant_Transformer_01_C:ParticleSystemComponent_26458__68ECCF88'",
        "ObjectPath": "FortniteGame/Content/Athena/Apollo/Environments/BuildingActors/PowerPlant/Props/Apollo_PowerPlant_Transformer_01.27"
      },
      "VariableGuid": "7C37CE32-8BD3EA29-AB0B3007-11F56C30",
      "InternalVariableName": "Effect_Shock"
    }
  },
  {
    "Type": "SCS_Node",
    "Name": "SCS_Node_8",
    "Outer": "SimpleConstructionScript_480",
    "Class": "UScriptClass'SCS_Node'",
    "Properties": {
      "ComponentClass": {
        "ObjectName": "Class'ParticleSystemComponent'",
        "ObjectPath": "/Script/Engine"
      },
      "ComponentTemplate": {
        "ObjectName": "ParticleSystemComponent'Apollo_PowerPlant_Transformer_01_C:ParticleSystemComponent_4568__44207AF7'",
        "ObjectPath": "FortniteGame/Content/Athena/Apollo/Environments/BuildingActors/PowerPlant/Props/Apollo_PowerPlant_Transformer_01.28"
      },
      "VariableGuid": "07D21458-55DBEC02-E1BB7587-62AB487E",
      "InternalVariableName": "Effect_Electric_ON_Hit"
    }
  },
  {
    "Type": "SimpleConstructionScript",
    "Name": "SimpleConstructionScript_480",
    "Outer": "Apollo_PowerPlant_Transformer_01_C",
    "Class": "UScriptClass'SimpleConstructionScript'",
    "Properties": {
      "RootNodes": [
        {
          "ObjectName": "SCS_Node'Apollo_PowerPlant_Transformer_01_C:SimpleConstructionScript_480.SCS_Node_65'",
          "ObjectPath": "FortniteGame/Content/Athena/Apollo/Environments/BuildingActors/PowerPlant/Props/Apollo_PowerPlant_Transformer_01.31"
        },
        {
          "ObjectName": "SCS_Node'Apollo_PowerPlant_Transformer_01_C:SimpleConstructionScript_480.SCS_Node_0'",
          "ObjectPath": "FortniteGame/Content/Athena/Apollo/Environments/BuildingActors/PowerPlant/Props/Apollo_PowerPlant_Transformer_01.29"
        }
      ],
      "AllNodes": [
        {
          "ObjectName": "SCS_Node'Apollo_PowerPlant_Transformer_01_C:SimpleConstructionScript_480.SCS_Node_65'",
          "ObjectPath": "FortniteGame/Content/Athena/Apollo/Environments/BuildingActors/PowerPlant/Props/Apollo_PowerPlant_Transformer_01.31"
        },
        {
          "ObjectName": "SCS_Node'Apollo_PowerPlant_Transformer_01_C:SimpleConstructionScript_480.SCS_Node_67'",
          "ObjectPath": "FortniteGame/Content/Athena/Apollo/Environments/BuildingActors/PowerPlant/Props/Apollo_PowerPlant_Transformer_01.32"
        },
        {
          "ObjectName": "SCS_Node'Apollo_PowerPlant_Transformer_01_C:SimpleConstructionScript_480.SCS_Node_8'",
          "ObjectPath": "FortniteGame/Content/Athena/Apollo/Environments/BuildingActors/PowerPlant/Props/Apollo_PowerPlant_Transformer_01.33"
        },
        {
          "ObjectName": "SCS_Node'Apollo_PowerPlant_Transformer_01_C:SimpleConstructionScript_480.SCS_Node_0'",
          "ObjectPath": "FortniteGame/Content/Athena/Apollo/Environments/BuildingActors/PowerPlant/Props/Apollo_PowerPlant_Transformer_01.29"
        }
      ],
      "DefaultSceneRootNode": {
        "ObjectName": "SCS_Node'Apollo_PowerPlant_Transformer_01_C:SimpleConstructionScript_480.SCS_Node_537'",
        "ObjectPath": "FortniteGame/Content/Athena/Apollo/Environments/BuildingActors/PowerPlant/Props/Apollo_PowerPlant_Transformer_01.30"
      }
    }
  },
  {
    "Type": "StaticMeshComponent",
    "Name": "StaticMeshComponent0",
    "Outer": "Default__Apollo_PowerPlant_Transformer_01_C",
    "Class": "UScriptClass'StaticMeshComponent'",
    "Properties": {
      "StaticMesh": {
        "ObjectName": "StaticMesh'S_PowerPlant_Transformer_01'",
        "ObjectPath": "FortniteGame/Content/Environments/Apollo/Sets/PowerPlant/Props/Meshes/S_PowerPlant_Transformer_01.1"
      },
      "BodyInstance": {
        "bAutoWeld": false
      },
      "bCanEverAffectNavigation": true
    }
  },
  {
    "Type": "StructProperty",
    "Name": "K2Node_Event_DamageTags",
    "Outer": "ExecuteUbergraph_Apollo_PowerPlant_Transformer_01",
    "Class": "UScriptClass'StructProperty'",
    "PropertyFlags": "ConstParm",
    "Struct": {
      "ObjectName": "ScriptStruct'GameplayTagContainer'",
      "ObjectPath": "/Script/GameplayTags"
    }
  },
  {
    "Type": "StructProperty",
    "Name": "K2Node_Event_DamageTags_1",
    "Outer": "ExecuteUbergraph_Apollo_PowerPlant_Transformer_01",
    "Class": "UScriptClass'StructProperty'",
    "PropertyFlags": "ConstParm",
    "Struct": {
      "ObjectName": "ScriptStruct'GameplayTagContainer'",
      "ObjectPath": "/Script/GameplayTags"
    }
  },
  {
    "Type": "StructProperty",
    "Name": "K2Node_Event_EffectContext",
    "Outer": "ExecuteUbergraph_Apollo_PowerPlant_Transformer_01",
    "Class": "UScriptClass'StructProperty'",
    "Struct": {
      "ObjectName": "ScriptStruct'GameplayEffectContextHandle'",
      "ObjectPath": "/Script/GameplayAbilities"
    }
  },
  {
    "Type": "StructProperty",
    "Name": "K2Node_Event_EffectContext_1",
    "Outer": "ExecuteUbergraph_Apollo_PowerPlant_Transformer_01",
    "Class": "UScriptClass'StructProperty'",
    "Struct": {
      "ObjectName": "ScriptStruct'GameplayEffectContextHandle'",
      "ObjectPath": "/Script/GameplayAbilities"
    }
  },
  {
    "Type": "StructProperty",
    "Name": "K2Node_Event_HitInfo",
    "Outer": "ExecuteUbergraph_Apollo_PowerPlant_Transformer_01",
    "Class": "UScriptClass'StructProperty'",
    "PropertyFlags": "ConstParm | ContainsInstancedReference",
    "Struct": {
      "ObjectName": "ScriptStruct'HitResult'",
      "ObjectPath": "/Script/Engine"
    }
  },
  {
    "Type": "StructProperty",
    "Name": "K2Node_Event_HitInfo_1",
    "Outer": "ExecuteUbergraph_Apollo_PowerPlant_Transformer_01",
    "Class": "UScriptClass'StructProperty'",
    "PropertyFlags": "ConstParm | ContainsInstancedReference",
    "Struct": {
      "ObjectName": "ScriptStruct'HitResult'",
      "ObjectPath": "/Script/Engine"
    }
  },
  {
    "Type": "StructProperty",
    "Name": "K2Node_Event_Momentum",
    "Outer": "ExecuteUbergraph_Apollo_PowerPlant_Transformer_01",
    "Class": "UScriptClass'StructProperty'",
    "Struct": {
      "ObjectName": "ScriptStruct'Vector'",
      "ObjectPath": "/Script/CoreUObject"
    }
  },
  {
    "Type": "StructProperty",
    "Name": "K2Node_Event_Momentum_1",
    "Outer": "ExecuteUbergraph_Apollo_PowerPlant_Transformer_01",
    "Class": "UScriptClass'StructProperty'",
    "Struct": {
      "ObjectName": "ScriptStruct'Vector'",
      "ObjectPath": "/Script/CoreUObject"
    }
  },
  {
    "Type": "StructProperty",
    "Name": "DamageTags",
    "Outer": "OnDamagePlayEffects",
    "Class": "UScriptClass'StructProperty'",
    "PropertyFlags": "ConstParm | BlueprintVisible | BlueprintReadOnly | Parm | OutParm | ReferenceParm",
    "Struct": {
      "ObjectName": "ScriptStruct'GameplayTagContainer'",
      "ObjectPath": "/Script/GameplayTags"
    }
  },
  {
    "Type": "StructProperty",
    "Name": "EffectContext",
    "Outer": "OnDamagePlayEffects",
    "Class": "UScriptClass'StructProperty'",
    "PropertyFlags": "BlueprintVisible | BlueprintReadOnly | Parm",
    "Struct": {
      "ObjectName": "ScriptStruct'GameplayEffectContextHandle'",
      "ObjectPath": "/Script/GameplayAbilities"
    }
  },
  {
    "Type": "StructProperty",
    "Name": "HitInfo",
    "Outer": "OnDamagePlayEffects",
    "Class": "UScriptClass'StructProperty'",
    "PropertyFlags": "ConstParm | BlueprintVisible | BlueprintReadOnly | Parm | OutParm | ReferenceParm | ContainsInstancedReference",
    "Struct": {
      "ObjectName": "ScriptStruct'HitResult'",
      "ObjectPath": "/Script/Engine"
    }
  },
  {
    "Type": "StructProperty",
    "Name": "Momentum",
    "Outer": "OnDamagePlayEffects",
    "Class": "UScriptClass'StructProperty'",
    "PropertyFlags": "BlueprintVisible | BlueprintReadOnly | Parm",
    "Struct": {
      "ObjectName": "ScriptStruct'Vector'",
      "ObjectPath": "/Script/CoreUObject"
    }
  },
  {
    "Type": "StructProperty",
    "Name": "DamageTags",
    "Outer": "OnDeathPlayEffects",
    "Class": "UScriptClass'StructProperty'",
    "PropertyFlags": "ConstParm | BlueprintVisible | BlueprintReadOnly | Parm | OutParm | ReferenceParm",
    "Struct": {
      "ObjectName": "ScriptStruct'GameplayTagContainer'",
      "ObjectPath": "/Script/GameplayTags"
    }
  },
  {
    "Type": "StructProperty",
    "Name": "EffectContext",
    "Outer": "OnDeathPlayEffects",
    "Class": "UScriptClass'StructProperty'",
    "PropertyFlags": "BlueprintVisible | BlueprintReadOnly | Parm",
    "Struct": {
      "ObjectName": "ScriptStruct'GameplayEffectContextHandle'",
      "ObjectPath": "/Script/GameplayAbilities"
    }
  },
  {
    "Type": "StructProperty",
    "Name": "HitInfo",
    "Outer": "OnDeathPlayEffects",
    "Class": "UScriptClass'StructProperty'",
    "PropertyFlags": "ConstParm | BlueprintVisible | BlueprintReadOnly | Parm | OutParm | ReferenceParm | ContainsInstancedReference",
    "Struct": {
      "ObjectName": "ScriptStruct'HitResult'",
      "ObjectPath": "/Script/Engine"
    }
  },
  {
    "Type": "StructProperty",
    "Name": "Momentum",
    "Outer": "OnDeathPlayEffects",
    "Class": "UScriptClass'StructProperty'",
    "PropertyFlags": "BlueprintVisible | BlueprintReadOnly | Parm",
    "Struct": {
      "ObjectName": "ScriptStruct'Vector'",
      "ObjectPath": "/Script/CoreUObject"
    }
  }
]