[
  {
    "Type": "ObjectProperty",
    "Name": "SpotLight",
    "Outer": "Apollo_PowerPlant_OverheadLight_01_C",
    "Class": "UScriptClass'ObjectProperty'",
    "PropertyFlags": "BlueprintVisible | InstancedReference | NonTransactional",
    "PropertyClass": {
      "ObjectName": "Class'SpotLightComponent'",
      "ObjectPath": "/Script/Engine"
    }
  },
  {
    "Type": "BlueprintGeneratedClass",
    "Name": "Apollo_PowerPlant_OverheadLight_01_C",
    "Class": "UScriptClass'BlueprintGeneratedClass'",
    "Properties": {
      "SimpleConstructionScript": {
        "ObjectName": "SimpleConstructionScript'Apollo_PowerPlant_OverheadLight_01_C:SimpleConstructionScript_32'",
        "ObjectPath": "FortniteGame/Content/Athena/Apollo/Environments/BuildingActors/PowerPlant/Props/Apollo_PowerPlant_OverheadLight_01.6"
      }
    },
    "SuperStruct": {
      "ObjectName": "Class'BuildingProp'",
      "ObjectPath": "/Script/FortniteGame"
    },
    "Children": [
      {
        "ObjectName": "ObjectProperty'Apollo_PowerPlant_OverheadLight_01_C:SpotLight'",
        "ObjectPath": "FortniteGame/Content/Athena/Apollo/Environments/BuildingActors/PowerPlant/Props/Apollo_PowerPlant_OverheadLight_01.0"
      }
    ]
  },
  {
    "Type": "Apollo_PowerPlant_OverheadLight_01_C",
    "Name": "Default__Apollo_PowerPlant_OverheadLight_01_C",
    "Class": "BlueprintGeneratedClass'FortniteGame/Content/Athena/Apollo/Environments/BuildingActors/PowerPlant/Props/Apollo_PowerPlant_OverheadLight_01.Apollo_PowerPlant_OverheadLight_01_C'",
    "Properties": {
      "StaticMesh": {
        "ObjectName": "StaticMesh'S_PowerPlant_OverheadLight_01'",
        "ObjectPath": "FortniteGame/Content/Environments/Apollo/Sets/PowerPlant/Props/Meshes/S_PowerPlant_OverheadLight_01.1"
      },
      "ResourceType": "EFortResourceType::Metal",
      "StaticMeshComponent": {
        "ObjectName": "StaticMeshComponent'Default__Apollo_PowerPlant_OverheadLight_01_C:StaticMeshComponent0'",
        "ObjectPath": "FortniteGame/Content/Athena/Apollo/Environments/BuildingActors/PowerPlant/Props/Apollo_PowerPlant_OverheadLight_01.8"
      },
      "BuildingResourceAmountOverride": {
        "CurveTable": {
          "ObjectName": "CurveTable'AthenaResourceRates'",
          "ObjectPath": "FortniteGame/Content/Athena/Balance/DataTables/AthenaResourceRates.0"
        },
        "RowName": "PropMetalHigh"
      },
      "DeathParticles": {
        "ObjectName": "ParticleSystem'P_General_Deco_Destruction_Medium'",
        "ObjectPath": "FortniteGame/Content/Effects/Fort_Effects/World/Destruction/Base_Effects/P_General_Deco_Destruction_Medium.100"
      },
      "DeathParticleSocketName": "DeathParticle",
      "BuildingAttachmentSlot": "SLOT_Floor",
      "AttributeInitKeys": {
        "AttributeInitCategory": "PropMetal",
        "AttributeInitSubCategory": "3"
      },
      "AttributeInitKeys": {
        "AttributeInitCategory": "PropMetal",
        "AttributeInitSubCategory": "3"
      },
      "NavigationObstacleOverride": "ENavigationObstacleOverride::ForceEnabled",
      "bCanExportNavigationCollisions": true,
      "StaticGameplayTags": [
        "Building.Type.Prop"
      ],
      "bEnableAutoLODGeneration": false,
      "RootComponent": {
        "ObjectName": "StaticMeshComponent'Default__Apollo_PowerPlant_OverheadLight_01_C:StaticMeshComponent0'",
        "ObjectPath": "FortniteGame/Content/Athena/Apollo/Environments/BuildingActors/PowerPlant/Props/Apollo_PowerPlant_OverheadLight_01.8"
      }
    }
  },
  {
    "Type": "SceneComponent",
    "Name": "SceneComponent_269",
    "Outer": "Apollo_PowerPlant_OverheadLight_01_C",
    "Class": "UScriptClass'SceneComponent'"
  },
  {
    "Type": "SCS_Node",
    "Name": "SCS_Node_1",
    "Outer": "SimpleConstructionScript_32",
    "Class": "UScriptClass'SCS_Node'",
    "Properties": {
      "ComponentClass": {
        "ObjectName": "Class'SpotLightComponent'",
        "ObjectPath": "/Script/Engine"
      },
      "ComponentTemplate": {
        "ObjectName": "SpotLightComponent'Apollo_PowerPlant_OverheadLight_01_C:SpotLight_GEN_VARIABLE'",
        "ObjectPath": "FortniteGame/Content/Athena/Apollo/Environments/BuildingActors/PowerPlant/Props/Apollo_PowerPlant_OverheadLight_01.7"
      },
      "ParentComponentOrVariableName": "StaticMeshComponent0",
      "bIsParentComponentNative": true,
      "VariableGuid": "F75D21D8-47408A72-7C300BA5-84D6C954",
      "InternalVariableName": "SpotLight"
    }
  },
  {
    "Type": "SCS_Node",
    "Name": "SCS_Node_273",
    "Outer": "SimpleConstructionScript_32",
    "Class": "UScriptClass'SCS_Node'",
    "Properties": {
      "ComponentClass": {
        "ObjectName": "Class'SceneComponent'",
        "ObjectPath": "/Script/Engine"
      },
      "ComponentTemplate": {
        "ObjectName": "SceneComponent'Apollo_PowerPlant_OverheadLight_01_C:SceneComponent_269'",
        "ObjectPath": "FortniteGame/Content/Athena/Apollo/Environments/BuildingActors/PowerPlant/Props/Apollo_PowerPlant_OverheadLight_01.3"
      },
      "VariableGuid": "56BC9799-C494E6E6-321D4295-7D5EB316",
      "InternalVariableName": "DefaultSceneRoot"
    }
  },
  {
    "Type": "SimpleConstructionScript",
    "Name": "SimpleConstructionScript_32",
    "Outer": "Apollo_PowerPlant_OverheadLight_01_C",
    "Class": "UScriptClass'SimpleConstructionScript'",
    "Properties": {
      "RootNodes": [
        {
          "ObjectName": "SCS_Node'Apollo_PowerPlant_OverheadLight_01_C:SimpleConstructionScript_32.SCS_Node_1'",
          "ObjectPath": "FortniteGame/Content/Athena/Apollo/Environments/BuildingActors/PowerPlant/Props/Apollo_PowerPlant_OverheadLight_01.4"
        }
      ],
      "AllNodes": [
        {
          "ObjectName": "SCS_Node'Apollo_PowerPlant_OverheadLight_01_C:SimpleConstructionScript_32.SCS_Node_1'",
          "ObjectPath": "FortniteGame/Content/Athena/Apollo/Environments/BuildingActors/PowerPlant/Props/Apollo_PowerPlant_OverheadLight_01.4"
        }
      ],
      "DefaultSceneRootNode": {
        "ObjectName": "SCS_Node'Apollo_PowerPlant_OverheadLight_01_C:SimpleConstructionScript_32.SCS_Node_273'",
        "ObjectPath": "FortniteGame/Content/Athena/Apollo/Environments/BuildingActors/PowerPlant/Props/Apollo_PowerPlant_OverheadLight_01.5"
      }
    }
  },
  {
    "Type": "SpotLightComponent",
    "Name": "SpotLight_GEN_VARIABLE",
    "Outer": "Apollo_PowerPlant_OverheadLight_01_C",
    "Class": "UScriptClass'SpotLightComponent'",
    "Properties": {
      "InnerConeAngle": 20.0,
      "OuterConeAngle": 60.0,
      "bUseInverseSquaredFalloff": false,
      "LightFalloffExponent": 2.0,
      "AttenuationRadius": 1300.0,
      "Temperature": 5000.0,
      "bUseTemperature": true,
      "Intensity": 5.0,
      "RelativeLocation": {
        "X": 1.38282785E-05,
        "Y": 0.0,
        "Z": -232.0
      },
      "RelativeRotation": {
        "Pitch": -90.0,
        "Yaw": 0.0,
        "Roll": 0.0
      }
    }
  },
  {
    "Type": "StaticMeshComponent",
    "Name": "StaticMeshComponent0",
    "Outer": "Default__Apollo_PowerPlant_OverheadLight_01_C",
    "Class": "UScriptClass'StaticMeshComponent'",
    "Properties": {
      "StaticMesh": {
        "ObjectName": "StaticMesh'S_PowerPlant_OverheadLight_01'",
        "ObjectPath": "FortniteGame/Content/Environments/Apollo/Sets/PowerPlant/Props/Meshes/S_PowerPlant_OverheadLight_01.1"
      },
      "bCanEverAffectNavigation": true
    }
  }
]