[
  {
    "Type": "BlueprintGeneratedClass",
    "Name": "Apollo_PowerPlant_ServerRacks_02_C",
    "Class": "UScriptClass'BlueprintGeneratedClass'",
    "Properties": {
      "SimpleConstructionScript": {
        "ObjectName": "SimpleConstructionScript'Apollo_PowerPlant_ServerRacks_02_C:SimpleConstructionScript_742'",
        "ObjectPath": "FortniteGame/Content/Athena/Apollo/Environments/BuildingActors/PowerPlant/Props/Apollo_PowerPlant_ServerRacks_02.4"
      }
    },
    "SuperStruct": {
      "ObjectName": "Class'BuildingProp'",
      "ObjectPath": "/Script/FortniteGame"
    }
  },
  {
    "Type": "Apollo_PowerPlant_ServerRacks_02_C",
    "Name": "Default__Apollo_PowerPlant_ServerRacks_02_C",
    "Class": "BlueprintGeneratedClass'FortniteGame/Content/Athena/Apollo/Environments/BuildingActors/PowerPlant/Props/Apollo_PowerPlant_ServerRacks_02.Apollo_PowerPlant_ServerRacks_02_C'",
    "Properties": {
      "TextureData": {
        "ObjectName": "BuildingTextureData'TD_PowerPlant_ServerRacks_01'",
        "ObjectPath": "FortniteGame/Content/Environments/Apollo/Sets/PowerPlant/DataAssets/TD_PowerPlant_ServerRacks_01.0"
      },
      "StaticMesh": {
        "ObjectName": "StaticMesh'Prop_Server_Racks_02_a'",
        "ObjectPath": "FortniteGame/Content/Environments/Props/Industrial/Meshes/Prop_Server_Racks_02_a.1"
      },
      "ResourceType": "EFortResourceType::Metal",
      "StaticMeshComponent": {
        "ObjectName": "StaticMeshComponent'Default__Apollo_PowerPlant_ServerRacks_02_C:StaticMeshComponent0'",
        "ObjectPath": "FortniteGame/Content/Athena/Apollo/Environments/BuildingActors/PowerPlant/Props/Apollo_PowerPlant_ServerRacks_02.5"
      },
      "DestructionLootTierGroup": "Destruction_MechanicalLow",
      "BuildingResourceAmountOverride": {
        "CurveTable": {
          "ObjectName": "CurveTable'AthenaResourceRates'",
          "ObjectPath": "FortniteGame/Content/Athena/Balance/DataTables/AthenaResourceRates.0"
        },
        "RowName": "PropMetalLow"
      },
      "DeathParticles": {
        "ObjectName": "ParticleSystem'P_General_Deco_Destruction_Small'",
        "ObjectPath": "FortniteGame/Content/Effects/Fort_Effects/World/Destruction/Base_Effects/P_General_Deco_Destruction_Small.100"
      },
      "DeathSound": {
        "ObjectName": "SoundCue'Demo_Metal_ComputerServer_ImpactFinal_Cue'",
        "ObjectPath": "FortniteGame/Content/Sounds/Fort_Impact_Sounds/Demolition/Interior_Props/Demo_Metal_ComputerServer_ImpactFinal_Cue.0"
      },
      "BuildingAttachmentType": "ATTACH_Floor",
      "CurrentBuildingLevel": 1,
      "AttributeInitKeys": {
        "AttributeInitCategory": "PropMetal",
        "AttributeInitSubCategory": "1"
      },
      "AttributeInitKeys": {
        "AttributeInitCategory": "PropMetal",
        "AttributeInitSubCategory": "1"
      },
      "bCanExportNavigationCollisions": true,
      "bDestroyOnPlayerBuildingPlacement": true,
      "StaticGameplayTags": [
        "Building.Type.Prop"
      ],
      "PlayHitSound": {
        "ObjectName": "SoundCue'Demo_Metal_ComputerServer_Impact_Cue'",
        "ObjectPath": "FortniteGame/Content/Sounds/Fort_Impact_Sounds/Demolition/Interior_Props/Demo_Metal_ComputerServer_Impact_Cue.0"
      },
      "bEnableAutoLODGeneration": false,
      "RootComponent": {
        "ObjectName": "StaticMeshComponent'Default__Apollo_PowerPlant_ServerRacks_02_C:StaticMeshComponent0'",
        "ObjectPath": "FortniteGame/Content/Athena/Apollo/Environments/BuildingActors/PowerPlant/Props/Apollo_PowerPlant_ServerRacks_02.5"
      }
    }
  },
  {
    "Type": "SceneComponent",
    "Name": "SceneComponent_630",
    "Outer": "Apollo_PowerPlant_ServerRacks_02_C",
    "Class": "UScriptClass'SceneComponent'"
  },
  {
    "Type": "SCS_Node",
    "Name": "SCS_Node_640",
    "Outer": "SimpleConstructionScript_742",
    "Class": "UScriptClass'SCS_Node'",
    "Properties": {
      "ComponentClass": {
        "ObjectName": "Class'SceneComponent'",
        "ObjectPath": "/Script/Engine"
      },
      "ComponentTemplate": {
        "ObjectName": "SceneComponent'Apollo_PowerPlant_ServerRacks_02_C:SceneComponent_630'",
        "ObjectPath": "FortniteGame/Content/Athena/Apollo/Environments/BuildingActors/PowerPlant/Props/Apollo_PowerPlant_ServerRacks_02.2"
      },
      "VariableGuid": "56BC9799-C494E6E6-321D4295-7D5EB316",
      "InternalVariableName": "DefaultSceneRoot"
    }
  },
  {
    "Type": "SimpleConstructionScript",
    "Name": "SimpleConstructionScript_742",
    "Outer": "Apollo_PowerPlant_ServerRacks_02_C",
    "Class": "UScriptClass'SimpleConstructionScript'",
    "Properties": {
      "DefaultSceneRootNode": {
        "ObjectName": "SCS_Node'Apollo_PowerPlant_ServerRacks_02_C:SimpleConstructionScript_742.SCS_Node_640'",
        "ObjectPath": "FortniteGame/Content/Athena/Apollo/Environments/BuildingActors/PowerPlant/Props/Apollo_PowerPlant_ServerRacks_02.3"
      }
    }
  },
  {
    "Type": "StaticMeshComponent",
    "Name": "StaticMeshComponent0",
    "Outer": "Default__Apollo_PowerPlant_ServerRacks_02_C",
    "Class": "UScriptClass'StaticMeshComponent'",
    "Properties": {
      "StaticMesh": {
        "ObjectName": "StaticMesh'Prop_Server_Racks_02_a'",
        "ObjectPath": "FortniteGame/Content/Environments/Props/Industrial/Meshes/Prop_Server_Racks_02_a.1"
      },
      "CanCharacterStepUpOn": "ECB_Yes",
      "BodyInstance": {
        "bAutoWeld": false
      },
      "bCanEverAffectNavigation": true
    }
  }
]