[
  {
    "Type": "BlueprintGeneratedClass",
    "Name": "Apollo_PowerPlant_Fence_01_C",
    "Class": "UScriptClass'BlueprintGeneratedClass'",
    "Properties": {
      "SimpleConstructionScript": {
        "ObjectName": "SimpleConstructionScript'Apollo_PowerPlant_Fence_01_C:SimpleConstructionScript_965'",
        "ObjectPath": "FortniteGame/Content/Athena/Apollo/Environments/BuildingActors/PowerPlant/Props/Apollo_PowerPlant_Fence_01.4"
      }
    },
    "SuperStruct": {
      "ObjectName": "Class'BuildingWall'",
      "ObjectPath": "/Script/FortniteGame"
    }
  },
  {
    "Type": "Apollo_PowerPlant_Fence_01_C",
    "Name": "Default__Apollo_PowerPlant_Fence_01_C",
    "Class": "BlueprintGeneratedClass'FortniteGame/Content/Athena/Apollo/Environments/BuildingActors/PowerPlant/Props/Apollo_PowerPlant_Fence_01.Apollo_PowerPlant_Fence_01_C'",
    "Properties": {
      "StaticMesh": {
        "ObjectName": "StaticMesh'S_PowerPlant_Fence_01'",
        "ObjectPath": "FortniteGame/Content/Environments/Apollo/Sets/PowerPlant/Props/Meshes/S_PowerPlant_Fence_01.1"
      },
      "ResourceType": "EFortResourceType::Metal",
      "bRegisterWithStructuralGrid": false,
      "bPropagatesBounceEffects": false,
      "BuildingPlacementDistance": {
        "X": 128.0,
        "Y": 128.0,
        "Z": 192.0
      },
      "StaticMeshComponent": {
        "ObjectName": "StaticMeshComponent'Default__Apollo_PowerPlant_Fence_01_C:StaticMeshComponent0'",
        "ObjectPath": "FortniteGame/Content/Athena/Apollo/Environments/BuildingActors/PowerPlant/Props/Apollo_PowerPlant_Fence_01.5"
      },
      "BuildingResourceAmountOverride": {
        "CurveTable": {
          "ObjectName": "CurveTable'AthenaResourceRates'",
          "ObjectPath": "FortniteGame/Content/Athena/Balance/DataTables/AthenaResourceRates.0"
        },
        "RowName": "LDBuildingNormal"
      },
      "DeathParticles": {
        "ObjectName": "ParticleSystem'P_General_Deco_Destruction_Large'",
        "ObjectPath": "FortniteGame/Content/Effects/Fort_Effects/World/Destruction/Base_Effects/P_General_Deco_Destruction_Large.100"
      },
      "EditModePatternData": {
        "ObjectName": "BuildingEditModeMetadata_Wall'EMP_Wall_Solid_NoTraps'",
        "ObjectPath": "FortniteGame/Content/Building/EditModePatterns/Wall/EMP_Wall_Solid_NoTraps.0"
      },
      "EditModeSupportClass": null,
      "BuildingAttachmentSlot": "SLOT_Floor",
      "BuildingAttachmentType": "ATTACH_Floor",
      "AreaClass": {
        "AssetPathName": "None",
        "SubPathString": ""
      },
      "AttributeInitKeys": {
        "AttributeInitCategory": "BuildingMetal",
        "AttributeInitSubCategory": "1"
      },
      "AttributeInitKeys": {
        "AttributeInitCategory": "BuildingMetal",
        "AttributeInitSubCategory": "1"
      },
      "NavigationObstacleOverride": "ENavigationObstacleOverride::ForceEnabled",
      "bRotateInPlaceGame": false,
      "bIsNavigationModifier": false,
      "bBlockNavigationLinks": false,
      "bCanExportNavigationCollisions": true,
      "bRotateInPlaceEditor": true,
      "bUseCentroidForBlockBuildingsCheck": false,
      "ConstTags": [
        "Building.Type.Prop"
      ],
      "StaticGameplayTags": [
        "Building.Type.Prop"
      ],
      "bEnableAutoLODGeneration": false,
      "RootComponent": {
        "ObjectName": "StaticMeshComponent'Default__Apollo_PowerPlant_Fence_01_C:StaticMeshComponent0'",
        "ObjectPath": "FortniteGame/Content/Athena/Apollo/Environments/BuildingActors/PowerPlant/Props/Apollo_PowerPlant_Fence_01.5"
      }
    }
  },
  {
    "Type": "SceneComponent",
    "Name": "SceneComponent_71",
    "Outer": "Apollo_PowerPlant_Fence_01_C",
    "Class": "UScriptClass'SceneComponent'"
  },
  {
    "Type": "SCS_Node",
    "Name": "SCS_Node_76",
    "Outer": "SimpleConstructionScript_965",
    "Class": "UScriptClass'SCS_Node'",
    "Properties": {
      "ComponentClass": {
        "ObjectName": "Class'SceneComponent'",
        "ObjectPath": "/Script/Engine"
      },
      "ComponentTemplate": {
        "ObjectName": "SceneComponent'Apollo_PowerPlant_Fence_01_C:SceneComponent_71'",
        "ObjectPath": "FortniteGame/Content/Athena/Apollo/Environments/BuildingActors/PowerPlant/Props/Apollo_PowerPlant_Fence_01.2"
      },
      "VariableGuid": "56BC9799-C494E6E6-321D4295-7D5EB316",
      "InternalVariableName": "DefaultSceneRoot"
    }
  },
  {
    "Type": "SimpleConstructionScript",
    "Name": "SimpleConstructionScript_965",
    "Outer": "Apollo_PowerPlant_Fence_01_C",
    "Class": "UScriptClass'SimpleConstructionScript'",
    "Properties": {
      "DefaultSceneRootNode": {
        "ObjectName": "SCS_Node'Apollo_PowerPlant_Fence_01_C:SimpleConstructionScript_965.SCS_Node_76'",
        "ObjectPath": "FortniteGame/Content/Athena/Apollo/Environments/BuildingActors/PowerPlant/Props/Apollo_PowerPlant_Fence_01.3"
      }
    }
  },
  {
    "Type": "StaticMeshComponent",
    "Name": "StaticMeshComponent0",
    "Outer": "Default__Apollo_PowerPlant_Fence_01_C",
    "Class": "UScriptClass'StaticMeshComponent'",
    "Properties": {
      "StaticMesh": {
        "ObjectName": "StaticMesh'S_PowerPlant_Fence_01'",
        "ObjectPath": "FortniteGame/Content/Environments/Apollo/Sets/PowerPlant/Props/Meshes/S_PowerPlant_Fence_01.1"
      },
      "CanCharacterStepUpOn": "ECB_Yes",
      "BodyInstance": {
        "bAutoWeld": false
      },
      "bCanEverAffectNavigation": true
    }
  }
]