[
  {
    "Type": "ObjectProperty",
    "Name": "PowerPlant_Vat_Cue",
    "Outer": "Apollo_PowerPlant_ReactorCore_01_C",
    "Class": "UScriptClass'ObjectProperty'",
    "PropertyFlags": "BlueprintVisible | InstancedReference | NonTransactional",
    "PropertyClass": {
      "ObjectName": "Class'AudioComponent'",
      "ObjectPath": "/Script/Engine"
    }
  },
  {
    "Type": "BlueprintGeneratedClass",
    "Name": "Apollo_PowerPlant_ReactorCore_01_C",
    "Class": "UScriptClass'BlueprintGeneratedClass'",
    "Properties": {
      "SimpleConstructionScript": {
        "ObjectName": "SimpleConstructionScript'Apollo_PowerPlant_ReactorCore_01_C:SimpleConstructionScript_32'",
        "ObjectPath": "FortniteGame/Content/Athena/Apollo/Environments/BuildingActors/PowerPlant/Props/Apollo_PowerPlant_ReactorCore_01.7"
      }
    },
    "SuperStruct": {
      "ObjectName": "Class'BuildingProp'",
      "ObjectPath": "/Script/FortniteGame"
    },
    "Children": [
      {
        "ObjectName": "ObjectProperty'Apollo_PowerPlant_ReactorCore_01_C:PowerPlant_Vat_Cue'",
        "ObjectPath": "FortniteGame/Content/Athena/Apollo/Environments/BuildingActors/PowerPlant/Props/Apollo_PowerPlant_ReactorCore_01.0"
      }
    ]
  },
  {
    "Type": "Apollo_PowerPlant_ReactorCore_01_C",
    "Name": "Default__Apollo_PowerPlant_ReactorCore_01_C",
    "Class": "BlueprintGeneratedClass'FortniteGame/Content/Athena/Apollo/Environments/BuildingActors/PowerPlant/Props/Apollo_PowerPlant_ReactorCore_01.Apollo_PowerPlant_ReactorCore_01_C'",
    "Properties": {
      "StaticMesh": {
        "ObjectName": "StaticMesh'S_PowerPlant_ReactorCore_01'",
        "ObjectPath": "FortniteGame/Content/Environments/Apollo/Sets/PowerPlant/Props/Meshes/S_PowerPlant_ReactorCore_01.1"
      },
      "ResourceType": "EFortResourceType::Metal",
      "StaticMeshComponent": {
        "ObjectName": "StaticMeshComponent'Default__Apollo_PowerPlant_ReactorCore_01_C:StaticMeshComponent0'",
        "ObjectPath": "FortniteGame/Content/Athena/Apollo/Environments/BuildingActors/PowerPlant/Props/Apollo_PowerPlant_ReactorCore_01.8"
      },
      "BuildingResourceAmountOverride": {
        "CurveTable": {
          "ObjectName": "CurveTable'AthenaResourceRates'",
          "ObjectPath": "FortniteGame/Content/Athena/Balance/DataTables/AthenaResourceRates.0"
        },
        "RowName": "ResourceMetalHigh"
      },
      "DeathParticles": {
        "ObjectName": "ParticleSystem'P_General_Deco_Destruction_XLarge'",
        "ObjectPath": "FortniteGame/Content/Effects/Fort_Effects/World/Destruction/Base_Effects/P_General_Deco_Destruction_XLarge.77"
      },
      "DeathParticleSocketName": "DeathParticle",
      "BuildingAttachmentSlot": "SLOT_Floor",
      "AttributeInitKeys": {
        "AttributeInitCategory": "ResourceMetal",
        "AttributeInitSubCategory": "4"
      },
      "AttributeInitKeys": {
        "AttributeInitCategory": "ResourceMetal",
        "AttributeInitSubCategory": "4"
      },
      "NavigationObstacleOverride": "ENavigationObstacleOverride::ForceEnabled",
      "bCanExportNavigationCollisions": true,
      "bDestroyFoliageWhenPlaced": true,
      "bDestroyOnPlayerBuildingPlacement": true,
      "StaticGameplayTags": [
        "Building.Type.Prop"
      ],
      "BRMaxDrawDistance": 22000.0,
      "RootComponent": {
        "ObjectName": "StaticMeshComponent'Default__Apollo_PowerPlant_ReactorCore_01_C:StaticMeshComponent0'",
        "ObjectPath": "FortniteGame/Content/Athena/Apollo/Environments/BuildingActors/PowerPlant/Props/Apollo_PowerPlant_ReactorCore_01.8"
      }
    }
  },
  {
    "Type": "AudioComponent",
    "Name": "PowerPlant_Vat_Cue_GEN_VARIABLE",
    "Outer": "Apollo_PowerPlant_ReactorCore_01_C",
    "Class": "UScriptClass'AudioComponent'",
    "Properties": {
      "Sound": {
        "ObjectName": "SoundCue'PowerPlant_Vat_Cue'",
        "ObjectPath": "FortniteGame/Content/Sounds/Fort_Prop_Sounds/Exterior/CoolingTower/PowerPlant_Vat_Cue.0"
      },
      "RelativeLocation": {
        "X": 0.0,
        "Y": 0.0,
        "Z": 1312.0
      }
    }
  },
  {
    "Type": "SceneComponent",
    "Name": "SceneComponent_269",
    "Outer": "Apollo_PowerPlant_ReactorCore_01_C",
    "Class": "UScriptClass'SceneComponent'"
  },
  {
    "Type": "SCS_Node",
    "Name": "SCS_Node_0",
    "Outer": "SimpleConstructionScript_32",
    "Class": "UScriptClass'SCS_Node'",
    "Properties": {
      "ComponentClass": {
        "ObjectName": "Class'AudioComponent'",
        "ObjectPath": "/Script/Engine"
      },
      "ComponentTemplate": {
        "ObjectName": "AudioComponent'Apollo_PowerPlant_ReactorCore_01_C:PowerPlant_Vat_Cue_GEN_VARIABLE'",
        "ObjectPath": "FortniteGame/Content/Athena/Apollo/Environments/BuildingActors/PowerPlant/Props/Apollo_PowerPlant_ReactorCore_01.3"
      },
      "ParentComponentOrVariableName": "StaticMeshComponent0",
      "bIsParentComponentNative": true,
      "VariableGuid": "EFBF080B-4D9DCA8E-A7C08BAE-70692058",
      "InternalVariableName": "PowerPlant_Vat_Cue"
    }
  },
  {
    "Type": "SCS_Node",
    "Name": "SCS_Node_273",
    "Outer": "SimpleConstructionScript_32",
    "Class": "UScriptClass'SCS_Node'",
    "Properties": {
      "ComponentClass": {
        "ObjectName": "Class'SceneComponent'",
        "ObjectPath": "/Script/Engine"
      },
      "ComponentTemplate": {
        "ObjectName": "SceneComponent'Apollo_PowerPlant_ReactorCore_01_C:SceneComponent_269'",
        "ObjectPath": "FortniteGame/Content/Athena/Apollo/Environments/BuildingActors/PowerPlant/Props/Apollo_PowerPlant_ReactorCore_01.4"
      },
      "VariableGuid": "56BC9799-C494E6E6-321D4295-7D5EB316",
      "InternalVariableName": "DefaultSceneRoot"
    }
  },
  {
    "Type": "SimpleConstructionScript",
    "Name": "SimpleConstructionScript_32",
    "Outer": "Apollo_PowerPlant_ReactorCore_01_C",
    "Class": "UScriptClass'SimpleConstructionScript'",
    "Properties": {
      "RootNodes": [
        {
          "ObjectName": "SCS_Node'Apollo_PowerPlant_ReactorCore_01_C:SimpleConstructionScript_32.SCS_Node_0'",
          "ObjectPath": "FortniteGame/Content/Athena/Apollo/Environments/BuildingActors/PowerPlant/Props/Apollo_PowerPlant_ReactorCore_01.5"
        }
      ],
      "AllNodes": [
        {
          "ObjectName": "SCS_Node'Apollo_PowerPlant_ReactorCore_01_C:SimpleConstructionScript_32.SCS_Node_0'",
          "ObjectPath": "FortniteGame/Content/Athena/Apollo/Environments/BuildingActors/PowerPlant/Props/Apollo_PowerPlant_ReactorCore_01.5"
        }
      ],
      "DefaultSceneRootNode": {
        "ObjectName": "SCS_Node'Apollo_PowerPlant_ReactorCore_01_C:SimpleConstructionScript_32.SCS_Node_273'",
        "ObjectPath": "FortniteGame/Content/Athena/Apollo/Environments/BuildingActors/PowerPlant/Props/Apollo_PowerPlant_ReactorCore_01.6"
      }
    }
  },
  {
    "Type": "StaticMeshComponent",
    "Name": "StaticMeshComponent0",
    "Outer": "Default__Apollo_PowerPlant_ReactorCore_01_C",
    "Class": "UScriptClass'StaticMeshComponent'",
    "Properties": {
      "StaticMesh": {
        "ObjectName": "StaticMesh'S_PowerPlant_ReactorCore_01'",
        "ObjectPath": "FortniteGame/Content/Environments/Apollo/Sets/PowerPlant/Props/Meshes/S_PowerPlant_ReactorCore_01.1"
      },
      "bAllowCullDistanceVolume": false,
      "bCanEverAffectNavigation": true
    }
  }
]