[
  {
    "Type": "BlueprintGeneratedClass",
    "Name": "Apollo_PowerPlant_DamControl_03_C",
    "Class": "UScriptClass'BlueprintGeneratedClass'",
    "Properties": {
      "SimpleConstructionScript": {
        "ObjectName": "SimpleConstructionScript'Apollo_PowerPlant_DamControl_03_C:SimpleConstructionScript_585'",
        "ObjectPath": "FortniteGame/Content/Athena/Apollo/Environments/BuildingActors/PowerPlant/Props/Apollo_PowerPlant_DamControl_03.4"
      }
    },
    "SuperStruct": {
      "ObjectName": "Class'BuildingProp'",
      "ObjectPath": "/Script/FortniteGame"
    }
  },
  {
    "Type": "Apollo_PowerPlant_DamControl_03_C",
    "Name": "Default__Apollo_PowerPlant_DamControl_03_C",
    "Class": "BlueprintGeneratedClass'FortniteGame/Content/Athena/Apollo/Environments/BuildingActors/PowerPlant/Props/Apollo_PowerPlant_DamControl_03.Apollo_PowerPlant_DamControl_03_C'",
    "Properties": {
      "TextureData": {
        "ObjectName": "BuildingTextureData'TD_PowerPlant_DamControl_03'",
        "ObjectPath": "FortniteGame/Content/Environments/Apollo/Sets/PowerPlant/Props/TextureData/TD_PowerPlant_DamControl_03.0"
      },
      "StaticMesh": {
        "ObjectName": "StaticMesh'Prop_DamControl_03'",
        "ObjectPath": "FortniteGame/Content/Environments/Props/Industrial/Meshes/Prop_DamControl_03.1"
      },
      "ResourceType": "EFortResourceType::Metal",
      "StaticMeshComponent": {
        "ObjectName": "StaticMeshComponent'Default__Apollo_PowerPlant_DamControl_03_C:StaticMeshComponent0'",
        "ObjectPath": "FortniteGame/Content/Athena/Apollo/Environments/BuildingActors/PowerPlant/Props/Apollo_PowerPlant_DamControl_03.5"
      },
      "DestructionLootTierGroup": "Destruction_MechanicalMedium",
      "BuildingResourceAmountOverride": {
        "CurveTable": {
          "ObjectName": "CurveTable'AthenaResourceRates'",
          "ObjectPath": "FortniteGame/Content/Athena/Balance/DataTables/AthenaResourceRates.0"
        },
        "RowName": "PropMetalMedium"
      },
      "DeathParticles": {
        "ObjectName": "ParticleSystem'P_General_Deco_Destruction_Large'",
        "ObjectPath": "FortniteGame/Content/Effects/Fort_Effects/World/Destruction/Base_Effects/P_General_Deco_Destruction_Large.100"
      },
      "DeathSound": {
        "ObjectName": "SoundCue'Demo_Metal_ComputerServer_ImpactFinal_Cue'",
        "ObjectPath": "FortniteGame/Content/Sounds/Fort_Impact_Sounds/Demolition/Interior_Props/Demo_Metal_ComputerServer_ImpactFinal_Cue.0"
      },
      "BuildingAttachmentSlot": "SLOT_Floor",
      "BuildingAttachmentType": "ATTACH_Floor",
      "AttributeInitKeys": {
        "AttributeInitCategory": "PropMetal",
        "AttributeInitSubCategory": "2"
      },
      "AttributeInitKeys": {
        "AttributeInitCategory": "PropMetal",
        "AttributeInitSubCategory": "2"
      },
      "NavigationObstacleOverride": "ENavigationObstacleOverride::ForceEnabled",
      "bCanExportNavigationCollisions": true,
      "bDestroyOnPlayerBuildingPlacement": true,
      "StaticGameplayTags": [
        "Building.Type.Prop"
      ],
      "BRMaxDrawDistance": 18000.0,
      "PlayHitSound": {
        "ObjectName": "SoundCue'Demo_Metal_ComputerServer_Impact_Cue'",
        "ObjectPath": "FortniteGame/Content/Sounds/Fort_Impact_Sounds/Demolition/Interior_Props/Demo_Metal_ComputerServer_Impact_Cue.0"
      },
      "bEnableAutoLODGeneration": false,
      "RootComponent": {
        "ObjectName": "StaticMeshComponent'Default__Apollo_PowerPlant_DamControl_03_C:StaticMeshComponent0'",
        "ObjectPath": "FortniteGame/Content/Athena/Apollo/Environments/BuildingActors/PowerPlant/Props/Apollo_PowerPlant_DamControl_03.5"
      }
    }
  },
  {
    "Type": "SceneComponent",
    "Name": "SceneComponent_473",
    "Outer": "Apollo_PowerPlant_DamControl_03_C",
    "Class": "UScriptClass'SceneComponent'"
  },
  {
    "Type": "SCS_Node",
    "Name": "SCS_Node_483",
    "Outer": "SimpleConstructionScript_585",
    "Class": "UScriptClass'SCS_Node'",
    "Properties": {
      "ComponentClass": {
        "ObjectName": "Class'SceneComponent'",
        "ObjectPath": "/Script/Engine"
      },
      "ComponentTemplate": {
        "ObjectName": "SceneComponent'Apollo_PowerPlant_DamControl_03_C:SceneComponent_473'",
        "ObjectPath": "FortniteGame/Content/Athena/Apollo/Environments/BuildingActors/PowerPlant/Props/Apollo_PowerPlant_DamControl_03.2"
      },
      "VariableGuid": "56BC9799-C494E6E6-321D4295-7D5EB316",
      "InternalVariableName": "DefaultSceneRoot"
    }
  },
  {
    "Type": "SimpleConstructionScript",
    "Name": "SimpleConstructionScript_585",
    "Outer": "Apollo_PowerPlant_DamControl_03_C",
    "Class": "UScriptClass'SimpleConstructionScript'",
    "Properties": {
      "DefaultSceneRootNode": {
        "ObjectName": "SCS_Node'Apollo_PowerPlant_DamControl_03_C:SimpleConstructionScript_585.SCS_Node_483'",
        "ObjectPath": "FortniteGame/Content/Athena/Apollo/Environments/BuildingActors/PowerPlant/Props/Apollo_PowerPlant_DamControl_03.3"
      }
    }
  },
  {
    "Type": "StaticMeshComponent",
    "Name": "StaticMeshComponent0",
    "Outer": "Default__Apollo_PowerPlant_DamControl_03_C",
    "Class": "UScriptClass'StaticMeshComponent'",
    "Properties": {
      "StaticMesh": {
        "ObjectName": "StaticMesh'Prop_DamControl_03'",
        "ObjectPath": "FortniteGame/Content/Environments/Props/Industrial/Meshes/Prop_DamControl_03.1"
      },
      "bAllowCullDistanceVolume": false,
      "CanCharacterStepUpOn": "ECB_Yes",
      "BodyInstance": {
        "bAutoWeld": false
      },
      "bCanEverAffectNavigation": true
    }
  }
]