[
  {
    "Type": "StructProperty",
    "Name": "UberGraphFrame",
    "Outer": "Lab_Stadium_Floodlight_LowInt_C",
    "Class": "UScriptClass'StructProperty'",
    "PropertyFlags": "Transient | DuplicateTransient",
    "Struct": {
      "ObjectName": "ScriptStruct'PointerToUberGraphFrame'",
      "ObjectPath": "/Script/Engine"
    }
  },
  {
    "Type": "BlueprintGeneratedClass",
    "Name": "Lab_Stadium_Floodlight_LowInt_C",
    "Class": "UScriptClass'BlueprintGeneratedClass'",
    "Super": {
      "ObjectName": "BlueprintGeneratedClass'Parent_BuildingPropActor_C'",
      "ObjectPath": "FortniteGame/Content/Building/ActorBlueprints/Prop/Parent_BuildingPropActor.1"
    },
    "Properties": {
      "SimpleConstructionScript": {
        "ObjectName": "SimpleConstructionScript'Lab_Stadium_Floodlight_LowInt_C:SimpleConstructionScript_535'",
        "ObjectPath": "FortniteGame/Content/Athena/Apollo/Environments/BuildingActors/PowerPlant/Props/Lab_Stadium_Floodlight_LowInt.21"
      },
      "UberGraphFramePointerProperty": {
        "ObjectName": "StructProperty'Lab_Stadium_Floodlight_LowInt_C:UberGraphFrame'",
        "ObjectPath": "FortniteGame/Content/Athena/Apollo/Environments/BuildingActors/PowerPlant/Props/Lab_Stadium_Floodlight_LowInt.0"
      },
      "UberGraphFunction": {
        "ObjectName": "Function'Lab_Stadium_Floodlight_LowInt_C:ExecuteUbergraph_Lab_Stadium_Floodlight_LowInt'",
        "ObjectPath": "FortniteGame/Content/Athena/Apollo/Environments/BuildingActors/PowerPlant/Props/Lab_Stadium_Floodlight_LowInt.6"
      }
    },
    "SuperStruct": {
      "ObjectName": "BlueprintGeneratedClass'Parent_BuildingPropActor_C'",
      "ObjectPath": "FortniteGame/Content/Building/ActorBlueprints/Prop/Parent_BuildingPropActor.1"
    },
    "Children": [
      {
        "ObjectName": "StructProperty'Lab_Stadium_Floodlight_LowInt_C:UberGraphFrame'",
        "ObjectPath": "FortniteGame/Content/Athena/Apollo/Environments/BuildingActors/PowerPlant/Props/Lab_Stadium_Floodlight_LowInt.0"
      },
      {
        "ObjectName": "Function'Lab_Stadium_Floodlight_LowInt_C:OnDeathPlayEffects'",
        "ObjectPath": "FortniteGame/Content/Athena/Apollo/Environments/BuildingActors/PowerPlant/Props/Lab_Stadium_Floodlight_LowInt.8"
      },
      {
        "ObjectName": "Function'Lab_Stadium_Floodlight_LowInt_C:ExecuteUbergraph_Lab_Stadium_Floodlight_LowInt'",
        "ObjectPath": "FortniteGame/Content/Athena/Apollo/Environments/BuildingActors/PowerPlant/Props/Lab_Stadium_Floodlight_LowInt.6"
      },
      {
        "ObjectName": "ObjectProperty'Lab_Stadium_Floodlight_LowInt_C:StadiumLight_Hum_Loop_Cue'",
        "ObjectPath": "FortniteGame/Content/Athena/Apollo/Environments/BuildingActors/PowerPlant/Props/Lab_Stadium_Floodlight_LowInt.4"
      },
      {
        "ObjectName": "ObjectProperty'Lab_Stadium_Floodlight_LowInt_C:SpotLight'",
        "ObjectPath": "FortniteGame/Content/Athena/Apollo/Environments/BuildingActors/PowerPlant/Props/Lab_Stadium_Floodlight_LowInt.16"
      },
      {
        "ObjectName": "ObjectProperty'Lab_Stadium_Floodlight_LowInt_C:coneintensity'",
        "ObjectPath": "FortniteGame/Content/Athena/Apollo/Environments/BuildingActors/PowerPlant/Props/Lab_Stadium_Floodlight_LowInt.10"
      },
      {
        "ObjectName": "ObjectProperty'Lab_Stadium_Floodlight_LowInt_C:emissivemult'",
        "ObjectPath": "FortniteGame/Content/Athena/Apollo/Environments/BuildingActors/PowerPlant/Props/Lab_Stadium_Floodlight_LowInt.11"
      }
    ],
    "ClassFlags": "CLASS_Const | CLASS_NeedsDeferredDependencyLoading | CLASS_CompiledFromBlueprint",
    "ClassWithin": null,
    "ClassConfigName": "/Game/Athena/Apollo/Environments/BuildingActors/PowerPlant/Props/Lab_Stadium_Floodlight_LowInt_589823",
    "ClassGeneratedBy": null
  },
  {
    "Type": "Lab_Stadium_Floodlight_LowInt_C",
    "Name": "Default__Lab_Stadium_Floodlight_LowInt_C",
    "Class": "BlueprintGeneratedClass'FortniteGame/Content/Athena/Apollo/Environments/BuildingActors/PowerPlant/Props/Lab_Stadium_Floodlight_LowInt.Lab_Stadium_Floodlight_LowInt_C'",
    "Template": {
      "ObjectName": "Parent_BuildingPropActor_C'Default__Parent_BuildingPropActor_C'",
      "ObjectPath": "FortniteGame/Content/Building/ActorBlueprints/Prop/Parent_BuildingPropActor.2"
    },
    "Properties": {
      "UberGraphFrame": {},
      "Light Intensity Over Time of Day": {
        "Morning_2_DA7D290F4DA80AC0D79B888F8B1E63AF": 80.0,
        "Night_8_BD65E285445A3ED05CA26694CF4E873E": 80.0
      },
      "Emissive Intensity Over Time of Day": {
        "Morning_2_DA7D290F4DA80AC0D79B888F8B1E63AF": 2.0,
        "Night_8_BD65E285445A3ED05CA26694CF4E873E": 5.0
      },
      "Animate Emissive and Lights Over Time": true,
      "StaticMesh": {
        "ObjectName": "StaticMesh'Lab_Stadium_Floodlight'",
        "ObjectPath": "FortniteGame/Content/Environments/Sets/Lab/Props/Lab_Stadium_Floodlight.1"
      },
      "ResourceType": "EFortResourceType::Metal",
      "bNoCameraCollision": true,
      "bClearMIDWhenReturningToUndamagedState": false,
      "StaticMeshComponent": {
        "ObjectName": "StaticMeshComponent'Default__Lab_Stadium_Floodlight_LowInt_C:StaticMeshComponent0'",
        "ObjectPath": "FortniteGame/Content/Athena/Apollo/Environments/BuildingActors/PowerPlant/Props/Lab_Stadium_Floodlight_LowInt.23"
      },
      "BuildingResourceAmountOverride": {
        "RowName": "PropMetalHigh"
      },
      "DeathParticles": {
        "ObjectName": "ParticleSystem'P_StreetlightUrban_04Destruction'",
        "ObjectPath": "FortniteGame/Content/Effects/Fort_Effects/World/Destruction/Street_Props/P_StreetlightUrban_04Destruction.225"
      },
      "DeathSound": {
        "ObjectName": "SoundCue'Demo_MetalPole_ImpactFinal_Cue'",
        "ObjectPath": "FortniteGame/Content/Sounds/Fort_Impact_Sounds/Demolition/Exterior_Props/Demo_MetalPole_ImpactFinal_Cue.0"
      },
      "BuildingAttachmentType": "ATTACH_Floor",
      "AttributeInitKeys": {
        "AttributeInitCategory": "PropMetal",
        "AttributeInitSubCategory": "3"
      },
      "AttributeInitKeys": {
        "AttributeInitCategory": "PropMetal",
        "AttributeInitSubCategory": "3"
      },
      "NavigationObstacleOverride": "ENavigationObstacleOverride::ForceEnabled",
      "bUsesDayPhaseChange": true,
      "bDestroyOnPlayerBuildingPlacement": true,
      "PlayHitSound": {
        "ObjectName": "SoundCue'Demo_StreetLightBig_Impact_Cue'",
        "ObjectPath": "FortniteGame/Content/Sounds/Fort_Impact_Sounds/Demolition/Exterior_Props/Demo_StreetLightBig_Impact_Cue.0"
      },
      "CentroidOffset": {
        "X": 0.0,
        "Y": 0.0,
        "Z": 120.0
      },
      "bEnableAutoLODGeneration": false,
      "RootComponent": {
        "ObjectName": "StaticMeshComponent'Default__Lab_Stadium_Floodlight_LowInt_C:StaticMeshComponent0'",
        "ObjectPath": "FortniteGame/Content/Athena/Apollo/Environments/BuildingActors/PowerPlant/Props/Lab_Stadium_Floodlight_LowInt.23"
      }
    }
  },
  {
    "Type": "AudioComponent",
    "Name": "StadiumLight_Hum_Loop_Cue_GEN_VARIABLE",
    "Outer": "Lab_Stadium_Floodlight_LowInt_C",
    "Class": "UScriptClass'AudioComponent'",
    "Properties": {
      "Sound": {
        "ObjectName": "SoundCue'StadiumLight_Hum_Loop_Cue'",
        "ObjectPath": "FortniteGame/Content/Sounds/Fort_Prop_Sounds/Exterior/StadiumLight_Hum_Loop_Cue.0"
      },
      "bOverrideAttenuation": true,
      "AttenuationOverrides": {
        "bEnableListenerFocus": true,
        "bEnableFocusInterpolation": true,
        "NonFocusVolumeAttenuation": 0.75,
        "FocusAttackInterpSpeed": 0.25,
        "FocusReleaseInterpSpeed": 0.25,
        "FalloffDistance": 1500.0
      },
      "RelativeLocation": {
        "X": 0.0,
        "Y": 0.0,
        "Z": 1012.0
      }
    }
  },
  {
    "Type": "ObjectProperty",
    "Name": "StadiumLight_Hum_Loop_Cue",
    "Outer": "Lab_Stadium_Floodlight_LowInt_C",
    "Class": "UScriptClass'ObjectProperty'",
    "PropertyFlags": "BlueprintVisible | InstancedReference | NonTransactional",
    "PropertyClass": {
      "ObjectName": "Class'AudioComponent'",
      "ObjectPath": "/Script/Engine"
    }
  },
  {
    "Type": "IntProperty",
    "Name": "EntryPoint",
    "Outer": "ExecuteUbergraph_Lab_Stadium_Floodlight_LowInt",
    "Class": "UScriptClass'IntProperty'",
    "PropertyFlags": "BlueprintVisible | BlueprintReadOnly | Parm"
  },
  {
    "Type": "Function",
    "Name": "ExecuteUbergraph_Lab_Stadium_Floodlight_LowInt",
    "Outer": "Lab_Stadium_Floodlight_LowInt_C",
    "Class": "UScriptClass'Function'",
    "Children": [
      {
        "ObjectName": "IntProperty'Lab_Stadium_Floodlight_LowInt_C:ExecuteUbergraph_Lab_Stadium_Floodlight_LowInt.EntryPoint'",
        "ObjectPath": "FortniteGame/Content/Athena/Apollo/Environments/BuildingActors/PowerPlant/Props/Lab_Stadium_Floodlight_LowInt.5"
      },
      {
        "ObjectName": "FloatProperty'Lab_Stadium_Floodlight_LowInt_C:ExecuteUbergraph_Lab_Stadium_Floodlight_LowInt.K2Node_Event_Damage'",
        "ObjectPath": "FortniteGame/Content/Athena/Apollo/Environments/BuildingActors/PowerPlant/Props/Lab_Stadium_Floodlight_LowInt.7"
      },
      {
        "ObjectName": "StructProperty'Lab_Stadium_Floodlight_LowInt_C:ExecuteUbergraph_Lab_Stadium_Floodlight_LowInt.K2Node_Event_DamageTags'",
        "ObjectPath": "FortniteGame/Content/Athena/Apollo/Environments/BuildingActors/PowerPlant/Props/Lab_Stadium_Floodlight_LowInt.24"
      },
      {
        "ObjectName": "StructProperty'Lab_Stadium_Floodlight_LowInt_C:ExecuteUbergraph_Lab_Stadium_Floodlight_LowInt.K2Node_Event_Momentum'",
        "ObjectPath": "FortniteGame/Content/Athena/Apollo/Environments/BuildingActors/PowerPlant/Props/Lab_Stadium_Floodlight_LowInt.27"
      },
      {
        "ObjectName": "StructProperty'Lab_Stadium_Floodlight_LowInt_C:ExecuteUbergraph_Lab_Stadium_Floodlight_LowInt.K2Node_Event_HitInfo'",
        "ObjectPath": "FortniteGame/Content/Athena/Apollo/Environments/BuildingActors/PowerPlant/Props/Lab_Stadium_Floodlight_LowInt.26"
      },
      {
        "ObjectName": "ObjectProperty'Lab_Stadium_Floodlight_LowInt_C:ExecuteUbergraph_Lab_Stadium_Floodlight_LowInt.K2Node_Event_InstigatedBy'",
        "ObjectPath": "FortniteGame/Content/Athena/Apollo/Environments/BuildingActors/PowerPlant/Props/Lab_Stadium_Floodlight_LowInt.13"
      },
      {
        "ObjectName": "ObjectProperty'Lab_Stadium_Floodlight_LowInt_C:ExecuteUbergraph_Lab_Stadium_Floodlight_LowInt.K2Node_Event_DamageCauser'",
        "ObjectPath": "FortniteGame/Content/Athena/Apollo/Environments/BuildingActors/PowerPlant/Props/Lab_Stadium_Floodlight_LowInt.12"
      },
      {
        "ObjectName": "StructProperty'Lab_Stadium_Floodlight_LowInt_C:ExecuteUbergraph_Lab_Stadium_Floodlight_LowInt.K2Node_Event_EffectContext'",
        "ObjectPath": "FortniteGame/Content/Athena/Apollo/Environments/BuildingActors/PowerPlant/Props/Lab_Stadium_Floodlight_LowInt.25"
      }
    ],
    "FunctionFlags": "FUNC_None"
  },
  {
    "Type": "FloatProperty",
    "Name": "K2Node_Event_Damage",
    "Outer": "ExecuteUbergraph_Lab_Stadium_Floodlight_LowInt",
    "Class": "UScriptClass'FloatProperty'"
  },
  {
    "Type": "Function",
    "Name": "OnDeathPlayEffects",
    "Outer": "Lab_Stadium_Floodlight_LowInt_C",
    "Class": "UScriptClass'Function'",
    "SuperStruct": {
      "ObjectName": "Function'BuildingActor:OnDeathPlayEffects'",
      "ObjectPath": "/Script/FortniteGame"
    },
    "Children": [
      {
        "ObjectName": "FloatProperty'Lab_Stadium_Floodlight_LowInt_C:OnDeathPlayEffects.Damage'",
        "ObjectPath": "FortniteGame/Content/Athena/Apollo/Environments/BuildingActors/PowerPlant/Props/Lab_Stadium_Floodlight_LowInt.9"
      },
      {
        "ObjectName": "StructProperty'Lab_Stadium_Floodlight_LowInt_C:OnDeathPlayEffects.DamageTags'",
        "ObjectPath": "FortniteGame/Content/Athena/Apollo/Environments/BuildingActors/PowerPlant/Props/Lab_Stadium_Floodlight_LowInt.28"
      },
      {
        "ObjectName": "StructProperty'Lab_Stadium_Floodlight_LowInt_C:OnDeathPlayEffects.Momentum'",
        "ObjectPath": "FortniteGame/Content/Athena/Apollo/Environments/BuildingActors/PowerPlant/Props/Lab_Stadium_Floodlight_LowInt.31"
      },
      {
        "ObjectName": "StructProperty'Lab_Stadium_Floodlight_LowInt_C:OnDeathPlayEffects.HitInfo'",
        "ObjectPath": "FortniteGame/Content/Athena/Apollo/Environments/BuildingActors/PowerPlant/Props/Lab_Stadium_Floodlight_LowInt.30"
      },
      {
        "ObjectName": "ObjectProperty'Lab_Stadium_Floodlight_LowInt_C:OnDeathPlayEffects.InstigatedBy'",
        "ObjectPath": "FortniteGame/Content/Athena/Apollo/Environments/BuildingActors/PowerPlant/Props/Lab_Stadium_Floodlight_LowInt.15"
      },
      {
        "ObjectName": "ObjectProperty'Lab_Stadium_Floodlight_LowInt_C:OnDeathPlayEffects.DamageCauser'",
        "ObjectPath": "FortniteGame/Content/Athena/Apollo/Environments/BuildingActors/PowerPlant/Props/Lab_Stadium_Floodlight_LowInt.14"
      },
      {
        "ObjectName": "StructProperty'Lab_Stadium_Floodlight_LowInt_C:OnDeathPlayEffects.EffectContext'",
        "ObjectPath": "FortniteGame/Content/Athena/Apollo/Environments/BuildingActors/PowerPlant/Props/Lab_Stadium_Floodlight_LowInt.29"
      }
    ],
    "FunctionFlags": "FUNC_None"
  },
  {
    "Type": "FloatProperty",
    "Name": "Damage",
    "Outer": "OnDeathPlayEffects",
    "Class": "UScriptClass'FloatProperty'",
    "PropertyFlags": "BlueprintVisible | BlueprintReadOnly | Parm"
  },
  {
    "Type": "ObjectProperty",
    "Name": "coneintensity",
    "Outer": "Lab_Stadium_Floodlight_LowInt_C",
    "Class": "UScriptClass'ObjectProperty'",
    "PropertyFlags": "Edit | BlueprintVisible | DisableEditOnInstance",
    "PropertyClass": {
      "ObjectName": "Class'MaterialInstanceDynamic'",
      "ObjectPath": "/Script/Engine"
    }
  },
  {
    "Type": "ObjectProperty",
    "Name": "emissivemult",
    "Outer": "Lab_Stadium_Floodlight_LowInt_C",
    "Class": "UScriptClass'ObjectProperty'",
    "PropertyFlags": "Edit | BlueprintVisible | DisableEditOnInstance",
    "PropertyClass": {
      "ObjectName": "Class'MaterialInstanceDynamic'",
      "ObjectPath": "/Script/Engine"
    }
  },
  {
    "Type": "ObjectProperty",
    "Name": "K2Node_Event_DamageCauser",
    "Outer": "ExecuteUbergraph_Lab_Stadium_Floodlight_LowInt",
    "Class": "UScriptClass'ObjectProperty'",
    "PropertyClass": {
      "ObjectName": "Class'Actor'",
      "ObjectPath": "/Script/Engine"
    }
  },
  {
    "Type": "ObjectProperty",
    "Name": "K2Node_Event_InstigatedBy",
    "Outer": "ExecuteUbergraph_Lab_Stadium_Floodlight_LowInt",
    "Class": "UScriptClass'ObjectProperty'",
    "PropertyClass": {
      "ObjectName": "Class'FortPawn'",
      "ObjectPath": "/Script/FortniteGame"
    }
  },
  {
    "Type": "ObjectProperty",
    "Name": "DamageCauser",
    "Outer": "OnDeathPlayEffects",
    "Class": "UScriptClass'ObjectProperty'",
    "PropertyFlags": "BlueprintVisible | BlueprintReadOnly | Parm",
    "PropertyClass": {
      "ObjectName": "Class'Actor'",
      "ObjectPath": "/Script/Engine"
    }
  },
  {
    "Type": "ObjectProperty",
    "Name": "InstigatedBy",
    "Outer": "OnDeathPlayEffects",
    "Class": "UScriptClass'ObjectProperty'",
    "PropertyFlags": "BlueprintVisible | BlueprintReadOnly | Parm",
    "PropertyClass": {
      "ObjectName": "Class'FortPawn'",
      "ObjectPath": "/Script/FortniteGame"
    }
  },
  {
    "Type": "ObjectProperty",
    "Name": "SpotLight",
    "Outer": "Lab_Stadium_Floodlight_LowInt_C",
    "Class": "UScriptClass'ObjectProperty'",
    "PropertyFlags": "BlueprintVisible | InstancedReference | NonTransactional",
    "PropertyClass": {
      "ObjectName": "Class'SpotLightComponent'",
      "ObjectPath": "/Script/Engine"
    }
  },
  {
    "Type": "SceneComponent",
    "Name": "SceneComponent_74",
    "Outer": "Lab_Stadium_Floodlight_LowInt_C",
    "Class": "UScriptClass'SceneComponent'"
  },
  {
    "Type": "SCS_Node",
    "Name": "SCS_Node_0",
    "Outer": "SimpleConstructionScript_535",
    "Class": "UScriptClass'SCS_Node'",
    "Properties": {
      "ComponentClass": {
        "ObjectName": "Class'SpotLightComponent'",
        "ObjectPath": "/Script/Engine"
      },
      "ComponentTemplate": {
        "ObjectName": "SpotLightComponent'Lab_Stadium_Floodlight_LowInt_C:SpotLight_GEN_VARIABLE'",
        "ObjectPath": "FortniteGame/Content/Athena/Apollo/Environments/BuildingActors/PowerPlant/Props/Lab_Stadium_Floodlight_LowInt.22"
      },
      "ParentComponentOrVariableName": "StaticMeshComponent0",
      "bIsParentComponentNative": true,
      "VariableGuid": "17EEBCF0-4D615E7B-DEE87787-AA69F4EE",
      "InternalVariableName": "SpotLight"
    }
  },
  {
    "Type": "SCS_Node",
    "Name": "SCS_Node_1",
    "Outer": "SimpleConstructionScript_535",
    "Class": "UScriptClass'SCS_Node'",
    "Properties": {
      "ComponentClass": {
        "ObjectName": "Class'AudioComponent'",
        "ObjectPath": "/Script/Engine"
      },
      "ComponentTemplate": {
        "ObjectName": "AudioComponent'Lab_Stadium_Floodlight_LowInt_C:StadiumLight_Hum_Loop_Cue_GEN_VARIABLE'",
        "ObjectPath": "FortniteGame/Content/Athena/Apollo/Environments/BuildingActors/PowerPlant/Props/Lab_Stadium_Floodlight_LowInt.3"
      },
      "ParentComponentOrVariableName": "StaticMeshComponent0",
      "bIsParentComponentNative": true,
      "VariableGuid": "7ECE64EA-461F42A1-19CDFA9D-04ED1D12",
      "InternalVariableName": "StadiumLight_Hum_Loop_Cue"
    }
  },
  {
    "Type": "SCS_Node",
    "Name": "SCS_Node_71",
    "Outer": "SimpleConstructionScript_535",
    "Class": "UScriptClass'SCS_Node'",
    "Properties": {
      "ComponentClass": {
        "ObjectName": "Class'SceneComponent'",
        "ObjectPath": "/Script/Engine"
      },
      "ComponentTemplate": {
        "ObjectName": "SceneComponent'Lab_Stadium_Floodlight_LowInt_C:SceneComponent_74'",
        "ObjectPath": "FortniteGame/Content/Athena/Apollo/Environments/BuildingActors/PowerPlant/Props/Lab_Stadium_Floodlight_LowInt.17"
      },
      "VariableGuid": "56BC9799-C494E6E6-321D4295-7D5EB316",
      "InternalVariableName": "DefaultSceneRoot"
    }
  },
  {
    "Type": "SimpleConstructionScript",
    "Name": "SimpleConstructionScript_535",
    "Outer": "Lab_Stadium_Floodlight_LowInt_C",
    "Class": "UScriptClass'SimpleConstructionScript'",
    "Properties": {
      "RootNodes": [
        {
          "ObjectName": "SCS_Node'Lab_Stadium_Floodlight_LowInt_C:SimpleConstructionScript_535.SCS_Node_0'",
          "ObjectPath": "FortniteGame/Content/Athena/Apollo/Environments/BuildingActors/PowerPlant/Props/Lab_Stadium_Floodlight_LowInt.18"
        },
        {
          "ObjectName": "SCS_Node'Lab_Stadium_Floodlight_LowInt_C:SimpleConstructionScript_535.SCS_Node_1'",
          "ObjectPath": "FortniteGame/Content/Athena/Apollo/Environments/BuildingActors/PowerPlant/Props/Lab_Stadium_Floodlight_LowInt.19"
        }
      ],
      "AllNodes": [
        {
          "ObjectName": "SCS_Node'Lab_Stadium_Floodlight_LowInt_C:SimpleConstructionScript_535.SCS_Node_0'",
          "ObjectPath": "FortniteGame/Content/Athena/Apollo/Environments/BuildingActors/PowerPlant/Props/Lab_Stadium_Floodlight_LowInt.18"
        },
        {
          "ObjectName": "SCS_Node'Lab_Stadium_Floodlight_LowInt_C:SimpleConstructionScript_535.SCS_Node_1'",
          "ObjectPath": "FortniteGame/Content/Athena/Apollo/Environments/BuildingActors/PowerPlant/Props/Lab_Stadium_Floodlight_LowInt.19"
        }
      ],
      "DefaultSceneRootNode": {
        "ObjectName": "SCS_Node'Lab_Stadium_Floodlight_LowInt_C:SimpleConstructionScript_535.SCS_Node_71'",
        "ObjectPath": "FortniteGame/Content/Athena/Apollo/Environments/BuildingActors/PowerPlant/Props/Lab_Stadium_Floodlight_LowInt.20"
      }
    }
  },
  {
    "Type": "SpotLightComponent",
    "Name": "SpotLight_GEN_VARIABLE",
    "Outer": "Lab_Stadium_Floodlight_LowInt_C",
    "Class": "UScriptClass'SpotLightComponent'",
    "Properties": {
      "InnerConeAngle": 2.449541,
      "OuterConeAngle": 48.110115,
      "bUseInverseSquaredFalloff": false,
      "LightFalloffExponent": 1.0,
      "SourceRadius": 13.316073,
      "AttenuationRadius": 2000.0,
      "Intensity": 10.0,
      "LightColor": {
        "B": 151,
        "G": 160,
        "R": 169,
        "A": 255,
        "Hex": "A9A097"
      },
      "VolumetricScatteringIntensity": 0.37,
      "RelativeLocation": {
        "X": 51.999985,
        "Y": 0.0,
        "Z": 1008.0
      },
      "RelativeRotation": {
        "Pitch": -43.749283,
        "Yaw": 0.0,
        "Roll": 0.0
      },
      "DetailMode": "DM_Medium"
    }
  },
  {
    "Type": "StaticMeshComponent",
    "Name": "StaticMeshComponent0",
    "Outer": "Default__Lab_Stadium_Floodlight_LowInt_C",
    "Class": "UScriptClass'StaticMeshComponent'",
    "Template": {
      "ObjectName": "StaticMeshComponent'Default__Parent_BuildingPropActor_C:StaticMeshComponent0'",
      "ObjectPath": "FortniteGame/Content/Building/ActorBlueprints/Prop/Parent_BuildingPropActor.336"
    },
    "Properties": {
      "StaticMesh": {
        "ObjectName": "StaticMesh'Lab_Stadium_Floodlight'",
        "ObjectPath": "FortniteGame/Content/Environments/Sets/Lab/Props/Lab_Stadium_Floodlight.1"
      },
      "LDMaxDrawDistance": 22000.0,
      "CachedMaxDrawDistance": 22000.0,
      "bAllowCullDistanceVolume": false,
      "BodyInstance": {
        "bAutoWeld": false,
        "CollisionProfileName": "Custom",
        "CollisionResponses": {
          "ResponseArray": [
            {
              "Channel": "FCC_Trace_Interaction",
              "Response": "ECR_Block"
            },
            {
              "Channel": "FCC_Trace_WeakSpot",
              "Response": "ECR_Overlap"
            },
            {
              "Channel": "FCC_Trace_WeaponCapsule",
              "Response": "ECR_Block"
            },
            {
              "Channel": "FCC_Object_PawnAI",
              "Response": "ECR_Block"
            },
            {
              "Channel": "FCC_Trace_WeaponMulti",
              "Response": "ECR_Block"
            },
            {
              "Channel": "FCC_Trace_Weapon",
              "Response": "ECR_Block"
            },
            {
              "Channel": "FCC_Object_Projectile",
              "Response": "ECR_Block"
            },
            {
              "Channel": "FCC_Object_ProjectileIgnoreAI",
              "Response": "ECR_Block"
            },
            {
              "Channel": "FCC_Trace_World",
              "Response": "ECR_Block"
            },
            {
              "Channel": "FCC_Object_ProjectileMesh",
              "Response": "ECR_Block"
            },
            {
              "Channel": "FCC_Trace_WeaponPawnAndWorldMulti",
              "Response": "ECR_Block"
            },
            {
              "Channel": "Camera",
              "Response": "ECR_Ignore"
            }
          ]
        }
      }
    }
  },
  {
    "Type": "StructProperty",
    "Name": "K2Node_Event_DamageTags",
    "Outer": "ExecuteUbergraph_Lab_Stadium_Floodlight_LowInt",
    "Class": "UScriptClass'StructProperty'",
    "PropertyFlags": "ConstParm",
    "Struct": {
      "ObjectName": "ScriptStruct'GameplayTagContainer'",
      "ObjectPath": "/Script/GameplayTags"
    }
  },
  {
    "Type": "StructProperty",
    "Name": "K2Node_Event_EffectContext",
    "Outer": "ExecuteUbergraph_Lab_Stadium_Floodlight_LowInt",
    "Class": "UScriptClass'StructProperty'",
    "Struct": {
      "ObjectName": "ScriptStruct'GameplayEffectContextHandle'",
      "ObjectPath": "/Script/GameplayAbilities"
    }
  },
  {
    "Type": "StructProperty",
    "Name": "K2Node_Event_HitInfo",
    "Outer": "ExecuteUbergraph_Lab_Stadium_Floodlight_LowInt",
    "Class": "UScriptClass'StructProperty'",
    "PropertyFlags": "ConstParm | ContainsInstancedReference",
    "Struct": {
      "ObjectName": "ScriptStruct'HitResult'",
      "ObjectPath": "/Script/Engine"
    }
  },
  {
    "Type": "StructProperty",
    "Name": "K2Node_Event_Momentum",
    "Outer": "ExecuteUbergraph_Lab_Stadium_Floodlight_LowInt",
    "Class": "UScriptClass'StructProperty'",
    "Struct": {
      "ObjectName": "ScriptStruct'Vector'",
      "ObjectPath": "/Script/CoreUObject"
    }
  },
  {
    "Type": "StructProperty",
    "Name": "DamageTags",
    "Outer": "OnDeathPlayEffects",
    "Class": "UScriptClass'StructProperty'",
    "PropertyFlags": "ConstParm | BlueprintVisible | BlueprintReadOnly | Parm | OutParm | ReferenceParm",
    "Struct": {
      "ObjectName": "ScriptStruct'GameplayTagContainer'",
      "ObjectPath": "/Script/GameplayTags"
    }
  },
  {
    "Type": "StructProperty",
    "Name": "EffectContext",
    "Outer": "OnDeathPlayEffects",
    "Class": "UScriptClass'StructProperty'",
    "PropertyFlags": "BlueprintVisible | BlueprintReadOnly | Parm",
    "Struct": {
      "ObjectName": "ScriptStruct'GameplayEffectContextHandle'",
      "ObjectPath": "/Script/GameplayAbilities"
    }
  },
  {
    "Type": "StructProperty",
    "Name": "HitInfo",
    "Outer": "OnDeathPlayEffects",
    "Class": "UScriptClass'StructProperty'",
    "PropertyFlags": "ConstParm | BlueprintVisible | BlueprintReadOnly | Parm | OutParm | ReferenceParm | ContainsInstancedReference",
    "Struct": {
      "ObjectName": "ScriptStruct'HitResult'",
      "ObjectPath": "/Script/Engine"
    }
  },
  {
    "Type": "StructProperty",
    "Name": "Momentum",
    "Outer": "OnDeathPlayEffects",
    "Class": "UScriptClass'StructProperty'",
    "PropertyFlags": "BlueprintVisible | BlueprintReadOnly | Parm",
    "Struct": {
      "ObjectName": "ScriptStruct'Vector'",
      "ObjectPath": "/Script/CoreUObject"
    }
  }
]