[
  {
    "Type": "BlueprintGeneratedClass",
    "Name": "PowerPlant_Light02_C",
    "Class": "UScriptClass'BlueprintGeneratedClass'",
    "Properties": {
      "SimpleConstructionScript": {
        "ObjectName": "SimpleConstructionScript'PowerPlant_Light02_C:SimpleConstructionScript_32'",
        "ObjectPath": "FortniteGame/Content/Athena/Apollo/Environments/BuildingActors/PowerPlant/Props/PowerPlant_Light02.4"
      }
    },
    "SuperStruct": {
      "ObjectName": "Class'BuildingProp'",
      "ObjectPath": "/Script/FortniteGame"
    }
  },
  {
    "Type": "PowerPlant_Light02_C",
    "Name": "Default__PowerPlant_Light02_C",
    "Class": "BlueprintGeneratedClass'FortniteGame/Content/Athena/Apollo/Environments/BuildingActors/PowerPlant/Props/PowerPlant_Light02.PowerPlant_Light02_C'",
    "Properties": {
      "StaticMesh": {
        "ObjectName": "StaticMesh'S_PowerPlant_Light02'",
        "ObjectPath": "FortniteGame/Content/Environments/Apollo/Sets/PowerPlant/Props/Meshes/S_PowerPlant_Light02.1"
      },
      "ResourceType": "EFortResourceType::Metal",
      "StaticMeshComponent": {
        "ObjectName": "StaticMeshComponent'Default__PowerPlant_Light02_C:StaticMeshComponent0'",
        "ObjectPath": "FortniteGame/Content/Athena/Apollo/Environments/BuildingActors/PowerPlant/Props/PowerPlant_Light02.5"
      },
      "BuildingResourceAmountOverride": {
        "CurveTable": {
          "ObjectName": "CurveTable'ResourceRates'",
          "ObjectPath": "FortniteGame/Content/Balance/DataTables/ResourceRates.0"
        },
        "RowName": "PropMetalHigh"
      },
      "DeathParticles": {
        "ObjectName": "ParticleSystem'P_General_Deco_Destruction_Medium'",
        "ObjectPath": "FortniteGame/Content/Effects/Fort_Effects/World/Destruction/Base_Effects/P_General_Deco_Destruction_Medium.100"
      },
      "DeathParticleSocketName": "DeathParticle",
      "BuildingAttachmentSlot": "SLOT_Floor",
      "AttributeInitKeys": {
        "AttributeInitCategory": "PropMetal",
        "AttributeInitSubCategory": "4"
      },
      "AttributeInitKeys": {
        "AttributeInitCategory": "PropMetal",
        "AttributeInitSubCategory": "4"
      },
      "NavigationObstacleOverride": "ENavigationObstacleOverride::ForceEnabled",
      "bCanExportNavigationCollisions": true,
      "StaticGameplayTags": [
        "Building.Type.Prop"
      ],
      "RootComponent": {
        "ObjectName": "StaticMeshComponent'Default__PowerPlant_Light02_C:StaticMeshComponent0'",
        "ObjectPath": "FortniteGame/Content/Athena/Apollo/Environments/BuildingActors/PowerPlant/Props/PowerPlant_Light02.5"
      }
    }
  },
  {
    "Type": "SceneComponent",
    "Name": "SceneComponent_269",
    "Outer": "PowerPlant_Light02_C",
    "Class": "UScriptClass'SceneComponent'"
  },
  {
    "Type": "SCS_Node",
    "Name": "SCS_Node_273",
    "Outer": "SimpleConstructionScript_32",
    "Class": "UScriptClass'SCS_Node'",
    "Properties": {
      "ComponentClass": {
        "ObjectName": "Class'SceneComponent'",
        "ObjectPath": "/Script/Engine"
      },
      "ComponentTemplate": {
        "ObjectName": "SceneComponent'PowerPlant_Light02_C:SceneComponent_269'",
        "ObjectPath": "FortniteGame/Content/Athena/Apollo/Environments/BuildingActors/PowerPlant/Props/PowerPlant_Light02.2"
      },
      "VariableGuid": "56BC9799-C494E6E6-321D4295-7D5EB316",
      "InternalVariableName": "DefaultSceneRoot"
    }
  },
  {
    "Type": "SimpleConstructionScript",
    "Name": "SimpleConstructionScript_32",
    "Outer": "PowerPlant_Light02_C",
    "Class": "UScriptClass'SimpleConstructionScript'",
    "Properties": {
      "DefaultSceneRootNode": {
        "ObjectName": "SCS_Node'PowerPlant_Light02_C:SimpleConstructionScript_32.SCS_Node_273'",
        "ObjectPath": "FortniteGame/Content/Athena/Apollo/Environments/BuildingActors/PowerPlant/Props/PowerPlant_Light02.3"
      }
    }
  },
  {
    "Type": "StaticMeshComponent",
    "Name": "StaticMeshComponent0",
    "Outer": "Default__PowerPlant_Light02_C",
    "Class": "UScriptClass'StaticMeshComponent'",
    "Properties": {
      "StaticMesh": {
        "ObjectName": "StaticMesh'S_PowerPlant_Light02'",
        "ObjectPath": "FortniteGame/Content/Environments/Apollo/Sets/PowerPlant/Props/Meshes/S_PowerPlant_Light02.1"
      },
      "bCanEverAffectNavigation": true
    }
  }
]