[
  {
    "Type": "BlueprintGeneratedClass",
    "Name": "Athena_SUB_3x3_WaterTower_b_C",
    "Class": "UScriptClass'BlueprintGeneratedClass'",
    "SuperStruct": {
      "ObjectName": "Class'FortLevelScriptActor'",
      "ObjectPath": "/Script/FortniteGame"
    },
    "ClassFlags": "CLASS_Optional | CLASS_NotPlaceable | CLASS_ReplicationDataIsSetUp | CLASS_CompiledFromBlueprint | CLASS_HasInstancedReference",
    "ClassWithin": {
      "ObjectName": "Class'Object'",
      "ObjectPath": "/Script/CoreUObject"
    },
    "ClassConfigName": "Engine",
    "bCooked": true,
    "ClassDefaultObject": {
      "ObjectName": "Athena_SUB_3x3_WaterTower_b_C'Default__Athena_SUB_3x3_WaterTower_b_C'",
      "ObjectPath": "FortniteGame/Content/Athena/Maps/Buildings/3x3/Athena_SUB_3x3_WaterTower_b.1"
    }
  },
  {
    "Type": "Athena_SUB_3x3_WaterTower_b_C",
    "Name": "Default__Athena_SUB_3x3_WaterTower_b_C",
    "Class": "BlueprintGeneratedClass'FortniteGame/Content/Athena/Maps/Buildings/3x3/Athena_SUB_3x3_WaterTower_b.Athena_SUB_3x3_WaterTower_b_C'"
  },
  {
    "Type": "Athena_Prop_Plant_Shrub_bush_sm_01_C",
    "Name": "LCD_Shrub_034",
    "Outer": "PersistentLevel",
    "Class": "BlueprintGeneratedClass'FortniteGame/Content/Athena/BuildingActors/Props/Building/ActorBlueprints/Containers/Athena_Prop_Plant_Shrub_bush_sm_01.Athena_Prop_Plant_Shrub_bush_sm_01_C'",
    "Template": {
      "ObjectName": "Athena_Prop_Plant_Shrub_bush_sm_01_C'Default__Athena_Prop_Plant_Shrub_bush_sm_01_C'",
      "ObjectPath": "FortniteGame/Content/Athena/BuildingActors/Props/Building/ActorBlueprints/Containers/Athena_Prop_Plant_Shrub_bush_sm_01.1"
    },
    "Properties": {
      "StaticMeshComponent": {
        "ObjectName": "StaticMeshComponent'Athena_SUB_3x3_WaterTower_b:PersistentLevel.LCD_Shrub_034.StaticMeshComponent0'",
        "ObjectPath": "FortniteGame/Content/Athena/Maps/Buildings/3x3/Athena_SUB_3x3_WaterTower_b.41"
      },
      "MyGuid": "814B76DA-409A2B0C-5BFBE3BA-F0C429B7",
      "DataVersion": 1,
      "CullDistance": 5889.051,
      "RootComponent": {
        "ObjectName": "StaticMeshComponent'Athena_SUB_3x3_WaterTower_b:PersistentLevel.LCD_Shrub_034.StaticMeshComponent0'",
        "ObjectPath": "FortniteGame/Content/Athena/Maps/Buildings/3x3/Athena_SUB_3x3_WaterTower_b.41"
      }
    }
  },
  {
    "Type": "Athena_SUB_3x3_WaterTower_b_C",
    "Name": "Athena_SUB_3x3_WaterTower_b_C_1",
    "Outer": "PersistentLevel",
    "Class": "BlueprintGeneratedClass'FortniteGame/Content/Athena/Maps/Buildings/3x3/Athena_SUB_3x3_WaterTower_b.Athena_SUB_3x3_WaterTower_b_C'",
    "Template": {
      "ObjectName": "Athena_SUB_3x3_WaterTower_b_C'Default__Athena_SUB_3x3_WaterTower_b_C'",
      "ObjectPath": "FortniteGame/Content/Athena/Maps/Buildings/3x3/Athena_SUB_3x3_WaterTower_b.1"
    }
  },
  {
    "Type": "AudioComponent",
    "Name": "Chest_Ambient_Sound",
    "Outer": "Tiered_Chest_6_Parent_497",
    "Class": "UScriptClass'AudioComponent'",
    "Template": {
      "ObjectName": "AudioComponent'Tiered_Chest_Athena_C:AudioComponent_1'",
      "ObjectPath": "FortniteGame/Content/Building/ActorBlueprints/Containers/Tiered_Chest_Athena.49"
    },
    "Properties": {
      "AttachParent": {
        "ObjectName": "StaticMeshComponent'Athena_SUB_3x3_WaterTower_b:PersistentLevel.Tiered_Chest_6_Parent_497.StaticMeshComponent0'",
        "ObjectPath": "FortniteGame/Content/Athena/Maps/Buildings/3x3/Athena_SUB_3x3_WaterTower_b.57"
      },
      "bNetAddressable": true,
      "CreationMethod": "EComponentCreationMethod::SimpleConstructionScript"
    }
  },
  {
    "Type": "BoxComponent",
    "Name": "BoxComponent0",
    "Outer": "LevelBounds_131",
    "Class": "UScriptClass'BoxComponent'",
    "Properties": {
      "AreaClass": {
        "ObjectName": "Class'FortMetaNavArea_Obstacles'",
        "ObjectPath": "/Script/FortniteGame"
      },
      "BodyInstance": {
        "MaxAngularVelocity": 3599.9998
      },
      "RelativeLocation": {
        "X": -447.003,
        "Y": 768.18274,
        "Z": 0.0
      },
      "RelativeScale3D": {
        "X": 1666.0065,
        "Y": 2536.906,
        "Z": 1536.0
      }
    }
  },
  {
    "Type": "CryptWalls_05_C",
    "Name": "Factory_Wall6",
    "Outer": "PersistentLevel",
    "Class": "BlueprintGeneratedClass'FortniteGame/Content/Building/ActorBlueprints/Wall/CryptWalls_05.CryptWalls_05_C'",
    "Template": {
      "ObjectName": "CryptWalls_05_C'Default__CryptWalls_05_C'",
      "ObjectPath": "FortniteGame/Content/Building/ActorBlueprints/Wall/CryptWalls_05.1"
    },
    "Properties": {
      "TextureData": {
        "ObjectName": "BuildingTextureData'Tiling_Brick_RedBrick02'",
        "ObjectPath": "FortniteGame/Content/Building/TextureData/WallOuter/Tiling_Brick_RedBrick02.0"
      },
      "TextureData": {
        "ObjectName": "BuildingTextureData'Tiling_Brick_RedBrick02'",
        "ObjectPath": "FortniteGame/Content/Building/TextureData/WallOuter/Tiling_Brick_RedBrick02.0"
      },
      "StaticMeshComponent": {
        "ObjectName": "StaticMeshComponent'Athena_SUB_3x3_WaterTower_b:PersistentLevel.Factory_Wall6.StaticMeshComponent0'",
        "ObjectPath": "FortniteGame/Content/Athena/Maps/Buildings/3x3/Athena_SUB_3x3_WaterTower_b.37"
      },
      "BaseMaterial": {
        "ObjectName": "MaterialInstanceConstant'MI_CryptWallsSet'",
        "ObjectPath": "FortniteGame/Content/Environments/Sets/Crypt/Materials/MI_CryptWallsSet.0"
      },
      "MyGuid": "E9BCC993-4190C45D-EAB222A8-5618F830",
      "DataVersion": 1,
      "CullDistance": 0.0,
      "RootComponent": {
        "ObjectName": "StaticMeshComponent'Athena_SUB_3x3_WaterTower_b:PersistentLevel.Factory_Wall6.StaticMeshComponent0'",
        "ObjectPath": "FortniteGame/Content/Athena/Maps/Buildings/3x3/Athena_SUB_3x3_WaterTower_b.37"
      }
    }
  },
  {
    "Type": "CryptWalls_05_C",
    "Name": "Factory_Wall_35",
    "Outer": "PersistentLevel",
    "Class": "BlueprintGeneratedClass'FortniteGame/Content/Building/ActorBlueprints/Wall/CryptWalls_05.CryptWalls_05_C'",
    "Template": {
      "ObjectName": "CryptWalls_05_C'Default__CryptWalls_05_C'",
      "ObjectPath": "FortniteGame/Content/Building/ActorBlueprints/Wall/CryptWalls_05.1"
    },
    "Properties": {
      "TextureData": {
        "ObjectName": "BuildingTextureData'Tiling_Brick_RedBrick02'",
        "ObjectPath": "FortniteGame/Content/Building/TextureData/WallOuter/Tiling_Brick_RedBrick02.0"
      },
      "TextureData": {
        "ObjectName": "BuildingTextureData'Tiling_Brick_RedBrick02'",
        "ObjectPath": "FortniteGame/Content/Building/TextureData/WallOuter/Tiling_Brick_RedBrick02.0"
      },
      "StaticMeshComponent": {
        "ObjectName": "StaticMeshComponent'Athena_SUB_3x3_WaterTower_b:PersistentLevel.Factory_Wall_35.StaticMeshComponent0'",
        "ObjectPath": "FortniteGame/Content/Athena/Maps/Buildings/3x3/Athena_SUB_3x3_WaterTower_b.38"
      },
      "BaseMaterial": {
        "ObjectName": "MaterialInstanceConstant'MI_CryptWallsSet'",
        "ObjectPath": "FortniteGame/Content/Environments/Sets/Crypt/Materials/MI_CryptWallsSet.0"
      },
      "MyGuid": "4DD3D3E1-4FC4AD54-151831BC-C22A0297",
      "DataVersion": 1,
      "CullDistance": 0.0,
      "RootComponent": {
        "ObjectName": "StaticMeshComponent'Athena_SUB_3x3_WaterTower_b:PersistentLevel.Factory_Wall_35.StaticMeshComponent0'",
        "ObjectPath": "FortniteGame/Content/Athena/Maps/Buildings/3x3/Athena_SUB_3x3_WaterTower_b.38"
      }
    }
  },
  {
    "Type": "Factory_3_C",
    "Name": "Factory_2",
    "Outer": "PersistentLevel",
    "Class": "BlueprintGeneratedClass'FortniteGame/Content/Building/ActorBlueprints/Corner/Factory_3.Factory_3_C'",
    "Template": {
      "ObjectName": "Factory_3_C'Default__Factory_3_C'",
      "ObjectPath": "FortniteGame/Content/Building/ActorBlueprints/Corner/Factory_3.1"
    },
    "Properties": {
      "StaticMeshComponent": {
        "ObjectName": "StaticMeshComponent'Athena_SUB_3x3_WaterTower_b:PersistentLevel.Factory_2.StaticMeshComponent0'",
        "ObjectPath": "FortniteGame/Content/Athena/Maps/Buildings/3x3/Athena_SUB_3x3_WaterTower_b.36"
      },
      "MyGuid": "F2A7FB07-401F84DC-14AD1CB8-71F7C5F9",
      "DataVersion": 1,
      "CullDistance": 0.0,
      "RootComponent": {
        "ObjectName": "StaticMeshComponent'Athena_SUB_3x3_WaterTower_b:PersistentLevel.Factory_2.StaticMeshComponent0'",
        "ObjectPath": "FortniteGame/Content/Athena/Maps/Buildings/3x3/Athena_SUB_3x3_WaterTower_b.36"
      }
    }
  },
  {
    "Type": "Factory_Trim_17a_C",
    "Name": "Factory_Wall_6",
    "Outer": "PersistentLevel",
    "Class": "BlueprintGeneratedClass'FortniteGame/Content/Building/ActorBlueprints/Wall/Factory_Trim_17a.Factory_Trim_17a_C'",
    "Template": {
      "ObjectName": "Factory_Trim_17a_C'Default__Factory_Trim_17a_C'",
      "ObjectPath": "FortniteGame/Content/Building/ActorBlueprints/Wall/Factory_Trim_17a.1"
    },
    "Properties": {
      "StaticMeshComponent": {
        "ObjectName": "StaticMeshComponent'Athena_SUB_3x3_WaterTower_b:PersistentLevel.Factory_Wall_6.StaticMeshComponent0'",
        "ObjectPath": "FortniteGame/Content/Athena/Maps/Buildings/3x3/Athena_SUB_3x3_WaterTower_b.39"
      },
      "MyGuid": "0BE50AB0-47D42590-A6EFD8B8-1FD65F2A",
      "DataVersion": 1,
      "CullDistance": 0.0,
      "RootComponent": {
        "ObjectName": "StaticMeshComponent'Athena_SUB_3x3_WaterTower_b:PersistentLevel.Factory_Wall_6.StaticMeshComponent0'",
        "ObjectPath": "FortniteGame/Content/Athena/Maps/Buildings/3x3/Athena_SUB_3x3_WaterTower_b.39"
      }
    }
  },
  {
    "Type": "Factory_Trim_17a_C",
    "Name": "Factory_Wall_9",
    "Outer": "PersistentLevel",
    "Class": "BlueprintGeneratedClass'FortniteGame/Content/Building/ActorBlueprints/Wall/Factory_Trim_17a.Factory_Trim_17a_C'",
    "Template": {
      "ObjectName": "Factory_Trim_17a_C'Default__Factory_Trim_17a_C'",
      "ObjectPath": "FortniteGame/Content/Building/ActorBlueprints/Wall/Factory_Trim_17a.1"
    },
    "Properties": {
      "StaticMeshComponent": {
        "ObjectName": "StaticMeshComponent'Athena_SUB_3x3_WaterTower_b:PersistentLevel.Factory_Wall_9.StaticMeshComponent0'",
        "ObjectPath": "FortniteGame/Content/Athena/Maps/Buildings/3x3/Athena_SUB_3x3_WaterTower_b.40"
      },
      "MyGuid": "2758DBAE-41C7864B-B21BF88E-76110B20",
      "DataVersion": 1,
      "CullDistance": 0.0,
      "RootComponent": {
        "ObjectName": "StaticMeshComponent'Athena_SUB_3x3_WaterTower_b:PersistentLevel.Factory_Wall_9.StaticMeshComponent0'",
        "ObjectPath": "FortniteGame/Content/Athena/Maps/Buildings/3x3/Athena_SUB_3x3_WaterTower_b.40"
      }
    }
  },
  {
    "Type": "Fence_Chainlink_B01_C",
    "Name": "SM_Fence01b_1",
    "Outer": "PersistentLevel",
    "Class": "BlueprintGeneratedClass'FortniteGame/Content/Building/ActorBlueprints/Wall/Fence_Chainlink_B01.Fence_Chainlink_B01_C'",
    "Template": {
      "ObjectName": "Fence_Chainlink_B01_C'Default__Fence_Chainlink_B01_C'",
      "ObjectPath": "FortniteGame/Content/Building/ActorBlueprints/Wall/Fence_Chainlink_B01.1"
    },
    "Properties": {
      "StaticMeshComponent": {
        "ObjectName": "StaticMeshComponent'Athena_SUB_3x3_WaterTower_b:PersistentLevel.SM_Fence01b_1.StaticMeshComponent0'",
        "ObjectPath": "FortniteGame/Content/Athena/Maps/Buildings/3x3/Athena_SUB_3x3_WaterTower_b.46"
      },
      "MyGuid": "1C054074-442DB7C8-6891B998-9250FF4D",
      "DataVersion": 1,
      "CullDistance": 23387.621,
      "RootComponent": {
        "ObjectName": "StaticMeshComponent'Athena_SUB_3x3_WaterTower_b:PersistentLevel.SM_Fence01b_1.StaticMeshComponent0'",
        "ObjectPath": "FortniteGame/Content/Athena/Maps/Buildings/3x3/Athena_SUB_3x3_WaterTower_b.46"
      }
    }
  },
  {
    "Type": "Fence_Chainlink_B01_C",
    "Name": "SM_Fence01b_2",
    "Outer": "PersistentLevel",
    "Class": "BlueprintGeneratedClass'FortniteGame/Content/Building/ActorBlueprints/Wall/Fence_Chainlink_B01.Fence_Chainlink_B01_C'",
    "Template": {
      "ObjectName": "Fence_Chainlink_B01_C'Default__Fence_Chainlink_B01_C'",
      "ObjectPath": "FortniteGame/Content/Building/ActorBlueprints/Wall/Fence_Chainlink_B01.1"
    },
    "Properties": {
      "StaticMeshComponent": {
        "ObjectName": "StaticMeshComponent'Athena_SUB_3x3_WaterTower_b:PersistentLevel.SM_Fence01b_2.StaticMeshComponent0'",
        "ObjectPath": "FortniteGame/Content/Athena/Maps/Buildings/3x3/Athena_SUB_3x3_WaterTower_b.47"
      },
      "MyGuid": "84E30ED5-4F02A287-BE415995-814AECF4",
      "DataVersion": 1,
      "CullDistance": 23387.621,
      "RootComponent": {
        "ObjectName": "StaticMeshComponent'Athena_SUB_3x3_WaterTower_b:PersistentLevel.SM_Fence01b_2.StaticMeshComponent0'",
        "ObjectPath": "FortniteGame/Content/Athena/Maps/Buildings/3x3/Athena_SUB_3x3_WaterTower_b.47"
      }
    }
  },
  {
    "Type": "Fence_Chainlink_B01_C",
    "Name": "SM_Fence01b_3",
    "Outer": "PersistentLevel",
    "Class": "BlueprintGeneratedClass'FortniteGame/Content/Building/ActorBlueprints/Wall/Fence_Chainlink_B01.Fence_Chainlink_B01_C'",
    "Template": {
      "ObjectName": "Fence_Chainlink_B01_C'Default__Fence_Chainlink_B01_C'",
      "ObjectPath": "FortniteGame/Content/Building/ActorBlueprints/Wall/Fence_Chainlink_B01.1"
    },
    "Properties": {
      "StaticMeshComponent": {
        "ObjectName": "StaticMeshComponent'Athena_SUB_3x3_WaterTower_b:PersistentLevel.SM_Fence01b_3.StaticMeshComponent0'",
        "ObjectPath": "FortniteGame/Content/Athena/Maps/Buildings/3x3/Athena_SUB_3x3_WaterTower_b.48"
      },
      "MyGuid": "B79332B7-47345ADD-13FA8082-57049E34",
      "DataVersion": 1,
      "CullDistance": 23387.621,
      "RootComponent": {
        "ObjectName": "StaticMeshComponent'Athena_SUB_3x3_WaterTower_b:PersistentLevel.SM_Fence01b_3.StaticMeshComponent0'",
        "ObjectPath": "FortniteGame/Content/Athena/Maps/Buildings/3x3/Athena_SUB_3x3_WaterTower_b.48"
      }
    }
  },
  {
    "Type": "FoliageInstancedStaticMeshComponent",
    "Name": "FoliageInstancedStaticMeshComponent_0",
    "Outer": "InstancedFoliageActor_0",
    "Class": "UScriptClass'FoliageInstancedStaticMeshComponent'",
    "Properties": {
      "SortedInstances": [
        8,
        4,
        3,
        1,
        7,
        5,
        0,
        2,
        6,
        59,
        9,
        11,
        20,
        22,
        30,
        49,
        38,
        42,
        13,
        16,
        51,
        43,
        28,
        32,
        33,
        34,
        18,
        26,
        47,
        53,
        19,
        27,
        52,
        45,
        48,
        12,
        23,
        35,
        29,
        14,
        24,
        60,
        62,
        36,
        31,
        15,
        21,
        41,
        44,
        46,
        50,
        39,
        40,
        61,
        58,
        54,
        55,
        17,
        10,
        25,
        37,
        56,
        57
      ],
      "NumBuiltInstances": 63,
      "BuiltInstanceBounds": {
        "Min": {
          "X": -1357.991,
          "Y": -339.60028,
          "Z": -1.661768
        },
        "Max": {
          "X": -218.06332,
          "Y": 1374.8427,
          "Z": 28.480976
        },
        "IsValid": 1
      },
      "bEnableDensityScaling": true,
      "CacheMeshExtendedBounds": {
        "Origin": {
          "X": -1.3083153,
          "Y": 2.9704895,
          "Z": 9.292383
        },
        "BoxExtent": {
          "X": 48.62804,
          "Y": 53.884956,
          "Z": 9.292497
        },
        "SphereRadius": 62.94712
      },
      "InstanceCountToRender": 63,
      "InstancingRandomSeed": 1,
      "InstanceStartCullDistance": 4096,
      "InstanceEndCullDistance": 5120,
      "InstanceReorderTable": [
        6,
        3,
        7,
        2,
        1,
        5,
        8,
        4,
        0,
        10,
        58,
        11,
        35,
        18,
        39,
        45,
        19,
        57,
        26,
        30,
        12,
        46,
        13,
        36,
        40,
        59,
        27,
        31,
        22,
        38,
        14,
        44,
        23,
        24,
        25,
        37,
        43,
        60,
        16,
        51,
        52,
        47,
        17,
        21,
        48,
        33,
        49,
        28,
        34,
        15,
        50,
        20,
        32,
        29,
        55,
        56,
        61,
        62,
        54,
        9,
        41,
        53,
        42
      ],
      "StaticMesh": {
        "ObjectName": "StaticMesh'Athena_SM_WavyGrass_TopologyColor'",
        "ObjectPath": "FortniteGame/Content/Athena/Environments/Landscape/Foliage/Athena_SM_WavyGrass_TopologyColor.1"
      },
      "OverriddenLightMapRes": 8,
      "bReceivesDecals": false,
      "bUseAsOccluder": true,
      "bHasPerInstanceHitProxies": true,
      "CastShadow": false,
      "bAffectDynamicIndirectLighting": false,
      "bAffectDistanceFieldLighting": false,
      "BodyInstance": {
        "ObjectType": "ECC_WorldStatic",
        "CollisionEnabled": "ECollisionEnabled::NoCollision",
        "bAutoWeld": false,
        "CollisionProfileName": "NoCollision",
        "CollisionResponses": {
          "ResponseArray": [
            {
              "Channel": "Visibility",
              "Response": "ECR_Ignore"
            },
            {
              "Channel": "Camera",
              "Response": "ECR_Ignore"
            }
          ]
        }
      },
      "AttachParent": {
        "ObjectName": "SceneComponent'Athena_SUB_3x3_WaterTower_b:PersistentLevel.InstancedFoliageActor_0.RootComponent0'",
        "ObjectPath": "FortniteGame/Content/Athena/Maps/Buildings/3x3/Athena_SUB_3x3_WaterTower_b.29"
      },
      "Mobility": "EComponentMobility::Static"
    }
  },
  {
    "Type": "FortStaticMeshActor",
    "Name": "S_Underground_Ground_8",
    "Outer": "PersistentLevel",
    "Class": "UScriptClass'FortStaticMeshActor'",
    "Properties": {
      "StaticMeshComponent": {
        "ObjectName": "StaticMeshComponent'Athena_SUB_3x3_WaterTower_b:PersistentLevel.S_Underground_Ground_8.StaticMeshComponent0'",
        "ObjectPath": "FortniteGame/Content/Athena/Maps/Buildings/3x3/Athena_SUB_3x3_WaterTower_b.45"
      },
      "RootComponent": {
        "ObjectName": "StaticMeshComponent'Athena_SUB_3x3_WaterTower_b:PersistentLevel.S_Underground_Ground_8.StaticMeshComponent0'",
        "ObjectPath": "FortniteGame/Content/Athena/Maps/Buildings/3x3/Athena_SUB_3x3_WaterTower_b.45"
      }
    }
  },
  {
    "Type": "FortWorldSettings",
    "Name": "FortWorldInfo_9",
    "Outer": "PersistentLevel",
    "Class": "UScriptClass'FortWorldSettings'",
    "Properties": {
      "WorldCells": [
        2147483647,
        1,
        0,
        528510976,
        0,
        248,
        4096,
        327970816,
        0,
        56,
        8192,
        334237696,
        0,
        62,
        1,
        503443456,
        0,
        224,
        4097,
        269479936,
        0,
        0,
        8193,
        284102656,
        0,
        14,
        2,
        506576896,
        0,
        227,
        4098,
        406306816,
        0,
        131,
        8194,
        418840576,
        0,
        143
      ],
      "WorldCellsOrigin": {
        "X": -1024.0,
        "Y": 0.0,
        "Z": 0.0
      },
      "MinCullObjectSize": 64.0,
      "MinCullDistance": 2800.0,
      "MaxCullObjectSize": 1000.0,
      "MaxCullDistance": 40000.0,
      "bEnableNavigationSystem": false,
      "NavigationSystemConfig": {
        "ObjectName": "NavigationSystemModuleConfig'Athena_SUB_3x3_WaterTower_b:PersistentLevel.FortWorldInfo_9.NavigationSystemConfig_0'",
        "ObjectPath": "FortniteGame/Content/Athena/Maps/Buildings/3x3/Athena_SUB_3x3_WaterTower_b.24"
      },
      "BookmarkArray": [
        null,
        null,
        null,
        null,
        null,
        null,
        null,
        null,
        null,
        null
      ]
    }
  },
  {
    "Type": "InstancedFoliageActor",
    "Name": "InstancedFoliageActor_0",
    "Outer": "PersistentLevel",
    "Class": "UScriptClass'InstancedFoliageActor'",
    "Properties": {
      "RootComponent": {
        "ObjectName": "SceneComponent'Athena_SUB_3x3_WaterTower_b:PersistentLevel.InstancedFoliageActor_0.RootComponent0'",
        "ObjectPath": "FortniteGame/Content/Athena/Maps/Buildings/3x3/Athena_SUB_3x3_WaterTower_b.29"
      }
    }
  },
  {
    "Type": "Level",
    "Name": "PersistentLevel",
    "Outer": "Athena_SUB_3x3_WaterTower_b",
    "Class": "UScriptClass'Level'",
    "Properties": {
      "Model": {
        "ObjectName": "Model'Athena_SUB_3x3_WaterTower_b:PersistentLevel.Model_15'",
        "ObjectPath": "FortniteGame/Content/Athena/Maps/Buildings/3x3/Athena_SUB_3x3_WaterTower_b.23"
      },
      "NumTextureStreamingUnbuiltComponents": 14,
      "LevelScriptActor": {
        "ObjectName": "Athena_SUB_3x3_WaterTower_b_C'Athena_SUB_3x3_WaterTower_b:PersistentLevel.Athena_SUB_3x3_WaterTower_b_C_1'",
        "ObjectPath": "FortniteGame/Content/Athena/Maps/Buildings/3x3/Athena_SUB_3x3_WaterTower_b.3"
      },
      "LevelBuildDataId": "2026E904-491557EA-BB9014A9-642CE2B2",
      "MapBuildData": {
        "ObjectName": "MapBuildDataRegistry'MapBuildDataRegistry'",
        "ObjectPath": "FortniteGame/Content/Athena/Maps/Buildings/3x3/Athena_SUB_3x3_WaterTower_b.22"
      },
      "bTextureStreamingRotationChanged": true,
      "WorldSettings": {
        "ObjectName": "FortWorldSettings'Athena_SUB_3x3_WaterTower_b:PersistentLevel.FortWorldInfo_9'",
        "ObjectPath": "FortniteGame/Content/Athena/Maps/Buildings/3x3/Athena_SUB_3x3_WaterTower_b.16"
      }
    },
    "Actors": [
      {
        "ObjectName": "FortWorldSettings'Athena_SUB_3x3_WaterTower_b:PersistentLevel.FortWorldInfo_9'",
        "ObjectPath": "FortniteGame/Content/Athena/Maps/Buildings/3x3/Athena_SUB_3x3_WaterTower_b.16"
      },
      null,
      {
        "ObjectName": "FortStaticMeshActor'Athena_SUB_3x3_WaterTower_b:PersistentLevel.S_Underground_Ground_8'",
        "ObjectPath": "FortniteGame/Content/Athena/Maps/Buildings/3x3/Athena_SUB_3x3_WaterTower_b.15"
      },
      {
        "ObjectName": "LevelBounds'Athena_SUB_3x3_WaterTower_b:PersistentLevel.LevelBounds_131'",
        "ObjectPath": "FortniteGame/Content/Athena/Maps/Buildings/3x3/Athena_SUB_3x3_WaterTower_b.19"
      },
      {
        "ObjectName": "InstancedFoliageActor'Athena_SUB_3x3_WaterTower_b:PersistentLevel.InstancedFoliageActor_0'",
        "ObjectPath": "FortniteGame/Content/Athena/Maps/Buildings/3x3/Athena_SUB_3x3_WaterTower_b.17"
      },
      {
        "ObjectName": "LODActor'Athena_SUB_3x3_WaterTower_b:PersistentLevel.LODActor_0'",
        "ObjectPath": "FortniteGame/Content/Athena/Maps/Buildings/3x3/Athena_SUB_3x3_WaterTower_b.20"
      },
      {
        "ObjectName": "LODActor'Athena_SUB_3x3_WaterTower_b:PersistentLevel.LODActor_1'",
        "ObjectPath": "FortniteGame/Content/Athena/Maps/Buildings/3x3/Athena_SUB_3x3_WaterTower_b.21"
      },
      {
        "ObjectName": "SM_Industrial_Pipe_03_C'Athena_SUB_3x3_WaterTower_b:PersistentLevel.SM_Industrial_Pipe_03_2'",
        "ObjectPath": "FortniteGame/Content/Athena/Maps/Buildings/3x3/Athena_SUB_3x3_WaterTower_b.35"
      },
      {
        "ObjectName": "SM_Industrial_Pipe_01_C'Athena_SUB_3x3_WaterTower_b:PersistentLevel.SM_Industrial_Pipe_01_2'",
        "ObjectPath": "FortniteGame/Content/Athena/Maps/Buildings/3x3/Athena_SUB_3x3_WaterTower_b.34"
      },
      {
        "ObjectName": "SM_Industrial_Pipe_01_C'Athena_SUB_3x3_WaterTower_b:PersistentLevel.SM_Industrial_Pipe_01_14'",
        "ObjectPath": "FortniteGame/Content/Athena/Maps/Buildings/3x3/Athena_SUB_3x3_WaterTower_b.33"
      },
      {
        "ObjectName": "WaterPipe02_C'Athena_SUB_3x3_WaterTower_b:PersistentLevel.WaterPipe02_2'",
        "ObjectPath": "FortniteGame/Content/Athena/Maps/Buildings/3x3/Athena_SUB_3x3_WaterTower_b.68"
      },
      {
        "ObjectName": "Fence_Chainlink_B01_C'Athena_SUB_3x3_WaterTower_b:PersistentLevel.SM_Fence01b_1'",
        "ObjectPath": "FortniteGame/Content/Athena/Maps/Buildings/3x3/Athena_SUB_3x3_WaterTower_b.11"
      },
      {
        "ObjectName": "Fence_Chainlink_B01_C'Athena_SUB_3x3_WaterTower_b:PersistentLevel.SM_Fence01b_2'",
        "ObjectPath": "FortniteGame/Content/Athena/Maps/Buildings/3x3/Athena_SUB_3x3_WaterTower_b.12"
      },
      {
        "ObjectName": "Fence_Chainlink_B01_C'Athena_SUB_3x3_WaterTower_b:PersistentLevel.SM_Fence01b_3'",
        "ObjectPath": "FortniteGame/Content/Athena/Maps/Buildings/3x3/Athena_SUB_3x3_WaterTower_b.13"
      },
      {
        "ObjectName": "Factory_Trim_17a_C'Athena_SUB_3x3_WaterTower_b:PersistentLevel.Factory_Wall_6'",
        "ObjectPath": "FortniteGame/Content/Athena/Maps/Buildings/3x3/Athena_SUB_3x3_WaterTower_b.9"
      },
      {
        "ObjectName": "Factory_Trim_17a_C'Athena_SUB_3x3_WaterTower_b:PersistentLevel.Factory_Wall_9'",
        "ObjectPath": "FortniteGame/Content/Athena/Maps/Buildings/3x3/Athena_SUB_3x3_WaterTower_b.10"
      },
      {
        "ObjectName": "Factory_3_C'Athena_SUB_3x3_WaterTower_b:PersistentLevel.Factory_2'",
        "ObjectPath": "FortniteGame/Content/Athena/Maps/Buildings/3x3/Athena_SUB_3x3_WaterTower_b.8"
      },
      {
        "ObjectName": "WaterTower01_C'Athena_SUB_3x3_WaterTower_b:PersistentLevel.WaterTower01_C_3'",
        "ObjectPath": "FortniteGame/Content/Athena/Maps/Buildings/3x3/Athena_SUB_3x3_WaterTower_b.70"
      },
      {
        "ObjectName": "WaterTower02_C'Athena_SUB_3x3_WaterTower_b:PersistentLevel.WaterTower02'",
        "ObjectPath": "FortniteGame/Content/Athena/Maps/Buildings/3x3/Athena_SUB_3x3_WaterTower_b.71"
      },
      {
        "ObjectName": "PowerTransformer02_C'Athena_SUB_3x3_WaterTower_b:PersistentLevel.PowerTransformer024'",
        "ObjectPath": "FortniteGame/Content/Athena/Maps/Buildings/3x3/Athena_SUB_3x3_WaterTower_b.28"
      },
      {
        "ObjectName": "WaterPipe02_C'Athena_SUB_3x3_WaterTower_b:PersistentLevel.WaterPipe25'",
        "ObjectPath": "FortniteGame/Content/Athena/Maps/Buildings/3x3/Athena_SUB_3x3_WaterTower_b.69"
      },
      {
        "ObjectName": "Tiered_Athena_FloorLoot_01_C'Athena_SUB_3x3_WaterTower_b:PersistentLevel.Tiered_Athena_FloorLoot_01_2'",
        "ObjectPath": "FortniteGame/Content/Athena/Maps/Buildings/3x3/Athena_SUB_3x3_WaterTower_b.63"
      },
      {
        "ObjectName": "SM_FORT_Floors_Generic_BasicTile_C'Athena_SUB_3x3_WaterTower_b:PersistentLevel.SM_FORT_Floors_Generic_BasicTile5'",
        "ObjectPath": "FortniteGame/Content/Athena/Maps/Buildings/3x3/Athena_SUB_3x3_WaterTower_b.30"
      },
      {
        "ObjectName": "SM_FORT_Floors_Generic_BasicTile_C'Athena_SUB_3x3_WaterTower_b:PersistentLevel.SM_FORT_Floors_Generic_BasicTile7'",
        "ObjectPath": "FortniteGame/Content/Athena/Maps/Buildings/3x3/Athena_SUB_3x3_WaterTower_b.31"
      },
      {
        "ObjectName": "TrashPile_01_C'Athena_SUB_3x3_WaterTower_b:PersistentLevel.TrashPile_01_2'",
        "ObjectPath": "FortniteGame/Content/Athena/Maps/Buildings/3x3/Athena_SUB_3x3_WaterTower_b.67"
      },
      {
        "ObjectName": "Athena_Prop_Plant_Shrub_bush_sm_01_C'Athena_SUB_3x3_WaterTower_b:PersistentLevel.LCD_Shrub_034'",
        "ObjectPath": "FortniteGame/Content/Athena/Maps/Buildings/3x3/Athena_SUB_3x3_WaterTower_b.2"
      },
      {
        "ObjectName": "Tiered_Chest_Athena_C'Athena_SUB_3x3_WaterTower_b:PersistentLevel.Tiered_Chest_6_Parent_497'",
        "ObjectPath": "FortniteGame/Content/Athena/Maps/Buildings/3x3/Athena_SUB_3x3_WaterTower_b.64"
      },
      {
        "ObjectName": "SM_FORT_Floors_Generic_TilesBrokenBeamsI_C'Athena_SUB_3x3_WaterTower_b:PersistentLevel.SM_FORT_Floors_Generic_BasicTile6'",
        "ObjectPath": "FortniteGame/Content/Athena/Maps/Buildings/3x3/Athena_SUB_3x3_WaterTower_b.32"
      },
      {
        "ObjectName": "CryptWalls_05_C'Athena_SUB_3x3_WaterTower_b:PersistentLevel.Factory_Wall_35'",
        "ObjectPath": "FortniteGame/Content/Athena/Maps/Buildings/3x3/Athena_SUB_3x3_WaterTower_b.7"
      },
      {
        "ObjectName": "CryptWalls_05_C'Athena_SUB_3x3_WaterTower_b:PersistentLevel.Factory_Wall6'",
        "ObjectPath": "FortniteGame/Content/Athena/Maps/Buildings/3x3/Athena_SUB_3x3_WaterTower_b.6"
      },
      {
        "ObjectName": "Athena_SUB_3x3_WaterTower_b_C'Athena_SUB_3x3_WaterTower_b:PersistentLevel.Athena_SUB_3x3_WaterTower_b_C_1'",
        "ObjectPath": "FortniteGame/Content/Athena/Maps/Buildings/3x3/Athena_SUB_3x3_WaterTower_b.3"
      }
    ],
    "URL": {
      "Protocol": "unreal",
      "Host": "",
      "Port": 7777,
      "Valid": true,
      "Map": "FortniteEntry",
      "Op": [],
      "Portal": ""
    },
    "Model": {
      "ObjectName": "Model'Athena_SUB_3x3_WaterTower_b:PersistentLevel.Model_15'",
      "ObjectPath": "FortniteGame/Content/Athena/Maps/Buildings/3x3/Athena_SUB_3x3_WaterTower_b.23"
    },
    "ModelComponents": [],
    "LevelScriptActor": {
      "ObjectName": "Athena_SUB_3x3_WaterTower_b_C'Athena_SUB_3x3_WaterTower_b:PersistentLevel.Athena_SUB_3x3_WaterTower_b_C_1'",
      "ObjectPath": "FortniteGame/Content/Athena/Maps/Buildings/3x3/Athena_SUB_3x3_WaterTower_b.3"
    },
    "NavListStart": null,
    "NavListEnd": null,
    "PrecomputedVisibilityHandler": {
      "PrecomputedVisibilityCellBucketOriginXY": {
        "X": 0.0,
        "Y": 0.0
      },
      "PrecomputedVisibilityCellSizeXY": 0.0,
      "PrecomputedVisibilityCellSizeZ": 0.0,
      "PrecomputedVisibilityCellBucketSizeXY": 0,
      "PrecomputedVisibilityNumCellBuckets": 0,
      "PrecomputedVisibilityCellBuckets": []
    },
    "PrecomputedVolumeDistanceField": {
      "VolumeMaxDistance": 0.0,
      "VolumeBox": {
        "Min": {
          "X": 0.0,
          "Y": 0.0,
          "Z": 0.0
        },
        "Max": {
          "X": 0.0,
          "Y": 0.0,
          "Z": 0.0
        },
        "IsValid": 0
      },
      "VolumeSizeX": 0,
      "VolumeSizeY": 0,
      "VolumeSizeZ": 0,
      "Data": []
    }
  },
  {
    "Type": "LevelBounds",
    "Name": "LevelBounds_131",
    "Outer": "PersistentLevel",
    "Class": "UScriptClass'LevelBounds'",
    "Properties": {
      "RootComponent": {
        "ObjectName": "BoxComponent'Athena_SUB_3x3_WaterTower_b:PersistentLevel.LevelBounds_131.BoxComponent0'",
        "ObjectPath": "FortniteGame/Content/Athena/Maps/Buildings/3x3/Athena_SUB_3x3_WaterTower_b.5"
      }
    }
  },
  {
    "Type": "LODActor",
    "Name": "LODActor_0",
    "Outer": "PersistentLevel",
    "Class": "UScriptClass'LODActor'",
    "Properties": {
      "StaticMeshComponent": {
        "ObjectName": "StaticMeshComponent'Athena_SUB_3x3_WaterTower_b:PersistentLevel.LODActor_0.StaticMeshComponent0'",
        "ObjectPath": "FortniteGame/Content/Athena/Maps/Buildings/3x3/Athena_SUB_3x3_WaterTower_b.42"
      },
      "Proxy": null,
      "Key": "76927B120C6645ACB9200E7FB8896AC3_C8030F354511977E5FA34FA623A839A7_F8B99ED8_D16D8ABA_BA91475F_ProxyLODMeshReduction",
      "LODDrawDistance": 40000.0,
      "LODLevel": 1,
      "SubActors": [
        {
          "ObjectName": "SM_Industrial_Pipe_03_C'Athena_SUB_3x3_WaterTower_b:PersistentLevel.SM_Industrial_Pipe_03_2'",
          "ObjectPath": "FortniteGame/Content/Athena/Maps/Buildings/3x3/Athena_SUB_3x3_WaterTower_b.35"
        },
        {
          "ObjectName": "SM_Industrial_Pipe_01_C'Athena_SUB_3x3_WaterTower_b:PersistentLevel.SM_Industrial_Pipe_01_2'",
          "ObjectPath": "FortniteGame/Content/Athena/Maps/Buildings/3x3/Athena_SUB_3x3_WaterTower_b.34"
        },
        {
          "ObjectName": "SM_Industrial_Pipe_01_C'Athena_SUB_3x3_WaterTower_b:PersistentLevel.SM_Industrial_Pipe_01_14'",
          "ObjectPath": "FortniteGame/Content/Athena/Maps/Buildings/3x3/Athena_SUB_3x3_WaterTower_b.33"
        },
        {
          "ObjectName": "Factory_Trim_17a_C'Athena_SUB_3x3_WaterTower_b:PersistentLevel.Factory_Wall_6'",
          "ObjectPath": "FortniteGame/Content/Athena/Maps/Buildings/3x3/Athena_SUB_3x3_WaterTower_b.9"
        },
        {
          "ObjectName": "Factory_Trim_17a_C'Athena_SUB_3x3_WaterTower_b:PersistentLevel.Factory_Wall_9'",
          "ObjectPath": "FortniteGame/Content/Athena/Maps/Buildings/3x3/Athena_SUB_3x3_WaterTower_b.10"
        },
        {
          "ObjectName": "Factory_3_C'Athena_SUB_3x3_WaterTower_b:PersistentLevel.Factory_2'",
          "ObjectPath": "FortniteGame/Content/Athena/Maps/Buildings/3x3/Athena_SUB_3x3_WaterTower_b.8"
        },
        {
          "ObjectName": "WaterTower01_C'Athena_SUB_3x3_WaterTower_b:PersistentLevel.WaterTower01_C_3'",
          "ObjectPath": "FortniteGame/Content/Athena/Maps/Buildings/3x3/Athena_SUB_3x3_WaterTower_b.70"
        },
        {
          "ObjectName": "WaterTower02_C'Athena_SUB_3x3_WaterTower_b:PersistentLevel.WaterTower02'",
          "ObjectPath": "FortniteGame/Content/Athena/Maps/Buildings/3x3/Athena_SUB_3x3_WaterTower_b.71"
        },
        {
          "ObjectName": "PowerTransformer02_C'Athena_SUB_3x3_WaterTower_b:PersistentLevel.PowerTransformer024'",
          "ObjectPath": "FortniteGame/Content/Athena/Maps/Buildings/3x3/Athena_SUB_3x3_WaterTower_b.28"
        },
        {
          "ObjectName": "SM_FORT_Floors_Generic_BasicTile_C'Athena_SUB_3x3_WaterTower_b:PersistentLevel.SM_FORT_Floors_Generic_BasicTile5'",
          "ObjectPath": "FortniteGame/Content/Athena/Maps/Buildings/3x3/Athena_SUB_3x3_WaterTower_b.30"
        },
        {
          "ObjectName": "SM_FORT_Floors_Generic_BasicTile_C'Athena_SUB_3x3_WaterTower_b:PersistentLevel.SM_FORT_Floors_Generic_BasicTile7'",
          "ObjectPath": "FortniteGame/Content/Athena/Maps/Buildings/3x3/Athena_SUB_3x3_WaterTower_b.31"
        },
        {
          "ObjectName": "SM_FORT_Floors_Generic_TilesBrokenBeamsI_C'Athena_SUB_3x3_WaterTower_b:PersistentLevel.SM_FORT_Floors_Generic_BasicTile6'",
          "ObjectPath": "FortniteGame/Content/Athena/Maps/Buildings/3x3/Athena_SUB_3x3_WaterTower_b.32"
        },
        {
          "ObjectName": "CryptWalls_05_C'Athena_SUB_3x3_WaterTower_b:PersistentLevel.Factory_Wall_35'",
          "ObjectPath": "FortniteGame/Content/Athena/Maps/Buildings/3x3/Athena_SUB_3x3_WaterTower_b.7"
        },
        {
          "ObjectName": "CryptWalls_05_C'Athena_SUB_3x3_WaterTower_b:PersistentLevel.Factory_Wall6'",
          "ObjectPath": "FortniteGame/Content/Athena/Maps/Buildings/3x3/Athena_SUB_3x3_WaterTower_b.6"
        }
      ],
      "CachedNumHLODLevels": 2,
      "RootComponent": {
        "ObjectName": "StaticMeshComponent'Athena_SUB_3x3_WaterTower_b:PersistentLevel.LODActor_0.StaticMeshComponent0'",
        "ObjectPath": "FortniteGame/Content/Athena/Maps/Buildings/3x3/Athena_SUB_3x3_WaterTower_b.42"
      }
    }
  },
  {
    "Type": "LODActor",
    "Name": "LODActor_1",
    "Outer": "PersistentLevel",
    "Class": "UScriptClass'LODActor'",
    "Properties": {
      "StaticMeshComponent": {
        "ObjectName": "StaticMeshComponent'Athena_SUB_3x3_WaterTower_b:PersistentLevel.LODActor_1.StaticMeshComponent0'",
        "ObjectPath": "FortniteGame/Content/Athena/Maps/Buildings/3x3/Athena_SUB_3x3_WaterTower_b.43"
      },
      "Proxy": {
        "ObjectName": "HLODProxy'Athena_SUB_3x3_WaterTower_b_1_HLOD'",
        "ObjectPath": "FortniteGame/Content/Athena/Maps/Buildings/3x3/HLOD/Athena_SUB_3x3_WaterTower_b_1_HLOD.1"
      },
      "Key": "76927B120C6645ACB9200E7FB8896AC3_8369410046E4F0FCBA3BC9910B85B3DA_417DC273_D16D8ABA_6900287E_ProxyLODMeshReduction",
      "LODDrawDistance": 35000.0,
      "LODLevel": 2,
      "SubActors": [
        {
          "ObjectName": "LODActor'Athena_SUB_3x3_WaterTower_b:PersistentLevel.LODActor_0'",
          "ObjectPath": "FortniteGame/Content/Athena/Maps/Buildings/3x3/Athena_SUB_3x3_WaterTower_b.20"
        },
        {
          "ObjectName": "FortStaticMeshActor'Athena_SUB_3x3_WaterTower_b:PersistentLevel.S_Underground_Ground_8'",
          "ObjectPath": "FortniteGame/Content/Athena/Maps/Buildings/3x3/Athena_SUB_3x3_WaterTower_b.15"
        }
      ],
      "CachedNumHLODLevels": 2,
      "RootComponent": {
        "ObjectName": "StaticMeshComponent'Athena_SUB_3x3_WaterTower_b:PersistentLevel.LODActor_1.StaticMeshComponent0'",
        "ObjectPath": "FortniteGame/Content/Athena/Maps/Buildings/3x3/Athena_SUB_3x3_WaterTower_b.43"
      }
    }
  },
  {
    "Type": "MapBuildDataRegistry",
    "Name": "MapBuildDataRegistry",
    "Class": "UScriptClass'MapBuildDataRegistry'",
    "MeshBuildData": {
      "014E33C243028595F7AE65923187D811": {
        "IrrelevantLights": [],
        "PerInstanceLightmapData": []
      },
      "F6F2FF954E8233A9A9696CB1480B3045": {
        "IrrelevantLights": [],
        "PerInstanceLightmapData": []
      },
      "73953BD34F161472124BF190EBAC905C": {
        "IrrelevantLights": [],
        "PerInstanceLightmapData": []
      },
      "7801D25C4C81F79260E6B0A9F1B1CCB0": {
        "IrrelevantLights": [],
        "PerInstanceLightmapData": []
      },
      "2751986744EF8FBE7D42419C8428E570": {
        "IrrelevantLights": [],
        "PerInstanceLightmapData": []
      },
      "0B7B75B540905EC70E0064AE5D351E08": {
        "IrrelevantLights": [],
        "PerInstanceLightmapData": []
      },
      "8169FB1C42437636DCC1568382261B95": {
        "IrrelevantLights": [],
        "PerInstanceLightmapData": []
      },
      "0EB063A84805AD189A28759690C4679D": {
        "IrrelevantLights": [],
        "PerInstanceLightmapData": []
      }
    },
    "LevelPrecomputedLightVolumeBuildData": {
      "2026E904491557EABB9014A9642CE2B2": {
        "Bounds": {
          "Min": {
            "X": 0.0,
            "Y": 0.0,
            "Z": 0.0
          },
          "Max": {
            "X": 0.0,
            "Y": 0.0,
            "Z": 0.0
          },
          "IsValid": 0
        },
        "SampleSpacing": 0.0,
        "NumSHSamples": 0,
        "HighQualitySamples": null,
        "LowQualitySamples": null
      }
    }
  },
  {
    "Type": "Model",
    "Name": "Model_15",
    "Outer": "PersistentLevel",
    "Class": "UScriptClass'Model'",
    "Bounds": {
      "Origin": {
        "X": 0.0,
        "Y": 0.0,
        "Z": 0.0
      },
      "BoxExtent": {
        "X": 0.0,
        "Y": 0.0,
        "Z": 0.0
      },
      "SphereRadius": 0.0
    },
    "Vectors": [],
    "Points": [],
    "Nodes": [],
    "Surfs": [],
    "NumSharedSides": 4,
    "VertexBuffer": {
      "Vertices": []
    },
    "LightingGuid": "CB672654-47EE991A-690D109A-884068E0",
    "LightmassSettings": [
      {
        "bUseTwoSidedLighting": false,
        "bShadowIndirectOnly": false,
        "bUseEmissiveForStaticLighting": false,
        "bUseVertexNormalForHemisphereGather": false,
        "EmissiveLightFalloffExponent": 8.0,
        "EmissiveLightExplicitInfluenceRadius": 0.0,
        "EmissiveBoost": 1.0,
        "DiffuseBoost": 1.0,
        "FullyOccludedSamplesFraction": 1.0
      }
    ]
  },
  {
    "Type": "NavigationSystemModuleConfig",
    "Name": "NavigationSystemConfig_0",
    "Outer": "FortWorldInfo_9",
    "Class": "UScriptClass'NavigationSystemModuleConfig'",
    "Properties": {
      "bAutoSpawnMissingNavData": true,
      "NavigationSystemClass": {
        "AssetPathName": "/Script/FortniteGame.FortNavSystem",
        "SubPathString": ""
      }
    }
  },
  {
    "Type": "ParticleSystemComponent",
    "Name": "Effect_Electric_ON_Hit",
    "Outer": "PowerTransformer024",
    "Class": "UScriptClass'ParticleSystemComponent'",
    "Template": {
      "ObjectName": "ParticleSystemComponent'PowerTransformer02_C:ParticleSystemComponent_3592__0F44704A'",
      "ObjectPath": "FortniteGame/Content/Building/ActorBlueprints/Prop/PowerTransformer02.14"
    },
    "Properties": {
      "AttachParent": {
        "ObjectName": "StaticMeshComponent'Athena_SUB_3x3_WaterTower_b:PersistentLevel.PowerTransformer024.StaticMeshComponent0'",
        "ObjectPath": "FortniteGame/Content/Athena/Maps/Buildings/3x3/Athena_SUB_3x3_WaterTower_b.44"
      },
      "bNetAddressable": true,
      "CreationMethod": "EComponentCreationMethod::SimpleConstructionScript"
    }
  },
  {
    "Type": "ParticleSystemComponent",
    "Name": "P_Loot_Chest_Aura_Athena",
    "Outer": "Tiered_Chest_6_Parent_497",
    "Class": "UScriptClass'ParticleSystemComponent'",
    "Template": {
      "ObjectName": "ParticleSystemComponent'Tiered_Chest_Athena_C:P_Loot_Chest_Aura_Athena_GEN_VARIABLE'",
      "ObjectPath": "FortniteGame/Content/Building/ActorBlueprints/Containers/Tiered_Chest_Athena.155"
    },
    "Properties": {
      "CachedMaxDrawDistance": 8915.371,
      "AttachParent": {
        "ObjectName": "StaticMeshComponent'Athena_SUB_3x3_WaterTower_b:PersistentLevel.Tiered_Chest_6_Parent_497.S_Chest_SmokeSheet'",
        "ObjectPath": "FortniteGame/Content/Athena/Maps/Buildings/3x3/Athena_SUB_3x3_WaterTower_b.56"
      },
      "bNetAddressable": true,
      "CreationMethod": "EComponentCreationMethod::SimpleConstructionScript"
    }
  },
  {
    "Type": "PointLightComponent",
    "Name": "TrasureLight",
    "Outer": "Tiered_Chest_6_Parent_497",
    "Class": "UScriptClass'PointLightComponent'",
    "Template": {
      "ObjectName": "PointLightComponent'Tiered_Chest_Athena_C:TrasureLight_GEN_VARIABLE'",
      "ObjectPath": "FortniteGame/Content/Building/ActorBlueprints/Containers/Tiered_Chest_Athena.156"
    },
    "Properties": {
      "MaxDrawDistance": 8915.371,
      "MaxDistanceFadeRange": 2048.0,
      "LightGuid": "455D75F4-43592E51-B28FA481-73AC8625",
      "VolumetricScatteringIntensity": 1.0,
      "AttachParent": {
        "ObjectName": "StaticMeshComponent'Athena_SUB_3x3_WaterTower_b:PersistentLevel.Tiered_Chest_6_Parent_497.StaticMeshComponent0'",
        "ObjectPath": "FortniteGame/Content/Athena/Maps/Buildings/3x3/Athena_SUB_3x3_WaterTower_b.57"
      },
      "bVisible": false,
      "bNetAddressable": true,
      "CreationMethod": "EComponentCreationMethod::SimpleConstructionScript"
    }
  },
  {
    "Type": "PowerTransformer02_C",
    "Name": "PowerTransformer024",
    "Outer": "PersistentLevel",
    "Class": "BlueprintGeneratedClass'FortniteGame/Content/Building/ActorBlueprints/Prop/PowerTransformer02.PowerTransformer02_C'",
    "Template": {
      "ObjectName": "PowerTransformer02_C'Default__PowerTransformer02_C'",
      "ObjectPath": "FortniteGame/Content/Building/ActorBlueprints/Prop/PowerTransformer02.2"
    },
    "Properties": {
      "Effect_Electric_ON_Hit": {
        "ObjectName": "ParticleSystemComponent'Athena_SUB_3x3_WaterTower_b:PersistentLevel.PowerTransformer024.Effect_Electric_ON_Hit'",
        "ObjectPath": "FortniteGame/Content/Athena/Maps/Buildings/3x3/Athena_SUB_3x3_WaterTower_b.25"
      },
      "bMirrored": true,
      "StaticMeshComponent": {
        "ObjectName": "StaticMeshComponent'Athena_SUB_3x3_WaterTower_b:PersistentLevel.PowerTransformer024.StaticMeshComponent0'",
        "ObjectPath": "FortniteGame/Content/Athena/Maps/Buildings/3x3/Athena_SUB_3x3_WaterTower_b.44"
      },
      "MyGuid": "4EA9146F-4198CDAB-B34A79B8-BF12DE4A",
      "DataVersion": 1,
      "CullDistance": 0.0,
      "RootComponent": {
        "ObjectName": "StaticMeshComponent'Athena_SUB_3x3_WaterTower_b:PersistentLevel.PowerTransformer024.StaticMeshComponent0'",
        "ObjectPath": "FortniteGame/Content/Athena/Maps/Buildings/3x3/Athena_SUB_3x3_WaterTower_b.44"
      },
      "BlueprintCreatedComponents": [
        {
          "ObjectName": "ParticleSystemComponent'Athena_SUB_3x3_WaterTower_b:PersistentLevel.PowerTransformer024.Effect_Electric_ON_Hit'",
          "ObjectPath": "FortniteGame/Content/Athena/Maps/Buildings/3x3/Athena_SUB_3x3_WaterTower_b.25"
        }
      ]
    }
  },
  {
    "Type": "SceneComponent",
    "Name": "RootComponent0",
    "Outer": "InstancedFoliageActor_0",
    "Class": "UScriptClass'SceneComponent'"
  },
  {
    "Type": "SM_FORT_Floors_Generic_BasicTile_C",
    "Name": "SM_FORT_Floors_Generic_BasicTile5",
    "Outer": "PersistentLevel",
    "Class": "BlueprintGeneratedClass'FortniteGame/Content/Building/ActorBlueprints/Floor/SM_FORT_Floors_Generic_BasicTile.SM_FORT_Floors_Generic_BasicTile_C'",
    "Template": {
      "ObjectName": "SM_FORT_Floors_Generic_BasicTile_C'Default__SM_FORT_Floors_Generic_BasicTile_C'",
      "ObjectPath": "FortniteGame/Content/Building/ActorBlueprints/Floor/SM_FORT_Floors_Generic_BasicTile.1"
    },
    "Properties": {
      "TextureData": {
        "ObjectName": "BuildingTextureData'M_FORT_ParkingGarage_NoLines'",
        "ObjectPath": "FortniteGame/Content/Building/TextureData/FloorTexture/M_FORT_ParkingGarage_NoLines.0"
      },
      "StaticMeshComponent": {
        "ObjectName": "StaticMeshComponent'Athena_SUB_3x3_WaterTower_b:PersistentLevel.SM_FORT_Floors_Generic_BasicTile5.StaticMeshComponent0'",
        "ObjectPath": "FortniteGame/Content/Athena/Maps/Buildings/3x3/Athena_SUB_3x3_WaterTower_b.49"
      },
      "BaseMaterial": {
        "ObjectName": "MaterialInstanceConstant'MI_FORT_Garage_Concrete_FloorNoLines'",
        "ObjectPath": "FortniteGame/Content/Environments/Sets/ParkingGarage/Materials/MI_FORT_Garage_Concrete_FloorNoLines.0"
      },
      "MyGuid": "CCC64DA5-4D0C4126-04FAB099-B4C37260",
      "DataVersion": 1,
      "CullDistance": 0.0,
      "RootComponent": {
        "ObjectName": "StaticMeshComponent'Athena_SUB_3x3_WaterTower_b:PersistentLevel.SM_FORT_Floors_Generic_BasicTile5.StaticMeshComponent0'",
        "ObjectPath": "FortniteGame/Content/Athena/Maps/Buildings/3x3/Athena_SUB_3x3_WaterTower_b.49"
      }
    }
  },
  {
    "Type": "SM_FORT_Floors_Generic_BasicTile_C",
    "Name": "SM_FORT_Floors_Generic_BasicTile7",
    "Outer": "PersistentLevel",
    "Class": "BlueprintGeneratedClass'FortniteGame/Content/Building/ActorBlueprints/Floor/SM_FORT_Floors_Generic_BasicTile.SM_FORT_Floors_Generic_BasicTile_C'",
    "Template": {
      "ObjectName": "SM_FORT_Floors_Generic_BasicTile_C'Default__SM_FORT_Floors_Generic_BasicTile_C'",
      "ObjectPath": "FortniteGame/Content/Building/ActorBlueprints/Floor/SM_FORT_Floors_Generic_BasicTile.1"
    },
    "Properties": {
      "TextureData": {
        "ObjectName": "BuildingTextureData'M_FORT_ParkingGarage_NoLines'",
        "ObjectPath": "FortniteGame/Content/Building/TextureData/FloorTexture/M_FORT_ParkingGarage_NoLines.0"
      },
      "StaticMeshComponent": {
        "ObjectName": "StaticMeshComponent'Athena_SUB_3x3_WaterTower_b:PersistentLevel.SM_FORT_Floors_Generic_BasicTile7.StaticMeshComponent0'",
        "ObjectPath": "FortniteGame/Content/Athena/Maps/Buildings/3x3/Athena_SUB_3x3_WaterTower_b.51"
      },
      "BaseMaterial": {
        "ObjectName": "MaterialInstanceConstant'MI_FORT_Garage_Concrete_FloorNoLines'",
        "ObjectPath": "FortniteGame/Content/Environments/Sets/ParkingGarage/Materials/MI_FORT_Garage_Concrete_FloorNoLines.0"
      },
      "MyGuid": "E9580A0A-4B7CD782-9EFBE898-012BCFAA",
      "DataVersion": 1,
      "CullDistance": 0.0,
      "RootComponent": {
        "ObjectName": "StaticMeshComponent'Athena_SUB_3x3_WaterTower_b:PersistentLevel.SM_FORT_Floors_Generic_BasicTile7.StaticMeshComponent0'",
        "ObjectPath": "FortniteGame/Content/Athena/Maps/Buildings/3x3/Athena_SUB_3x3_WaterTower_b.51"
      }
    }
  },
  {
    "Type": "SM_FORT_Floors_Generic_TilesBrokenBeamsI_C",
    "Name": "SM_FORT_Floors_Generic_BasicTile6",
    "Outer": "PersistentLevel",
    "Class": "BlueprintGeneratedClass'FortniteGame/Content/Building/ActorBlueprints/Floor/SM_FORT_Floors_Generic_TilesBrokenBeamsI.SM_FORT_Floors_Generic_TilesBrokenBeamsI_C'",
    "Template": {
      "ObjectName": "SM_FORT_Floors_Generic_TilesBrokenBeamsI_C'Default__SM_FORT_Floors_Generic_TilesBrokenBeamsI_C'",
      "ObjectPath": "FortniteGame/Content/Building/ActorBlueprints/Floor/SM_FORT_Floors_Generic_TilesBrokenBeamsI.1"
    },
    "Properties": {
      "TextureData": {
        "ObjectName": "BuildingTextureData'RooftopTar_01'",
        "ObjectPath": "FortniteGame/Content/Building/TextureData/FloorTexture/RooftopTar_01.0"
      },
      "TextureData": {
        "ObjectName": "BuildingTextureData'Tiling_PlasterWorn'",
        "ObjectPath": "FortniteGame/Content/Building/TextureData/WallInner/Tiling_PlasterWorn.0"
      },
      "StaticMeshComponent": {
        "ObjectName": "StaticMeshComponent'Athena_SUB_3x3_WaterTower_b:PersistentLevel.SM_FORT_Floors_Generic_BasicTile6.StaticMeshComponent0'",
        "ObjectPath": "FortniteGame/Content/Athena/Maps/Buildings/3x3/Athena_SUB_3x3_WaterTower_b.50"
      },
      "BaseMaterial": {
        "ObjectName": "MaterialInstanceConstant'MI_PrisonRoof_Tile22'",
        "ObjectPath": "FortniteGame/Content/Environments/Props/Prison/MI_PrisonRoof_Tile22.0"
      },
      "MyGuid": "61668D76-4F109E3C-59AC3D87-906320D8",
      "DataVersion": 1,
      "CullDistance": 0.0,
      "RootComponent": {
        "ObjectName": "StaticMeshComponent'Athena_SUB_3x3_WaterTower_b:PersistentLevel.SM_FORT_Floors_Generic_BasicTile6.StaticMeshComponent0'",
        "ObjectPath": "FortniteGame/Content/Athena/Maps/Buildings/3x3/Athena_SUB_3x3_WaterTower_b.50"
      }
    }
  },
  {
    "Type": "SM_Industrial_Pipe_01_C",
    "Name": "SM_Industrial_Pipe_01_14",
    "Outer": "PersistentLevel",
    "Class": "BlueprintGeneratedClass'FortniteGame/Content/Building/ActorBlueprints/Pillar/SM_Industrial_Pipe_01.SM_Industrial_Pipe_01_C'",
    "Template": {
      "ObjectName": "SM_Industrial_Pipe_01_C'Default__SM_Industrial_Pipe_01_C'",
      "ObjectPath": "FortniteGame/Content/Building/ActorBlueprints/Pillar/SM_Industrial_Pipe_01.1"
    },
    "Properties": {
      "StaticMeshComponent": {
        "ObjectName": "StaticMeshComponent'Athena_SUB_3x3_WaterTower_b:PersistentLevel.SM_Industrial_Pipe_01_14.StaticMeshComponent0'",
        "ObjectPath": "FortniteGame/Content/Athena/Maps/Buildings/3x3/Athena_SUB_3x3_WaterTower_b.52"
      },
      "MyGuid": "84BF7B90-4D50A24D-4341D88E-C40BA356",
      "DataVersion": 1,
      "CullDistance": 0.0,
      "RootComponent": {
        "ObjectName": "StaticMeshComponent'Athena_SUB_3x3_WaterTower_b:PersistentLevel.SM_Industrial_Pipe_01_14.StaticMeshComponent0'",
        "ObjectPath": "FortniteGame/Content/Athena/Maps/Buildings/3x3/Athena_SUB_3x3_WaterTower_b.52"
      }
    }
  },
  {
    "Type": "SM_Industrial_Pipe_01_C",
    "Name": "SM_Industrial_Pipe_01_2",
    "Outer": "PersistentLevel",
    "Class": "BlueprintGeneratedClass'FortniteGame/Content/Building/ActorBlueprints/Pillar/SM_Industrial_Pipe_01.SM_Industrial_Pipe_01_C'",
    "Template": {
      "ObjectName": "SM_Industrial_Pipe_01_C'Default__SM_Industrial_Pipe_01_C'",
      "ObjectPath": "FortniteGame/Content/Building/ActorBlueprints/Pillar/SM_Industrial_Pipe_01.1"
    },
    "Properties": {
      "StaticMeshComponent": {
        "ObjectName": "StaticMeshComponent'Athena_SUB_3x3_WaterTower_b:PersistentLevel.SM_Industrial_Pipe_01_2.StaticMeshComponent0'",
        "ObjectPath": "FortniteGame/Content/Athena/Maps/Buildings/3x3/Athena_SUB_3x3_WaterTower_b.53"
      },
      "MyGuid": "B93D2B53-473E92E9-A00428A3-DAD92BD7",
      "DataVersion": 1,
      "CullDistance": 0.0,
      "RootComponent": {
        "ObjectName": "StaticMeshComponent'Athena_SUB_3x3_WaterTower_b:PersistentLevel.SM_Industrial_Pipe_01_2.StaticMeshComponent0'",
        "ObjectPath": "FortniteGame/Content/Athena/Maps/Buildings/3x3/Athena_SUB_3x3_WaterTower_b.53"
      }
    }
  },
  {
    "Type": "SM_Industrial_Pipe_03_C",
    "Name": "SM_Industrial_Pipe_03_2",
    "Outer": "PersistentLevel",
    "Class": "BlueprintGeneratedClass'FortniteGame/Content/Building/ActorBlueprints/Pillar/SM_Industrial_Pipe_03.SM_Industrial_Pipe_03_C'",
    "Template": {
      "ObjectName": "SM_Industrial_Pipe_03_C'Default__SM_Industrial_Pipe_03_C'",
      "ObjectPath": "FortniteGame/Content/Building/ActorBlueprints/Pillar/SM_Industrial_Pipe_03.1"
    },
    "Properties": {
      "StaticMeshComponent": {
        "ObjectName": "StaticMeshComponent'Athena_SUB_3x3_WaterTower_b:PersistentLevel.SM_Industrial_Pipe_03_2.StaticMeshComponent0'",
        "ObjectPath": "FortniteGame/Content/Athena/Maps/Buildings/3x3/Athena_SUB_3x3_WaterTower_b.54"
      },
      "MyGuid": "3BA15944-4A763074-6A8301BE-11AC8758",
      "DataVersion": 1,
      "CullDistance": 0.0,
      "RootComponent": {
        "ObjectName": "StaticMeshComponent'Athena_SUB_3x3_WaterTower_b:PersistentLevel.SM_Industrial_Pipe_03_2.StaticMeshComponent0'",
        "ObjectPath": "FortniteGame/Content/Athena/Maps/Buildings/3x3/Athena_SUB_3x3_WaterTower_b.54"
      }
    }
  },
  {
    "Type": "StaticMeshComponent",
    "Name": "StaticMeshComponent0",
    "Outer": "Factory_2",
    "Class": "UScriptClass'StaticMeshComponent'",
    "Template": {
      "ObjectName": "StaticMeshComponent'Default__Factory_3_C:StaticMeshComponent0'",
      "ObjectPath": "FortniteGame/Content/Building/ActorBlueprints/Corner/Factory_3.4"
    },
    "Properties": {
      "OverrideMaterials": [
        null
      ],
      "LODParentPrimitive": {
        "ObjectName": "StaticMeshComponent'Athena_SUB_3x3_WaterTower_b:PersistentLevel.LODActor_0.StaticMeshComponent0'",
        "ObjectPath": "FortniteGame/Content/Athena/Maps/Buildings/3x3/Athena_SUB_3x3_WaterTower_b.42"
      },
      "RelativeLocation": {
        "X": -256.00195,
        "Y": 768.0,
        "Z": 384.0
      }
    }
  },
  {
    "Type": "StaticMeshComponent",
    "Name": "StaticMeshComponent0",
    "Outer": "Factory_Wall6",
    "Class": "UScriptClass'StaticMeshComponent'",
    "Template": {
      "ObjectName": "StaticMeshComponent'Default__CryptWalls_05_C:StaticMeshComponent0'",
      "ObjectPath": "FortniteGame/Content/Building/ActorBlueprints/Wall/CryptWalls_05.4"
    },
    "Properties": {
      "OverrideMaterials": [
        null
      ],
      "LODParentPrimitive": {
        "ObjectName": "StaticMeshComponent'Athena_SUB_3x3_WaterTower_b:PersistentLevel.LODActor_0.StaticMeshComponent0'",
        "ObjectPath": "FortniteGame/Content/Athena/Maps/Buildings/3x3/Athena_SUB_3x3_WaterTower_b.42"
      },
      "RelativeLocation": {
        "X": -255.9961,
        "Y": 512.0,
        "Z": 0.0
      },
      "RelativeRotation": {
        "Pitch": 0.0,
        "Yaw": 89.99995,
        "Roll": 0.0
      }
    }
  },
  {
    "Type": "StaticMeshComponent",
    "Name": "StaticMeshComponent0",
    "Outer": "Factory_Wall_35",
    "Class": "UScriptClass'StaticMeshComponent'",
    "Template": {
      "ObjectName": "StaticMeshComponent'Default__CryptWalls_05_C:StaticMeshComponent0'",
      "ObjectPath": "FortniteGame/Content/Building/ActorBlueprints/Wall/CryptWalls_05.4"
    },
    "Properties": {
      "OverrideMaterials": [
        null
      ],
      "LODParentPrimitive": {
        "ObjectName": "StaticMeshComponent'Athena_SUB_3x3_WaterTower_b:PersistentLevel.LODActor_0.StaticMeshComponent0'",
        "ObjectPath": "FortniteGame/Content/Athena/Maps/Buildings/3x3/Athena_SUB_3x3_WaterTower_b.42"
      },
      "RelativeLocation": {
        "X": 0.001953125,
        "Y": 768.0,
        "Z": 0.0
      }
    }
  },
  {
    "Type": "StaticMeshComponent",
    "Name": "StaticMeshComponent0",
    "Outer": "Factory_Wall_6",
    "Class": "UScriptClass'StaticMeshComponent'",
    "Template": {
      "ObjectName": "StaticMeshComponent'Default__Factory_Trim_17a_C:StaticMeshComponent0'",
      "ObjectPath": "FortniteGame/Content/Building/ActorBlueprints/Wall/Factory_Trim_17a.4"
    },
    "Properties": {
      "OverrideMaterials": [
        null
      ],
      "LODParentPrimitive": {
        "ObjectName": "StaticMeshComponent'Athena_SUB_3x3_WaterTower_b:PersistentLevel.LODActor_0.StaticMeshComponent0'",
        "ObjectPath": "FortniteGame/Content/Athena/Maps/Buildings/3x3/Athena_SUB_3x3_WaterTower_b.42"
      },
      "RelativeLocation": {
        "X": -255.99805,
        "Y": 512.0,
        "Z": 384.0
      },
      "RelativeRotation": {
        "Pitch": 0.0,
        "Yaw": 89.99995,
        "Roll": 0.0
      }
    }
  },
  {
    "Type": "StaticMeshComponent",
    "Name": "StaticMeshComponent0",
    "Outer": "Factory_Wall_9",
    "Class": "UScriptClass'StaticMeshComponent'",
    "Template": {
      "ObjectName": "StaticMeshComponent'Default__Factory_Trim_17a_C:StaticMeshComponent0'",
      "ObjectPath": "FortniteGame/Content/Building/ActorBlueprints/Wall/Factory_Trim_17a.4"
    },
    "Properties": {
      "OverrideMaterials": [
        null
      ],
      "LODParentPrimitive": {
        "ObjectName": "StaticMeshComponent'Athena_SUB_3x3_WaterTower_b:PersistentLevel.LODActor_0.StaticMeshComponent0'",
        "ObjectPath": "FortniteGame/Content/Athena/Maps/Buildings/3x3/Athena_SUB_3x3_WaterTower_b.42"
      },
      "RelativeLocation": {
        "X": 0.001953125,
        "Y": 768.0,
        "Z": 384.0
      }
    }
  },
  {
    "Type": "StaticMeshComponent",
    "Name": "StaticMeshComponent0",
    "Outer": "LCD_Shrub_034",
    "Class": "UScriptClass'StaticMeshComponent'",
    "Template": {
      "ObjectName": "StaticMeshComponent'Default__Athena_Prop_Plant_Shrub_bush_sm_01_C:StaticMeshComponent0'",
      "ObjectPath": "FortniteGame/Content/Athena/BuildingActors/Props/Building/ActorBlueprints/Containers/Athena_Prop_Plant_Shrub_bush_sm_01.5"
    },
    "Properties": {
      "OverrideMaterials": [
        null
      ],
      "CachedMaxDrawDistance": 5889.051,
      "RelativeLocation": {
        "X": -335.9961,
        "Y": 349.23828,
        "Z": 0.0
      },
      "RelativeRotation": {
        "Pitch": 0.0,
        "Yaw": -170.7938,
        "Roll": 0.0
      },
      "RelativeScale3D": {
        "X": 1.0402753,
        "Y": 1.0402753,
        "Z": 1.0402753
      }
    }
  },
  {
    "Type": "StaticMeshComponent",
    "Name": "StaticMeshComponent0",
    "Outer": "LODActor_0",
    "Class": "UScriptClass'StaticMeshComponent'",
    "Properties": {
      "StaticMesh": null,
      "MinDrawDistance": 40000.0,
      "CastShadow": true,
      "bCastStaticShadow": true,
      "LODParentPrimitive": {
        "ObjectName": "StaticMeshComponent'Athena_SUB_3x3_WaterTower_b:PersistentLevel.LODActor_1.StaticMeshComponent0'",
        "ObjectPath": "FortniteGame/Content/Athena/Maps/Buildings/3x3/Athena_SUB_3x3_WaterTower_b.43"
      },
      "RelativeLocation": {
        "X": -512.0,
        "Y": -256.0,
        "Z": -768.0
      }
    }
  },
  {
    "Type": "StaticMeshComponent",
    "Name": "StaticMeshComponent0",
    "Outer": "LODActor_1",
    "Class": "UScriptClass'StaticMeshComponent'",
    "Properties": {
      "StaticMesh": {
        "ObjectName": "StaticMesh'SM_Athena_SUB_3x3_WaterTower_b_1_SM_Industrial_Pipe_03_2'",
        "ObjectPath": "FortniteGame/Content/Athena/Maps/Buildings/3x3/HLOD/Athena_SUB_3x3_WaterTower_b_1_HLOD.3"
      },
      "MinDrawDistance": 35000.0,
      "CastShadow": true,
      "bCastStaticShadow": true
    }
  },
  {
    "Type": "StaticMeshComponent",
    "Name": "StaticMeshComponent0",
    "Outer": "PowerTransformer024",
    "Class": "UScriptClass'StaticMeshComponent'",
    "Template": {
      "ObjectName": "StaticMeshComponent'Default__PowerTransformer02_C:StaticMeshComponent0'",
      "ObjectPath": "FortniteGame/Content/Building/ActorBlueprints/Prop/PowerTransformer02.18"
    },
    "Properties": {
      "OverrideMaterials": [
        null
      ],
      "LODParentPrimitive": {
        "ObjectName": "StaticMeshComponent'Athena_SUB_3x3_WaterTower_b:PersistentLevel.LODActor_0.StaticMeshComponent0'",
        "ObjectPath": "FortniteGame/Content/Athena/Maps/Buildings/3x3/Athena_SUB_3x3_WaterTower_b.42"
      },
      "RelativeLocation": {
        "X": 136.0,
        "Y": -152.0,
        "Z": 8.0
      },
      "RelativeRotation": {
        "Pitch": 0.0,
        "Yaw": -179.99995,
        "Roll": 0.0
      },
      "RelativeScale3D": {
        "X": -1.0,
        "Y": 1.0,
        "Z": 1.0
      }
    }
  },
  {
    "Type": "StaticMeshComponent",
    "Name": "StaticMeshComponent0",
    "Outer": "S_Underground_Ground_8",
    "Class": "UScriptClass'StaticMeshComponent'",
    "Properties": {
      "StaticMesh": {
        "ObjectName": "StaticMesh'S_Elevation_Ground_Z'",
        "ObjectPath": "FortniteGame/Content/Packages/DS_Fortnite_Terrain_NoLOD/Ground/S_Elevation_Ground_Z.1"
      },
      "OverrideMaterials": [
        {
          "ObjectName": "MaterialInstanceConstant'Athena_Terrain_Mat_Biome_NoAsphalt_Inst'",
          "ObjectPath": "FortniteGame/Content/Athena/Environments/Landscape/Material/Athena_Terrain_Mat_Biome_NoAsphalt_Inst.0"
        }
      ],
      "BodyInstance": {
        "bAutoWeld": false
      },
      "LODParentPrimitive": {
        "ObjectName": "StaticMeshComponent'Athena_SUB_3x3_WaterTower_b:PersistentLevel.LODActor_1.StaticMeshComponent0'",
        "ObjectPath": "FortniteGame/Content/Athena/Maps/Buildings/3x3/Athena_SUB_3x3_WaterTower_b.43"
      },
      "RelativeLocation": {
        "X": -1280.0,
        "Y": -255.98438,
        "Z": 0.0
      },
      "RelativeRotation": {
        "Pitch": 0.0,
        "Yaw": 90.00023,
        "Roll": 0.0
      },
      "RelativeScale3D": {
        "X": 3.0,
        "Y": 3.0,
        "Z": 1.0
      },
      "bCanEverAffectNavigation": true
    },
    "LODData": [
      {
        "MapBuildDataId": "8CADBF4B4ABC85E22A20DD9C3539302F",
        "OverrideVertexColors": {
          "Data": [
            "00000000",
            "00000000",
            "00000000",
            "00000000",
            "00000000",
            "00000000",
            "00000000",
            "00000000",
            "00000000",
            "00000000",
            "00000000",
            "00000000",
            "00000000",
            "00000000",
            "00000000",
            "00000000",
            "00000000",
            "00000000",
            "00000000",
            "00000000",
            "00000000",
            "000000FF",
            "000000FF",
            "00000000",
            "000000FF",
            "000000FF",
            "000000FF",
            "00000000",
            "000000FF",
            "000000FF",
            "000000FF",
            "000000FF",
            "000000FF",
            "000000FF",
            "000000FF",
            "00000000",
            "00000000",
            "000000FF",
            "000000FF",
            "00000000",
            "000000FF",
            "00000018",
            "00000000",
            "00000029",
            "000000DA",
            "00000000",
            "000000D7",
            "00000000",
            "000000BA",
            "00000000",
            "00000000",
            "00000000",
            "00000000",
            "00000000",
            "00000000",
            "00000000",
            "00000000",
            "00000000",
            "000000AF",
            "000000F9",
            "00000000",
            "000000FF",
            "000000FF",
            "000000FF",
            "000000FF",
            "000000FF",
            "000000FF",
            "000000FF",
            "000000FF",
            "000000FF",
            "000000FF",
            "000000FF",
            "000000FF",
            "000000FF",
            "000000FF",
            "000000FF",
            "000000FF",
            "000000FF",
            "000000FF",
            "000000FF",
            "000000FF"
          ],
          "Stride": 4,
          "NumVertices": 81
        }
      },
      {
        "MapBuildDataId": "E647D3D04EFB8D8C72E7E3959DFB9FCC",
        "OverrideVertexColors": {
          "Data": [
            "000000FF",
            "00000000",
            "000000FF",
            "00000000"
          ],
          "Stride": 4,
          "NumVertices": 4
        }
      }
    ]
  },
  {
    "Type": "StaticMeshComponent",
    "Name": "StaticMeshComponent0",
    "Outer": "SM_Fence01b_1",
    "Class": "UScriptClass'StaticMeshComponent'",
    "Template": {
      "ObjectName": "StaticMeshComponent'Default__Fence_Chainlink_B01_C:StaticMeshComponent0'",
      "ObjectPath": "FortniteGame/Content/Building/ActorBlueprints/Wall/Fence_Chainlink_B01.4"
    },
    "Properties": {
      "OverrideMaterials": [
        null
      ],
      "CachedMaxDrawDistance": 23387.621,
      "RelativeLocation": {
        "X": -512.0,
        "Y": -256.0,
        "Z": 0.0
      }
    }
  },
  {
    "Type": "StaticMeshComponent",
    "Name": "StaticMeshComponent0",
    "Outer": "SM_Fence01b_2",
    "Class": "UScriptClass'StaticMeshComponent'",
    "Template": {
      "ObjectName": "StaticMeshComponent'Default__Fence_Chainlink_B01_C:StaticMeshComponent0'",
      "ObjectPath": "FortniteGame/Content/Building/ActorBlueprints/Wall/Fence_Chainlink_B01.4"
    },
    "Properties": {
      "OverrideMaterials": [
        null
      ],
      "CachedMaxDrawDistance": 23387.621,
      "RelativeLocation": {
        "X": -768.0,
        "Y": 0.0,
        "Z": 0.0
      },
      "RelativeRotation": {
        "Pitch": 0.0,
        "Yaw": -89.99993,
        "Roll": 0.0
      }
    }
  },
  {
    "Type": "StaticMeshComponent",
    "Name": "StaticMeshComponent0",
    "Outer": "SM_Fence01b_3",
    "Class": "UScriptClass'StaticMeshComponent'",
    "Template": {
      "ObjectName": "StaticMeshComponent'Default__Fence_Chainlink_B01_C:StaticMeshComponent0'",
      "ObjectPath": "FortniteGame/Content/Building/ActorBlueprints/Wall/Fence_Chainlink_B01.4"
    },
    "Properties": {
      "OverrideMaterials": [
        null
      ],
      "CachedMaxDrawDistance": 23387.621,
      "RelativeLocation": {
        "X": -511.98633,
        "Y": 256.0,
        "Z": 0.0
      },
      "RelativeRotation": {
        "Pitch": 0.0,
        "Yaw": -179.9999,
        "Roll": 0.0
      }
    }
  },
  {
    "Type": "StaticMeshComponent",
    "Name": "StaticMeshComponent0",
    "Outer": "SM_FORT_Floors_Generic_BasicTile5",
    "Class": "UScriptClass'StaticMeshComponent'",
    "Template": {
      "ObjectName": "StaticMeshComponent'Default__SM_FORT_Floors_Generic_BasicTile_C:StaticMeshComponent0'",
      "ObjectPath": "FortniteGame/Content/Building/ActorBlueprints/Floor/SM_FORT_Floors_Generic_BasicTile.4"
    },
    "Properties": {
      "OverrideMaterials": [
        {
          "ObjectName": "MaterialInstanceConstant'MI_FORT_Garage_Concrete_FloorNoLines'",
          "ObjectPath": "FortniteGame/Content/Environments/Sets/ParkingGarage/Materials/MI_FORT_Garage_Concrete_FloorNoLines.0"
        }
      ],
      "LODParentPrimitive": {
        "ObjectName": "StaticMeshComponent'Athena_SUB_3x3_WaterTower_b:PersistentLevel.LODActor_0.StaticMeshComponent0'",
        "ObjectPath": "FortniteGame/Content/Athena/Maps/Buildings/3x3/Athena_SUB_3x3_WaterTower_b.42"
      },
      "RelativeLocation": {
        "X": 256.01172,
        "Y": 0.0,
        "Z": 0.0
      },
      "RelativeRotation": {
        "Pitch": 0.0,
        "Yaw": 89.99995,
        "Roll": 0.0
      }
    }
  },
  {
    "Type": "StaticMeshComponent",
    "Name": "StaticMeshComponent0",
    "Outer": "SM_FORT_Floors_Generic_BasicTile6",
    "Class": "UScriptClass'StaticMeshComponent'",
    "Template": {
      "ObjectName": "StaticMeshComponent'Default__SM_FORT_Floors_Generic_TilesBrokenBeamsI_C:StaticMeshComponent0'",
      "ObjectPath": "FortniteGame/Content/Building/ActorBlueprints/Floor/SM_FORT_Floors_Generic_TilesBrokenBeamsI.4"
    },
    "Properties": {
      "OverrideMaterials": [
        null
      ],
      "LODParentPrimitive": {
        "ObjectName": "StaticMeshComponent'Athena_SUB_3x3_WaterTower_b:PersistentLevel.LODActor_0.StaticMeshComponent0'",
        "ObjectPath": "FortniteGame/Content/Athena/Maps/Buildings/3x3/Athena_SUB_3x3_WaterTower_b.42"
      },
      "RelativeLocation": {
        "X": 0.005859375,
        "Y": 256.0,
        "Z": 384.0
      }
    }
  },
  {
    "Type": "StaticMeshComponent",
    "Name": "StaticMeshComponent0",
    "Outer": "SM_FORT_Floors_Generic_BasicTile7",
    "Class": "UScriptClass'StaticMeshComponent'",
    "Template": {
      "ObjectName": "StaticMeshComponent'Default__SM_FORT_Floors_Generic_BasicTile_C:StaticMeshComponent0'",
      "ObjectPath": "FortniteGame/Content/Building/ActorBlueprints/Floor/SM_FORT_Floors_Generic_BasicTile.4"
    },
    "Properties": {
      "OverrideMaterials": [
        {
          "ObjectName": "MaterialInstanceConstant'MI_FORT_Garage_Concrete_FloorNoLines'",
          "ObjectPath": "FortniteGame/Content/Environments/Sets/ParkingGarage/Materials/MI_FORT_Garage_Concrete_FloorNoLines.0"
        }
      ],
      "LODParentPrimitive": {
        "ObjectName": "StaticMeshComponent'Athena_SUB_3x3_WaterTower_b:PersistentLevel.LODActor_0.StaticMeshComponent0'",
        "ObjectPath": "FortniteGame/Content/Athena/Maps/Buildings/3x3/Athena_SUB_3x3_WaterTower_b.42"
      },
      "RelativeLocation": {
        "X": 256.00195,
        "Y": 512.0,
        "Z": 0.0
      },
      "RelativeRotation": {
        "Pitch": 0.0,
        "Yaw": 89.99995,
        "Roll": 0.0
      }
    }
  },
  {
    "Type": "StaticMeshComponent",
    "Name": "StaticMeshComponent0",
    "Outer": "SM_Industrial_Pipe_01_14",
    "Class": "UScriptClass'StaticMeshComponent'",
    "Template": {
      "ObjectName": "StaticMeshComponent'Default__SM_Industrial_Pipe_01_C:StaticMeshComponent0'",
      "ObjectPath": "FortniteGame/Content/Building/ActorBlueprints/Pillar/SM_Industrial_Pipe_01.4"
    },
    "Properties": {
      "OverrideMaterials": [
        null
      ],
      "LODParentPrimitive": {
        "ObjectName": "StaticMeshComponent'Athena_SUB_3x3_WaterTower_b:PersistentLevel.LODActor_0.StaticMeshComponent0'",
        "ObjectPath": "FortniteGame/Content/Athena/Maps/Buildings/3x3/Athena_SUB_3x3_WaterTower_b.42"
      },
      "RelativeLocation": {
        "X": -511.9922,
        "Y": 256.0039,
        "Z": 0.0
      },
      "RelativeRotation": {
        "Pitch": 0.0,
        "Yaw": -179.9999,
        "Roll": 0.0
      }
    }
  },
  {
    "Type": "StaticMeshComponent",
    "Name": "StaticMeshComponent0",
    "Outer": "SM_Industrial_Pipe_01_2",
    "Class": "UScriptClass'StaticMeshComponent'",
    "Template": {
      "ObjectName": "StaticMeshComponent'Default__SM_Industrial_Pipe_01_C:StaticMeshComponent0'",
      "ObjectPath": "FortniteGame/Content/Building/ActorBlueprints/Pillar/SM_Industrial_Pipe_01.4"
    },
    "Properties": {
      "OverrideMaterials": [
        null
      ],
      "LODParentPrimitive": {
        "ObjectName": "StaticMeshComponent'Athena_SUB_3x3_WaterTower_b:PersistentLevel.LODActor_0.StaticMeshComponent0'",
        "ObjectPath": "FortniteGame/Content/Athena/Maps/Buildings/3x3/Athena_SUB_3x3_WaterTower_b.42"
      },
      "RelativeLocation": {
        "X": -255.9961,
        "Y": 0.0,
        "Z": -384.0
      },
      "RelativeRotation": {
        "Pitch": 0.0,
        "Yaw": 89.99995,
        "Roll": 0.0
      }
    }
  },
  {
    "Type": "StaticMeshComponent",
    "Name": "StaticMeshComponent0",
    "Outer": "SM_Industrial_Pipe_03_2",
    "Class": "UScriptClass'StaticMeshComponent'",
    "Template": {
      "ObjectName": "StaticMeshComponent'Default__SM_Industrial_Pipe_03_C:StaticMeshComponent0'",
      "ObjectPath": "FortniteGame/Content/Building/ActorBlueprints/Pillar/SM_Industrial_Pipe_03.4"
    },
    "Properties": {
      "OverrideMaterials": [
        null
      ],
      "LODParentPrimitive": {
        "ObjectName": "StaticMeshComponent'Athena_SUB_3x3_WaterTower_b:PersistentLevel.LODActor_0.StaticMeshComponent0'",
        "ObjectPath": "FortniteGame/Content/Athena/Maps/Buildings/3x3/Athena_SUB_3x3_WaterTower_b.42"
      },
      "RelativeLocation": {
        "X": -512.0,
        "Y": -256.0,
        "Z": -768.0
      }
    }
  },
  {
    "Type": "StaticMeshComponent",
    "Name": "StaticMeshComponent0",
    "Outer": "Tiered_Athena_FloorLoot_01_2",
    "Class": "UScriptClass'StaticMeshComponent'",
    "Template": {
      "ObjectName": "StaticMeshComponent'Default__Tiered_Athena_FloorLoot_01_C:StaticMeshComponent0'",
      "ObjectPath": "FortniteGame/Content/Athena/Environments/Blueprints/Tiered_Athena_FloorLoot_01.5"
    },
    "Properties": {
      "OverrideMaterials": [
        null
      ],
      "CachedMaxDrawDistance": 10643.375,
      "RelativeLocation": {
        "X": -71.99805,
        "Y": 424.0,
        "Z": 8.050049
      }
    }
  },
  {
    "Type": "StaticMeshComponent",
    "Name": "S_Chest_SmokeSheet",
    "Outer": "Tiered_Chest_6_Parent_497",
    "Class": "UScriptClass'StaticMeshComponent'",
    "Template": {
      "ObjectName": "StaticMeshComponent'Tiered_Chest_Athena_C:S_Chest_SmokeSheet_GEN_VARIABLE'",
      "ObjectPath": "FortniteGame/Content/Building/ActorBlueprints/Containers/Tiered_Chest_Athena.166"
    },
    "Properties": {
      "CachedMaxDrawDistance": 8915.371,
      "AttachParent": {
        "ObjectName": "StaticMeshComponent'Athena_SUB_3x3_WaterTower_b:PersistentLevel.Tiered_Chest_6_Parent_497.StaticMeshComponent0'",
        "ObjectPath": "FortniteGame/Content/Athena/Maps/Buildings/3x3/Athena_SUB_3x3_WaterTower_b.57"
      },
      "bNetAddressable": true,
      "CreationMethod": "EComponentCreationMethod::SimpleConstructionScript"
    }
  },
  {
    "Type": "StaticMeshComponent",
    "Name": "StaticMeshComponent0",
    "Outer": "Tiered_Chest_6_Parent_497",
    "Class": "UScriptClass'StaticMeshComponent'",
    "Template": {
      "ObjectName": "StaticMeshComponent'Default__Tiered_Chest_Athena_C:StaticMeshComponent0'",
      "ObjectPath": "FortniteGame/Content/Building/ActorBlueprints/Containers/Tiered_Chest_Athena.164"
    },
    "Properties": {
      "OverrideMaterials": [
        null
      ],
      "LDMaxDrawDistance": 0.0,
      "CachedMaxDrawDistance": 8915.371,
      "RelativeLocation": {
        "X": -511.99023,
        "Y": 1528.0,
        "Z": 384.0
      },
      "RelativeRotation": {
        "Pitch": 0.0,
        "Yaw": -157.50099,
        "Roll": 0.0
      }
    }
  },
  {
    "Type": "StaticMeshComponent",
    "Name": "StaticMeshComponent0",
    "Outer": "TrashPile_01_2",
    "Class": "UScriptClass'StaticMeshComponent'",
    "Template": {
      "ObjectName": "StaticMeshComponent'Default__TrashPile_01_C:StaticMeshComponent0'",
      "ObjectPath": "FortniteGame/Content/Building/ActorBlueprints/Deco/TrashPile_01.4"
    },
    "Properties": {
      "OverrideMaterials": [
        null
      ],
      "LDMaxDrawDistance": 0.0,
      "CachedMaxDrawDistance": 16635.137,
      "RelativeLocation": {
        "X": 33.00586,
        "Y": 477.0,
        "Z": 8.0
      },
      "RelativeRotation": {
        "Pitch": 0.0,
        "Yaw": 151.58922,
        "Roll": 0.0
      }
    }
  },
  {
    "Type": "StaticMeshComponent",
    "Name": "StaticMeshComponent0",
    "Outer": "WaterPipe02_2",
    "Class": "UScriptClass'StaticMeshComponent'",
    "Template": {
      "ObjectName": "StaticMeshComponent'Default__WaterPipe02_C:StaticMeshComponent0'",
      "ObjectPath": "FortniteGame/Content/Building/ActorBlueprints/Prop/WaterPipe02.4"
    },
    "Properties": {
      "OverrideMaterials": [
        null
      ],
      "CachedMaxDrawDistance": 20481.217,
      "RelativeLocation": {
        "X": -895.9922,
        "Y": 0.01953125,
        "Z": 0.0
      },
      "RelativeRotation": {
        "Pitch": 0.0,
        "Yaw": -179.9999,
        "Roll": 0.0
      }
    }
  },
  {
    "Type": "StaticMeshComponent",
    "Name": "StaticMeshComponent0",
    "Outer": "WaterPipe25",
    "Class": "UScriptClass'StaticMeshComponent'",
    "Template": {
      "ObjectName": "StaticMeshComponent'Default__WaterPipe02_C:StaticMeshComponent0'",
      "ObjectPath": "FortniteGame/Content/Building/ActorBlueprints/Prop/WaterPipe02.4"
    },
    "Properties": {
      "OverrideMaterials": [
        null
      ],
      "CachedMaxDrawDistance": 20481.217,
      "RelativeLocation": {
        "X": -64.00195,
        "Y": 672.0,
        "Z": 0.0
      },
      "RelativeRotation": {
        "Pitch": 0.0,
        "Yaw": -89.99982,
        "Roll": 0.0
      }
    }
  },
  {
    "Type": "StaticMeshComponent",
    "Name": "StaticMeshComponent0",
    "Outer": "WaterTower01_C_3",
    "Class": "UScriptClass'StaticMeshComponent'",
    "Template": {
      "ObjectName": "StaticMeshComponent'Default__WaterTower01_C:StaticMeshComponent0'",
      "ObjectPath": "FortniteGame/Content/Building/ActorBlueprints/Prop/WaterTower01.4"
    },
    "Properties": {
      "OverrideMaterials": [
        null
      ],
      "CanCharacterStepUpOn": "ECB_Owner",
      "LODParentPrimitive": {
        "ObjectName": "StaticMeshComponent'Athena_SUB_3x3_WaterTower_b:PersistentLevel.LODActor_0.StaticMeshComponent0'",
        "ObjectPath": "FortniteGame/Content/Athena/Maps/Buildings/3x3/Athena_SUB_3x3_WaterTower_b.42"
      },
      "RelativeLocation": {
        "X": -512.0,
        "Y": 0.0,
        "Z": 384.0
      }
    }
  },
  {
    "Type": "StaticMeshComponent",
    "Name": "StaticMeshComponent0",
    "Outer": "WaterTower02",
    "Class": "UScriptClass'StaticMeshComponent'",
    "Template": {
      "ObjectName": "StaticMeshComponent'Default__WaterTower02_C:StaticMeshComponent0'",
      "ObjectPath": "FortniteGame/Content/Building/ActorBlueprints/Prop/WaterTower02.4"
    },
    "Properties": {
      "OverrideMaterials": [
        null
      ],
      "CanCharacterStepUpOn": "ECB_Owner",
      "LODParentPrimitive": {
        "ObjectName": "StaticMeshComponent'Athena_SUB_3x3_WaterTower_b:PersistentLevel.LODActor_0.StaticMeshComponent0'",
        "ObjectPath": "FortniteGame/Content/Athena/Maps/Buildings/3x3/Athena_SUB_3x3_WaterTower_b.42"
      },
      "RelativeLocation": {
        "X": -511.99805,
        "Y": 1536.0,
        "Z": 0.0
      }
    }
  },
  {
    "Type": "Tiered_Athena_FloorLoot_01_C",
    "Name": "Tiered_Athena_FloorLoot_01_2",
    "Outer": "PersistentLevel",
    "Class": "BlueprintGeneratedClass'FortniteGame/Content/Athena/Environments/Blueprints/Tiered_Athena_FloorLoot_01.Tiered_Athena_FloorLoot_01_C'",
    "Template": {
      "ObjectName": "Tiered_Athena_FloorLoot_01_C'Default__Tiered_Athena_FloorLoot_01_C'",
      "ObjectPath": "FortniteGame/Content/Athena/Environments/Blueprints/Tiered_Athena_FloorLoot_01.1"
    },
    "Properties": {
      "SearchSpeed": {
        "CurveTable": {
          "ObjectName": "CurveTable'AthenaSearchSpeed'",
          "ObjectPath": "FortniteGame/Content/Athena/AthenaSearchSpeed.0"
        }
      },
      "StaticMeshComponent": {
        "ObjectName": "StaticMeshComponent'Athena_SUB_3x3_WaterTower_b:PersistentLevel.Tiered_Athena_FloorLoot_01_2.StaticMeshComponent0'",
        "ObjectPath": "FortniteGame/Content/Athena/Maps/Buildings/3x3/Athena_SUB_3x3_WaterTower_b.55"
      },
      "MyGuid": "C1B439AD-4E97F3FD-3CC425B9-D7EFD0FE",
      "DataVersion": 1,
      "CullDistance": 10643.375,
      "RootComponent": {
        "ObjectName": "StaticMeshComponent'Athena_SUB_3x3_WaterTower_b:PersistentLevel.Tiered_Athena_FloorLoot_01_2.StaticMeshComponent0'",
        "ObjectPath": "FortniteGame/Content/Athena/Maps/Buildings/3x3/Athena_SUB_3x3_WaterTower_b.55"
      }
    }
  },
  {
    "Type": "Tiered_Chest_Athena_C",
    "Name": "Tiered_Chest_6_Parent_497",
    "Outer": "PersistentLevel",
    "Class": "BlueprintGeneratedClass'FortniteGame/Content/Building/ActorBlueprints/Containers/Tiered_Chest_Athena.Tiered_Chest_Athena_C'",
    "Template": {
      "ObjectName": "Tiered_Chest_Athena_C'Default__Tiered_Chest_Athena_C'",
      "ObjectPath": "FortniteGame/Content/Building/ActorBlueprints/Containers/Tiered_Chest_Athena.2"
    },
    "Properties": {
      "P_Loot_Chest_Aura_Athena": {
        "ObjectName": "ParticleSystemComponent'Athena_SUB_3x3_WaterTower_b:PersistentLevel.Tiered_Chest_6_Parent_497.P_Loot_Chest_Aura_Athena'",
        "ObjectPath": "FortniteGame/Content/Athena/Maps/Buildings/3x3/Athena_SUB_3x3_WaterTower_b.26"
      },
      "S_Chest_SmokeSheet": {
        "ObjectName": "StaticMeshComponent'Athena_SUB_3x3_WaterTower_b:PersistentLevel.Tiered_Chest_6_Parent_497.S_Chest_SmokeSheet'",
        "ObjectPath": "FortniteGame/Content/Athena/Maps/Buildings/3x3/Athena_SUB_3x3_WaterTower_b.56"
      },
      "TrasureLight": {
        "ObjectName": "PointLightComponent'Athena_SUB_3x3_WaterTower_b:PersistentLevel.Tiered_Chest_6_Parent_497.TrasureLight'",
        "ObjectPath": "FortniteGame/Content/Athena/Maps/Buildings/3x3/Athena_SUB_3x3_WaterTower_b.27"
      },
      "Chest_Ambient_Sound": {
        "ObjectName": "AudioComponent'Athena_SUB_3x3_WaterTower_b:PersistentLevel.Tiered_Chest_6_Parent_497.Chest_Ambient_Sound'",
        "ObjectPath": "FortniteGame/Content/Athena/Maps/Buildings/3x3/Athena_SUB_3x3_WaterTower_b.4"
      },
      "MobileSelectedTL": {
        "ObjectName": "TimelineComponent'Athena_SUB_3x3_WaterTower_b:PersistentLevel.Tiered_Chest_6_Parent_497.MobileSelectedTL'",
        "ObjectPath": "FortniteGame/Content/Athena/Maps/Buildings/3x3/Athena_SUB_3x3_WaterTower_b.66"
      },
      "MobileOnInteractTL": {
        "ObjectName": "TimelineComponent'Athena_SUB_3x3_WaterTower_b:PersistentLevel.Tiered_Chest_6_Parent_497.MobileOnInteractTL'",
        "ObjectPath": "FortniteGame/Content/Athena/Maps/Buildings/3x3/Athena_SUB_3x3_WaterTower_b.65"
      },
      "SearchSpeed": {
        "CurveTable": {
          "ObjectName": "CurveTable'AthenaSearchSpeed'",
          "ObjectPath": "FortniteGame/Content/Athena/AthenaSearchSpeed.0"
        }
      },
      "TimeOfDayControlledLights": [
        {
          "ObjectName": "PointLightComponent'Athena_SUB_3x3_WaterTower_b:PersistentLevel.Tiered_Chest_6_Parent_497.TrasureLight'",
          "ObjectPath": "FortniteGame/Content/Athena/Maps/Buildings/3x3/Athena_SUB_3x3_WaterTower_b.27"
        }
      ],
      "StaticMeshComponent": {
        "ObjectName": "StaticMeshComponent'Athena_SUB_3x3_WaterTower_b:PersistentLevel.Tiered_Chest_6_Parent_497.StaticMeshComponent0'",
        "ObjectPath": "FortniteGame/Content/Athena/Maps/Buildings/3x3/Athena_SUB_3x3_WaterTower_b.57"
      },
      "MyGuid": "86E61DFA-4860FDAE-A12A9CBC-77053F0D",
      "DataVersion": 1,
      "CullDistance": 8915.371,
      "RootComponent": {
        "ObjectName": "StaticMeshComponent'Athena_SUB_3x3_WaterTower_b:PersistentLevel.Tiered_Chest_6_Parent_497.StaticMeshComponent0'",
        "ObjectPath": "FortniteGame/Content/Athena/Maps/Buildings/3x3/Athena_SUB_3x3_WaterTower_b.57"
      },
      "BlueprintCreatedComponents": [
        {
          "ObjectName": "AudioComponent'Athena_SUB_3x3_WaterTower_b:PersistentLevel.Tiered_Chest_6_Parent_497.Chest_Ambient_Sound'",
          "ObjectPath": "FortniteGame/Content/Athena/Maps/Buildings/3x3/Athena_SUB_3x3_WaterTower_b.4"
        },
        {
          "ObjectName": "PointLightComponent'Athena_SUB_3x3_WaterTower_b:PersistentLevel.Tiered_Chest_6_Parent_497.TrasureLight'",
          "ObjectPath": "FortniteGame/Content/Athena/Maps/Buildings/3x3/Athena_SUB_3x3_WaterTower_b.27"
        },
        {
          "ObjectName": "StaticMeshComponent'Athena_SUB_3x3_WaterTower_b:PersistentLevel.Tiered_Chest_6_Parent_497.S_Chest_SmokeSheet'",
          "ObjectPath": "FortniteGame/Content/Athena/Maps/Buildings/3x3/Athena_SUB_3x3_WaterTower_b.56"
        },
        {
          "ObjectName": "ParticleSystemComponent'Athena_SUB_3x3_WaterTower_b:PersistentLevel.Tiered_Chest_6_Parent_497.P_Loot_Chest_Aura_Athena'",
          "ObjectPath": "FortniteGame/Content/Athena/Maps/Buildings/3x3/Athena_SUB_3x3_WaterTower_b.26"
        },
        {
          "ObjectName": "TimelineComponent'Athena_SUB_3x3_WaterTower_b:PersistentLevel.Tiered_Chest_6_Parent_497.MobileOnInteractTL'",
          "ObjectPath": "FortniteGame/Content/Athena/Maps/Buildings/3x3/Athena_SUB_3x3_WaterTower_b.65"
        },
        {
          "ObjectName": "TimelineComponent'Athena_SUB_3x3_WaterTower_b:PersistentLevel.Tiered_Chest_6_Parent_497.MobileSelectedTL'",
          "ObjectPath": "FortniteGame/Content/Athena/Maps/Buildings/3x3/Athena_SUB_3x3_WaterTower_b.66"
        }
      ]
    }
  },
  {
    "Type": "TimelineComponent",
    "Name": "MobileOnInteractTL",
    "Outer": "Tiered_Chest_6_Parent_497",
    "Class": "UScriptClass'TimelineComponent'",
    "Properties": {
      "TheTimeline": {
        "LengthMode": "TL_TimelineLength",
        "Length": 0.25,
        "InterpFloats": [
          {
            "FloatCurve": {
              "ObjectName": "CurveFloat'Tiered_Chest_Athena_C:CurveFloat_0'",
              "ObjectPath": "FortniteGame/Content/Building/ActorBlueprints/Containers/Tiered_Chest_Athena.85"
            },
            "InterpFunc": {
              "Num": 0,
              "Name": "None"
            },
            "TrackName": "LERP",
            "FloatPropertyName": "MobileOnInteractTL_LERP_9BD788A146DACD005BAF94BEBEDAB584"
          }
        ],
        "TimelinePostUpdateFunc": {
          "Num": 65,
          "Name": "MobileOnInteractTL__UpdateFunc"
        },
        "TimelineFinishedFunc": {
          "Num": 65,
          "Name": "MobileOnInteractTL__FinishedFunc"
        },
        "PropertySetObject": {
          "ObjectName": "Tiered_Chest_Athena_C'Athena_SUB_3x3_WaterTower_b:PersistentLevel.Tiered_Chest_6_Parent_497'",
          "ObjectPath": "FortniteGame/Content/Athena/Maps/Buildings/3x3/Athena_SUB_3x3_WaterTower_b.64"
        },
        "DirectionPropertyName": "MobileOnInteractTL__Direction_9BD788A146DACD005BAF94BEBEDAB584"
      },
      "bNetAddressable": true,
      "CreationMethod": "EComponentCreationMethod::UserConstructionScript"
    }
  },
  {
    "Type": "TimelineComponent",
    "Name": "MobileSelectedTL",
    "Outer": "Tiered_Chest_6_Parent_497",
    "Class": "UScriptClass'TimelineComponent'",
    "Properties": {
      "TheTimeline": {
        "LengthMode": "TL_TimelineLength",
        "Length": 0.21,
        "InterpFloats": [
          {
            "FloatCurve": {
              "ObjectName": "CurveFloat'Tiered_Chest_Athena_C:CurveFloat_0_1'",
              "ObjectPath": "FortniteGame/Content/Building/ActorBlueprints/Containers/Tiered_Chest_Athena.86"
            },
            "InterpFunc": {
              "Num": 0,
              "Name": "None"
            },
            "TrackName": "LerpObject",
            "FloatPropertyName": "MobileSelectedTL_LerpObject_EEB30EBE433E8977EDA63DB381EAF0C8"
          },
          {
            "FloatCurve": {
              "ObjectName": "CurveFloat'Tiered_Chest_Athena_C:CurveFloat_1'",
              "ObjectPath": "FortniteGame/Content/Building/ActorBlueprints/Containers/Tiered_Chest_Athena.87"
            },
            "InterpFunc": {
              "Num": 0,
              "Name": "None"
            },
            "TrackName": "LerpInteactoIcon",
            "FloatPropertyName": "MobileSelectedTL_LerpInteactoIcon_EEB30EBE433E8977EDA63DB381EAF0C8"
          }
        ],
        "TimelinePostUpdateFunc": {
          "Num": 65,
          "Name": "MobileSelectedTL__UpdateFunc"
        },
        "TimelineFinishedFunc": {
          "Num": 65,
          "Name": "MobileSelectedTL__FinishedFunc"
        },
        "PropertySetObject": {
          "ObjectName": "Tiered_Chest_Athena_C'Athena_SUB_3x3_WaterTower_b:PersistentLevel.Tiered_Chest_6_Parent_497'",
          "ObjectPath": "FortniteGame/Content/Athena/Maps/Buildings/3x3/Athena_SUB_3x3_WaterTower_b.64"
        },
        "DirectionPropertyName": "MobileSelectedTL__Direction_EEB30EBE433E8977EDA63DB381EAF0C8"
      },
      "bNetAddressable": true,
      "CreationMethod": "EComponentCreationMethod::UserConstructionScript"
    }
  },
  {
    "Type": "TrashPile_01_C",
    "Name": "TrashPile_01_2",
    "Outer": "PersistentLevel",
    "Class": "BlueprintGeneratedClass'FortniteGame/Content/Building/ActorBlueprints/Deco/TrashPile_01.TrashPile_01_C'",
    "Template": {
      "ObjectName": "TrashPile_01_C'Default__TrashPile_01_C'",
      "ObjectPath": "FortniteGame/Content/Building/ActorBlueprints/Deco/TrashPile_01.1"
    },
    "Properties": {
      "StaticMeshComponent": {
        "ObjectName": "StaticMeshComponent'Athena_SUB_3x3_WaterTower_b:PersistentLevel.TrashPile_01_2.StaticMeshComponent0'",
        "ObjectPath": "FortniteGame/Content/Athena/Maps/Buildings/3x3/Athena_SUB_3x3_WaterTower_b.58"
      },
      "MyGuid": "C76DF9AA-404F83F3-50F74784-49F164BA",
      "DataVersion": 1,
      "CullDistance": 16635.137,
      "RootComponent": {
        "ObjectName": "StaticMeshComponent'Athena_SUB_3x3_WaterTower_b:PersistentLevel.TrashPile_01_2.StaticMeshComponent0'",
        "ObjectPath": "FortniteGame/Content/Athena/Maps/Buildings/3x3/Athena_SUB_3x3_WaterTower_b.58"
      }
    }
  },
  {
    "Type": "WaterPipe02_C",
    "Name": "WaterPipe02_2",
    "Outer": "PersistentLevel",
    "Class": "BlueprintGeneratedClass'FortniteGame/Content/Building/ActorBlueprints/Prop/WaterPipe02.WaterPipe02_C'",
    "Template": {
      "ObjectName": "WaterPipe02_C'Default__WaterPipe02_C'",
      "ObjectPath": "FortniteGame/Content/Building/ActorBlueprints/Prop/WaterPipe02.1"
    },
    "Properties": {
      "StaticMeshComponent": {
        "ObjectName": "StaticMeshComponent'Athena_SUB_3x3_WaterTower_b:PersistentLevel.WaterPipe02_2.StaticMeshComponent0'",
        "ObjectPath": "FortniteGame/Content/Athena/Maps/Buildings/3x3/Athena_SUB_3x3_WaterTower_b.59"
      },
      "MyGuid": "781CCE76-48048A5E-B71AD596-D5805FED",
      "DataVersion": 1,
      "CullDistance": 20481.217,
      "RootComponent": {
        "ObjectName": "StaticMeshComponent'Athena_SUB_3x3_WaterTower_b:PersistentLevel.WaterPipe02_2.StaticMeshComponent0'",
        "ObjectPath": "FortniteGame/Content/Athena/Maps/Buildings/3x3/Athena_SUB_3x3_WaterTower_b.59"
      }
    }
  },
  {
    "Type": "WaterPipe02_C",
    "Name": "WaterPipe25",
    "Outer": "PersistentLevel",
    "Class": "BlueprintGeneratedClass'FortniteGame/Content/Building/ActorBlueprints/Prop/WaterPipe02.WaterPipe02_C'",
    "Template": {
      "ObjectName": "WaterPipe02_C'Default__WaterPipe02_C'",
      "ObjectPath": "FortniteGame/Content/Building/ActorBlueprints/Prop/WaterPipe02.1"
    },
    "Properties": {
      "StaticMeshComponent": {
        "ObjectName": "StaticMeshComponent'Athena_SUB_3x3_WaterTower_b:PersistentLevel.WaterPipe25.StaticMeshComponent0'",
        "ObjectPath": "FortniteGame/Content/Athena/Maps/Buildings/3x3/Athena_SUB_3x3_WaterTower_b.60"
      },
      "MyGuid": "1B3105F1-44ADA28B-4FA4E8A7-2F2236AB",
      "DataVersion": 1,
      "CullDistance": 20481.217,
      "RootComponent": {
        "ObjectName": "StaticMeshComponent'Athena_SUB_3x3_WaterTower_b:PersistentLevel.WaterPipe25.StaticMeshComponent0'",
        "ObjectPath": "FortniteGame/Content/Athena/Maps/Buildings/3x3/Athena_SUB_3x3_WaterTower_b.60"
      }
    }
  },
  {
    "Type": "WaterTower01_C",
    "Name": "WaterTower01_C_3",
    "Outer": "PersistentLevel",
    "Class": "BlueprintGeneratedClass'FortniteGame/Content/Building/ActorBlueprints/Prop/WaterTower01.WaterTower01_C'",
    "Template": {
      "ObjectName": "WaterTower01_C'Default__WaterTower01_C'",
      "ObjectPath": "FortniteGame/Content/Building/ActorBlueprints/Prop/WaterTower01.1"
    },
    "Properties": {
      "StaticMeshComponent": {
        "ObjectName": "StaticMeshComponent'Athena_SUB_3x3_WaterTower_b:PersistentLevel.WaterTower01_C_3.StaticMeshComponent0'",
        "ObjectPath": "FortniteGame/Content/Athena/Maps/Buildings/3x3/Athena_SUB_3x3_WaterTower_b.61"
      },
      "ParentActorToAttachTo": {
        "ObjectName": "SM_Industrial_Pipe_01_C'Athena_SUB_3x3_WaterTower_b:PersistentLevel.SM_Industrial_Pipe_01_14'",
        "ObjectPath": "FortniteGame/Content/Athena/Maps/Buildings/3x3/Athena_SUB_3x3_WaterTower_b.33"
      },
      "MyGuid": "7563B994-441BDCA3-E9F39CBF-6A2A224E",
      "DataVersion": 1,
      "CullDistance": 0.0,
      "RootComponent": {
        "ObjectName": "StaticMeshComponent'Athena_SUB_3x3_WaterTower_b:PersistentLevel.WaterTower01_C_3.StaticMeshComponent0'",
        "ObjectPath": "FortniteGame/Content/Athena/Maps/Buildings/3x3/Athena_SUB_3x3_WaterTower_b.61"
      }
    }
  },
  {
    "Type": "WaterTower02_C",
    "Name": "WaterTower02",
    "Outer": "PersistentLevel",
    "Class": "BlueprintGeneratedClass'FortniteGame/Content/Building/ActorBlueprints/Prop/WaterTower02.WaterTower02_C'",
    "Template": {
      "ObjectName": "WaterTower02_C'Default__WaterTower02_C'",
      "ObjectPath": "FortniteGame/Content/Building/ActorBlueprints/Prop/WaterTower02.1"
    },
    "Properties": {
      "StaticMeshComponent": {
        "ObjectName": "StaticMeshComponent'Athena_SUB_3x3_WaterTower_b:PersistentLevel.WaterTower02.StaticMeshComponent0'",
        "ObjectPath": "FortniteGame/Content/Athena/Maps/Buildings/3x3/Athena_SUB_3x3_WaterTower_b.62"
      },
      "ParentActorToAttachTo": {
        "ObjectName": "WaterTower01_C'Athena_SUB_3x3_WaterTower_b:PersistentLevel.WaterTower01_C_3'",
        "ObjectPath": "FortniteGame/Content/Athena/Maps/Buildings/3x3/Athena_SUB_3x3_WaterTower_b.70"
      },
      "MyGuid": "E97457CB-4BA5DF67-F7BDC3A1-128BB17B",
      "DataVersion": 1,
      "CullDistance": 0.0,
      "RootComponent": {
        "ObjectName": "StaticMeshComponent'Athena_SUB_3x3_WaterTower_b:PersistentLevel.WaterTower02.StaticMeshComponent0'",
        "ObjectPath": "FortniteGame/Content/Athena/Maps/Buildings/3x3/Athena_SUB_3x3_WaterTower_b.62"
      }
    }
  },
  {
    "Type": "World",
    "Name": "Athena_SUB_3x3_WaterTower_b",
    "Class": "UScriptClass'World'",
    "Properties": {
      "DefaultPhysicsVolume": null
    },
    "PersistentLevel": {
      "ObjectName": "Level'Athena_SUB_3x3_WaterTower_b:PersistentLevel'",
      "ObjectPath": "FortniteGame/Content/Athena/Maps/Buildings/3x3/Athena_SUB_3x3_WaterTower_b.18"
    },
    "ExtraReferencedObjects": [],
    "StreamingLevels": []
  }
]