[
  {
    "Type": "BlueprintGeneratedClass",
    "Name": "Athena_ICE_3x3_SkiLift_a_C",
    "Class": "UScriptClass'BlueprintGeneratedClass'",
    "SuperStruct": {
      "ObjectName": "Class'FortLevelScriptActor'",
      "ObjectPath": "/Script/FortniteGame"
    },
    "ClassFlags": "CLASS_Optional | CLASS_NotPlaceable | CLASS_ReplicationDataIsSetUp | CLASS_CompiledFromBlueprint | CLASS_HasInstancedReference",
    "ClassWithin": {
      "ObjectName": "Class'Object'",
      "ObjectPath": "/Script/CoreUObject"
    },
    "ClassConfigName": "Engine",
    "bCooked": true,
    "ClassDefaultObject": {
      "ObjectName": "Athena_ICE_3x3_SkiLift_a_C'Default__Athena_ICE_3x3_SkiLift_a_C'",
      "ObjectPath": "FortniteGame/Content/Athena/Maps/Buildings/3x3/Athena_ICE_3x3_SkiLift_a.1"
    }
  },
  {
    "Type": "Athena_ICE_3x3_SkiLift_a_C",
    "Name": "Default__Athena_ICE_3x3_SkiLift_a_C",
    "Class": "BlueprintGeneratedClass'FortniteGame/Content/Athena/Maps/Buildings/3x3/Athena_ICE_3x3_SkiLift_a.Athena_ICE_3x3_SkiLift_a_C'"
  },
  {
    "Type": "Athena_ICE_3x3_SkiLift_a_C",
    "Name": "Athena_ICE_3x3_SkiLift_a_C_1",
    "Outer": "PersistentLevel",
    "Class": "BlueprintGeneratedClass'FortniteGame/Content/Athena/Maps/Buildings/3x3/Athena_ICE_3x3_SkiLift_a.Athena_ICE_3x3_SkiLift_a_C'",
    "Template": {
      "ObjectName": "Athena_ICE_3x3_SkiLift_a_C'Default__Athena_ICE_3x3_SkiLift_a_C'",
      "ObjectPath": "FortniteGame/Content/Athena/Maps/Buildings/3x3/Athena_ICE_3x3_SkiLift_a.1"
    }
  },
  {
    "Type": "AudioComponent",
    "Name": "Chest_Ambient_Sound",
    "Outer": "Tiered_Chest_Athena_2",
    "Class": "UScriptClass'AudioComponent'",
    "Template": {
      "ObjectName": "AudioComponent'Tiered_Chest_Athena_C:AudioComponent_1'",
      "ObjectPath": "FortniteGame/Content/Building/ActorBlueprints/Containers/Tiered_Chest_Athena.49"
    },
    "Properties": {
      "AttachParent": {
        "ObjectName": "StaticMeshComponent'Athena_ICE_3x3_SkiLift_a:PersistentLevel.Tiered_Chest_Athena_2.StaticMeshComponent0'",
        "ObjectPath": "FortniteGame/Content/Athena/Maps/Buildings/3x3/Athena_ICE_3x3_SkiLift_a.40"
      },
      "bNetAddressable": true,
      "CreationMethod": "EComponentCreationMethod::SimpleConstructionScript"
    }
  },
  {
    "Type": "BoxComponent",
    "Name": "BoxComponent0",
    "Outer": "LevelBounds_0",
    "Class": "UScriptClass'BoxComponent'",
    "Properties": {
      "AreaClass": {
        "ObjectName": "Class'FortMetaNavArea_Obstacles'",
        "ObjectPath": "/Script/FortniteGame"
      },
      "BodyInstance": {
        "MaxAngularVelocity": 3599.9998
      },
      "RelativeLocation": {
        "X": -512.0,
        "Y": 227.76385,
        "Z": 470.83813
      },
      "RelativeScale3D": {
        "X": 1536.0,
        "Y": 1080.4723,
        "Z": 1149.6763
      }
    }
  },
  {
    "Type": "FortWorldSettings",
    "Name": "FortWorldSettings",
    "Outer": "PersistentLevel",
    "Class": "UScriptClass'FortWorldSettings'",
    "Properties": {
      "WorldCells": [
        2147483647,
        1
      ],
      "WorldCellsOrigin": {
        "X": -1024.0,
        "Y": 0.0,
        "Z": 0.0
      },
      "MinCullObjectSize": 64.0,
      "MinCullDistance": 2800.0,
      "MaxCullObjectSize": 1000.0,
      "MaxCullDistance": 40000.0,
      "NavigationSystemConfig": {
        "ObjectName": "NavigationSystemModuleConfig'Athena_ICE_3x3_SkiLift_a:PersistentLevel.FortWorldSettings.NavigationSystemModuleConfig_0'",
        "ObjectPath": "FortniteGame/Content/Athena/Maps/Buildings/3x3/Athena_ICE_3x3_SkiLift_a.19"
      },
      "BookmarkArray": [
        null,
        null,
        null,
        null,
        null,
        null,
        null,
        null,
        null,
        null
      ]
    }
  },
  {
    "Type": "Girder02_Archway_C",
    "Name": "Girder02_Archway2",
    "Outer": "PersistentLevel",
    "Class": "BlueprintGeneratedClass'FortniteGame/Content/Building/ActorBlueprints/Wall/Girder02_Archway.Girder02_Archway_C'",
    "Template": {
      "ObjectName": "Girder02_Archway_C'Default__Girder02_Archway_C'",
      "ObjectPath": "FortniteGame/Content/Building/ActorBlueprints/Wall/Girder02_Archway.1"
    },
    "Properties": {
      "StaticMeshComponent": {
        "ObjectName": "StaticMeshComponent'Athena_ICE_3x3_SkiLift_a:PersistentLevel.Girder02_Archway2.StaticMeshComponent0'",
        "ObjectPath": "FortniteGame/Content/Athena/Maps/Buildings/3x3/Athena_ICE_3x3_SkiLift_a.25"
      },
      "MyGuid": "AE67AC89-4167165E-A4848EA0-6B27B6CB",
      "DataVersion": 1,
      "CullDistance": 0.0,
      "RootComponent": {
        "ObjectName": "StaticMeshComponent'Athena_ICE_3x3_SkiLift_a:PersistentLevel.Girder02_Archway2.StaticMeshComponent0'",
        "ObjectPath": "FortniteGame/Content/Athena/Maps/Buildings/3x3/Athena_ICE_3x3_SkiLift_a.25"
      }
    }
  },
  {
    "Type": "Girder02_Archway_C",
    "Name": "Girder02_Archway3",
    "Outer": "PersistentLevel",
    "Class": "BlueprintGeneratedClass'FortniteGame/Content/Building/ActorBlueprints/Wall/Girder02_Archway.Girder02_Archway_C'",
    "Template": {
      "ObjectName": "Girder02_Archway_C'Default__Girder02_Archway_C'",
      "ObjectPath": "FortniteGame/Content/Building/ActorBlueprints/Wall/Girder02_Archway.1"
    },
    "Properties": {
      "StaticMeshComponent": {
        "ObjectName": "StaticMeshComponent'Athena_ICE_3x3_SkiLift_a:PersistentLevel.Girder02_Archway3.StaticMeshComponent0'",
        "ObjectPath": "FortniteGame/Content/Athena/Maps/Buildings/3x3/Athena_ICE_3x3_SkiLift_a.26"
      },
      "MyGuid": "BABD2EF7-48514DFF-068C6896-19B83370",
      "DataVersion": 1,
      "CullDistance": 0.0,
      "RootComponent": {
        "ObjectName": "StaticMeshComponent'Athena_ICE_3x3_SkiLift_a:PersistentLevel.Girder02_Archway3.StaticMeshComponent0'",
        "ObjectPath": "FortniteGame/Content/Athena/Maps/Buildings/3x3/Athena_ICE_3x3_SkiLift_a.26"
      }
    }
  },
  {
    "Type": "Girder02_Archway_C",
    "Name": "Girder02_Archway4",
    "Outer": "PersistentLevel",
    "Class": "BlueprintGeneratedClass'FortniteGame/Content/Building/ActorBlueprints/Wall/Girder02_Archway.Girder02_Archway_C'",
    "Template": {
      "ObjectName": "Girder02_Archway_C'Default__Girder02_Archway_C'",
      "ObjectPath": "FortniteGame/Content/Building/ActorBlueprints/Wall/Girder02_Archway.1"
    },
    "Properties": {
      "StaticMeshComponent": {
        "ObjectName": "StaticMeshComponent'Athena_ICE_3x3_SkiLift_a:PersistentLevel.Girder02_Archway4.StaticMeshComponent0'",
        "ObjectPath": "FortniteGame/Content/Athena/Maps/Buildings/3x3/Athena_ICE_3x3_SkiLift_a.27"
      },
      "MyGuid": "E3EE9ED5-481DF76E-70DB72A6-A60D9D52",
      "DataVersion": 1,
      "CullDistance": 0.0,
      "RootComponent": {
        "ObjectName": "StaticMeshComponent'Athena_ICE_3x3_SkiLift_a:PersistentLevel.Girder02_Archway4.StaticMeshComponent0'",
        "ObjectPath": "FortniteGame/Content/Athena/Maps/Buildings/3x3/Athena_ICE_3x3_SkiLift_a.27"
      }
    }
  },
  {
    "Type": "Girder02_Archway_C",
    "Name": "Girder02_Archway_2",
    "Outer": "PersistentLevel",
    "Class": "BlueprintGeneratedClass'FortniteGame/Content/Building/ActorBlueprints/Wall/Girder02_Archway.Girder02_Archway_C'",
    "Template": {
      "ObjectName": "Girder02_Archway_C'Default__Girder02_Archway_C'",
      "ObjectPath": "FortniteGame/Content/Building/ActorBlueprints/Wall/Girder02_Archway.1"
    },
    "Properties": {
      "StaticMeshComponent": {
        "ObjectName": "StaticMeshComponent'Athena_ICE_3x3_SkiLift_a:PersistentLevel.Girder02_Archway_2.StaticMeshComponent0'",
        "ObjectPath": "FortniteGame/Content/Athena/Maps/Buildings/3x3/Athena_ICE_3x3_SkiLift_a.28"
      },
      "MyGuid": "CB768944-4953E802-966F53A1-1AC09F5C",
      "DataVersion": 1,
      "CullDistance": 0.0,
      "RootComponent": {
        "ObjectName": "StaticMeshComponent'Athena_ICE_3x3_SkiLift_a:PersistentLevel.Girder02_Archway_2.StaticMeshComponent0'",
        "ObjectPath": "FortniteGame/Content/Athena/Maps/Buildings/3x3/Athena_ICE_3x3_SkiLift_a.28"
      }
    }
  },
  {
    "Type": "IDN_Rusty_Catwalk_Floor_C",
    "Name": "IDN_Rusty_Catwalk_Floor_2",
    "Outer": "PersistentLevel",
    "Class": "BlueprintGeneratedClass'FortniteGame/Content/Building/ActorBlueprints/Floor/IDN_Rusty_Catwalk_Floor.IDN_Rusty_Catwalk_Floor_C'",
    "Template": {
      "ObjectName": "IDN_Rusty_Catwalk_Floor_C'Default__IDN_Rusty_Catwalk_Floor_C'",
      "ObjectPath": "FortniteGame/Content/Building/ActorBlueprints/Floor/IDN_Rusty_Catwalk_Floor.1"
    },
    "Properties": {
      "TextureData": {
        "ObjectName": "BuildingTextureData'ResearchBase_Walkways_02'",
        "ObjectPath": "FortniteGame/Content/Building/TextureData/PropOverrides/ResearchBase_Walkways_02.0"
      },
      "StaticMeshComponent": {
        "ObjectName": "StaticMeshComponent'Athena_ICE_3x3_SkiLift_a:PersistentLevel.IDN_Rusty_Catwalk_Floor_2.StaticMeshComponent0'",
        "ObjectPath": "FortniteGame/Content/Athena/Maps/Buildings/3x3/Athena_ICE_3x3_SkiLift_a.29"
      },
      "BaseMaterial": {
        "ObjectName": "MaterialInstanceConstant'M_IND_Rusty_Catwalks_1'",
        "ObjectPath": "FortniteGame/Content/Environments/Sets/SmokeStack/Materials/M_IND_Rusty_Catwalks_1.0"
      },
      "MyGuid": "48192D1A-407FED59-C1888AB1-10D312B9",
      "DataVersion": 1,
      "CullDistance": 0.0,
      "RootComponent": {
        "ObjectName": "StaticMeshComponent'Athena_ICE_3x3_SkiLift_a:PersistentLevel.IDN_Rusty_Catwalk_Floor_2.StaticMeshComponent0'",
        "ObjectPath": "FortniteGame/Content/Athena/Maps/Buildings/3x3/Athena_ICE_3x3_SkiLift_a.29"
      }
    }
  },
  {
    "Type": "IDN_Rusty_Catwalk_Straight_C",
    "Name": "IDN_Rusty_Catwalk_Straight_2",
    "Outer": "PersistentLevel",
    "Class": "BlueprintGeneratedClass'FortniteGame/Content/Building/ActorBlueprints/Floor/IDN_Rusty_Catwalk_Straight.IDN_Rusty_Catwalk_Straight_C'",
    "Template": {
      "ObjectName": "IDN_Rusty_Catwalk_Straight_C'Default__IDN_Rusty_Catwalk_Straight_C'",
      "ObjectPath": "FortniteGame/Content/Building/ActorBlueprints/Floor/IDN_Rusty_Catwalk_Straight.1"
    },
    "Properties": {
      "TextureData": {
        "ObjectName": "BuildingTextureData'ResearchBase_Walkways_02'",
        "ObjectPath": "FortniteGame/Content/Building/TextureData/PropOverrides/ResearchBase_Walkways_02.0"
      },
      "StaticMeshComponent": {
        "ObjectName": "StaticMeshComponent'Athena_ICE_3x3_SkiLift_a:PersistentLevel.IDN_Rusty_Catwalk_Straight_2.StaticMeshComponent0'",
        "ObjectPath": "FortniteGame/Content/Athena/Maps/Buildings/3x3/Athena_ICE_3x3_SkiLift_a.30"
      },
      "BaseMaterial": {
        "ObjectName": "MaterialInstanceConstant'M_IND_Rusty_Catwalks_1'",
        "ObjectPath": "FortniteGame/Content/Environments/Sets/SmokeStack/Materials/M_IND_Rusty_Catwalks_1.0"
      },
      "MyGuid": "D9569A78-4C569177-D597B993-0BEF184B",
      "DataVersion": 1,
      "CullDistance": 0.0,
      "RootComponent": {
        "ObjectName": "StaticMeshComponent'Athena_ICE_3x3_SkiLift_a:PersistentLevel.IDN_Rusty_Catwalk_Straight_2.StaticMeshComponent0'",
        "ObjectPath": "FortniteGame/Content/Athena/Maps/Buildings/3x3/Athena_ICE_3x3_SkiLift_a.30"
      }
    }
  },
  {
    "Type": "IND_Rusty_Catwalk_Railing_C",
    "Name": "IND_Rusty_Catwalk_Railing_2",
    "Outer": "PersistentLevel",
    "Class": "BlueprintGeneratedClass'FortniteGame/Content/Building/ActorBlueprints/Wall/IND_Rusty_Catwalk_Railing.IND_Rusty_Catwalk_Railing_C'",
    "Template": {
      "ObjectName": "IND_Rusty_Catwalk_Railing_C'Default__IND_Rusty_Catwalk_Railing_C'",
      "ObjectPath": "FortniteGame/Content/Building/ActorBlueprints/Wall/IND_Rusty_Catwalk_Railing.1"
    },
    "Properties": {
      "TextureData": {
        "ObjectName": "BuildingTextureData'ResearchBase_Walkways_02'",
        "ObjectPath": "FortniteGame/Content/Building/TextureData/PropOverrides/ResearchBase_Walkways_02.0"
      },
      "StaticMeshComponent": {
        "ObjectName": "StaticMeshComponent'Athena_ICE_3x3_SkiLift_a:PersistentLevel.IND_Rusty_Catwalk_Railing_2.StaticMeshComponent0'",
        "ObjectPath": "FortniteGame/Content/Athena/Maps/Buildings/3x3/Athena_ICE_3x3_SkiLift_a.31"
      },
      "BaseMaterial": {
        "ObjectName": "MaterialInstanceConstant'M_IND_Rusty_Catwalks_1'",
        "ObjectPath": "FortniteGame/Content/Environments/Sets/SmokeStack/Materials/M_IND_Rusty_Catwalks_1.0"
      },
      "MyGuid": "8379CA2F-46A51CA9-91AAB7AB-2CD646D7",
      "DataVersion": 1,
      "CullDistance": 19918.97,
      "RootComponent": {
        "ObjectName": "StaticMeshComponent'Athena_ICE_3x3_SkiLift_a:PersistentLevel.IND_Rusty_Catwalk_Railing_2.StaticMeshComponent0'",
        "ObjectPath": "FortniteGame/Content/Athena/Maps/Buildings/3x3/Athena_ICE_3x3_SkiLift_a.31"
      }
    }
  },
  {
    "Type": "IND_Rusty_Catwalk_Stair1_C",
    "Name": "IND_Rusty_Catwalk_Stair2_6",
    "Outer": "PersistentLevel",
    "Class": "BlueprintGeneratedClass'FortniteGame/Content/Building/ActorBlueprints/Stairs/IND_Rusty_Catwalk_Stair1.IND_Rusty_Catwalk_Stair1_C'",
    "Template": {
      "ObjectName": "IND_Rusty_Catwalk_Stair1_C'Default__IND_Rusty_Catwalk_Stair1_C'",
      "ObjectPath": "FortniteGame/Content/Building/ActorBlueprints/Stairs/IND_Rusty_Catwalk_Stair1.1"
    },
    "Properties": {
      "TextureData": {
        "ObjectName": "BuildingTextureData'ResearchBase_Walkways_02'",
        "ObjectPath": "FortniteGame/Content/Building/TextureData/PropOverrides/ResearchBase_Walkways_02.0"
      },
      "StaticMeshComponent": {
        "ObjectName": "StaticMeshComponent'Athena_ICE_3x3_SkiLift_a:PersistentLevel.IND_Rusty_Catwalk_Stair2_6.StaticMeshComponent0'",
        "ObjectPath": "FortniteGame/Content/Athena/Maps/Buildings/3x3/Athena_ICE_3x3_SkiLift_a.32"
      },
      "BaseMaterial": {
        "ObjectName": "MaterialInstanceConstant'M_IND_Rusty_Catwalks_1'",
        "ObjectPath": "FortniteGame/Content/Environments/Sets/SmokeStack/Materials/M_IND_Rusty_Catwalks_1.0"
      },
      "MyGuid": "264F518E-4B9D94C5-B3F38EA7-7D459A1D",
      "DataVersion": 1,
      "CullDistance": 0.0,
      "RootComponent": {
        "ObjectName": "StaticMeshComponent'Athena_ICE_3x3_SkiLift_a:PersistentLevel.IND_Rusty_Catwalk_Stair2_6.StaticMeshComponent0'",
        "ObjectPath": "FortniteGame/Content/Athena/Maps/Buildings/3x3/Athena_ICE_3x3_SkiLift_a.32"
      }
    }
  },
  {
    "Type": "IND_Rusty_Catwalk_Stair1_C",
    "Name": "IND_Rusty_Catwalk_Stair3",
    "Outer": "PersistentLevel",
    "Class": "BlueprintGeneratedClass'FortniteGame/Content/Building/ActorBlueprints/Stairs/IND_Rusty_Catwalk_Stair1.IND_Rusty_Catwalk_Stair1_C'",
    "Template": {
      "ObjectName": "IND_Rusty_Catwalk_Stair1_C'Default__IND_Rusty_Catwalk_Stair1_C'",
      "ObjectPath": "FortniteGame/Content/Building/ActorBlueprints/Stairs/IND_Rusty_Catwalk_Stair1.1"
    },
    "Properties": {
      "TextureData": {
        "ObjectName": "BuildingTextureData'ResearchBase_Walkways_02'",
        "ObjectPath": "FortniteGame/Content/Building/TextureData/PropOverrides/ResearchBase_Walkways_02.0"
      },
      "bMirrored": true,
      "StaticMeshComponent": {
        "ObjectName": "StaticMeshComponent'Athena_ICE_3x3_SkiLift_a:PersistentLevel.IND_Rusty_Catwalk_Stair3.StaticMeshComponent0'",
        "ObjectPath": "FortniteGame/Content/Athena/Maps/Buildings/3x3/Athena_ICE_3x3_SkiLift_a.33"
      },
      "BaseMaterial": {
        "ObjectName": "MaterialInstanceConstant'M_IND_Rusty_Catwalks_1'",
        "ObjectPath": "FortniteGame/Content/Environments/Sets/SmokeStack/Materials/M_IND_Rusty_Catwalks_1.0"
      },
      "MyGuid": "8C5EC3FC-42F9B64F-6DD1D780-38B3704A",
      "DataVersion": 1,
      "CullDistance": 0.0,
      "RootComponent": {
        "ObjectName": "StaticMeshComponent'Athena_ICE_3x3_SkiLift_a:PersistentLevel.IND_Rusty_Catwalk_Stair3.StaticMeshComponent0'",
        "ObjectPath": "FortniteGame/Content/Athena/Maps/Buildings/3x3/Athena_ICE_3x3_SkiLift_a.33"
      }
    }
  },
  {
    "Type": "Level",
    "Name": "PersistentLevel",
    "Outer": "Athena_ICE_3x3_SkiLift_a",
    "Class": "UScriptClass'Level'",
    "Properties": {
      "Model": {
        "ObjectName": "Model'Athena_ICE_3x3_SkiLift_a:PersistentLevel.Model_0'",
        "ObjectPath": "FortniteGame/Content/Athena/Maps/Buildings/3x3/Athena_ICE_3x3_SkiLift_a.18"
      },
      "LevelScriptActor": {
        "ObjectName": "Athena_ICE_3x3_SkiLift_a_C'Athena_ICE_3x3_SkiLift_a:PersistentLevel.Athena_ICE_3x3_SkiLift_a_C_1'",
        "ObjectPath": "FortniteGame/Content/Athena/Maps/Buildings/3x3/Athena_ICE_3x3_SkiLift_a.2"
      },
      "LevelBuildDataId": "E0BD8E9E-46616929-DD24DAB3-F168FC40",
      "WorldSettings": {
        "ObjectName": "FortWorldSettings'Athena_ICE_3x3_SkiLift_a:PersistentLevel.FortWorldSettings'",
        "ObjectPath": "FortniteGame/Content/Athena/Maps/Buildings/3x3/Athena_ICE_3x3_SkiLift_a.5"
      }
    },
    "Actors": [
      {
        "ObjectName": "FortWorldSettings'Athena_ICE_3x3_SkiLift_a:PersistentLevel.FortWorldSettings'",
        "ObjectPath": "FortniteGame/Content/Athena/Maps/Buildings/3x3/Athena_ICE_3x3_SkiLift_a.5"
      },
      null,
      {
        "ObjectName": "LevelBounds'Athena_ICE_3x3_SkiLift_a:PersistentLevel.LevelBounds_0'",
        "ObjectPath": "FortniteGame/Content/Athena/Maps/Buildings/3x3/Athena_ICE_3x3_SkiLift_a.16"
      },
      {
        "ObjectName": "LODActor'Athena_ICE_3x3_SkiLift_a:PersistentLevel.LODActor_0'",
        "ObjectPath": "FortniteGame/Content/Athena/Maps/Buildings/3x3/Athena_ICE_3x3_SkiLift_a.17"
      },
      {
        "ObjectName": "Prop_Winter_SkiLift_Support_Column_C'Athena_ICE_3x3_SkiLift_a:PersistentLevel.Prop_Winter_SkiLift_Support_Column_2'",
        "ObjectPath": "FortniteGame/Content/Athena/Maps/Buildings/3x3/Athena_ICE_3x3_SkiLift_a.24"
      },
      {
        "ObjectName": "Prop_Winter_SkiLift_Bench_C'Athena_ICE_3x3_SkiLift_a:PersistentLevel.Prop_Winter_SkiLift_Bench_2'",
        "ObjectPath": "FortniteGame/Content/Athena/Maps/Buildings/3x3/Athena_ICE_3x3_SkiLift_a.23"
      },
      {
        "ObjectName": "Prop_Winter_SkiLift_Bench_C'Athena_ICE_3x3_SkiLift_a:PersistentLevel.Prop_Winter_SkiLift_Bench2'",
        "ObjectPath": "FortniteGame/Content/Athena/Maps/Buildings/3x3/Athena_ICE_3x3_SkiLift_a.22"
      },
      {
        "ObjectName": "IDN_Rusty_Catwalk_Floor_C'Athena_ICE_3x3_SkiLift_a:PersistentLevel.IDN_Rusty_Catwalk_Floor_2'",
        "ObjectPath": "FortniteGame/Content/Athena/Maps/Buildings/3x3/Athena_ICE_3x3_SkiLift_a.10"
      },
      {
        "ObjectName": "Girder02_Archway_C'Athena_ICE_3x3_SkiLift_a:PersistentLevel.Girder02_Archway_2'",
        "ObjectPath": "FortniteGame/Content/Athena/Maps/Buildings/3x3/Athena_ICE_3x3_SkiLift_a.9"
      },
      {
        "ObjectName": "Girder02_Archway_C'Athena_ICE_3x3_SkiLift_a:PersistentLevel.Girder02_Archway2'",
        "ObjectPath": "FortniteGame/Content/Athena/Maps/Buildings/3x3/Athena_ICE_3x3_SkiLift_a.6"
      },
      {
        "ObjectName": "Girder02_Archway_C'Athena_ICE_3x3_SkiLift_a:PersistentLevel.Girder02_Archway3'",
        "ObjectPath": "FortniteGame/Content/Athena/Maps/Buildings/3x3/Athena_ICE_3x3_SkiLift_a.7"
      },
      {
        "ObjectName": "IND_Rusty_Catwalk_Railing_C'Athena_ICE_3x3_SkiLift_a:PersistentLevel.IND_Rusty_Catwalk_Railing_2'",
        "ObjectPath": "FortniteGame/Content/Athena/Maps/Buildings/3x3/Athena_ICE_3x3_SkiLift_a.12"
      },
      {
        "ObjectName": "IND_Rusty_Catwalk_Stair1_C'Athena_ICE_3x3_SkiLift_a:PersistentLevel.IND_Rusty_Catwalk_Stair2_6'",
        "ObjectPath": "FortniteGame/Content/Athena/Maps/Buildings/3x3/Athena_ICE_3x3_SkiLift_a.13"
      },
      {
        "ObjectName": "IND_Rusty_Catwalk_Stair1_C'Athena_ICE_3x3_SkiLift_a:PersistentLevel.IND_Rusty_Catwalk_Stair3'",
        "ObjectPath": "FortniteGame/Content/Athena/Maps/Buildings/3x3/Athena_ICE_3x3_SkiLift_a.14"
      },
      {
        "ObjectName": "IDN_Rusty_Catwalk_Straight_C'Athena_ICE_3x3_SkiLift_a:PersistentLevel.IDN_Rusty_Catwalk_Straight_2'",
        "ObjectPath": "FortniteGame/Content/Athena/Maps/Buildings/3x3/Athena_ICE_3x3_SkiLift_a.11"
      },
      {
        "ObjectName": "Girder02_Archway_C'Athena_ICE_3x3_SkiLift_a:PersistentLevel.Girder02_Archway4'",
        "ObjectPath": "FortniteGame/Content/Athena/Maps/Buildings/3x3/Athena_ICE_3x3_SkiLift_a.8"
      },
      {
        "ObjectName": "Tiered_Chest_Athena_C'Athena_ICE_3x3_SkiLift_a:PersistentLevel.Tiered_Chest_Athena_2'",
        "ObjectPath": "FortniteGame/Content/Athena/Maps/Buildings/3x3/Athena_ICE_3x3_SkiLift_a.42"
      },
      {
        "ObjectName": "Tiered_Athena_FloorLoot_01_C'Athena_ICE_3x3_SkiLift_a:PersistentLevel.Tiered_Athena_FloorLoot_01_2'",
        "ObjectPath": "FortniteGame/Content/Athena/Maps/Buildings/3x3/Athena_ICE_3x3_SkiLift_a.41"
      },
      {
        "ObjectName": "Athena_ICE_3x3_SkiLift_a_C'Athena_ICE_3x3_SkiLift_a:PersistentLevel.Athena_ICE_3x3_SkiLift_a_C_1'",
        "ObjectPath": "FortniteGame/Content/Athena/Maps/Buildings/3x3/Athena_ICE_3x3_SkiLift_a.2"
      }
    ],
    "URL": {
      "Protocol": "unreal",
      "Host": "",
      "Port": 7777,
      "Valid": true,
      "Map": "/Game/Maps/Frontend",
      "Op": [],
      "Portal": ""
    },
    "Model": {
      "ObjectName": "Model'Athena_ICE_3x3_SkiLift_a:PersistentLevel.Model_0'",
      "ObjectPath": "FortniteGame/Content/Athena/Maps/Buildings/3x3/Athena_ICE_3x3_SkiLift_a.18"
    },
    "ModelComponents": [],
    "LevelScriptActor": {
      "ObjectName": "Athena_ICE_3x3_SkiLift_a_C'Athena_ICE_3x3_SkiLift_a:PersistentLevel.Athena_ICE_3x3_SkiLift_a_C_1'",
      "ObjectPath": "FortniteGame/Content/Athena/Maps/Buildings/3x3/Athena_ICE_3x3_SkiLift_a.2"
    },
    "NavListStart": null,
    "NavListEnd": null,
    "PrecomputedVisibilityHandler": {
      "PrecomputedVisibilityCellBucketOriginXY": {
        "X": 0.0,
        "Y": 0.0
      },
      "PrecomputedVisibilityCellSizeXY": 0.0,
      "PrecomputedVisibilityCellSizeZ": 0.0,
      "PrecomputedVisibilityCellBucketSizeXY": 0,
      "PrecomputedVisibilityNumCellBuckets": 0,
      "PrecomputedVisibilityCellBuckets": []
    },
    "PrecomputedVolumeDistanceField": {
      "VolumeMaxDistance": 0.0,
      "VolumeBox": {
        "Min": {
          "X": 0.0,
          "Y": 0.0,
          "Z": 0.0
        },
        "Max": {
          "X": 0.0,
          "Y": 0.0,
          "Z": 0.0
        },
        "IsValid": 0
      },
      "VolumeSizeX": 0,
      "VolumeSizeY": 0,
      "VolumeSizeZ": 0,
      "Data": []
    }
  },
  {
    "Type": "LevelBounds",
    "Name": "LevelBounds_0",
    "Outer": "PersistentLevel",
    "Class": "UScriptClass'LevelBounds'",
    "Properties": {
      "RootComponent": {
        "ObjectName": "BoxComponent'Athena_ICE_3x3_SkiLift_a:PersistentLevel.LevelBounds_0.BoxComponent0'",
        "ObjectPath": "FortniteGame/Content/Athena/Maps/Buildings/3x3/Athena_ICE_3x3_SkiLift_a.4"
      }
    }
  },
  {
    "Type": "LODActor",
    "Name": "LODActor_0",
    "Outer": "PersistentLevel",
    "Class": "UScriptClass'LODActor'",
    "Properties": {
      "StaticMeshComponent": {
        "ObjectName": "StaticMeshComponent'Athena_ICE_3x3_SkiLift_a:PersistentLevel.LODActor_0.StaticMeshComponent0'",
        "ObjectPath": "FortniteGame/Content/Athena/Maps/Buildings/3x3/Athena_ICE_3x3_SkiLift_a.34"
      },
      "Proxy": {
        "ObjectName": "HLODProxy'Athena_ICE_3x3_SkiLift_a_0_HLOD'",
        "ObjectPath": "FortniteGame/Content/Athena/Maps/Buildings/3x3/HLOD/Athena_ICE_3x3_SkiLift_a_0_HLOD.1"
      },
      "Key": "76927B120C6645ACB9200E7FB8896AC3_446C280B47A24DEF94A9FE85B272F6CF_B6397B6E_1B864DD1_9FDA775F_ProxyLODMeshReduction",
      "LODDrawDistance": 35202.215,
      "LODLevel": 1,
      "SubActors": [
        {
          "ObjectName": "Prop_Winter_SkiLift_Support_Column_C'Athena_ICE_3x3_SkiLift_a:PersistentLevel.Prop_Winter_SkiLift_Support_Column_2'",
          "ObjectPath": "FortniteGame/Content/Athena/Maps/Buildings/3x3/Athena_ICE_3x3_SkiLift_a.24"
        },
        {
          "ObjectName": "IDN_Rusty_Catwalk_Floor_C'Athena_ICE_3x3_SkiLift_a:PersistentLevel.IDN_Rusty_Catwalk_Floor_2'",
          "ObjectPath": "FortniteGame/Content/Athena/Maps/Buildings/3x3/Athena_ICE_3x3_SkiLift_a.10"
        },
        {
          "ObjectName": "Girder02_Archway_C'Athena_ICE_3x3_SkiLift_a:PersistentLevel.Girder02_Archway_2'",
          "ObjectPath": "FortniteGame/Content/Athena/Maps/Buildings/3x3/Athena_ICE_3x3_SkiLift_a.9"
        },
        {
          "ObjectName": "Girder02_Archway_C'Athena_ICE_3x3_SkiLift_a:PersistentLevel.Girder02_Archway2'",
          "ObjectPath": "FortniteGame/Content/Athena/Maps/Buildings/3x3/Athena_ICE_3x3_SkiLift_a.6"
        },
        {
          "ObjectName": "Girder02_Archway_C'Athena_ICE_3x3_SkiLift_a:PersistentLevel.Girder02_Archway3'",
          "ObjectPath": "FortniteGame/Content/Athena/Maps/Buildings/3x3/Athena_ICE_3x3_SkiLift_a.7"
        },
        {
          "ObjectName": "IND_Rusty_Catwalk_Stair1_C'Athena_ICE_3x3_SkiLift_a:PersistentLevel.IND_Rusty_Catwalk_Stair2_6'",
          "ObjectPath": "FortniteGame/Content/Athena/Maps/Buildings/3x3/Athena_ICE_3x3_SkiLift_a.13"
        },
        {
          "ObjectName": "IND_Rusty_Catwalk_Stair1_C'Athena_ICE_3x3_SkiLift_a:PersistentLevel.IND_Rusty_Catwalk_Stair3'",
          "ObjectPath": "FortniteGame/Content/Athena/Maps/Buildings/3x3/Athena_ICE_3x3_SkiLift_a.14"
        },
        {
          "ObjectName": "IDN_Rusty_Catwalk_Straight_C'Athena_ICE_3x3_SkiLift_a:PersistentLevel.IDN_Rusty_Catwalk_Straight_2'",
          "ObjectPath": "FortniteGame/Content/Athena/Maps/Buildings/3x3/Athena_ICE_3x3_SkiLift_a.11"
        },
        {
          "ObjectName": "Girder02_Archway_C'Athena_ICE_3x3_SkiLift_a:PersistentLevel.Girder02_Archway4'",
          "ObjectPath": "FortniteGame/Content/Athena/Maps/Buildings/3x3/Athena_ICE_3x3_SkiLift_a.8"
        }
      ],
      "RootComponent": {
        "ObjectName": "StaticMeshComponent'Athena_ICE_3x3_SkiLift_a:PersistentLevel.LODActor_0.StaticMeshComponent0'",
        "ObjectPath": "FortniteGame/Content/Athena/Maps/Buildings/3x3/Athena_ICE_3x3_SkiLift_a.34"
      }
    }
  },
  {
    "Type": "Model",
    "Name": "Model_0",
    "Outer": "PersistentLevel",
    "Class": "UScriptClass'Model'",
    "Bounds": {
      "Origin": {
        "X": 0.0,
        "Y": 0.0,
        "Z": 0.0
      },
      "BoxExtent": {
        "X": 0.0,
        "Y": 0.0,
        "Z": 0.0
      },
      "SphereRadius": 0.0
    },
    "Vectors": [],
    "Points": [],
    "Nodes": [],
    "Surfs": [],
    "NumSharedSides": 4,
    "VertexBuffer": {
      "Vertices": []
    },
    "LightingGuid": "C9E0AB05-41BA6749-B8BF3AAE-13CA64A2",
    "LightmassSettings": []
  },
  {
    "Type": "NavigationSystemModuleConfig",
    "Name": "NavigationSystemModuleConfig_0",
    "Outer": "FortWorldSettings",
    "Class": "UScriptClass'NavigationSystemModuleConfig'",
    "Properties": {
      "bAutoSpawnMissingNavData": true,
      "NavigationSystemClass": {
        "AssetPathName": "/Script/FortniteGame.FortNavSystem",
        "SubPathString": ""
      }
    }
  },
  {
    "Type": "ParticleSystemComponent",
    "Name": "P_Loot_Chest_Aura_Athena",
    "Outer": "Tiered_Chest_Athena_2",
    "Class": "UScriptClass'ParticleSystemComponent'",
    "Template": {
      "ObjectName": "ParticleSystemComponent'Tiered_Chest_Athena_C:P_Loot_Chest_Aura_Athena_GEN_VARIABLE'",
      "ObjectPath": "FortniteGame/Content/Building/ActorBlueprints/Containers/Tiered_Chest_Athena.155"
    },
    "Properties": {
      "CachedMaxDrawDistance": 8915.371,
      "AttachParent": {
        "ObjectName": "StaticMeshComponent'Athena_ICE_3x3_SkiLift_a:PersistentLevel.Tiered_Chest_Athena_2.S_Chest_SmokeSheet'",
        "ObjectPath": "FortniteGame/Content/Athena/Maps/Buildings/3x3/Athena_ICE_3x3_SkiLift_a.39"
      },
      "bNetAddressable": true,
      "CreationMethod": "EComponentCreationMethod::SimpleConstructionScript"
    }
  },
  {
    "Type": "PointLightComponent",
    "Name": "TrasureLight",
    "Outer": "Tiered_Chest_Athena_2",
    "Class": "UScriptClass'PointLightComponent'",
    "Template": {
      "ObjectName": "PointLightComponent'Tiered_Chest_Athena_C:TrasureLight_GEN_VARIABLE'",
      "ObjectPath": "FortniteGame/Content/Building/ActorBlueprints/Containers/Tiered_Chest_Athena.156"
    },
    "Properties": {
      "MaxDrawDistance": 8915.371,
      "MaxDistanceFadeRange": 2048.0,
      "LightGuid": "0B0E7034-4AE93FDC-BEB11892-C1B08EFA",
      "VolumetricScatteringIntensity": 1.0,
      "AttachParent": {
        "ObjectName": "StaticMeshComponent'Athena_ICE_3x3_SkiLift_a:PersistentLevel.Tiered_Chest_Athena_2.StaticMeshComponent0'",
        "ObjectPath": "FortniteGame/Content/Athena/Maps/Buildings/3x3/Athena_ICE_3x3_SkiLift_a.40"
      },
      "bVisible": false,
      "bNetAddressable": true,
      "CreationMethod": "EComponentCreationMethod::SimpleConstructionScript"
    }
  },
  {
    "Type": "Prop_Winter_SkiLift_Bench_C",
    "Name": "Prop_Winter_SkiLift_Bench2",
    "Outer": "PersistentLevel",
    "Class": "BlueprintGeneratedClass'FortniteGame/Content/Building/ActorBlueprints/Prop/Prop_Winter_SkiLift_Bench.Prop_Winter_SkiLift_Bench_C'",
    "Template": {
      "ObjectName": "Prop_Winter_SkiLift_Bench_C'Default__Prop_Winter_SkiLift_Bench_C'",
      "ObjectPath": "FortniteGame/Content/Building/ActorBlueprints/Prop/Prop_Winter_SkiLift_Bench.1"
    },
    "Properties": {
      "StaticMeshComponent": {
        "ObjectName": "StaticMeshComponent'Athena_ICE_3x3_SkiLift_a:PersistentLevel.Prop_Winter_SkiLift_Bench2.StaticMeshComponent0'",
        "ObjectPath": "FortniteGame/Content/Athena/Maps/Buildings/3x3/Athena_ICE_3x3_SkiLift_a.35"
      },
      "MyGuid": "D19486BD-46D6E6AB-3097189D-B0E30EB8",
      "DataVersion": 1,
      "CullDistance": 20530.816,
      "RootComponent": {
        "ObjectName": "StaticMeshComponent'Athena_ICE_3x3_SkiLift_a:PersistentLevel.Prop_Winter_SkiLift_Bench2.StaticMeshComponent0'",
        "ObjectPath": "FortniteGame/Content/Athena/Maps/Buildings/3x3/Athena_ICE_3x3_SkiLift_a.35"
      }
    }
  },
  {
    "Type": "Prop_Winter_SkiLift_Bench_C",
    "Name": "Prop_Winter_SkiLift_Bench_2",
    "Outer": "PersistentLevel",
    "Class": "BlueprintGeneratedClass'FortniteGame/Content/Building/ActorBlueprints/Prop/Prop_Winter_SkiLift_Bench.Prop_Winter_SkiLift_Bench_C'",
    "Template": {
      "ObjectName": "Prop_Winter_SkiLift_Bench_C'Default__Prop_Winter_SkiLift_Bench_C'",
      "ObjectPath": "FortniteGame/Content/Building/ActorBlueprints/Prop/Prop_Winter_SkiLift_Bench.1"
    },
    "Properties": {
      "StaticMeshComponent": {
        "ObjectName": "StaticMeshComponent'Athena_ICE_3x3_SkiLift_a:PersistentLevel.Prop_Winter_SkiLift_Bench_2.StaticMeshComponent0'",
        "ObjectPath": "FortniteGame/Content/Athena/Maps/Buildings/3x3/Athena_ICE_3x3_SkiLift_a.36"
      },
      "MyGuid": "3232AA75-44483C70-28DED2AA-350E0465",
      "DataVersion": 1,
      "CullDistance": 20530.816,
      "RootComponent": {
        "ObjectName": "StaticMeshComponent'Athena_ICE_3x3_SkiLift_a:PersistentLevel.Prop_Winter_SkiLift_Bench_2.StaticMeshComponent0'",
        "ObjectPath": "FortniteGame/Content/Athena/Maps/Buildings/3x3/Athena_ICE_3x3_SkiLift_a.36"
      }
    }
  },
  {
    "Type": "Prop_Winter_SkiLift_Support_Column_C",
    "Name": "Prop_Winter_SkiLift_Support_Column_2",
    "Outer": "PersistentLevel",
    "Class": "BlueprintGeneratedClass'FortniteGame/Content/Building/ActorBlueprints/Prop/Prop_Winter_SkiLift_Support_Column.Prop_Winter_SkiLift_Support_Column_C'",
    "Template": {
      "ObjectName": "Prop_Winter_SkiLift_Support_Column_C'Default__Prop_Winter_SkiLift_Support_Column_C'",
      "ObjectPath": "FortniteGame/Content/Building/ActorBlueprints/Prop/Prop_Winter_SkiLift_Support_Column.1"
    },
    "Properties": {
      "StaticMeshComponent": {
        "ObjectName": "StaticMeshComponent'Athena_ICE_3x3_SkiLift_a:PersistentLevel.Prop_Winter_SkiLift_Support_Column_2.StaticMeshComponent0'",
        "ObjectPath": "FortniteGame/Content/Athena/Maps/Buildings/3x3/Athena_ICE_3x3_SkiLift_a.37"
      },
      "MyGuid": "3C398EB0-40F4406B-234999A1-24DC0DCA",
      "DataVersion": 1,
      "CullDistance": 0.0,
      "bEnableAutoLODGeneration": true,
      "RootComponent": {
        "ObjectName": "StaticMeshComponent'Athena_ICE_3x3_SkiLift_a:PersistentLevel.Prop_Winter_SkiLift_Support_Column_2.StaticMeshComponent0'",
        "ObjectPath": "FortniteGame/Content/Athena/Maps/Buildings/3x3/Athena_ICE_3x3_SkiLift_a.37"
      }
    }
  },
  {
    "Type": "StaticMeshComponent",
    "Name": "StaticMeshComponent0",
    "Outer": "Girder02_Archway2",
    "Class": "UScriptClass'StaticMeshComponent'",
    "Template": {
      "ObjectName": "StaticMeshComponent'Default__Girder02_Archway_C:StaticMeshComponent0'",
      "ObjectPath": "FortniteGame/Content/Building/ActorBlueprints/Wall/Girder02_Archway.4"
    },
    "Properties": {
      "OverrideMaterials": [
        null
      ],
      "LODParentPrimitive": {
        "ObjectName": "StaticMeshComponent'Athena_ICE_3x3_SkiLift_a:PersistentLevel.LODActor_0.StaticMeshComponent0'",
        "ObjectPath": "FortniteGame/Content/Athena/Maps/Buildings/3x3/Athena_ICE_3x3_SkiLift_a.34"
      },
      "RelativeLocation": {
        "X": -768.0,
        "Y": 0.0,
        "Z": 0.0
      },
      "RelativeRotation": {
        "Pitch": 0.0,
        "Yaw": -90.00001,
        "Roll": 0.0
      }
    }
  },
  {
    "Type": "StaticMeshComponent",
    "Name": "StaticMeshComponent0",
    "Outer": "Girder02_Archway3",
    "Class": "UScriptClass'StaticMeshComponent'",
    "Template": {
      "ObjectName": "StaticMeshComponent'Default__Girder02_Archway_C:StaticMeshComponent0'",
      "ObjectPath": "FortniteGame/Content/Building/ActorBlueprints/Wall/Girder02_Archway.4"
    },
    "Properties": {
      "OverrideMaterials": [
        null
      ],
      "LODParentPrimitive": {
        "ObjectName": "StaticMeshComponent'Athena_ICE_3x3_SkiLift_a:PersistentLevel.LODActor_0.StaticMeshComponent0'",
        "ObjectPath": "FortniteGame/Content/Athena/Maps/Buildings/3x3/Athena_ICE_3x3_SkiLift_a.34"
      },
      "RelativeLocation": {
        "X": -256.0,
        "Y": 0.0,
        "Z": 0.0
      },
      "RelativeRotation": {
        "Pitch": 0.0,
        "Yaw": 89.99999,
        "Roll": 0.0
      }
    }
  },
  {
    "Type": "StaticMeshComponent",
    "Name": "StaticMeshComponent0",
    "Outer": "Girder02_Archway4",
    "Class": "UScriptClass'StaticMeshComponent'",
    "Template": {
      "ObjectName": "StaticMeshComponent'Default__Girder02_Archway_C:StaticMeshComponent0'",
      "ObjectPath": "FortniteGame/Content/Building/ActorBlueprints/Wall/Girder02_Archway.4"
    },
    "Properties": {
      "OverrideMaterials": [
        null
      ],
      "LODParentPrimitive": {
        "ObjectName": "StaticMeshComponent'Athena_ICE_3x3_SkiLift_a:PersistentLevel.LODActor_0.StaticMeshComponent0'",
        "ObjectPath": "FortniteGame/Content/Athena/Maps/Buildings/3x3/Athena_ICE_3x3_SkiLift_a.34"
      },
      "RelativeLocation": {
        "X": -512.0,
        "Y": -256.0,
        "Z": 0.0
      }
    }
  },
  {
    "Type": "StaticMeshComponent",
    "Name": "StaticMeshComponent0",
    "Outer": "Girder02_Archway_2",
    "Class": "UScriptClass'StaticMeshComponent'",
    "Template": {
      "ObjectName": "StaticMeshComponent'Default__Girder02_Archway_C:StaticMeshComponent0'",
      "ObjectPath": "FortniteGame/Content/Building/ActorBlueprints/Wall/Girder02_Archway.4"
    },
    "Properties": {
      "OverrideMaterials": [
        null
      ],
      "LODParentPrimitive": {
        "ObjectName": "StaticMeshComponent'Athena_ICE_3x3_SkiLift_a:PersistentLevel.LODActor_0.StaticMeshComponent0'",
        "ObjectPath": "FortniteGame/Content/Athena/Maps/Buildings/3x3/Athena_ICE_3x3_SkiLift_a.34"
      },
      "RelativeLocation": {
        "X": -512.0,
        "Y": 256.0,
        "Z": 0.0
      }
    }
  },
  {
    "Type": "StaticMeshComponent",
    "Name": "StaticMeshComponent0",
    "Outer": "IDN_Rusty_Catwalk_Floor_2",
    "Class": "UScriptClass'StaticMeshComponent'",
    "Template": {
      "ObjectName": "StaticMeshComponent'Default__IDN_Rusty_Catwalk_Floor_C:StaticMeshComponent0'",
      "ObjectPath": "FortniteGame/Content/Building/ActorBlueprints/Floor/IDN_Rusty_Catwalk_Floor.4"
    },
    "Properties": {
      "OverrideMaterials": [
        null
      ],
      "LODParentPrimitive": {
        "ObjectName": "StaticMeshComponent'Athena_ICE_3x3_SkiLift_a:PersistentLevel.LODActor_0.StaticMeshComponent0'",
        "ObjectPath": "FortniteGame/Content/Athena/Maps/Buildings/3x3/Athena_ICE_3x3_SkiLift_a.34"
      },
      "RelativeLocation": {
        "X": -512.0,
        "Y": -256.0,
        "Z": 384.0
      }
    }
  },
  {
    "Type": "StaticMeshComponent",
    "Name": "StaticMeshComponent0",
    "Outer": "IDN_Rusty_Catwalk_Straight_2",
    "Class": "UScriptClass'StaticMeshComponent'",
    "Template": {
      "ObjectName": "StaticMeshComponent'Default__IDN_Rusty_Catwalk_Straight_C:StaticMeshComponent0'",
      "ObjectPath": "FortniteGame/Content/Building/ActorBlueprints/Floor/IDN_Rusty_Catwalk_Straight.4"
    },
    "Properties": {
      "OverrideMaterials": [
        null
      ],
      "LODParentPrimitive": {
        "ObjectName": "StaticMeshComponent'Athena_ICE_3x3_SkiLift_a:PersistentLevel.LODActor_0.StaticMeshComponent0'",
        "ObjectPath": "FortniteGame/Content/Athena/Maps/Buildings/3x3/Athena_ICE_3x3_SkiLift_a.34"
      },
      "RelativeLocation": {
        "X": -511.99976,
        "Y": 768.0,
        "Z": 384.0
      },
      "RelativeRotation": {
        "Pitch": 0.0,
        "Yaw": 179.99997,
        "Roll": 0.0
      }
    }
  },
  {
    "Type": "StaticMeshComponent",
    "Name": "StaticMeshComponent0",
    "Outer": "IND_Rusty_Catwalk_Railing_2",
    "Class": "UScriptClass'StaticMeshComponent'",
    "Template": {
      "ObjectName": "StaticMeshComponent'Default__IND_Rusty_Catwalk_Railing_C:StaticMeshComponent0'",
      "ObjectPath": "FortniteGame/Content/Building/ActorBlueprints/Wall/IND_Rusty_Catwalk_Railing.4"
    },
    "Properties": {
      "OverrideMaterials": [
        null
      ],
      "CachedMaxDrawDistance": 19918.97,
      "RelativeLocation": {
        "X": -512.0,
        "Y": -256.0,
        "Z": 384.0
      }
    }
  },
  {
    "Type": "StaticMeshComponent",
    "Name": "StaticMeshComponent0",
    "Outer": "IND_Rusty_Catwalk_Stair2_6",
    "Class": "UScriptClass'StaticMeshComponent'",
    "Template": {
      "ObjectName": "StaticMeshComponent'Default__IND_Rusty_Catwalk_Stair1_C:StaticMeshComponent0'",
      "ObjectPath": "FortniteGame/Content/Building/ActorBlueprints/Stairs/IND_Rusty_Catwalk_Stair1.4"
    },
    "Properties": {
      "OverrideMaterials": [
        null
      ],
      "LODParentPrimitive": {
        "ObjectName": "StaticMeshComponent'Athena_ICE_3x3_SkiLift_a:PersistentLevel.LODActor_0.StaticMeshComponent0'",
        "ObjectPath": "FortniteGame/Content/Athena/Maps/Buildings/3x3/Athena_ICE_3x3_SkiLift_a.34"
      },
      "RelativeLocation": {
        "X": -768.0,
        "Y": 511.9999,
        "Z": 0.0
      },
      "RelativeRotation": {
        "Pitch": 0.0,
        "Yaw": 89.99999,
        "Roll": 0.0
      }
    }
  },
  {
    "Type": "StaticMeshComponent",
    "Name": "StaticMeshComponent0",
    "Outer": "IND_Rusty_Catwalk_Stair3",
    "Class": "UScriptClass'StaticMeshComponent'",
    "Template": {
      "ObjectName": "StaticMeshComponent'Default__IND_Rusty_Catwalk_Stair1_C:StaticMeshComponent0'",
      "ObjectPath": "FortniteGame/Content/Building/ActorBlueprints/Stairs/IND_Rusty_Catwalk_Stair1.4"
    },
    "Properties": {
      "OverrideMaterials": [
        null
      ],
      "LODParentPrimitive": {
        "ObjectName": "StaticMeshComponent'Athena_ICE_3x3_SkiLift_a:PersistentLevel.LODActor_0.StaticMeshComponent0'",
        "ObjectPath": "FortniteGame/Content/Athena/Maps/Buildings/3x3/Athena_ICE_3x3_SkiLift_a.34"
      },
      "RelativeLocation": {
        "X": -256.0,
        "Y": 512.0002,
        "Z": 0.0
      },
      "RelativeRotation": {
        "Pitch": 0.0,
        "Yaw": -90.00005,
        "Roll": 0.0
      },
      "RelativeScale3D": {
        "X": -1.0,
        "Y": 1.0,
        "Z": 1.0
      }
    }
  },
  {
    "Type": "StaticMeshComponent",
    "Name": "StaticMeshComponent0",
    "Outer": "LODActor_0",
    "Class": "UScriptClass'StaticMeshComponent'",
    "Properties": {
      "StaticMesh": {
        "ObjectName": "StaticMesh'SM_Athena_ICE_3x3_SkiLift_a_0_Prop_Winter_SkiLift_Support_Column_2'",
        "ObjectPath": "FortniteGame/Content/Athena/Maps/Buildings/3x3/HLOD/Athena_ICE_3x3_SkiLift_a_0_HLOD.3"
      },
      "MinDrawDistance": 35000.0,
      "CastShadow": true,
      "bCastStaticShadow": true
    }
  },
  {
    "Type": "StaticMeshComponent",
    "Name": "StaticMeshComponent0",
    "Outer": "Prop_Winter_SkiLift_Bench2",
    "Class": "UScriptClass'StaticMeshComponent'",
    "Template": {
      "ObjectName": "StaticMeshComponent'Default__Prop_Winter_SkiLift_Bench_C:StaticMeshComponent0'",
      "ObjectPath": "FortniteGame/Content/Building/ActorBlueprints/Prop/Prop_Winter_SkiLift_Bench.5"
    },
    "Properties": {
      "OverrideMaterials": [
        null
      ],
      "CachedMaxDrawDistance": 20530.816,
      "RelativeLocation": {
        "X": -824.0,
        "Y": -32.0,
        "Z": 440.0
      },
      "RelativeRotation": {
        "Pitch": 0.0,
        "Yaw": -5.3405758E-05,
        "Roll": 0.0
      }
    }
  },
  {
    "Type": "StaticMeshComponent",
    "Name": "StaticMeshComponent0",
    "Outer": "Prop_Winter_SkiLift_Bench_2",
    "Class": "UScriptClass'StaticMeshComponent'",
    "Template": {
      "ObjectName": "StaticMeshComponent'Default__Prop_Winter_SkiLift_Bench_C:StaticMeshComponent0'",
      "ObjectPath": "FortniteGame/Content/Building/ActorBlueprints/Prop/Prop_Winter_SkiLift_Bench.5"
    },
    "Properties": {
      "OverrideMaterials": [
        null
      ],
      "CachedMaxDrawDistance": 20530.816,
      "RelativeLocation": {
        "X": -176.0,
        "Y": 96.0,
        "Z": 440.0
      },
      "RelativeRotation": {
        "Pitch": 0.0,
        "Yaw": 179.99997,
        "Roll": 0.0
      }
    }
  },
  {
    "Type": "StaticMeshComponent",
    "Name": "StaticMeshComponent0",
    "Outer": "Prop_Winter_SkiLift_Support_Column_2",
    "Class": "UScriptClass'StaticMeshComponent'",
    "Template": {
      "ObjectName": "StaticMeshComponent'Default__Prop_Winter_SkiLift_Support_Column_C:StaticMeshComponent0'",
      "ObjectPath": "FortniteGame/Content/Building/ActorBlueprints/Prop/Prop_Winter_SkiLift_Support_Column.5"
    },
    "Properties": {
      "OverrideMaterials": [
        null
      ],
      "LODParentPrimitive": {
        "ObjectName": "StaticMeshComponent'Athena_ICE_3x3_SkiLift_a:PersistentLevel.LODActor_0.StaticMeshComponent0'",
        "ObjectPath": "FortniteGame/Content/Athena/Maps/Buildings/3x3/Athena_ICE_3x3_SkiLift_a.34"
      },
      "RelativeLocation": {
        "X": -512.0,
        "Y": -8.0,
        "Z": -104.0
      }
    }
  },
  {
    "Type": "StaticMeshComponent",
    "Name": "StaticMeshComponent0",
    "Outer": "Tiered_Athena_FloorLoot_01_2",
    "Class": "UScriptClass'StaticMeshComponent'",
    "Template": {
      "ObjectName": "StaticMeshComponent'Default__Tiered_Athena_FloorLoot_01_C:StaticMeshComponent0'",
      "ObjectPath": "FortniteGame/Content/Athena/Environments/Blueprints/Tiered_Athena_FloorLoot_01.5"
    },
    "Properties": {
      "OverrideMaterials": [
        null
      ],
      "CachedMaxDrawDistance": 10643.375,
      "RelativeLocation": {
        "X": -512.0,
        "Y": 296.0,
        "Z": 384.0
      }
    }
  },
  {
    "Type": "StaticMeshComponent",
    "Name": "S_Chest_SmokeSheet",
    "Outer": "Tiered_Chest_Athena_2",
    "Class": "UScriptClass'StaticMeshComponent'",
    "Template": {
      "ObjectName": "StaticMeshComponent'Tiered_Chest_Athena_C:S_Chest_SmokeSheet_GEN_VARIABLE'",
      "ObjectPath": "FortniteGame/Content/Building/ActorBlueprints/Containers/Tiered_Chest_Athena.166"
    },
    "Properties": {
      "CachedMaxDrawDistance": 8915.371,
      "AttachParent": {
        "ObjectName": "StaticMeshComponent'Athena_ICE_3x3_SkiLift_a:PersistentLevel.Tiered_Chest_Athena_2.StaticMeshComponent0'",
        "ObjectPath": "FortniteGame/Content/Athena/Maps/Buildings/3x3/Athena_ICE_3x3_SkiLift_a.40"
      },
      "bNetAddressable": true,
      "CreationMethod": "EComponentCreationMethod::SimpleConstructionScript"
    }
  },
  {
    "Type": "StaticMeshComponent",
    "Name": "StaticMeshComponent0",
    "Outer": "Tiered_Chest_Athena_2",
    "Class": "UScriptClass'StaticMeshComponent'",
    "Template": {
      "ObjectName": "StaticMeshComponent'Default__Tiered_Chest_Athena_C:StaticMeshComponent0'",
      "ObjectPath": "FortniteGame/Content/Building/ActorBlueprints/Containers/Tiered_Chest_Athena.164"
    },
    "Properties": {
      "OverrideMaterials": [
        null
      ],
      "LDMaxDrawDistance": 0.0,
      "CachedMaxDrawDistance": 8915.371,
      "RelativeLocation": {
        "X": -512.0,
        "Y": -120.0,
        "Z": 392.0
      },
      "RelativeRotation": {
        "Pitch": 0.0,
        "Yaw": 179.99997,
        "Roll": 0.0
      }
    }
  },
  {
    "Type": "Tiered_Athena_FloorLoot_01_C",
    "Name": "Tiered_Athena_FloorLoot_01_2",
    "Outer": "PersistentLevel",
    "Class": "BlueprintGeneratedClass'FortniteGame/Content/Athena/Environments/Blueprints/Tiered_Athena_FloorLoot_01.Tiered_Athena_FloorLoot_01_C'",
    "Template": {
      "ObjectName": "Tiered_Athena_FloorLoot_01_C'Default__Tiered_Athena_FloorLoot_01_C'",
      "ObjectPath": "FortniteGame/Content/Athena/Environments/Blueprints/Tiered_Athena_FloorLoot_01.1"
    },
    "Properties": {
      "StaticMeshComponent": {
        "ObjectName": "StaticMeshComponent'Athena_ICE_3x3_SkiLift_a:PersistentLevel.Tiered_Athena_FloorLoot_01_2.StaticMeshComponent0'",
        "ObjectPath": "FortniteGame/Content/Athena/Maps/Buildings/3x3/Athena_ICE_3x3_SkiLift_a.38"
      },
      "MyGuid": "26F528AE-4607F2C6-69A28C8C-9E6370C0",
      "DataVersion": 1,
      "CullDistance": 10643.375,
      "RootComponent": {
        "ObjectName": "StaticMeshComponent'Athena_ICE_3x3_SkiLift_a:PersistentLevel.Tiered_Athena_FloorLoot_01_2.StaticMeshComponent0'",
        "ObjectPath": "FortniteGame/Content/Athena/Maps/Buildings/3x3/Athena_ICE_3x3_SkiLift_a.38"
      }
    }
  },
  {
    "Type": "Tiered_Chest_Athena_C",
    "Name": "Tiered_Chest_Athena_2",
    "Outer": "PersistentLevel",
    "Class": "BlueprintGeneratedClass'FortniteGame/Content/Building/ActorBlueprints/Containers/Tiered_Chest_Athena.Tiered_Chest_Athena_C'",
    "Template": {
      "ObjectName": "Tiered_Chest_Athena_C'Default__Tiered_Chest_Athena_C'",
      "ObjectPath": "FortniteGame/Content/Building/ActorBlueprints/Containers/Tiered_Chest_Athena.2"
    },
    "Properties": {
      "P_Loot_Chest_Aura_Athena": {
        "ObjectName": "ParticleSystemComponent'Athena_ICE_3x3_SkiLift_a:PersistentLevel.Tiered_Chest_Athena_2.P_Loot_Chest_Aura_Athena'",
        "ObjectPath": "FortniteGame/Content/Athena/Maps/Buildings/3x3/Athena_ICE_3x3_SkiLift_a.20"
      },
      "S_Chest_SmokeSheet": {
        "ObjectName": "StaticMeshComponent'Athena_ICE_3x3_SkiLift_a:PersistentLevel.Tiered_Chest_Athena_2.S_Chest_SmokeSheet'",
        "ObjectPath": "FortniteGame/Content/Athena/Maps/Buildings/3x3/Athena_ICE_3x3_SkiLift_a.39"
      },
      "TrasureLight": {
        "ObjectName": "PointLightComponent'Athena_ICE_3x3_SkiLift_a:PersistentLevel.Tiered_Chest_Athena_2.TrasureLight'",
        "ObjectPath": "FortniteGame/Content/Athena/Maps/Buildings/3x3/Athena_ICE_3x3_SkiLift_a.21"
      },
      "Chest_Ambient_Sound": {
        "ObjectName": "AudioComponent'Athena_ICE_3x3_SkiLift_a:PersistentLevel.Tiered_Chest_Athena_2.Chest_Ambient_Sound'",
        "ObjectPath": "FortniteGame/Content/Athena/Maps/Buildings/3x3/Athena_ICE_3x3_SkiLift_a.3"
      },
      "MobileSelectedTL": {
        "ObjectName": "TimelineComponent'Athena_ICE_3x3_SkiLift_a:PersistentLevel.Tiered_Chest_Athena_2.MobileSelectedTL'",
        "ObjectPath": "FortniteGame/Content/Athena/Maps/Buildings/3x3/Athena_ICE_3x3_SkiLift_a.44"
      },
      "MobileOnInteractTL": {
        "ObjectName": "TimelineComponent'Athena_ICE_3x3_SkiLift_a:PersistentLevel.Tiered_Chest_Athena_2.MobileOnInteractTL'",
        "ObjectPath": "FortniteGame/Content/Athena/Maps/Buildings/3x3/Athena_ICE_3x3_SkiLift_a.43"
      },
      "TimeOfDayControlledLights": [
        {
          "ObjectName": "PointLightComponent'Athena_ICE_3x3_SkiLift_a:PersistentLevel.Tiered_Chest_Athena_2.TrasureLight'",
          "ObjectPath": "FortniteGame/Content/Athena/Maps/Buildings/3x3/Athena_ICE_3x3_SkiLift_a.21"
        }
      ],
      "StaticMeshComponent": {
        "ObjectName": "StaticMeshComponent'Athena_ICE_3x3_SkiLift_a:PersistentLevel.Tiered_Chest_Athena_2.StaticMeshComponent0'",
        "ObjectPath": "FortniteGame/Content/Athena/Maps/Buildings/3x3/Athena_ICE_3x3_SkiLift_a.40"
      },
      "MyGuid": "DC66C2D6-41F2FF7C-CAC538B3-646EFAFA",
      "DataVersion": 1,
      "CullDistance": 8915.371,
      "RootComponent": {
        "ObjectName": "StaticMeshComponent'Athena_ICE_3x3_SkiLift_a:PersistentLevel.Tiered_Chest_Athena_2.StaticMeshComponent0'",
        "ObjectPath": "FortniteGame/Content/Athena/Maps/Buildings/3x3/Athena_ICE_3x3_SkiLift_a.40"
      },
      "BlueprintCreatedComponents": [
        {
          "ObjectName": "AudioComponent'Athena_ICE_3x3_SkiLift_a:PersistentLevel.Tiered_Chest_Athena_2.Chest_Ambient_Sound'",
          "ObjectPath": "FortniteGame/Content/Athena/Maps/Buildings/3x3/Athena_ICE_3x3_SkiLift_a.3"
        },
        {
          "ObjectName": "PointLightComponent'Athena_ICE_3x3_SkiLift_a:PersistentLevel.Tiered_Chest_Athena_2.TrasureLight'",
          "ObjectPath": "FortniteGame/Content/Athena/Maps/Buildings/3x3/Athena_ICE_3x3_SkiLift_a.21"
        },
        {
          "ObjectName": "StaticMeshComponent'Athena_ICE_3x3_SkiLift_a:PersistentLevel.Tiered_Chest_Athena_2.S_Chest_SmokeSheet'",
          "ObjectPath": "FortniteGame/Content/Athena/Maps/Buildings/3x3/Athena_ICE_3x3_SkiLift_a.39"
        },
        {
          "ObjectName": "ParticleSystemComponent'Athena_ICE_3x3_SkiLift_a:PersistentLevel.Tiered_Chest_Athena_2.P_Loot_Chest_Aura_Athena'",
          "ObjectPath": "FortniteGame/Content/Athena/Maps/Buildings/3x3/Athena_ICE_3x3_SkiLift_a.20"
        },
        {
          "ObjectName": "TimelineComponent'Athena_ICE_3x3_SkiLift_a:PersistentLevel.Tiered_Chest_Athena_2.MobileOnInteractTL'",
          "ObjectPath": "FortniteGame/Content/Athena/Maps/Buildings/3x3/Athena_ICE_3x3_SkiLift_a.43"
        },
        {
          "ObjectName": "TimelineComponent'Athena_ICE_3x3_SkiLift_a:PersistentLevel.Tiered_Chest_Athena_2.MobileSelectedTL'",
          "ObjectPath": "FortniteGame/Content/Athena/Maps/Buildings/3x3/Athena_ICE_3x3_SkiLift_a.44"
        }
      ]
    }
  },
  {
    "Type": "TimelineComponent",
    "Name": "MobileOnInteractTL",
    "Outer": "Tiered_Chest_Athena_2",
    "Class": "UScriptClass'TimelineComponent'",
    "Properties": {
      "TheTimeline": {
        "LengthMode": "TL_TimelineLength",
        "Length": 0.25,
        "InterpFloats": [
          {
            "FloatCurve": {
              "ObjectName": "CurveFloat'Tiered_Chest_Athena_C:CurveFloat_0'",
              "ObjectPath": "FortniteGame/Content/Building/ActorBlueprints/Containers/Tiered_Chest_Athena.85"
            },
            "InterpFunc": {
              "Num": 0,
              "Name": "None"
            },
            "TrackName": "LERP",
            "FloatPropertyName": "MobileOnInteractTL_LERP_9BD788A146DACD005BAF94BEBEDAB584"
          }
        ],
        "TimelinePostUpdateFunc": {
          "Num": 43,
          "Name": "MobileOnInteractTL__UpdateFunc"
        },
        "TimelineFinishedFunc": {
          "Num": 43,
          "Name": "MobileOnInteractTL__FinishedFunc"
        },
        "PropertySetObject": {
          "ObjectName": "Tiered_Chest_Athena_C'Athena_ICE_3x3_SkiLift_a:PersistentLevel.Tiered_Chest_Athena_2'",
          "ObjectPath": "FortniteGame/Content/Athena/Maps/Buildings/3x3/Athena_ICE_3x3_SkiLift_a.42"
        },
        "DirectionPropertyName": "MobileOnInteractTL__Direction_9BD788A146DACD005BAF94BEBEDAB584"
      },
      "bNetAddressable": true,
      "CreationMethod": "EComponentCreationMethod::UserConstructionScript"
    }
  },
  {
    "Type": "TimelineComponent",
    "Name": "MobileSelectedTL",
    "Outer": "Tiered_Chest_Athena_2",
    "Class": "UScriptClass'TimelineComponent'",
    "Properties": {
      "TheTimeline": {
        "LengthMode": "TL_TimelineLength",
        "Length": 0.21,
        "InterpFloats": [
          {
            "FloatCurve": {
              "ObjectName": "CurveFloat'Tiered_Chest_Athena_C:CurveFloat_0_1'",
              "ObjectPath": "FortniteGame/Content/Building/ActorBlueprints/Containers/Tiered_Chest_Athena.86"
            },
            "InterpFunc": {
              "Num": 0,
              "Name": "None"
            },
            "TrackName": "LerpObject",
            "FloatPropertyName": "MobileSelectedTL_LerpObject_EEB30EBE433E8977EDA63DB381EAF0C8"
          },
          {
            "FloatCurve": {
              "ObjectName": "CurveFloat'Tiered_Chest_Athena_C:CurveFloat_1'",
              "ObjectPath": "FortniteGame/Content/Building/ActorBlueprints/Containers/Tiered_Chest_Athena.87"
            },
            "InterpFunc": {
              "Num": 0,
              "Name": "None"
            },
            "TrackName": "LerpInteactoIcon",
            "FloatPropertyName": "MobileSelectedTL_LerpInteactoIcon_EEB30EBE433E8977EDA63DB381EAF0C8"
          }
        ],
        "TimelinePostUpdateFunc": {
          "Num": 43,
          "Name": "MobileSelectedTL__UpdateFunc"
        },
        "TimelineFinishedFunc": {
          "Num": 43,
          "Name": "MobileSelectedTL__FinishedFunc"
        },
        "PropertySetObject": {
          "ObjectName": "Tiered_Chest_Athena_C'Athena_ICE_3x3_SkiLift_a:PersistentLevel.Tiered_Chest_Athena_2'",
          "ObjectPath": "FortniteGame/Content/Athena/Maps/Buildings/3x3/Athena_ICE_3x3_SkiLift_a.42"
        },
        "DirectionPropertyName": "MobileSelectedTL__Direction_EEB30EBE433E8977EDA63DB381EAF0C8"
      },
      "bNetAddressable": true,
      "CreationMethod": "EComponentCreationMethod::UserConstructionScript"
    }
  },
  {
    "Type": "World",
    "Name": "Athena_ICE_3x3_SkiLift_a",
    "Class": "UScriptClass'World'",
    "Properties": {
      "DefaultPhysicsVolume": null
    },
    "PersistentLevel": {
      "ObjectName": "Level'Athena_ICE_3x3_SkiLift_a:PersistentLevel'",
      "ObjectPath": "FortniteGame/Content/Athena/Maps/Buildings/3x3/Athena_ICE_3x3_SkiLift_a.15"
    },
    "ExtraReferencedObjects": [],
    "StreamingLevels": []
  }
]