[
  {
    "Type": "MapBuildDataRegistry",
    "Name": "Athena_RUR_3x3_House_c_SNW_PC_BuiltData",
    "Class": "UScriptClass'MapBuildDataRegistry'",
    "MeshBuildData": {
      "E9C3B012456696754727AC93E80CDCA2": {
        "IrrelevantLights": [],
        "PerInstanceLightmapData": []
      },
      "534106CE4BD1F169096BBB8DD9A675E6": {
        "IrrelevantLights": [],
        "PerInstanceLightmapData": []
      },
      "AEBE3F8E4CE4F2FFD42C14A5B9B12D6B": {
        "IrrelevantLights": [],
        "PerInstanceLightmapData": []
      },
      "784085F748E31EA6668A779D14CE67A6": {
        "IrrelevantLights": [],
        "PerInstanceLightmapData": []
      }
    },
    "LevelPrecomputedLightVolumeBuildData": {
      "8831552C488C2B724A771D8C1714E980": {
        "Bounds": {
          "Min": {
            "X": 0.0,
            "Y": 0.0,
            "Z": 0.0
          },
          "Max": {
            "X": 0.0,
            "Y": 0.0,
            "Z": 0.0
          },
          "IsValid": 0
        },
        "SampleSpacing": 0.0,
        "NumSHSamples": 0,
        "HighQualitySamples": null,
        "LowQualitySamples": null
      }
    }
  }
]