[
  {
    "Type": "BlueprintGeneratedClass",
    "Name": "Apollo_Boardwalk_BalconyI_C",
    "Class": "UScriptClass'BlueprintGeneratedClass'",
    "Properties": {
      "SimpleConstructionScript": {
        "ObjectName": "SimpleConstructionScript'Apollo_Boardwalk_BalconyI_C:SimpleConstructionScript_671'",
        "ObjectPath": "FortniteGame/Content/Athena/Apollo/Environments/BuildingActors/Wood/Boardwalk/Balconies/Apollo_Boardwalk_BalconyI.4"
      }
    },
    "SuperStruct": {
      "ObjectName": "Class'BuildingFloor'",
      "ObjectPath": "/Script/FortniteGame"
    }
  },
  {
    "Type": "Apollo_Boardwalk_BalconyI_C",
    "Name": "Default__Apollo_Boardwalk_BalconyI_C",
    "Class": "BlueprintGeneratedClass'FortniteGame/Content/Athena/Apollo/Environments/BuildingActors/Wood/Boardwalk/Balconies/Apollo_Boardwalk_BalconyI.Apollo_Boardwalk_BalconyI_C'",
    "Properties": {
      "StaticMesh": {
        "ObjectName": "StaticMesh'Apollo_Boardwalk_BalconyI'",
        "ObjectPath": "FortniteGame/Content/Environments/Apollo/Wood/Boardwalk/Meshes/Apollo_Boardwalk_BalconyI.1"
      },
      "ResourceType": "EFortResourceType::Wood",
      "StaticMeshComponent": {
        "ObjectName": "StaticMeshComponent'Default__Apollo_Boardwalk_BalconyI_C:StaticMeshComponent0'",
        "ObjectPath": "FortniteGame/Content/Athena/Apollo/Environments/BuildingActors/Wood/Boardwalk/Balconies/Apollo_Boardwalk_BalconyI.5"
      },
      "BuildingResourceAmountOverride": {
        "CurveTable": {
          "ObjectName": "CurveTable'AthenaResourceRates'",
          "ObjectPath": "FortniteGame/Content/Athena/Balance/DataTables/AthenaResourceRates.0"
        },
        "RowName": "LDBuildingNormal"
      },
      "DeathParticles": {
        "ObjectName": "ParticleSystem'P_Destruction_Wall_Solid_wood'",
        "ObjectPath": "FortniteGame/Content/Effects/Fort_Effects/PBW/Destruction/P_Destruction_Wall_Solid_wood.141"
      },
      "DeathParticleSocketName": "death_particles",
      "EditModePatternData": {
        "ObjectName": "BuildingEditModeMetadata_Floor'EMP_Floor_BalconyI'",
        "ObjectPath": "FortniteGame/Content/Building/EditModePatterns/Floor/EMP_Floor_BalconyI.0"
      },
      "NavigationLinksClass": {
        "AssetPathName": "/Game/Building/ActorBlueprints/Navigation/NavLink_BalconyI.NavLink_BalconyI_C",
        "SubPathString": ""
      },
      "AttributeInitKeys": {
        "AttributeInitCategory": "BuildingWood",
        "AttributeInitSubCategory": "1"
      },
      "AttributeInitKeys": {
        "AttributeInitCategory": "BuildingWood",
        "AttributeInitSubCategory": "1"
      },
      "HotSpotConfig": {
        "ObjectName": "BuildingActorHotSpotConfig'BuildingActorHotSpot_FloorI'",
        "ObjectPath": "FortniteGame/Content/AI/HotSpots/BuildingActorHotSpot_FloorI.0"
      },
      "RootComponent": {
        "ObjectName": "StaticMeshComponent'Default__Apollo_Boardwalk_BalconyI_C:StaticMeshComponent0'",
        "ObjectPath": "FortniteGame/Content/Athena/Apollo/Environments/BuildingActors/Wood/Boardwalk/Balconies/Apollo_Boardwalk_BalconyI.5"
      }
    }
  },
  {
    "Type": "SceneComponent",
    "Name": "SceneComponent_1455",
    "Outer": "Apollo_Boardwalk_BalconyI_C",
    "Class": "UScriptClass'SceneComponent'"
  },
  {
    "Type": "SCS_Node",
    "Name": "SCS_Node_1459",
    "Outer": "SimpleConstructionScript_671",
    "Class": "UScriptClass'SCS_Node'",
    "Properties": {
      "ComponentClass": {
        "ObjectName": "Class'SceneComponent'",
        "ObjectPath": "/Script/Engine"
      },
      "ComponentTemplate": {
        "ObjectName": "SceneComponent'Apollo_Boardwalk_BalconyI_C:SceneComponent_1455'",
        "ObjectPath": "FortniteGame/Content/Athena/Apollo/Environments/BuildingActors/Wood/Boardwalk/Balconies/Apollo_Boardwalk_BalconyI.2"
      },
      "VariableGuid": "56BC9799-C494E6E6-321D4295-7D5EB316",
      "InternalVariableName": "DefaultSceneRoot"
    }
  },
  {
    "Type": "SimpleConstructionScript",
    "Name": "SimpleConstructionScript_671",
    "Outer": "Apollo_Boardwalk_BalconyI_C",
    "Class": "UScriptClass'SimpleConstructionScript'",
    "Properties": {
      "DefaultSceneRootNode": {
        "ObjectName": "SCS_Node'Apollo_Boardwalk_BalconyI_C:SimpleConstructionScript_671.SCS_Node_1459'",
        "ObjectPath": "FortniteGame/Content/Athena/Apollo/Environments/BuildingActors/Wood/Boardwalk/Balconies/Apollo_Boardwalk_BalconyI.3"
      }
    }
  },
  {
    "Type": "StaticMeshComponent",
    "Name": "StaticMeshComponent0",
    "Outer": "Default__Apollo_Boardwalk_BalconyI_C",
    "Class": "UScriptClass'StaticMeshComponent'",
    "Properties": {
      "StaticMesh": {
        "ObjectName": "StaticMesh'Apollo_Boardwalk_BalconyI'",
        "ObjectPath": "FortniteGame/Content/Environments/Apollo/Wood/Boardwalk/Meshes/Apollo_Boardwalk_BalconyI.1"
      },
      "CanCharacterStepUpOn": "ECB_Yes",
      "BodyInstance": {
        "bAutoWeld": false
      },
      "bCanEverAffectNavigation": true
    }
  }
]