[
  {
    "Type": "ObjectProperty",
    "Name": "Fan_Updraft_04",
    "Outer": "BGA_Vortex_Area_Effect_CoolingTower_C",
    "Class": "UScriptClass'ObjectProperty'",
    "PropertyFlags": "BlueprintVisible | InstancedReference | NonTransactional",
    "PropertyClass": {
      "ObjectName": "Class'StaticMeshComponent'",
      "ObjectPath": "/Script/Engine"
    }
  },
  {
    "Type": "StructProperty",
    "Name": "CallFunc_MakeRotator_ReturnValue",
    "Outer": "UserConstructionScript",
    "Class": "UScriptClass'StructProperty'",
    "Struct": {
      "ObjectName": "ScriptStruct'Rotator'",
      "ObjectPath": "/Script/CoreUObject"
    }
  },
  {
    "Type": "Function",
    "Name": "UserConstructionScript",
    "Outer": "BGA_Vortex_Area_Effect_CoolingTower_C",
    "Class": "UScriptClass'Function'",
    "Super": {
      "ObjectName": "Function'BGA_DudeBro_Mini_C:UserConstructionScript'",
      "ObjectPath": "FortniteGame/Content/Athena/Environments/Blueprints/DudeBro/BGA_DudeBro_Mini.54"
    },
    "SuperStruct": {
      "ObjectName": "Function'BGA_DudeBro_Mini_C:UserConstructionScript'",
      "ObjectPath": "FortniteGame/Content/Athena/Environments/Blueprints/DudeBro/BGA_DudeBro_Mini.54"
    },
    "Children": [
      {
        "ObjectName": "StructProperty'BGA_Vortex_Area_Effect_CoolingTower_C:UserConstructionScript.CallFunc_MakeRotator_ReturnValue'",
        "ObjectPath": "FortniteGame/Content/Athena/Apollo/Environments/Blueprints/AreaEffects/BGA_Vortex_Area_Effect_CoolingTower.1"
      },
      {
        "ObjectName": "StructProperty'BGA_Vortex_Area_Effect_CoolingTower_C:UserConstructionScript.CallFunc_K2_SetRelativeRotation_SweepHitResult'",
        "ObjectPath": "FortniteGame/Content/Athena/Apollo/Environments/Blueprints/AreaEffects/BGA_Vortex_Area_Effect_CoolingTower.31"
      }
    ],
    "FunctionFlags": "FUNC_None"
  },
  {
    "Type": "BlueprintGeneratedClass",
    "Name": "BGA_Vortex_Area_Effect_CoolingTower_C",
    "Class": "UScriptClass'BlueprintGeneratedClass'",
    "Super": {
      "ObjectName": "BlueprintGeneratedClass'BGA_DudeBro_Mini_C'",
      "ObjectPath": "FortniteGame/Content/Athena/Environments/Blueprints/DudeBro/BGA_DudeBro_Mini.1"
    },
    "Properties": {
      "bHasCookedComponentInstancingData": true,
      "SimpleConstructionScript": {
        "ObjectName": "SimpleConstructionScript'BGA_Vortex_Area_Effect_CoolingTower_C:SimpleConstructionScript_0'",
        "ObjectPath": "FortniteGame/Content/Athena/Apollo/Environments/Blueprints/AreaEffects/BGA_Vortex_Area_Effect_CoolingTower.24"
      },
      "InheritableComponentHandler": {
        "ObjectName": "InheritableComponentHandler'BGA_Vortex_Area_Effect_CoolingTower_C:InheritableComponentHandler'",
        "ObjectPath": "FortniteGame/Content/Athena/Apollo/Environments/Blueprints/AreaEffects/BGA_Vortex_Area_Effect_CoolingTower.7"
      }
    },
    "SuperStruct": {
      "ObjectName": "BlueprintGeneratedClass'BGA_DudeBro_Mini_C'",
      "ObjectPath": "FortniteGame/Content/Athena/Environments/Blueprints/DudeBro/BGA_DudeBro_Mini.1"
    },
    "Children": [
      {
        "ObjectName": "Function'BGA_Vortex_Area_Effect_CoolingTower_C:UserConstructionScript'",
        "ObjectPath": "FortniteGame/Content/Athena/Apollo/Environments/Blueprints/AreaEffects/BGA_Vortex_Area_Effect_CoolingTower.2"
      },
      {
        "ObjectName": "ObjectProperty'BGA_Vortex_Area_Effect_CoolingTower_C:Fan_Updraft_04'",
        "ObjectPath": "FortniteGame/Content/Athena/Apollo/Environments/Blueprints/AreaEffects/BGA_Vortex_Area_Effect_CoolingTower.0"
      },
      {
        "ObjectName": "ObjectProperty'BGA_Vortex_Area_Effect_CoolingTower_C:Fan_Updraft_01'",
        "ObjectPath": "FortniteGame/Content/Athena/Apollo/Environments/Blueprints/AreaEffects/BGA_Vortex_Area_Effect_CoolingTower.8"
      },
      {
        "ObjectName": "ObjectProperty'BGA_Vortex_Area_Effect_CoolingTower_C:Fan_Updraft_02'",
        "ObjectPath": "FortniteGame/Content/Athena/Apollo/Environments/Blueprints/AreaEffects/BGA_Vortex_Area_Effect_CoolingTower.9"
      },
      {
        "ObjectName": "ObjectProperty'BGA_Vortex_Area_Effect_CoolingTower_C:Fan_Updraft_03'",
        "ObjectPath": "FortniteGame/Content/Athena/Apollo/Environments/Blueprints/AreaEffects/BGA_Vortex_Area_Effect_CoolingTower.10"
      },
      {
        "ObjectName": "ObjectProperty'BGA_Vortex_Area_Effect_CoolingTower_C:P_Apollo_PowerPlant_Updraft'",
        "ObjectPath": "FortniteGame/Content/Athena/Apollo/Environments/Blueprints/AreaEffects/BGA_Vortex_Area_Effect_CoolingTower.11"
      },
      {
        "ObjectName": "ObjectProperty'BGA_Vortex_Area_Effect_CoolingTower_C:UpdraftAudio'",
        "ObjectPath": "FortniteGame/Content/Athena/Apollo/Environments/Blueprints/AreaEffects/BGA_Vortex_Area_Effect_CoolingTower.12"
      }
    ],
    "ClassFlags": "CLASS_Hidden | CLASS_Deprecated",
    "ClassWithin": null
  },
  {
    "Type": "BGA_Vortex_Area_Effect_CoolingTower_C",
    "Name": "Default__BGA_Vortex_Area_Effect_CoolingTower_C",
    "Class": "BlueprintGeneratedClass'FortniteGame/Content/Athena/Apollo/Environments/Blueprints/AreaEffects/BGA_Vortex_Area_Effect_CoolingTower.BGA_Vortex_Area_Effect_CoolingTower_C'",
    "Template": {
      "ObjectName": "BGA_DudeBro_Mini_C'Default__BGA_DudeBro_Mini_C'",
      "ObjectPath": "FortniteGame/Content/Athena/Environments/Blueprints/DudeBro/BGA_DudeBro_Mini.2"
    },
    "Properties": {
      "SoundOnActivate": {
        "ObjectName": "SoundCue'Geyser_Activate_Volcano_Cue'",
        "ObjectPath": "FortniteGame/Content/Athena/Sounds/Ambient/Geysers/Geyser_Activate_Volcano_Cue.0"
      },
      "SoundOnDeactivate": {
        "ObjectName": "SoundCue'Geyser_Deactivate_Volcano_Cue'",
        "ObjectPath": "FortniteGame/Content/Athena/Sounds/Ambient/Geysers/Geyser_Deactivate_Volcano_Cue.0"
      },
      "ShouldBoost": false,
      "RemoteRole": "ROLE_SimulatedProxy"
    }
  },
  {
    "Type": "AudioComponent",
    "Name": "LoopingAmbAudio_GEN_VARIABLE",
    "Outer": "BGA_Vortex_Area_Effect_CoolingTower_C",
    "Class": "UScriptClass'AudioComponent'",
    "Template": {
      "ObjectName": "AudioComponent'BGA_DudeBro_Mini_C:LoopingAmbAudio_GEN_VARIABLE'",
      "ObjectPath": "FortniteGame/Content/Athena/Environments/Blueprints/DudeBro/BGA_DudeBro_Mini.7"
    },
    "Properties": {
      "Sound": {
        "ObjectName": "SoundCue'PowerPlant_CoolingTower_Cue'",
        "ObjectPath": "FortniteGame/Content/Sounds/Fort_Prop_Sounds/Exterior/CoolingTower/PowerPlant_CoolingTower_Cue.0"
      },
      "RelativeLocation": {
        "X": 0.0,
        "Y": 0.0,
        "Z": 2144.0
      }
    }
  },
  {
    "Type": "AudioComponent",
    "Name": "UpdraftAudio_GEN_VARIABLE",
    "Outer": "BGA_Vortex_Area_Effect_CoolingTower_C",
    "Class": "UScriptClass'AudioComponent'",
    "Properties": {
      "Sound": {
        "ObjectName": "SoundCue'CoolingTowerWind_Cue'",
        "ObjectPath": "FortniteGame/Content/Sounds/Fort_Prop_Sounds/Exterior/CoolingTower/CoolingTowerWind_Cue.0"
      },
      "RelativeLocation": {
        "X": 0.0,
        "Y": 0.0,
        "Z": 2688.0
      }
    }
  },
  {
    "Type": "InheritableComponentHandler",
    "Name": "InheritableComponentHandler",
    "Outer": "BGA_Vortex_Area_Effect_CoolingTower_C",
    "Class": "UScriptClass'InheritableComponentHandler'",
    "Properties": {
      "Records": [
        {
          "ComponentClass": {
            "ObjectName": "Class'StaticMeshComponent'",
            "ObjectPath": "/Script/Engine"
          },
          "ComponentTemplate": {
            "ObjectName": "StaticMeshComponent'BGA_Vortex_Area_Effect_CoolingTower_C:S_FX_GeyserCone_GEN_VARIABLE'",
            "ObjectPath": "FortniteGame/Content/Athena/Apollo/Environments/Blueprints/AreaEffects/BGA_Vortex_Area_Effect_CoolingTower.29"
          },
          "ComponentKey": {
            "OwnerClass": {
              "ObjectName": "BlueprintGeneratedClass'BGA_DudeBro_Mini_C'",
              "ObjectPath": "FortniteGame/Content/Athena/Environments/Blueprints/DudeBro/BGA_DudeBro_Mini.1"
            },
            "SCSVariableName": "S_FX_GeyserCone",
            "AssociatedGuid": "FD0CDA9D-434E1FA7-97BD38A9-DB2E6A7B"
          },
          "CookedComponentInstancingData": {
            "bHasValidCookedData": true,
            "ChangedPropertyList": [
              {
                "PropertyName": "StaticMesh",
                "ArrayIndex": 0,
                "PropertyScope": {
                  "ObjectName": "Class'StaticMeshComponent'",
                  "ObjectPath": "/Script/Engine"
                }
              },
              {
                "PropertyName": "OverrideMaterials",
                "ArrayIndex": 0,
                "PropertyScope": {
                  "ObjectName": "Class'StaticMeshComponent'",
                  "ObjectPath": "/Script/Engine"
                }
              },
              {
                "PropertyName": "None",
                "ArrayIndex": 0,
                "PropertyScope": {
                  "ObjectName": "Class'StaticMeshComponent'",
                  "ObjectPath": "/Script/Engine"
                }
              },
              {
                "PropertyName": "CachedMaxDrawDistance",
                "ArrayIndex": 0,
                "PropertyScope": {
                  "ObjectName": "Class'StaticMeshComponent'",
                  "ObjectPath": "/Script/Engine"
                }
              },
              {
                "PropertyName": "bUseMaxLODAsImposter",
                "ArrayIndex": 0,
                "PropertyScope": {
                  "ObjectName": "Class'StaticMeshComponent'",
                  "ObjectPath": "/Script/Engine"
                }
              },
              {
                "PropertyName": "TranslucencySortPriority",
                "ArrayIndex": 0,
                "PropertyScope": {
                  "ObjectName": "Class'StaticMeshComponent'",
                  "ObjectPath": "/Script/Engine"
                }
              },
              {
                "PropertyName": "BodyInstance",
                "ArrayIndex": 0,
                "PropertyScope": {
                  "ObjectName": "Class'StaticMeshComponent'",
                  "ObjectPath": "/Script/Engine"
                }
              },
              {
                "PropertyName": "CollisionProfileName",
                "ArrayIndex": 0,
                "PropertyScope": {
                  "ObjectName": "ScriptStruct'BodyInstance'",
                  "ObjectPath": "/Script/Engine"
                }
              },
              {
                "PropertyName": "CollisionResponses",
                "ArrayIndex": 0,
                "PropertyScope": {
                  "ObjectName": "ScriptStruct'BodyInstance'",
                  "ObjectPath": "/Script/Engine"
                }
              },
              {
                "PropertyName": "ResponseArray",
                "ArrayIndex": 0,
                "PropertyScope": {
                  "ObjectName": "ScriptStruct'CollisionResponse'",
                  "ObjectPath": "/Script/Engine"
                }
              },
              {
                "PropertyName": "ResponseArray",
                "ArrayIndex": 0,
                "PropertyScope": {
                  "ObjectName": "ScriptStruct'CollisionResponse'",
                  "ObjectPath": "/Script/Engine"
                }
              },
              {
                "PropertyName": "Channel",
                "ArrayIndex": 0,
                "PropertyScope": {
                  "ObjectName": "ScriptStruct'ResponseChannel'",
                  "ObjectPath": "/Script/Engine"
                }
              },
              {
                "PropertyName": "Response",
                "ArrayIndex": 0,
                "PropertyScope": {
                  "ObjectName": "ScriptStruct'ResponseChannel'",
                  "ObjectPath": "/Script/Engine"
                }
              },
              {
                "PropertyName": "ResponseArray",
                "ArrayIndex": 1,
                "PropertyScope": {
                  "ObjectName": "ScriptStruct'CollisionResponse'",
                  "ObjectPath": "/Script/Engine"
                }
              },
              {
                "PropertyName": "Channel",
                "ArrayIndex": 0,
                "PropertyScope": {
                  "ObjectName": "ScriptStruct'ResponseChannel'",
                  "ObjectPath": "/Script/Engine"
                }
              },
              {
                "PropertyName": "Response",
                "ArrayIndex": 0,
                "PropertyScope": {
                  "ObjectName": "ScriptStruct'ResponseChannel'",
                  "ObjectPath": "/Script/Engine"
                }
              },
              {
                "PropertyName": "ResponseArray",
                "ArrayIndex": 2,
                "PropertyScope": {
                  "ObjectName": "ScriptStruct'CollisionResponse'",
                  "ObjectPath": "/Script/Engine"
                }
              },
              {
                "PropertyName": "Channel",
                "ArrayIndex": 0,
                "PropertyScope": {
                  "ObjectName": "ScriptStruct'ResponseChannel'",
                  "ObjectPath": "/Script/Engine"
                }
              },
              {
                "PropertyName": "Response",
                "ArrayIndex": 0,
                "PropertyScope": {
                  "ObjectName": "ScriptStruct'ResponseChannel'",
                  "ObjectPath": "/Script/Engine"
                }
              },
              {
                "PropertyName": "ResponseArray",
                "ArrayIndex": 3,
                "PropertyScope": {
                  "ObjectName": "ScriptStruct'CollisionResponse'",
                  "ObjectPath": "/Script/Engine"
                }
              },
              {
                "PropertyName": "Channel",
                "ArrayIndex": 0,
                "PropertyScope": {
                  "ObjectName": "ScriptStruct'ResponseChannel'",
                  "ObjectPath": "/Script/Engine"
                }
              },
              {
                "PropertyName": "Response",
                "ArrayIndex": 0,
                "PropertyScope": {
                  "ObjectName": "ScriptStruct'ResponseChannel'",
                  "ObjectPath": "/Script/Engine"
                }
              },
              {
                "PropertyName": "ResponseArray",
                "ArrayIndex": 4,
                "PropertyScope": {
                  "ObjectName": "ScriptStruct'CollisionResponse'",
                  "ObjectPath": "/Script/Engine"
                }
              },
              {
                "PropertyName": "Channel",
                "ArrayIndex": 0,
                "PropertyScope": {
                  "ObjectName": "ScriptStruct'ResponseChannel'",
                  "ObjectPath": "/Script/Engine"
                }
              },
              {
                "PropertyName": "Response",
                "ArrayIndex": 0,
                "PropertyScope": {
                  "ObjectName": "ScriptStruct'ResponseChannel'",
                  "ObjectPath": "/Script/Engine"
                }
              },
              {
                "PropertyName": "ResponseArray",
                "ArrayIndex": 5,
                "PropertyScope": {
                  "ObjectName": "ScriptStruct'CollisionResponse'",
                  "ObjectPath": "/Script/Engine"
                }
              },
              {
                "PropertyName": "Channel",
                "ArrayIndex": 0,
                "PropertyScope": {
                  "ObjectName": "ScriptStruct'ResponseChannel'",
                  "ObjectPath": "/Script/Engine"
                }
              },
              {
                "PropertyName": "Response",
                "ArrayIndex": 0,
                "PropertyScope": {
                  "ObjectName": "ScriptStruct'ResponseChannel'",
                  "ObjectPath": "/Script/Engine"
                }
              },
              {
                "PropertyName": "ResponseArray",
                "ArrayIndex": 6,
                "PropertyScope": {
                  "ObjectName": "ScriptStruct'CollisionResponse'",
                  "ObjectPath": "/Script/Engine"
                }
              },
              {
                "PropertyName": "Channel",
                "ArrayIndex": 0,
                "PropertyScope": {
                  "ObjectName": "ScriptStruct'ResponseChannel'",
                  "ObjectPath": "/Script/Engine"
                }
              },
              {
                "PropertyName": "Response",
                "ArrayIndex": 0,
                "PropertyScope": {
                  "ObjectName": "ScriptStruct'ResponseChannel'",
                  "ObjectPath": "/Script/Engine"
                }
              },
              {
                "PropertyName": "ResponseArray",
                "ArrayIndex": 7,
                "PropertyScope": {
                  "ObjectName": "ScriptStruct'CollisionResponse'",
                  "ObjectPath": "/Script/Engine"
                }
              },
              {
                "PropertyName": "Channel",
                "ArrayIndex": 0,
                "PropertyScope": {
                  "ObjectName": "ScriptStruct'ResponseChannel'",
                  "ObjectPath": "/Script/Engine"
                }
              },
              {
                "PropertyName": "Response",
                "ArrayIndex": 0,
                "PropertyScope": {
                  "ObjectName": "ScriptStruct'ResponseChannel'",
                  "ObjectPath": "/Script/Engine"
                }
              },
              {
                "PropertyName": "None",
                "ArrayIndex": 8,
                "PropertyScope": {
                  "ObjectName": "ScriptStruct'CollisionResponse'",
                  "ObjectPath": "/Script/Engine"
                }
              },
              {
                "PropertyName": "bVisible",
                "ArrayIndex": 0,
                "PropertyScope": {
                  "ObjectName": "Class'StaticMeshComponent'",
                  "ObjectPath": "/Script/Engine"
                }
              }
            ]
          }
        },
        {
          "ComponentClass": {
            "ObjectName": "Class'StaticMeshComponent'",
            "ObjectPath": "/Script/Engine"
          },
          "ComponentTemplate": {
            "ObjectName": "StaticMeshComponent'BGA_Vortex_Area_Effect_CoolingTower_C:SM_CorruptedVent_A_GEN_VARIABLE'",
            "ObjectPath": "FortniteGame/Content/Athena/Apollo/Environments/Blueprints/AreaEffects/BGA_Vortex_Area_Effect_CoolingTower.30"
          },
          "ComponentKey": {
            "OwnerClass": {
              "ObjectName": "BlueprintGeneratedClass'BGA_DudeBro_Mini_C'",
              "ObjectPath": "FortniteGame/Content/Athena/Environments/Blueprints/DudeBro/BGA_DudeBro_Mini.1"
            },
            "SCSVariableName": "SM_CorruptedVent_A",
            "AssociatedGuid": "4072E8FB-47127880-28DB41AB-DB88BEB4"
          },
          "CookedComponentInstancingData": {
            "bHasValidCookedData": true,
            "ChangedPropertyList": [
              {
                "PropertyName": "CachedMaxDrawDistance",
                "ArrayIndex": 0,
                "PropertyScope": {
                  "ObjectName": "Class'StaticMeshComponent'",
                  "ObjectPath": "/Script/Engine"
                }
              },
              {
                "PropertyName": "bGenerateOverlapEvents",
                "ArrayIndex": 0,
                "PropertyScope": {
                  "ObjectName": "Class'StaticMeshComponent'",
                  "ObjectPath": "/Script/Engine"
                }
              },
              {
                "PropertyName": "BodyInstance",
                "ArrayIndex": 0,
                "PropertyScope": {
                  "ObjectName": "Class'StaticMeshComponent'",
                  "ObjectPath": "/Script/Engine"
                }
              },
              {
                "PropertyName": "ObjectType",
                "ArrayIndex": 0,
                "PropertyScope": {
                  "ObjectName": "ScriptStruct'BodyInstance'",
                  "ObjectPath": "/Script/Engine"
                }
              },
              {
                "PropertyName": "CollisionEnabled",
                "ArrayIndex": 0,
                "PropertyScope": {
                  "ObjectName": "ScriptStruct'BodyInstance'",
                  "ObjectPath": "/Script/Engine"
                }
              },
              {
                "PropertyName": "CollisionProfileName",
                "ArrayIndex": 0,
                "PropertyScope": {
                  "ObjectName": "ScriptStruct'BodyInstance'",
                  "ObjectPath": "/Script/Engine"
                }
              },
              {
                "PropertyName": "CollisionResponses",
                "ArrayIndex": 0,
                "PropertyScope": {
                  "ObjectName": "ScriptStruct'BodyInstance'",
                  "ObjectPath": "/Script/Engine"
                }
              },
              {
                "PropertyName": "ResponseArray",
                "ArrayIndex": 0,
                "PropertyScope": {
                  "ObjectName": "ScriptStruct'CollisionResponse'",
                  "ObjectPath": "/Script/Engine"
                }
              },
              {
                "PropertyName": "ResponseArray",
                "ArrayIndex": 0,
                "PropertyScope": {
                  "ObjectName": "ScriptStruct'CollisionResponse'",
                  "ObjectPath": "/Script/Engine"
                }
              },
              {
                "PropertyName": "Channel",
                "ArrayIndex": 0,
                "PropertyScope": {
                  "ObjectName": "ScriptStruct'ResponseChannel'",
                  "ObjectPath": "/Script/Engine"
                }
              },
              {
                "PropertyName": "Response",
                "ArrayIndex": 0,
                "PropertyScope": {
                  "ObjectName": "ScriptStruct'ResponseChannel'",
                  "ObjectPath": "/Script/Engine"
                }
              },
              {
                "PropertyName": "ResponseArray",
                "ArrayIndex": 1,
                "PropertyScope": {
                  "ObjectName": "ScriptStruct'CollisionResponse'",
                  "ObjectPath": "/Script/Engine"
                }
              },
              {
                "PropertyName": "Channel",
                "ArrayIndex": 0,
                "PropertyScope": {
                  "ObjectName": "ScriptStruct'ResponseChannel'",
                  "ObjectPath": "/Script/Engine"
                }
              },
              {
                "PropertyName": "Response",
                "ArrayIndex": 0,
                "PropertyScope": {
                  "ObjectName": "ScriptStruct'ResponseChannel'",
                  "ObjectPath": "/Script/Engine"
                }
              },
              {
                "PropertyName": "RelativeLocation",
                "ArrayIndex": 0,
                "PropertyScope": {
                  "ObjectName": "Class'StaticMeshComponent'",
                  "ObjectPath": "/Script/Engine"
                }
              },
              {
                "PropertyName": "Z",
                "ArrayIndex": 0,
                "PropertyScope": {
                  "ObjectName": "ScriptStruct'Vector'",
                  "ObjectPath": "/Script/CoreUObject"
                }
              },
              {
                "PropertyName": "RelativeScale3D",
                "ArrayIndex": 0,
                "PropertyScope": {
                  "ObjectName": "Class'StaticMeshComponent'",
                  "ObjectPath": "/Script/Engine"
                }
              },
              {
                "PropertyName": "Z",
                "ArrayIndex": 0,
                "PropertyScope": {
                  "ObjectName": "ScriptStruct'Vector'",
                  "ObjectPath": "/Script/CoreUObject"
                }
              },
              {
                "PropertyName": "bVisible",
                "ArrayIndex": 0,
                "PropertyScope": {
                  "ObjectName": "Class'StaticMeshComponent'",
                  "ObjectPath": "/Script/Engine"
                }
              },
              {
                "PropertyName": "bHiddenInGame",
                "ArrayIndex": 0,
                "PropertyScope": {
                  "ObjectName": "Class'StaticMeshComponent'",
                  "ObjectPath": "/Script/Engine"
                }
              }
            ]
          }
        },
        {
          "ComponentClass": {
            "ObjectName": "Class'ParticleSystemComponent'",
            "ObjectPath": "/Script/Engine"
          },
          "ComponentTemplate": {
            "ObjectName": "ParticleSystemComponent'BGA_Vortex_Area_Effect_CoolingTower_C:P_GeyserSteamBottom_GEN_VARIABLE'",
            "ObjectPath": "FortniteGame/Content/Athena/Apollo/Environments/Blueprints/AreaEffects/BGA_Vortex_Area_Effect_CoolingTower.15"
          },
          "ComponentKey": {
            "OwnerClass": {
              "ObjectName": "BlueprintGeneratedClass'BGA_DudeBro_Mini_C'",
              "ObjectPath": "FortniteGame/Content/Athena/Environments/Blueprints/DudeBro/BGA_DudeBro_Mini.1"
            },
            "SCSVariableName": "P_GeyserSteamBottom",
            "AssociatedGuid": "007BC57D-46EA30C9-57A1AE94-F5F7EF97"
          },
          "CookedComponentInstancingData": {
            "bHasValidCookedData": true,
            "ChangedPropertyList": [
              {
                "PropertyName": "Template",
                "ArrayIndex": 0,
                "PropertyScope": {
                  "ObjectName": "Class'ParticleSystemComponent'",
                  "ObjectPath": "/Script/Engine"
                }
              },
              {
                "PropertyName": "CachedMaxDrawDistance",
                "ArrayIndex": 0,
                "PropertyScope": {
                  "ObjectName": "Class'ParticleSystemComponent'",
                  "ObjectPath": "/Script/Engine"
                }
              },
              {
                "PropertyName": "RelativeLocation",
                "ArrayIndex": 0,
                "PropertyScope": {
                  "ObjectName": "Class'ParticleSystemComponent'",
                  "ObjectPath": "/Script/Engine"
                }
              },
              {
                "PropertyName": "Z",
                "ArrayIndex": 0,
                "PropertyScope": {
                  "ObjectName": "ScriptStruct'Vector'",
                  "ObjectPath": "/Script/CoreUObject"
                }
              },
              {
                "PropertyName": "bVisible",
                "ArrayIndex": 0,
                "PropertyScope": {
                  "ObjectName": "Class'ParticleSystemComponent'",
                  "ObjectPath": "/Script/Engine"
                }
              },
              {
                "PropertyName": "bHiddenInGame",
                "ArrayIndex": 0,
                "PropertyScope": {
                  "ObjectName": "Class'ParticleSystemComponent'",
                  "ObjectPath": "/Script/Engine"
                }
              },
              {
                "PropertyName": "PrimaryComponentTick",
                "ArrayIndex": 0,
                "PropertyScope": {
                  "ObjectName": "Class'ParticleSystemComponent'",
                  "ObjectPath": "/Script/Engine"
                }
              },
              {
                "PropertyName": "bStartWithTickEnabled",
                "ArrayIndex": 0,
                "PropertyScope": {
                  "ObjectName": "ScriptStruct'ActorComponentTickFunction'",
                  "ObjectPath": "/Script/Engine"
                }
              },
              {
                "PropertyName": "bAutoActivate",
                "ArrayIndex": 0,
                "PropertyScope": {
                  "ObjectName": "Class'ParticleSystemComponent'",
                  "ObjectPath": "/Script/Engine"
                }
              }
            ]
          }
        },
        {
          "ComponentClass": {
            "ObjectName": "Class'ParticleSystemComponent'",
            "ObjectPath": "/Script/Engine"
          },
          "ComponentTemplate": {
            "ObjectName": "ParticleSystemComponent'BGA_Vortex_Area_Effect_CoolingTower_C:P_GeyserSteam_GEN_VARIABLE'",
            "ObjectPath": "FortniteGame/Content/Athena/Apollo/Environments/Blueprints/AreaEffects/BGA_Vortex_Area_Effect_CoolingTower.14"
          },
          "ComponentKey": {
            "OwnerClass": {
              "ObjectName": "BlueprintGeneratedClass'BGA_DudeBro_Mini_C'",
              "ObjectPath": "FortniteGame/Content/Athena/Environments/Blueprints/DudeBro/BGA_DudeBro_Mini.1"
            },
            "SCSVariableName": "P_GeyserSteam",
            "AssociatedGuid": "1BAFDBAC-4038A58F-B63135A4-167185E2"
          },
          "CookedComponentInstancingData": {
            "bHasValidCookedData": true,
            "ChangedPropertyList": [
              {
                "PropertyName": "Template",
                "ArrayIndex": 0,
                "PropertyScope": {
                  "ObjectName": "Class'ParticleSystemComponent'",
                  "ObjectPath": "/Script/Engine"
                }
              },
              {
                "PropertyName": "CachedMaxDrawDistance",
                "ArrayIndex": 0,
                "PropertyScope": {
                  "ObjectName": "Class'ParticleSystemComponent'",
                  "ObjectPath": "/Script/Engine"
                }
              },
              {
                "PropertyName": "RelativeLocation",
                "ArrayIndex": 0,
                "PropertyScope": {
                  "ObjectName": "Class'ParticleSystemComponent'",
                  "ObjectPath": "/Script/Engine"
                }
              },
              {
                "PropertyName": "Z",
                "ArrayIndex": 0,
                "PropertyScope": {
                  "ObjectName": "ScriptStruct'Vector'",
                  "ObjectPath": "/Script/CoreUObject"
                }
              },
              {
                "PropertyName": "bVisible",
                "ArrayIndex": 0,
                "PropertyScope": {
                  "ObjectName": "Class'ParticleSystemComponent'",
                  "ObjectPath": "/Script/Engine"
                }
              },
              {
                "PropertyName": "bHiddenInGame",
                "ArrayIndex": 0,
                "PropertyScope": {
                  "ObjectName": "Class'ParticleSystemComponent'",
                  "ObjectPath": "/Script/Engine"
                }
              },
              {
                "PropertyName": "PrimaryComponentTick",
                "ArrayIndex": 0,
                "PropertyScope": {
                  "ObjectName": "Class'ParticleSystemComponent'",
                  "ObjectPath": "/Script/Engine"
                }
              },
              {
                "PropertyName": "bStartWithTickEnabled",
                "ArrayIndex": 0,
                "PropertyScope": {
                  "ObjectName": "ScriptStruct'ActorComponentTickFunction'",
                  "ObjectPath": "/Script/Engine"
                }
              },
              {
                "PropertyName": "bAutoActivate",
                "ArrayIndex": 0,
                "PropertyScope": {
                  "ObjectName": "Class'ParticleSystemComponent'",
                  "ObjectPath": "/Script/Engine"
                }
              }
            ]
          }
        },
        {
          "ComponentClass": {
            "ObjectName": "Class'AudioComponent'",
            "ObjectPath": "/Script/Engine"
          },
          "ComponentTemplate": {
            "ObjectName": "AudioComponent'BGA_Vortex_Area_Effect_CoolingTower_C:LoopingAmbAudio_GEN_VARIABLE'",
            "ObjectPath": "FortniteGame/Content/Athena/Apollo/Environments/Blueprints/AreaEffects/BGA_Vortex_Area_Effect_CoolingTower.5"
          },
          "ComponentKey": {
            "OwnerClass": {
              "ObjectName": "BlueprintGeneratedClass'BGA_DudeBro_Mini_C'",
              "ObjectPath": "FortniteGame/Content/Athena/Environments/Blueprints/DudeBro/BGA_DudeBro_Mini.1"
            },
            "SCSVariableName": "LoopingAmbAudio",
            "AssociatedGuid": "71D98764-4737C679-25391F8C-6E320115"
          },
          "CookedComponentInstancingData": {
            "bHasValidCookedData": true,
            "ChangedPropertyList": [
              {
                "PropertyName": "Sound",
                "ArrayIndex": 0,
                "PropertyScope": {
                  "ObjectName": "Class'AudioComponent'",
                  "ObjectPath": "/Script/Engine"
                }
              },
              {
                "PropertyName": "RelativeLocation",
                "ArrayIndex": 0,
                "PropertyScope": {
                  "ObjectName": "Class'AudioComponent'",
                  "ObjectPath": "/Script/Engine"
                }
              },
              {
                "PropertyName": "Z",
                "ArrayIndex": 0,
                "PropertyScope": {
                  "ObjectName": "ScriptStruct'Vector'",
                  "ObjectPath": "/Script/CoreUObject"
                }
              }
            ]
          }
        }
      ]
    }
  },
  {
    "Type": "ObjectProperty",
    "Name": "Fan_Updraft_01",
    "Outer": "BGA_Vortex_Area_Effect_CoolingTower_C",
    "Class": "UScriptClass'ObjectProperty'",
    "PropertyFlags": "BlueprintVisible | InstancedReference | NonTransactional",
    "PropertyClass": {
      "ObjectName": "Class'StaticMeshComponent'",
      "ObjectPath": "/Script/Engine"
    }
  },
  {
    "Type": "ObjectProperty",
    "Name": "Fan_Updraft_02",
    "Outer": "BGA_Vortex_Area_Effect_CoolingTower_C",
    "Class": "UScriptClass'ObjectProperty'",
    "PropertyFlags": "BlueprintVisible | InstancedReference | NonTransactional",
    "PropertyClass": {
      "ObjectName": "Class'StaticMeshComponent'",
      "ObjectPath": "/Script/Engine"
    }
  },
  {
    "Type": "ObjectProperty",
    "Name": "Fan_Updraft_03",
    "Outer": "BGA_Vortex_Area_Effect_CoolingTower_C",
    "Class": "UScriptClass'ObjectProperty'",
    "PropertyFlags": "BlueprintVisible | InstancedReference | NonTransactional",
    "PropertyClass": {
      "ObjectName": "Class'StaticMeshComponent'",
      "ObjectPath": "/Script/Engine"
    }
  },
  {
    "Type": "ObjectProperty",
    "Name": "P_Apollo_PowerPlant_Updraft",
    "Outer": "BGA_Vortex_Area_Effect_CoolingTower_C",
    "Class": "UScriptClass'ObjectProperty'",
    "PropertyFlags": "BlueprintVisible | InstancedReference | NonTransactional",
    "PropertyClass": {
      "ObjectName": "Class'ParticleSystemComponent'",
      "ObjectPath": "/Script/Engine"
    }
  },
  {
    "Type": "ObjectProperty",
    "Name": "UpdraftAudio",
    "Outer": "BGA_Vortex_Area_Effect_CoolingTower_C",
    "Class": "UScriptClass'ObjectProperty'",
    "PropertyFlags": "BlueprintVisible | InstancedReference | NonTransactional",
    "PropertyClass": {
      "ObjectName": "Class'AudioComponent'",
      "ObjectPath": "/Script/Engine"
    }
  },
  {
    "Type": "ParticleSystemComponent",
    "Name": "P_Apollo_PowerPlant_Updraft_GEN_VARIABLE",
    "Outer": "BGA_Vortex_Area_Effect_CoolingTower_C",
    "Class": "UScriptClass'ParticleSystemComponent'",
    "Properties": {
      "Template": {
        "ObjectName": "ParticleSystem'P_Apollo_PowerPlant_Updraft'",
        "ObjectPath": "FortniteGame/Content/Athena/Effects/Particles/Environments/Apollo/P_Apollo_PowerPlant_Updraft.41"
      },
      "CachedMaxDrawDistance": 28500.0,
      "RelativeLocation": {
        "X": 0.0,
        "Y": 0.0,
        "Z": -512.0
      },
      "PrimaryComponentTick": {
        "bStartWithTickEnabled": false
      }
    }
  },
  {
    "Type": "ParticleSystemComponent",
    "Name": "P_GeyserSteam_GEN_VARIABLE",
    "Outer": "BGA_Vortex_Area_Effect_CoolingTower_C",
    "Class": "UScriptClass'ParticleSystemComponent'",
    "Template": {
      "ObjectName": "ParticleSystemComponent'BGA_DudeBro_Mini_C:P_GeyserSteam_GEN_VARIABLE'",
      "ObjectPath": "FortniteGame/Content/Athena/Environments/Blueprints/DudeBro/BGA_DudeBro_Mini.172"
    },
    "Properties": {
      "CachedMaxDrawDistance": 28500.0,
      "RelativeLocation": {
        "X": 0.0,
        "Y": 0.0,
        "Z": 512.0
      },
      "bVisible": false,
      "bHiddenInGame": true
    }
  },
  {
    "Type": "ParticleSystemComponent",
    "Name": "P_GeyserSteamBottom_GEN_VARIABLE",
    "Outer": "BGA_Vortex_Area_Effect_CoolingTower_C",
    "Class": "UScriptClass'ParticleSystemComponent'",
    "Template": {
      "ObjectName": "ParticleSystemComponent'BGA_DudeBro_Mini_C:P_GeyserSteamBottom_GEN_VARIABLE'",
      "ObjectPath": "FortniteGame/Content/Athena/Environments/Blueprints/DudeBro/BGA_DudeBro_Mini.173"
    },
    "Properties": {
      "CachedMaxDrawDistance": 28500.0,
      "RelativeLocation": {
        "X": 0.0,
        "Y": 0.0,
        "Z": 512.0
      },
      "bVisible": false,
      "bHiddenInGame": true,
      "bAutoActivate": false
    }
  },
  {
    "Type": "SceneComponent",
    "Name": "DefaultSceneRoot_GEN_VARIABLE",
    "Outer": "BGA_Vortex_Area_Effect_CoolingTower_C",
    "Class": "UScriptClass'SceneComponent'"
  },
  {
    "Type": "SCS_Node",
    "Name": "SCS_Node_0",
    "Outer": "SimpleConstructionScript_0",
    "Class": "UScriptClass'SCS_Node'",
    "Properties": {
      "ComponentClass": {
        "ObjectName": "Class'SceneComponent'",
        "ObjectPath": "/Script/Engine"
      },
      "ComponentTemplate": {
        "ObjectName": "SceneComponent'BGA_Vortex_Area_Effect_CoolingTower_C:DefaultSceneRoot_GEN_VARIABLE'",
        "ObjectPath": "FortniteGame/Content/Athena/Apollo/Environments/Blueprints/AreaEffects/BGA_Vortex_Area_Effect_CoolingTower.16"
      },
      "VariableGuid": "978059A4-4FB01CE5-BE1AD5B9-B23D295E",
      "InternalVariableName": "DefaultSceneRoot"
    }
  },
  {
    "Type": "SCS_Node",
    "Name": "SCS_Node_1",
    "Outer": "SimpleConstructionScript_0",
    "Class": "UScriptClass'SCS_Node'",
    "Properties": {
      "ComponentClass": {
        "ObjectName": "Class'ParticleSystemComponent'",
        "ObjectPath": "/Script/Engine"
      },
      "ComponentTemplate": {
        "ObjectName": "ParticleSystemComponent'BGA_Vortex_Area_Effect_CoolingTower_C:P_Apollo_PowerPlant_Updraft_GEN_VARIABLE'",
        "ObjectPath": "FortniteGame/Content/Athena/Apollo/Environments/Blueprints/AreaEffects/BGA_Vortex_Area_Effect_CoolingTower.13"
      },
      "CookedComponentInstancingData": {
        "bHasValidCookedData": true,
        "ChangedPropertyList": [
          {
            "PropertyName": "Template",
            "ArrayIndex": 0,
            "PropertyScope": {
              "ObjectName": "Class'ParticleSystemComponent'",
              "ObjectPath": "/Script/Engine"
            }
          },
          {
            "PropertyName": "CachedMaxDrawDistance",
            "ArrayIndex": 0,
            "PropertyScope": {
              "ObjectName": "Class'ParticleSystemComponent'",
              "ObjectPath": "/Script/Engine"
            }
          },
          {
            "PropertyName": "RelativeLocation",
            "ArrayIndex": 0,
            "PropertyScope": {
              "ObjectName": "Class'ParticleSystemComponent'",
              "ObjectPath": "/Script/Engine"
            }
          },
          {
            "PropertyName": "Z",
            "ArrayIndex": 0,
            "PropertyScope": {
              "ObjectName": "ScriptStruct'Vector'",
              "ObjectPath": "/Script/CoreUObject"
            }
          },
          {
            "PropertyName": "PrimaryComponentTick",
            "ArrayIndex": 0,
            "PropertyScope": {
              "ObjectName": "Class'ParticleSystemComponent'",
              "ObjectPath": "/Script/Engine"
            }
          },
          {
            "PropertyName": "bStartWithTickEnabled",
            "ArrayIndex": 0,
            "PropertyScope": {
              "ObjectName": "ScriptStruct'ActorComponentTickFunction'",
              "ObjectPath": "/Script/Engine"
            }
          }
        ]
      },
      "ParentComponentOrVariableName": "S_FX_GeyserCone",
      "ParentComponentOwnerClassName": "BGA_DudeBro_Mini_C",
      "VariableGuid": "7ACAC780-4F9FAF63-C9FF578C-B78C55D0",
      "InternalVariableName": "P_Apollo_PowerPlant_Updraft"
    }
  },
  {
    "Type": "SCS_Node",
    "Name": "SCS_Node_11",
    "Outer": "SimpleConstructionScript_0",
    "Class": "UScriptClass'SCS_Node'",
    "Properties": {
      "ComponentClass": {
        "ObjectName": "Class'AudioComponent'",
        "ObjectPath": "/Script/Engine"
      },
      "ComponentTemplate": {
        "ObjectName": "AudioComponent'BGA_Vortex_Area_Effect_CoolingTower_C:UpdraftAudio_GEN_VARIABLE'",
        "ObjectPath": "FortniteGame/Content/Athena/Apollo/Environments/Blueprints/AreaEffects/BGA_Vortex_Area_Effect_CoolingTower.6"
      },
      "CookedComponentInstancingData": {
        "bHasValidCookedData": true,
        "ChangedPropertyList": [
          {
            "PropertyName": "Sound",
            "ArrayIndex": 0,
            "PropertyScope": {
              "ObjectName": "Class'AudioComponent'",
              "ObjectPath": "/Script/Engine"
            }
          },
          {
            "PropertyName": "RelativeLocation",
            "ArrayIndex": 0,
            "PropertyScope": {
              "ObjectName": "Class'AudioComponent'",
              "ObjectPath": "/Script/Engine"
            }
          },
          {
            "PropertyName": "Z",
            "ArrayIndex": 0,
            "PropertyScope": {
              "ObjectName": "ScriptStruct'Vector'",
              "ObjectPath": "/Script/CoreUObject"
            }
          }
        ]
      },
      "ParentComponentOrVariableName": "Scene",
      "ParentComponentOwnerClassName": "BGA_DudeBro_Mini_C",
      "VariableGuid": "B8B6FC07-4312FD9C-F0C5FE8E-7A9D3AA1",
      "InternalVariableName": "UpdraftAudio"
    }
  },
  {
    "Type": "SCS_Node",
    "Name": "SCS_Node_2",
    "Outer": "SimpleConstructionScript_0",
    "Class": "UScriptClass'SCS_Node'",
    "Properties": {
      "ComponentClass": {
        "ObjectName": "Class'StaticMeshComponent'",
        "ObjectPath": "/Script/Engine"
      },
      "ComponentTemplate": {
        "ObjectName": "StaticMeshComponent'BGA_Vortex_Area_Effect_CoolingTower_C:Fan_Updraft_01_GEN_VARIABLE'",
        "ObjectPath": "FortniteGame/Content/Athena/Apollo/Environments/Blueprints/AreaEffects/BGA_Vortex_Area_Effect_CoolingTower.25"
      },
      "CookedComponentInstancingData": {
        "bHasValidCookedData": true,
        "ChangedPropertyList": [
          {
            "PropertyName": "StaticMesh",
            "ArrayIndex": 0,
            "PropertyScope": {
              "ObjectName": "Class'StaticMeshComponent'",
              "ObjectPath": "/Script/Engine"
            }
          },
          {
            "PropertyName": "OverrideMaterials",
            "ArrayIndex": 0,
            "PropertyScope": {
              "ObjectName": "Class'StaticMeshComponent'",
              "ObjectPath": "/Script/Engine"
            }
          },
          {
            "PropertyName": "None",
            "ArrayIndex": 0,
            "PropertyScope": {
              "ObjectName": "Class'StaticMeshComponent'",
              "ObjectPath": "/Script/Engine"
            }
          },
          {
            "PropertyName": "CachedMaxDrawDistance",
            "ArrayIndex": 0,
            "PropertyScope": {
              "ObjectName": "Class'StaticMeshComponent'",
              "ObjectPath": "/Script/Engine"
            }
          },
          {
            "PropertyName": "RelativeLocation",
            "ArrayIndex": 0,
            "PropertyScope": {
              "ObjectName": "Class'StaticMeshComponent'",
              "ObjectPath": "/Script/Engine"
            }
          },
          {
            "PropertyName": "X",
            "ArrayIndex": 0,
            "PropertyScope": {
              "ObjectName": "ScriptStruct'Vector'",
              "ObjectPath": "/Script/CoreUObject"
            }
          },
          {
            "PropertyName": "Z",
            "ArrayIndex": 0,
            "PropertyScope": {
              "ObjectName": "ScriptStruct'Vector'",
              "ObjectPath": "/Script/CoreUObject"
            }
          },
          {
            "PropertyName": "RelativeRotation",
            "ArrayIndex": 0,
            "PropertyScope": {
              "ObjectName": "Class'StaticMeshComponent'",
              "ObjectPath": "/Script/Engine"
            }
          },
          {
            "PropertyName": "Pitch",
            "ArrayIndex": 0,
            "PropertyScope": {
              "ObjectName": "ScriptStruct'Rotator'",
              "ObjectPath": "/Script/CoreUObject"
            }
          },
          {
            "PropertyName": "Yaw",
            "ArrayIndex": 0,
            "PropertyScope": {
              "ObjectName": "ScriptStruct'Rotator'",
              "ObjectPath": "/Script/CoreUObject"
            }
          },
          {
            "PropertyName": "Roll",
            "ArrayIndex": 0,
            "PropertyScope": {
              "ObjectName": "ScriptStruct'Rotator'",
              "ObjectPath": "/Script/CoreUObject"
            }
          },
          {
            "PropertyName": "RelativeScale3D",
            "ArrayIndex": 0,
            "PropertyScope": {
              "ObjectName": "Class'StaticMeshComponent'",
              "ObjectPath": "/Script/Engine"
            }
          },
          {
            "PropertyName": "X",
            "ArrayIndex": 0,
            "PropertyScope": {
              "ObjectName": "ScriptStruct'Vector'",
              "ObjectPath": "/Script/CoreUObject"
            }
          },
          {
            "PropertyName": "Y",
            "ArrayIndex": 0,
            "PropertyScope": {
              "ObjectName": "ScriptStruct'Vector'",
              "ObjectPath": "/Script/CoreUObject"
            }
          },
          {
            "PropertyName": "Z",
            "ArrayIndex": 0,
            "PropertyScope": {
              "ObjectName": "ScriptStruct'Vector'",
              "ObjectPath": "/Script/CoreUObject"
            }
          }
        ]
      },
      "ParentComponentOrVariableName": "S_FX_GeyserCone",
      "ParentComponentOwnerClassName": "BGA_DudeBro_Mini_C",
      "VariableGuid": "3662BF1E-42E12253-1AA83896-3CE8C161",
      "InternalVariableName": "Fan_Updraft_01"
    }
  },
  {
    "Type": "SCS_Node",
    "Name": "SCS_Node_3",
    "Outer": "SimpleConstructionScript_0",
    "Class": "UScriptClass'SCS_Node'",
    "Properties": {
      "ComponentClass": {
        "ObjectName": "Class'StaticMeshComponent'",
        "ObjectPath": "/Script/Engine"
      },
      "ComponentTemplate": {
        "ObjectName": "StaticMeshComponent'BGA_Vortex_Area_Effect_CoolingTower_C:Fan_Updraft_02_GEN_VARIABLE'",
        "ObjectPath": "FortniteGame/Content/Athena/Apollo/Environments/Blueprints/AreaEffects/BGA_Vortex_Area_Effect_CoolingTower.26"
      },
      "CookedComponentInstancingData": {
        "bHasValidCookedData": true,
        "ChangedPropertyList": [
          {
            "PropertyName": "StaticMesh",
            "ArrayIndex": 0,
            "PropertyScope": {
              "ObjectName": "Class'StaticMeshComponent'",
              "ObjectPath": "/Script/Engine"
            }
          },
          {
            "PropertyName": "OverrideMaterials",
            "ArrayIndex": 0,
            "PropertyScope": {
              "ObjectName": "Class'StaticMeshComponent'",
              "ObjectPath": "/Script/Engine"
            }
          },
          {
            "PropertyName": "None",
            "ArrayIndex": 0,
            "PropertyScope": {
              "ObjectName": "Class'StaticMeshComponent'",
              "ObjectPath": "/Script/Engine"
            }
          },
          {
            "PropertyName": "CachedMaxDrawDistance",
            "ArrayIndex": 0,
            "PropertyScope": {
              "ObjectName": "Class'StaticMeshComponent'",
              "ObjectPath": "/Script/Engine"
            }
          },
          {
            "PropertyName": "RelativeLocation",
            "ArrayIndex": 0,
            "PropertyScope": {
              "ObjectName": "Class'StaticMeshComponent'",
              "ObjectPath": "/Script/Engine"
            }
          },
          {
            "PropertyName": "X",
            "ArrayIndex": 0,
            "PropertyScope": {
              "ObjectName": "ScriptStruct'Vector'",
              "ObjectPath": "/Script/CoreUObject"
            }
          },
          {
            "PropertyName": "Z",
            "ArrayIndex": 0,
            "PropertyScope": {
              "ObjectName": "ScriptStruct'Vector'",
              "ObjectPath": "/Script/CoreUObject"
            }
          },
          {
            "PropertyName": "RelativeRotation",
            "ArrayIndex": 0,
            "PropertyScope": {
              "ObjectName": "Class'StaticMeshComponent'",
              "ObjectPath": "/Script/Engine"
            }
          },
          {
            "PropertyName": "Pitch",
            "ArrayIndex": 0,
            "PropertyScope": {
              "ObjectName": "ScriptStruct'Rotator'",
              "ObjectPath": "/Script/CoreUObject"
            }
          },
          {
            "PropertyName": "Yaw",
            "ArrayIndex": 0,
            "PropertyScope": {
              "ObjectName": "ScriptStruct'Rotator'",
              "ObjectPath": "/Script/CoreUObject"
            }
          },
          {
            "PropertyName": "Roll",
            "ArrayIndex": 0,
            "PropertyScope": {
              "ObjectName": "ScriptStruct'Rotator'",
              "ObjectPath": "/Script/CoreUObject"
            }
          },
          {
            "PropertyName": "RelativeScale3D",
            "ArrayIndex": 0,
            "PropertyScope": {
              "ObjectName": "Class'StaticMeshComponent'",
              "ObjectPath": "/Script/Engine"
            }
          },
          {
            "PropertyName": "X",
            "ArrayIndex": 0,
            "PropertyScope": {
              "ObjectName": "ScriptStruct'Vector'",
              "ObjectPath": "/Script/CoreUObject"
            }
          },
          {
            "PropertyName": "Y",
            "ArrayIndex": 0,
            "PropertyScope": {
              "ObjectName": "ScriptStruct'Vector'",
              "ObjectPath": "/Script/CoreUObject"
            }
          },
          {
            "PropertyName": "Z",
            "ArrayIndex": 0,
            "PropertyScope": {
              "ObjectName": "ScriptStruct'Vector'",
              "ObjectPath": "/Script/CoreUObject"
            }
          }
        ]
      },
      "ParentComponentOrVariableName": "S_FX_GeyserCone",
      "ParentComponentOwnerClassName": "BGA_DudeBro_Mini_C",
      "VariableGuid": "32A63CBF-46B23083-10FC0593-E6C8CF38",
      "InternalVariableName": "Fan_Updraft_02"
    }
  },
  {
    "Type": "SCS_Node",
    "Name": "SCS_Node_4",
    "Outer": "SimpleConstructionScript_0",
    "Class": "UScriptClass'SCS_Node'",
    "Properties": {
      "ComponentClass": {
        "ObjectName": "Class'StaticMeshComponent'",
        "ObjectPath": "/Script/Engine"
      },
      "ComponentTemplate": {
        "ObjectName": "StaticMeshComponent'BGA_Vortex_Area_Effect_CoolingTower_C:Fan_Updraft_03_GEN_VARIABLE'",
        "ObjectPath": "FortniteGame/Content/Athena/Apollo/Environments/Blueprints/AreaEffects/BGA_Vortex_Area_Effect_CoolingTower.27"
      },
      "CookedComponentInstancingData": {
        "bHasValidCookedData": true,
        "ChangedPropertyList": [
          {
            "PropertyName": "StaticMesh",
            "ArrayIndex": 0,
            "PropertyScope": {
              "ObjectName": "Class'StaticMeshComponent'",
              "ObjectPath": "/Script/Engine"
            }
          },
          {
            "PropertyName": "OverrideMaterials",
            "ArrayIndex": 0,
            "PropertyScope": {
              "ObjectName": "Class'StaticMeshComponent'",
              "ObjectPath": "/Script/Engine"
            }
          },
          {
            "PropertyName": "None",
            "ArrayIndex": 0,
            "PropertyScope": {
              "ObjectName": "Class'StaticMeshComponent'",
              "ObjectPath": "/Script/Engine"
            }
          },
          {
            "PropertyName": "CachedMaxDrawDistance",
            "ArrayIndex": 0,
            "PropertyScope": {
              "ObjectName": "Class'StaticMeshComponent'",
              "ObjectPath": "/Script/Engine"
            }
          },
          {
            "PropertyName": "RelativeLocation",
            "ArrayIndex": 0,
            "PropertyScope": {
              "ObjectName": "Class'StaticMeshComponent'",
              "ObjectPath": "/Script/Engine"
            }
          },
          {
            "PropertyName": "Y",
            "ArrayIndex": 0,
            "PropertyScope": {
              "ObjectName": "ScriptStruct'Vector'",
              "ObjectPath": "/Script/CoreUObject"
            }
          },
          {
            "PropertyName": "Z",
            "ArrayIndex": 0,
            "PropertyScope": {
              "ObjectName": "ScriptStruct'Vector'",
              "ObjectPath": "/Script/CoreUObject"
            }
          },
          {
            "PropertyName": "RelativeRotation",
            "ArrayIndex": 0,
            "PropertyScope": {
              "ObjectName": "Class'StaticMeshComponent'",
              "ObjectPath": "/Script/Engine"
            }
          },
          {
            "PropertyName": "Pitch",
            "ArrayIndex": 0,
            "PropertyScope": {
              "ObjectName": "ScriptStruct'Rotator'",
              "ObjectPath": "/Script/CoreUObject"
            }
          },
          {
            "PropertyName": "Yaw",
            "ArrayIndex": 0,
            "PropertyScope": {
              "ObjectName": "ScriptStruct'Rotator'",
              "ObjectPath": "/Script/CoreUObject"
            }
          },
          {
            "PropertyName": "Roll",
            "ArrayIndex": 0,
            "PropertyScope": {
              "ObjectName": "ScriptStruct'Rotator'",
              "ObjectPath": "/Script/CoreUObject"
            }
          },
          {
            "PropertyName": "RelativeScale3D",
            "ArrayIndex": 0,
            "PropertyScope": {
              "ObjectName": "Class'StaticMeshComponent'",
              "ObjectPath": "/Script/Engine"
            }
          },
          {
            "PropertyName": "X",
            "ArrayIndex": 0,
            "PropertyScope": {
              "ObjectName": "ScriptStruct'Vector'",
              "ObjectPath": "/Script/CoreUObject"
            }
          },
          {
            "PropertyName": "Y",
            "ArrayIndex": 0,
            "PropertyScope": {
              "ObjectName": "ScriptStruct'Vector'",
              "ObjectPath": "/Script/CoreUObject"
            }
          },
          {
            "PropertyName": "Z",
            "ArrayIndex": 0,
            "PropertyScope": {
              "ObjectName": "ScriptStruct'Vector'",
              "ObjectPath": "/Script/CoreUObject"
            }
          }
        ]
      },
      "ParentComponentOrVariableName": "S_FX_GeyserCone",
      "ParentComponentOwnerClassName": "BGA_DudeBro_Mini_C",
      "VariableGuid": "076D48CC-47F7C1E5-33845DA1-8A65C87E",
      "InternalVariableName": "Fan_Updraft_03"
    }
  },
  {
    "Type": "SCS_Node",
    "Name": "SCS_Node_5",
    "Outer": "SimpleConstructionScript_0",
    "Class": "UScriptClass'SCS_Node'",
    "Properties": {
      "ComponentClass": {
        "ObjectName": "Class'StaticMeshComponent'",
        "ObjectPath": "/Script/Engine"
      },
      "ComponentTemplate": {
        "ObjectName": "StaticMeshComponent'BGA_Vortex_Area_Effect_CoolingTower_C:Fan_Updraft_04_GEN_VARIABLE'",
        "ObjectPath": "FortniteGame/Content/Athena/Apollo/Environments/Blueprints/AreaEffects/BGA_Vortex_Area_Effect_CoolingTower.28"
      },
      "CookedComponentInstancingData": {
        "bHasValidCookedData": true,
        "ChangedPropertyList": [
          {
            "PropertyName": "StaticMesh",
            "ArrayIndex": 0,
            "PropertyScope": {
              "ObjectName": "Class'StaticMeshComponent'",
              "ObjectPath": "/Script/Engine"
            }
          },
          {
            "PropertyName": "OverrideMaterials",
            "ArrayIndex": 0,
            "PropertyScope": {
              "ObjectName": "Class'StaticMeshComponent'",
              "ObjectPath": "/Script/Engine"
            }
          },
          {
            "PropertyName": "None",
            "ArrayIndex": 0,
            "PropertyScope": {
              "ObjectName": "Class'StaticMeshComponent'",
              "ObjectPath": "/Script/Engine"
            }
          },
          {
            "PropertyName": "CachedMaxDrawDistance",
            "ArrayIndex": 0,
            "PropertyScope": {
              "ObjectName": "Class'StaticMeshComponent'",
              "ObjectPath": "/Script/Engine"
            }
          },
          {
            "PropertyName": "RelativeLocation",
            "ArrayIndex": 0,
            "PropertyScope": {
              "ObjectName": "Class'StaticMeshComponent'",
              "ObjectPath": "/Script/Engine"
            }
          },
          {
            "PropertyName": "Y",
            "ArrayIndex": 0,
            "PropertyScope": {
              "ObjectName": "ScriptStruct'Vector'",
              "ObjectPath": "/Script/CoreUObject"
            }
          },
          {
            "PropertyName": "Z",
            "ArrayIndex": 0,
            "PropertyScope": {
              "ObjectName": "ScriptStruct'Vector'",
              "ObjectPath": "/Script/CoreUObject"
            }
          },
          {
            "PropertyName": "RelativeRotation",
            "ArrayIndex": 0,
            "PropertyScope": {
              "ObjectName": "Class'StaticMeshComponent'",
              "ObjectPath": "/Script/Engine"
            }
          },
          {
            "PropertyName": "Pitch",
            "ArrayIndex": 0,
            "PropertyScope": {
              "ObjectName": "ScriptStruct'Rotator'",
              "ObjectPath": "/Script/CoreUObject"
            }
          },
          {
            "PropertyName": "Yaw",
            "ArrayIndex": 0,
            "PropertyScope": {
              "ObjectName": "ScriptStruct'Rotator'",
              "ObjectPath": "/Script/CoreUObject"
            }
          },
          {
            "PropertyName": "Roll",
            "ArrayIndex": 0,
            "PropertyScope": {
              "ObjectName": "ScriptStruct'Rotator'",
              "ObjectPath": "/Script/CoreUObject"
            }
          },
          {
            "PropertyName": "RelativeScale3D",
            "ArrayIndex": 0,
            "PropertyScope": {
              "ObjectName": "Class'StaticMeshComponent'",
              "ObjectPath": "/Script/Engine"
            }
          },
          {
            "PropertyName": "X",
            "ArrayIndex": 0,
            "PropertyScope": {
              "ObjectName": "ScriptStruct'Vector'",
              "ObjectPath": "/Script/CoreUObject"
            }
          },
          {
            "PropertyName": "Y",
            "ArrayIndex": 0,
            "PropertyScope": {
              "ObjectName": "ScriptStruct'Vector'",
              "ObjectPath": "/Script/CoreUObject"
            }
          },
          {
            "PropertyName": "Z",
            "ArrayIndex": 0,
            "PropertyScope": {
              "ObjectName": "ScriptStruct'Vector'",
              "ObjectPath": "/Script/CoreUObject"
            }
          }
        ]
      },
      "ParentComponentOrVariableName": "S_FX_GeyserCone",
      "ParentComponentOwnerClassName": "BGA_DudeBro_Mini_C",
      "VariableGuid": "654BA988-463ED9F1-186B769F-93CACAA2",
      "InternalVariableName": "Fan_Updraft_04"
    }
  },
  {
    "Type": "SimpleConstructionScript",
    "Name": "SimpleConstructionScript_0",
    "Outer": "BGA_Vortex_Area_Effect_CoolingTower_C",
    "Class": "UScriptClass'SimpleConstructionScript'",
    "Properties": {
      "RootNodes": [
        {
          "ObjectName": "SCS_Node'BGA_Vortex_Area_Effect_CoolingTower_C:SimpleConstructionScript_0.SCS_Node_11'",
          "ObjectPath": "FortniteGame/Content/Athena/Apollo/Environments/Blueprints/AreaEffects/BGA_Vortex_Area_Effect_CoolingTower.19"
        },
        {
          "ObjectName": "SCS_Node'BGA_Vortex_Area_Effect_CoolingTower_C:SimpleConstructionScript_0.SCS_Node_1'",
          "ObjectPath": "FortniteGame/Content/Athena/Apollo/Environments/Blueprints/AreaEffects/BGA_Vortex_Area_Effect_CoolingTower.18"
        },
        {
          "ObjectName": "SCS_Node'BGA_Vortex_Area_Effect_CoolingTower_C:SimpleConstructionScript_0.SCS_Node_4'",
          "ObjectPath": "FortniteGame/Content/Athena/Apollo/Environments/Blueprints/AreaEffects/BGA_Vortex_Area_Effect_CoolingTower.22"
        },
        {
          "ObjectName": "SCS_Node'BGA_Vortex_Area_Effect_CoolingTower_C:SimpleConstructionScript_0.SCS_Node_3'",
          "ObjectPath": "FortniteGame/Content/Athena/Apollo/Environments/Blueprints/AreaEffects/BGA_Vortex_Area_Effect_CoolingTower.21"
        },
        {
          "ObjectName": "SCS_Node'BGA_Vortex_Area_Effect_CoolingTower_C:SimpleConstructionScript_0.SCS_Node_2'",
          "ObjectPath": "FortniteGame/Content/Athena/Apollo/Environments/Blueprints/AreaEffects/BGA_Vortex_Area_Effect_CoolingTower.20"
        },
        {
          "ObjectName": "SCS_Node'BGA_Vortex_Area_Effect_CoolingTower_C:SimpleConstructionScript_0.SCS_Node_5'",
          "ObjectPath": "FortniteGame/Content/Athena/Apollo/Environments/Blueprints/AreaEffects/BGA_Vortex_Area_Effect_CoolingTower.23"
        }
      ],
      "AllNodes": [
        {
          "ObjectName": "SCS_Node'BGA_Vortex_Area_Effect_CoolingTower_C:SimpleConstructionScript_0.SCS_Node_11'",
          "ObjectPath": "FortniteGame/Content/Athena/Apollo/Environments/Blueprints/AreaEffects/BGA_Vortex_Area_Effect_CoolingTower.19"
        },
        {
          "ObjectName": "SCS_Node'BGA_Vortex_Area_Effect_CoolingTower_C:SimpleConstructionScript_0.SCS_Node_1'",
          "ObjectPath": "FortniteGame/Content/Athena/Apollo/Environments/Blueprints/AreaEffects/BGA_Vortex_Area_Effect_CoolingTower.18"
        },
        {
          "ObjectName": "SCS_Node'BGA_Vortex_Area_Effect_CoolingTower_C:SimpleConstructionScript_0.SCS_Node_4'",
          "ObjectPath": "FortniteGame/Content/Athena/Apollo/Environments/Blueprints/AreaEffects/BGA_Vortex_Area_Effect_CoolingTower.22"
        },
        {
          "ObjectName": "SCS_Node'BGA_Vortex_Area_Effect_CoolingTower_C:SimpleConstructionScript_0.SCS_Node_3'",
          "ObjectPath": "FortniteGame/Content/Athena/Apollo/Environments/Blueprints/AreaEffects/BGA_Vortex_Area_Effect_CoolingTower.21"
        },
        {
          "ObjectName": "SCS_Node'BGA_Vortex_Area_Effect_CoolingTower_C:SimpleConstructionScript_0.SCS_Node_2'",
          "ObjectPath": "FortniteGame/Content/Athena/Apollo/Environments/Blueprints/AreaEffects/BGA_Vortex_Area_Effect_CoolingTower.20"
        },
        {
          "ObjectName": "SCS_Node'BGA_Vortex_Area_Effect_CoolingTower_C:SimpleConstructionScript_0.SCS_Node_5'",
          "ObjectPath": "FortniteGame/Content/Athena/Apollo/Environments/Blueprints/AreaEffects/BGA_Vortex_Area_Effect_CoolingTower.23"
        }
      ],
      "DefaultSceneRootNode": {
        "ObjectName": "SCS_Node'BGA_Vortex_Area_Effect_CoolingTower_C:SimpleConstructionScript_0.SCS_Node_0'",
        "ObjectPath": "FortniteGame/Content/Athena/Apollo/Environments/Blueprints/AreaEffects/BGA_Vortex_Area_Effect_CoolingTower.17"
      }
    }
  },
  {
    "Type": "StaticMeshComponent",
    "Name": "Fan_Updraft_01_GEN_VARIABLE",
    "Outer": "BGA_Vortex_Area_Effect_CoolingTower_C",
    "Class": "UScriptClass'StaticMeshComponent'",
    "Properties": {
      "StaticMesh": {
        "ObjectName": "StaticMesh'SM_Volcano_Updraft_01'",
        "ObjectPath": "FortniteGame/Content/Effects/Fort_Effects/Mesh/Wind/SM_Volcano_Updraft_01.1"
      },
      "OverrideMaterials": [
        {
          "ObjectName": "MaterialInstanceConstant'M_Wind_Spline_Updraft_Construction_Inst'",
          "ObjectPath": "FortniteGame/Content/Effects/Fort_Effects/Materials/Splines/M_Wind_Spline_Updraft_Construction_Inst.0"
        }
      ],
      "CachedMaxDrawDistance": 28500.0,
      "RelativeLocation": {
        "X": 2816.0,
        "Y": 0.0,
        "Z": 768.0
      },
      "RelativeRotation": {
        "Pitch": -45.0,
        "Yaw": -179.99997,
        "Roll": 4.3673567E-06
      },
      "RelativeScale3D": {
        "X": 2.0,
        "Y": 2.0,
        "Z": 2.0
      }
    }
  },
  {
    "Type": "StaticMeshComponent",
    "Name": "Fan_Updraft_02_GEN_VARIABLE",
    "Outer": "BGA_Vortex_Area_Effect_CoolingTower_C",
    "Class": "UScriptClass'StaticMeshComponent'",
    "Properties": {
      "StaticMesh": {
        "ObjectName": "StaticMesh'SM_Volcano_Updraft_01'",
        "ObjectPath": "FortniteGame/Content/Effects/Fort_Effects/Mesh/Wind/SM_Volcano_Updraft_01.1"
      },
      "OverrideMaterials": [
        {
          "ObjectName": "MaterialInstanceConstant'M_Wind_Spline_Updraft_Construction_Inst'",
          "ObjectPath": "FortniteGame/Content/Effects/Fort_Effects/Materials/Splines/M_Wind_Spline_Updraft_Construction_Inst.0"
        }
      ],
      "CachedMaxDrawDistance": 28500.0,
      "RelativeLocation": {
        "X": -2816.0,
        "Y": 0.0,
        "Z": 768.0
      },
      "RelativeRotation": {
        "Pitch": -44.79302,
        "Yaw": 1.4341832E-13,
        "Roll": 3.999999E-06
      },
      "RelativeScale3D": {
        "X": 2.0,
        "Y": 2.0,
        "Z": 2.0
      }
    }
  },
  {
    "Type": "StaticMeshComponent",
    "Name": "Fan_Updraft_03_GEN_VARIABLE",
    "Outer": "BGA_Vortex_Area_Effect_CoolingTower_C",
    "Class": "UScriptClass'StaticMeshComponent'",
    "Properties": {
      "StaticMesh": {
        "ObjectName": "StaticMesh'SM_Volcano_Updraft_01'",
        "ObjectPath": "FortniteGame/Content/Effects/Fort_Effects/Mesh/Wind/SM_Volcano_Updraft_01.1"
      },
      "OverrideMaterials": [
        {
          "ObjectName": "MaterialInstanceConstant'M_Wind_Spline_Updraft_Construction_Inst'",
          "ObjectPath": "FortniteGame/Content/Effects/Fort_Effects/Materials/Splines/M_Wind_Spline_Updraft_Construction_Inst.0"
        }
      ],
      "CachedMaxDrawDistance": 28500.0,
      "RelativeLocation": {
        "X": 0.0,
        "Y": 2816.0,
        "Z": 768.0
      },
      "RelativeRotation": {
        "Pitch": -45.0,
        "Yaw": -89.999985,
        "Roll": 4.0904437E-05
      },
      "RelativeScale3D": {
        "X": 2.0,
        "Y": 2.0,
        "Z": 2.0
      }
    }
  },
  {
    "Type": "StaticMeshComponent",
    "Name": "Fan_Updraft_04_GEN_VARIABLE",
    "Outer": "BGA_Vortex_Area_Effect_CoolingTower_C",
    "Class": "UScriptClass'StaticMeshComponent'",
    "Properties": {
      "StaticMesh": {
        "ObjectName": "StaticMesh'SM_Volcano_Updraft_01'",
        "ObjectPath": "FortniteGame/Content/Effects/Fort_Effects/Mesh/Wind/SM_Volcano_Updraft_01.1"
      },
      "OverrideMaterials": [
        {
          "ObjectName": "MaterialInstanceConstant'M_Wind_Spline_Updraft_Construction_Inst'",
          "ObjectPath": "FortniteGame/Content/Effects/Fort_Effects/Materials/Splines/M_Wind_Spline_Updraft_Construction_Inst.0"
        }
      ],
      "CachedMaxDrawDistance": 28500.0,
      "RelativeLocation": {
        "X": 0.0,
        "Y": -2816.0,
        "Z": 768.0
      },
      "RelativeRotation": {
        "Pitch": -45.0,
        "Yaw": 89.99997,
        "Roll": 4.0904437E-05
      },
      "RelativeScale3D": {
        "X": 2.0,
        "Y": 2.0,
        "Z": 2.0
      }
    }
  },
  {
    "Type": "StaticMeshComponent",
    "Name": "S_FX_GeyserCone_GEN_VARIABLE",
    "Outer": "BGA_Vortex_Area_Effect_CoolingTower_C",
    "Class": "UScriptClass'StaticMeshComponent'",
    "Template": {
      "ObjectName": "StaticMeshComponent'BGA_DudeBro_Mini_C:S_FX_GeyserCone_GEN_VARIABLE'",
      "ObjectPath": "FortniteGame/Content/Athena/Environments/Blueprints/DudeBro/BGA_DudeBro_Mini.184"
    },
    "Properties": {
      "StaticMesh": {
        "ObjectName": "StaticMesh'SM_CoolingTower_AE_Collision_a'",
        "ObjectPath": "FortniteGame/Content/Environments/Apollo/Sets/PowerPlant/Meshes/SM_CoolingTower_AE_Collision_a.1"
      },
      "OverrideMaterials": [
        {
          "ObjectName": "Material'M_Geyser_SteamCone'",
          "ObjectPath": "FortniteGame/Content/Effects/Fort_Effects/Materials/Water/M_Geyser_SteamCone.0"
        }
      ],
      "CachedMaxDrawDistance": 28500.0,
      "bVisible": false
    }
  },
  {
    "Type": "StaticMeshComponent",
    "Name": "SM_CorruptedVent_A_GEN_VARIABLE",
    "Outer": "BGA_Vortex_Area_Effect_CoolingTower_C",
    "Class": "UScriptClass'StaticMeshComponent'",
    "Template": {
      "ObjectName": "StaticMeshComponent'BGA_DudeBro_Mini_C:SM_CorruptedVent_A_GEN_VARIABLE'",
      "ObjectPath": "FortniteGame/Content/Athena/Environments/Blueprints/DudeBro/BGA_DudeBro_Mini.185"
    },
    "Properties": {
      "StaticMesh": null,
      "CachedMaxDrawDistance": 28500.0,
      "bGenerateOverlapEvents": false,
      "BodyInstance": {
        "ObjectType": "ECC_WorldStatic",
        "CollisionEnabled": "ECollisionEnabled::NoCollision",
        "CollisionProfileName": "NoCollision",
        "CollisionResponses": {
          "ResponseArray": [
            {
              "Channel": "Visibility",
              "Response": "ECR_Ignore"
            },
            {
              "Channel": "Camera",
              "Response": "ECR_Ignore"
            }
          ]
        }
      },
      "bVisible": false,
      "bHiddenInGame": true
    }
  },
  {
    "Type": "StructProperty",
    "Name": "CallFunc_K2_SetRelativeRotation_SweepHitResult",
    "Outer": "UserConstructionScript",
    "Class": "UScriptClass'StructProperty'",
    "PropertyFlags": "ContainsInstancedReference",
    "Struct": {
      "ObjectName": "ScriptStruct'HitResult'",
      "ObjectPath": "/Script/Engine"
    }
  }
]