[
  {
    "Type": "Athena_Prop_Rocks_StoneLarge01_C",
    "Name": "Athena_Prop_Rocks_StoneLarge104",
    "Outer": "PersistentLevel",
    "Class": "BlueprintGeneratedClass'FortniteGame/Content/Athena/Environments/Blueprints/Athena_Prop_Rocks_StoneLarge01.Athena_Prop_Rocks_StoneLarge01_C'",
    "Template": {
      "ObjectName": "Athena_Prop_Rocks_StoneLarge01_C'Default__Athena_Prop_Rocks_StoneLarge01_C'",
      "ObjectPath": "FortniteGame/Content/Athena/Environments/Blueprints/Athena_Prop_Rocks_StoneLarge01.1"
    },
    "Properties": {
      "StaticMeshComponent": {
        "ObjectName": "StaticMeshComponent'Sublevel_X0Y1:PersistentLevel.Athena_Prop_Rocks_StoneLarge104.StaticMeshComponent0'",
        "ObjectPath": "FortniteGame/Content/Athena/Maps/Streaming/Sublevel_X0Y1.12"
      },
      "MyGuid": "762C2D6A-4E93D4D3-DA80EE8C-334393BD",
      "DataVersion": 1,
      "CullDistance": 0.0,
      "RootComponent": {
        "ObjectName": "StaticMeshComponent'Sublevel_X0Y1:PersistentLevel.Athena_Prop_Rocks_StoneLarge104.StaticMeshComponent0'",
        "ObjectPath": "FortniteGame/Content/Athena/Maps/Streaming/Sublevel_X0Y1.12"
      }
    }
  },
  {
    "Type": "Athena_Tree_Large_2_C",
    "Name": "Athena_Tree_Large_477",
    "Outer": "PersistentLevel",
    "Class": "BlueprintGeneratedClass'FortniteGame/Content/Athena/Environments/Blueprints/Athena_Tree_Large_2.Athena_Tree_Large_2_C'",
    "Template": {
      "ObjectName": "Athena_Tree_Large_2_C'Default__Athena_Tree_Large_2_C'",
      "ObjectPath": "FortniteGame/Content/Athena/Environments/Blueprints/Athena_Tree_Large_2.1"
    },
    "Properties": {
      "StaticMeshComponent": {
        "ObjectName": "StaticMeshComponent'Sublevel_X0Y1:PersistentLevel.Athena_Tree_Large_477.StaticMeshComponent0'",
        "ObjectPath": "FortniteGame/Content/Athena/Maps/Streaming/Sublevel_X0Y1.13"
      },
      "MyGuid": "E77086A4-4521053B-65496886-94FC71E1",
      "DataVersion": 1,
      "CullDistance": 0.0,
      "RootComponent": {
        "ObjectName": "StaticMeshComponent'Sublevel_X0Y1:PersistentLevel.Athena_Tree_Large_477.StaticMeshComponent0'",
        "ObjectPath": "FortniteGame/Content/Athena/Maps/Streaming/Sublevel_X0Y1.13"
      }
    }
  },
  {
    "Type": "Athena_Tree_Pine_01_MT_C",
    "Name": "Athena_Tree_Pine_1539",
    "Outer": "PersistentLevel",
    "Class": "BlueprintGeneratedClass'FortniteGame/Content/Athena/Environments/Blueprints/Athena_Tree_Pine_01_MT.Athena_Tree_Pine_01_MT_C'",
    "Template": {
      "ObjectName": "Athena_Tree_Pine_01_MT_C'Default__Athena_Tree_Pine_01_MT_C'",
      "ObjectPath": "FortniteGame/Content/Athena/Environments/Blueprints/Athena_Tree_Pine_01_MT.1"
    },
    "Properties": {
      "StaticMeshComponent": {
        "ObjectName": "StaticMeshComponent'Sublevel_X0Y1:PersistentLevel.Athena_Tree_Pine_1539.StaticMeshComponent0'",
        "ObjectPath": "FortniteGame/Content/Athena/Maps/Streaming/Sublevel_X0Y1.15"
      },
      "MyGuid": "4A620FB8-4DE8B5F6-917052AD-DDD9ADD8",
      "DataVersion": 1,
      "CullDistance": 0.0,
      "RootComponent": {
        "ObjectName": "StaticMeshComponent'Sublevel_X0Y1:PersistentLevel.Athena_Tree_Pine_1539.StaticMeshComponent0'",
        "ObjectPath": "FortniteGame/Content/Athena/Maps/Streaming/Sublevel_X0Y1.15"
      }
    }
  },
  {
    "Type": "Athena_Tree_Pine_03_MT_C",
    "Name": "Athena_Tree_Pine_03_MT23",
    "Outer": "PersistentLevel",
    "Class": "BlueprintGeneratedClass'FortniteGame/Content/Athena/Environments/Blueprints/Athena_Tree_Pine_03_MT.Athena_Tree_Pine_03_MT_C'",
    "Template": {
      "ObjectName": "Athena_Tree_Pine_03_MT_C'Default__Athena_Tree_Pine_03_MT_C'",
      "ObjectPath": "FortniteGame/Content/Athena/Environments/Blueprints/Athena_Tree_Pine_03_MT.1"
    },
    "Properties": {
      "StaticMeshComponent": {
        "ObjectName": "StaticMeshComponent'Sublevel_X0Y1:PersistentLevel.Athena_Tree_Pine_03_MT23.StaticMeshComponent0'",
        "ObjectPath": "FortniteGame/Content/Athena/Maps/Streaming/Sublevel_X0Y1.14"
      },
      "MyGuid": "12E10E59-4A567E6E-538626B3-97AFF7B9",
      "DataVersion": 1,
      "CullDistance": 0.0,
      "RootComponent": {
        "ObjectName": "StaticMeshComponent'Sublevel_X0Y1:PersistentLevel.Athena_Tree_Pine_03_MT23.StaticMeshComponent0'",
        "ObjectPath": "FortniteGame/Content/Athena/Maps/Streaming/Sublevel_X0Y1.14"
      },
      "Tags": [
        "ZOffset_Pine_05_MT"
      ]
    }
  },
  {
    "Type": "BoxComponent",
    "Name": "BoxComponent0",
    "Outer": "LevelBounds_0",
    "Class": "UScriptClass'BoxComponent'",
    "Properties": {
      "BodyInstance": {
        "MaxAngularVelocity": 3599.9998
      },
      "RelativeLocation": {
        "X": 15324.875,
        "Y": 15231.858,
        "Z": 3681.3564
      },
      "RelativeScale3D": {
        "X": 6689.333,
        "Y": 7936.283,
        "Z": 3641.0967
      }
    }
  },
  {
    "Type": "FortWorldSettings",
    "Name": "FortWorldSettings",
    "Outer": "PersistentLevel",
    "Class": "UScriptClass'FortWorldSettings'",
    "Properties": {
      "WorldCells": [
        2147483647,
        1
      ],
      "WorldCellsOrigin": {
        "X": 512.0,
        "Y": 512.0,
        "Z": 0.0
      },
      "MinCullObjectSize": 64.0,
      "MinCullDistance": 2800.0,
      "MaxCullObjectSize": 1000.0,
      "MaxCullDistance": 40000.0,
      "bEnableNavigationSystem": false,
      "NavigationSystemConfig": {
        "ObjectName": "NavigationSystemConfig'Sublevel_X0Y1:PersistentLevel.FortWorldSettings.NavigationSystemConfig_0'",
        "ObjectPath": "FortniteGame/Content/Athena/Maps/Streaming/Sublevel_X0Y1.11"
      }
    }
  },
  {
    "Type": "Level",
    "Name": "PersistentLevel",
    "Outer": "Sublevel_X0Y1",
    "Class": "UScriptClass'Level'",
    "Properties": {
      "Model": {
        "ObjectName": "Model'Sublevel_X0Y1:PersistentLevel.Model_0'",
        "ObjectPath": "FortniteGame/Content/Athena/Maps/Streaming/Sublevel_X0Y1.10"
      },
      "LevelBuildDataId": "BC2A32F9-499C064F-0B7005A4-C2748903",
      "WorldSettings": {
        "ObjectName": "FortWorldSettings'Sublevel_X0Y1:PersistentLevel.FortWorldSettings'",
        "ObjectPath": "FortniteGame/Content/Athena/Maps/Streaming/Sublevel_X0Y1.5"
      }
    },
    "Actors": [
      {
        "ObjectName": "FortWorldSettings'Sublevel_X0Y1:PersistentLevel.FortWorldSettings'",
        "ObjectPath": "FortniteGame/Content/Athena/Maps/Streaming/Sublevel_X0Y1.5"
      },
      null,
      {
        "ObjectName": "LevelBounds'Sublevel_X0Y1:PersistentLevel.LevelBounds_0'",
        "ObjectPath": "FortniteGame/Content/Athena/Maps/Streaming/Sublevel_X0Y1.7"
      },
      {
        "ObjectName": "LODActor'Sublevel_X0Y1:PersistentLevel.LODActor_1'",
        "ObjectPath": "FortniteGame/Content/Athena/Maps/Streaming/Sublevel_X0Y1.9"
      },
      {
        "ObjectName": "LF_1x1_Foundation_C'Sublevel_X0Y1:PersistentLevel.LF_1x1_Foundation104'",
        "ObjectPath": "FortniteGame/Content/Athena/Maps/Streaming/Sublevel_X0Y1.8"
      },
      {
        "ObjectName": "Athena_Prop_Rocks_StoneLarge01_C'Sublevel_X0Y1:PersistentLevel.Athena_Prop_Rocks_StoneLarge104'",
        "ObjectPath": "FortniteGame/Content/Athena/Maps/Streaming/Sublevel_X0Y1.0"
      },
      {
        "ObjectName": "Athena_Tree_Pine_01_MT_C'Sublevel_X0Y1:PersistentLevel.Athena_Tree_Pine_1539'",
        "ObjectPath": "FortniteGame/Content/Athena/Maps/Streaming/Sublevel_X0Y1.2"
      },
      {
        "ObjectName": "Athena_Tree_Large_2_C'Sublevel_X0Y1:PersistentLevel.Athena_Tree_Large_477'",
        "ObjectPath": "FortniteGame/Content/Athena/Maps/Streaming/Sublevel_X0Y1.1"
      },
      {
        "ObjectName": "Athena_Tree_Pine_03_MT_C'Sublevel_X0Y1:PersistentLevel.Athena_Tree_Pine_03_MT23'",
        "ObjectPath": "FortniteGame/Content/Athena/Maps/Streaming/Sublevel_X0Y1.3"
      }
    ],
    "URL": {
      "Protocol": "unreal",
      "Host": "",
      "Port": 7777,
      "Valid": true,
      "Map": "/Game/Maps/Frontend",
      "Op": [],
      "Portal": ""
    },
    "Model": {
      "ObjectName": "Model'Sublevel_X0Y1:PersistentLevel.Model_0'",
      "ObjectPath": "FortniteGame/Content/Athena/Maps/Streaming/Sublevel_X0Y1.10"
    },
    "ModelComponents": [],
    "LevelScriptActor": null,
    "NavListStart": null,
    "NavListEnd": null,
    "PrecomputedVisibilityHandler": {
      "PrecomputedVisibilityCellBucketOriginXY": {
        "X": 0.0,
        "Y": 0.0
      },
      "PrecomputedVisibilityCellSizeXY": 0.0,
      "PrecomputedVisibilityCellSizeZ": 0.0,
      "PrecomputedVisibilityCellBucketSizeXY": 0,
      "PrecomputedVisibilityNumCellBuckets": 0,
      "PrecomputedVisibilityCellBuckets": []
    },
    "PrecomputedVolumeDistanceField": {
      "VolumeMaxDistance": 0.0,
      "VolumeBox": {
        "Min": {
          "X": 0.0,
          "Y": 0.0,
          "Z": 0.0
        },
        "Max": {
          "X": 0.0,
          "Y": 0.0,
          "Z": 0.0
        },
        "IsValid": 0
      },
      "VolumeSizeX": 0,
      "VolumeSizeY": 0,
      "VolumeSizeZ": 0,
      "Data": []
    }
  },
  {
    "Type": "LevelBounds",
    "Name": "LevelBounds_0",
    "Outer": "PersistentLevel",
    "Class": "UScriptClass'LevelBounds'",
    "Properties": {
      "RootComponent": {
        "ObjectName": "BoxComponent'Sublevel_X0Y1:PersistentLevel.LevelBounds_0.BoxComponent0'",
        "ObjectPath": "FortniteGame/Content/Athena/Maps/Streaming/Sublevel_X0Y1.4"
      }
    }
  },
  {
    "Type": "LF_1x1_Foundation_C",
    "Name": "LF_1x1_Foundation104",
    "Outer": "PersistentLevel",
    "Class": "BlueprintGeneratedClass'FortniteGame/Content/Athena/Environments/Blueprints/LF_1x1_Foundation.LF_1x1_Foundation_C'",
    "Template": {
      "ObjectName": "LF_1x1_Foundation_C'Default__LF_1x1_Foundation_C'",
      "ObjectPath": "FortniteGame/Content/Athena/Environments/Blueprints/LF_1x1_Foundation.1"
    },
    "Properties": {
      "BuildingGroups": [],
      "AdditionalWorlds": [
        {
          "AssetPathName": "/Game/Athena/Maps/Buildings/1x1/Athena_SS_1x1_Outdoor3_005.Athena_SS_1x1_Outdoor3_005",
          "SubPathString": ""
        }
      ],
      "StreamingBoundingBox": {
        "Min": {
          "X": -256.00006,
          "Y": -256.00024,
          "Z": 0.0
        },
        "Max": {
          "X": 256.00006,
          "Y": 256.00012,
          "Z": 47.608078
        },
        "IsValid": 1
      },
      "StaticMeshComponent": {
        "ObjectName": "StaticMeshComponent'Sublevel_X0Y1:PersistentLevel.LF_1x1_Foundation104.StaticMeshComponent0'",
        "ObjectPath": "FortniteGame/Content/Athena/Maps/Streaming/Sublevel_X0Y1.16"
      },
      "MyGuid": "259C1B7D-4958206D-34A01298-725B178C",
      "DataVersion": 1,
      "RootComponent": {
        "ObjectName": "StaticMeshComponent'Sublevel_X0Y1:PersistentLevel.LF_1x1_Foundation104.StaticMeshComponent0'",
        "ObjectPath": "FortniteGame/Content/Athena/Maps/Streaming/Sublevel_X0Y1.16"
      }
    }
  },
  {
    "Type": "LODActor",
    "Name": "LODActor_1",
    "Outer": "PersistentLevel",
    "Class": "UScriptClass'LODActor'",
    "Properties": {
      "StaticMeshComponent": {
        "ObjectName": "StaticMeshComponent'Sublevel_X0Y1:PersistentLevel.LODActor_1.StaticMeshComponent0'",
        "ObjectPath": "FortniteGame/Content/Athena/Maps/Streaming/Sublevel_X0Y1.17"
      },
      "Proxy": {
        "ObjectName": "HLODProxy'Sublevel_X0Y1_0_HLOD'",
        "ObjectPath": "FortniteGame/Content/Athena/Maps/Streaming/HLOD/Sublevel_X0Y1_0_HLOD.1"
      },
      "Key": "76927B120C6645ACB9200E7FB8896AC3_46BEF5A44A560B148813D590618D4230_C7CF813B_C8CFF814_D012DFE3_ProxyLODMeshReduction",
      "LODDrawDistance": 11061.23,
      "SubActors": [
        {
          "ObjectName": "Athena_Prop_Rocks_StoneLarge01_C'Sublevel_X0Y1:PersistentLevel.Athena_Prop_Rocks_StoneLarge104'",
          "ObjectPath": "FortniteGame/Content/Athena/Maps/Streaming/Sublevel_X0Y1.0"
        },
        {
          "ObjectName": "Athena_Tree_Pine_01_MT_C'Sublevel_X0Y1:PersistentLevel.Athena_Tree_Pine_1539'",
          "ObjectPath": "FortniteGame/Content/Athena/Maps/Streaming/Sublevel_X0Y1.2"
        },
        {
          "ObjectName": "Athena_Tree_Large_2_C'Sublevel_X0Y1:PersistentLevel.Athena_Tree_Large_477'",
          "ObjectPath": "FortniteGame/Content/Athena/Maps/Streaming/Sublevel_X0Y1.1"
        },
        {
          "ObjectName": "Athena_Tree_Pine_03_MT_C'Sublevel_X0Y1:PersistentLevel.Athena_Tree_Pine_03_MT23'",
          "ObjectPath": "FortniteGame/Content/Athena/Maps/Streaming/Sublevel_X0Y1.3"
        }
      ],
      "LODLevel": 1,
      "RootComponent": {
        "ObjectName": "StaticMeshComponent'Sublevel_X0Y1:PersistentLevel.LODActor_1.StaticMeshComponent0'",
        "ObjectPath": "FortniteGame/Content/Athena/Maps/Streaming/Sublevel_X0Y1.17"
      }
    }
  },
  {
    "Type": "Model",
    "Name": "Model_0",
    "Outer": "PersistentLevel",
    "Class": "UScriptClass'Model'",
    "Bounds": {
      "Origin": {
        "X": 0.0,
        "Y": 0.0,
        "Z": 0.0
      },
      "BoxExtent": {
        "X": 0.0,
        "Y": 0.0,
        "Z": 0.0
      },
      "SphereRadius": 0.0
    },
    "Vectors": [],
    "Points": [],
    "Nodes": [],
    "Surfs": [],
    "NumSharedSides": 4,
    "VertexBuffer": {
      "Vertices": []
    },
    "LightingGuid": "0ACE84ED-49230738-D71DEAB7-FA935F54",
    "LightmassSettings": []
  },
  {
    "Type": "NavigationSystemConfig",
    "Name": "NavigationSystemConfig_0",
    "Outer": "FortWorldSettings",
    "Class": "UScriptClass'NavigationSystemConfig'",
    "Properties": {
      "NavigationSystemClass": {
        "AssetPathName": "/Script/FortniteGame.FortNavSystem",
        "SubPathString": ""
      }
    }
  },
  {
    "Type": "StaticMeshComponent",
    "Name": "StaticMeshComponent0",
    "Outer": "Athena_Prop_Rocks_StoneLarge104",
    "Class": "UScriptClass'StaticMeshComponent'",
    "Template": {
      "ObjectName": "StaticMeshComponent'Default__Athena_Prop_Rocks_StoneLarge01_C:StaticMeshComponent0'",
      "ObjectPath": "FortniteGame/Content/Athena/Environments/Blueprints/Athena_Prop_Rocks_StoneLarge01.5"
    },
    "Properties": {
      "OverrideMaterials": [
        null
      ],
      "LODParentPrimitive": {
        "ObjectName": "StaticMeshComponent'Sublevel_X0Y1:PersistentLevel.LODActor_1.StaticMeshComponent0'",
        "ObjectPath": "FortniteGame/Content/Athena/Maps/Streaming/Sublevel_X0Y1.17"
      },
      "RelativeLocation": {
        "X": 13440.0,
        "Y": 15072.0,
        "Z": 1936.0
      },
      "RelativeRotation": {
        "Pitch": -4.3992906,
        "Yaw": 22.31997,
        "Roll": 10.305752
      },
      "RelativeScale3D": {
        "X": 1.051616,
        "Y": 1.051616,
        "Z": 1.051616
      }
    }
  },
  {
    "Type": "StaticMeshComponent",
    "Name": "StaticMeshComponent0",
    "Outer": "Athena_Tree_Large_477",
    "Class": "UScriptClass'StaticMeshComponent'",
    "Template": {
      "ObjectName": "StaticMeshComponent'Default__Athena_Tree_Large_2_C:StaticMeshComponent0'",
      "ObjectPath": "FortniteGame/Content/Athena/Environments/Blueprints/Athena_Tree_Large_2.5"
    },
    "Properties": {
      "LODParentPrimitive": {
        "ObjectName": "StaticMeshComponent'Sublevel_X0Y1:PersistentLevel.LODActor_1.StaticMeshComponent0'",
        "ObjectPath": "FortniteGame/Content/Athena/Maps/Streaming/Sublevel_X0Y1.17"
      },
      "RelativeLocation": {
        "X": 13216.0,
        "Y": 14272.0,
        "Z": 1932.0
      },
      "RelativeRotation": {
        "Pitch": 0.0,
        "Yaw": 86.666336,
        "Roll": 0.0
      },
      "RelativeScale3D": {
        "X": 1.014139,
        "Y": 1.014139,
        "Z": 1.014139
      }
    },
    "LODData": [
      {
        "MapBuildDataId": "E5467CAE4A601FA6EA0CA3B16AE2729E"
      }
    ]
  },
  {
    "Type": "StaticMeshComponent",
    "Name": "StaticMeshComponent0",
    "Outer": "Athena_Tree_Pine_03_MT23",
    "Class": "UScriptClass'StaticMeshComponent'",
    "Template": {
      "ObjectName": "StaticMeshComponent'Default__Athena_Tree_Pine_03_MT_C:StaticMeshComponent0'",
      "ObjectPath": "FortniteGame/Content/Athena/Environments/Blueprints/Athena_Tree_Pine_03_MT.5"
    },
    "Properties": {
      "OverrideMaterials": [
        null,
        {
          "ObjectName": "MaterialInstanceConstant'MI_Pine_05_Ambient_Leaves_Inst'",
          "ObjectPath": "FortniteGame/Content/Athena/Environments/Materials/MI_Pine_05_Ambient_Leaves_Inst.0"
        },
        {
          "ObjectName": "MaterialInstanceConstant'MI_AthenaTreeXmasPine_02_Impostor_MT'",
          "ObjectPath": "FortniteGame/Content/ImpostorBaker/ImpostorLODs/AthenaTreeXmasPine_02/MI_AthenaTreeXmasPine_02_Impostor_MT.0"
        }
      ],
      "CachedMaxDrawDistance": 0.0,
      "LODParentPrimitive": {
        "ObjectName": "StaticMeshComponent'Sublevel_X0Y1:PersistentLevel.LODActor_1.StaticMeshComponent0'",
        "ObjectPath": "FortniteGame/Content/Athena/Maps/Streaming/Sublevel_X0Y1.17"
      },
      "RelativeLocation": {
        "X": 17760.0,
        "Y": 11856.0,
        "Z": 3902.0208
      },
      "RelativeRotation": {
        "Pitch": 0.0,
        "Yaw": -17.90565,
        "Roll": 0.0
      },
      "RelativeScale3D": {
        "X": 1.087219,
        "Y": 1.087219,
        "Z": 1.087219
      }
    }
  },
  {
    "Type": "StaticMeshComponent",
    "Name": "StaticMeshComponent0",
    "Outer": "Athena_Tree_Pine_1539",
    "Class": "UScriptClass'StaticMeshComponent'",
    "Template": {
      "ObjectName": "StaticMeshComponent'Default__Athena_Tree_Pine_01_MT_C:StaticMeshComponent0'",
      "ObjectPath": "FortniteGame/Content/Athena/Environments/Blueprints/Athena_Tree_Pine_01_MT.5"
    },
    "Properties": {
      "OverrideMaterials": [
        null,
        {
          "ObjectName": "MaterialInstanceConstant'MI_Pine_05_Ambient_Leaves_Inst'",
          "ObjectPath": "FortniteGame/Content/Athena/Environments/Materials/MI_Pine_05_Ambient_Leaves_Inst.0"
        },
        {
          "ObjectName": "MaterialInstanceConstant'MI_AthenaTreeXmasPine_01_Impostor_MT'",
          "ObjectPath": "FortniteGame/Content/ImpostorBaker/ImpostorLODs/AthenaTreeXmasPine_02/MI_AthenaTreeXmasPine_01_Impostor_MT.0"
        }
      ],
      "CachedMaxDrawDistance": 0.0,
      "LODParentPrimitive": {
        "ObjectName": "StaticMeshComponent'Sublevel_X0Y1:PersistentLevel.LODActor_1.StaticMeshComponent0'",
        "ObjectPath": "FortniteGame/Content/Athena/Maps/Streaming/Sublevel_X0Y1.17"
      },
      "RelativeLocation": {
        "X": 18384.0,
        "Y": 11536.0,
        "Z": 4192.0
      },
      "RelativeRotation": {
        "Pitch": 0.0,
        "Yaw": 9.77331,
        "Roll": 0.0
      },
      "RelativeScale3D": {
        "X": 1.207221,
        "Y": 1.207221,
        "Z": 1.207221
      }
    }
  },
  {
    "Type": "StaticMeshComponent",
    "Name": "StaticMeshComponent0",
    "Outer": "LF_1x1_Foundation104",
    "Class": "UScriptClass'StaticMeshComponent'",
    "Template": {
      "ObjectName": "StaticMeshComponent'Default__LF_1x1_Foundation_C:StaticMeshComponent0'",
      "ObjectPath": "FortniteGame/Content/Athena/Environments/Blueprints/LF_1x1_Foundation.5"
    },
    "Properties": {
      "StaticMesh": null,
      "OverrideMaterials": [
        {
          "ObjectName": "MaterialInstanceConstant'M_Foundation_Texture'",
          "ObjectPath": "FortniteGame/Content/Environments/World/Foundations/Materials/M_Foundation_Texture.0"
        }
      ],
      "RelativeLocation": {
        "X": 17920.0,
        "Y": 18944.0,
        "Z": 5376.0
      },
      "RelativeRotation": {
        "Pitch": 0.0,
        "Yaw": 179.99995,
        "Roll": 0.0
      }
    }
  },
  {
    "Type": "StaticMeshComponent",
    "Name": "StaticMeshComponent0",
    "Outer": "LODActor_1",
    "Class": "UScriptClass'StaticMeshComponent'",
    "Properties": {
      "StaticMesh": {
        "ObjectName": "StaticMesh'SM_Sublevel_X0Y1_0_Athena_Prop_Rocks_StoneLarge104'",
        "ObjectPath": "FortniteGame/Content/Athena/Maps/Streaming/HLOD/Sublevel_X0Y1_0_HLOD.4"
      },
      "MinDrawDistance": 35000.0,
      "CastShadow": true,
      "bCastStaticShadow": true
    }
  },
  {
    "Type": "World",
    "Name": "Sublevel_X0Y1",
    "Class": "UScriptClass'World'",
    "Properties": {
      "DefaultPhysicsVolume": null
    },
    "PersistentLevel": {
      "ObjectName": "Level'Sublevel_X0Y1:PersistentLevel'",
      "ObjectPath": "FortniteGame/Content/Athena/Maps/Streaming/Sublevel_X0Y1.6"
    },
    "ExtraReferencedObjects": [],
    "StreamingLevels": []
  }
]