[
  {
    "Type": "Athena_LargePine_01_C",
    "Name": "Athena_Tree_Pine_772",
    "Outer": "PersistentLevel",
    "Class": "BlueprintGeneratedClass'FortniteGame/Content/Athena/Environments/Blueprints/Athena_LargePine_01.Athena_LargePine_01_C'",
    "Template": {
      "ObjectName": "Athena_LargePine_01_C'Default__Athena_LargePine_01_C'",
      "ObjectPath": "FortniteGame/Content/Athena/Environments/Blueprints/Athena_LargePine_01.1"
    },
    "Properties": {
      "StaticMeshComponent": {
        "ObjectName": "StaticMeshComponent'Sublevel_X1Y0:PersistentLevel.Athena_Tree_Pine_772.StaticMeshComponent0'",
        "ObjectPath": "FortniteGame/Content/Athena/Maps/Streaming/Sublevel_X1Y0.29"
      },
      "MyGuid": "0300CB21-44B49481-20C50CAA-FCAFFABE",
      "DataVersion": 1,
      "CullDistance": 0.0,
      "RootComponent": {
        "ObjectName": "StaticMeshComponent'Sublevel_X1Y0:PersistentLevel.Athena_Tree_Pine_772.StaticMeshComponent0'",
        "ObjectPath": "FortniteGame/Content/Athena/Maps/Streaming/Sublevel_X1Y0.29"
      }
    }
  },
  {
    "Type": "Athena_LargePine_02_C",
    "Name": "Tree_Large_412",
    "Outer": "PersistentLevel",
    "Class": "BlueprintGeneratedClass'FortniteGame/Content/Athena/Environments/Blueprints/Athena_LargePine_02.Athena_LargePine_02_C'",
    "Template": {
      "ObjectName": "Athena_LargePine_02_C'Default__Athena_LargePine_02_C'",
      "ObjectPath": "FortniteGame/Content/Athena/Environments/Blueprints/Athena_LargePine_02.1"
    },
    "Properties": {
      "StaticMeshComponent": {
        "ObjectName": "StaticMeshComponent'Sublevel_X1Y0:PersistentLevel.Tree_Large_412.StaticMeshComponent0'",
        "ObjectPath": "FortniteGame/Content/Athena/Maps/Streaming/Sublevel_X1Y0.35"
      },
      "MyGuid": "7EB02D2B-44C47744-51E59692-C7A3C914",
      "DataVersion": 1,
      "CullDistance": 0.0,
      "RootComponent": {
        "ObjectName": "StaticMeshComponent'Sublevel_X1Y0:PersistentLevel.Tree_Large_412.StaticMeshComponent0'",
        "ObjectPath": "FortniteGame/Content/Athena/Maps/Streaming/Sublevel_X1Y0.35"
      }
    }
  },
  {
    "Type": "Athena_LargePine_02_C",
    "Name": "Tree_Large_425",
    "Outer": "PersistentLevel",
    "Class": "BlueprintGeneratedClass'FortniteGame/Content/Athena/Environments/Blueprints/Athena_LargePine_02.Athena_LargePine_02_C'",
    "Template": {
      "ObjectName": "Athena_LargePine_02_C'Default__Athena_LargePine_02_C'",
      "ObjectPath": "FortniteGame/Content/Athena/Environments/Blueprints/Athena_LargePine_02.1"
    },
    "Properties": {
      "StaticMeshComponent": {
        "ObjectName": "StaticMeshComponent'Sublevel_X1Y0:PersistentLevel.Tree_Large_425.StaticMeshComponent0'",
        "ObjectPath": "FortniteGame/Content/Athena/Maps/Streaming/Sublevel_X1Y0.36"
      },
      "MyGuid": "5CCB3CA4-421C2BAC-C281D690-34B95D41",
      "DataVersion": 1,
      "CullDistance": 0.0,
      "RootComponent": {
        "ObjectName": "StaticMeshComponent'Sublevel_X1Y0:PersistentLevel.Tree_Large_425.StaticMeshComponent0'",
        "ObjectPath": "FortniteGame/Content/Athena/Maps/Streaming/Sublevel_X1Y0.36"
      }
    }
  },
  {
    "Type": "Athena_LargePine_02_C",
    "Name": "Tree_Large_426",
    "Outer": "PersistentLevel",
    "Class": "BlueprintGeneratedClass'FortniteGame/Content/Athena/Environments/Blueprints/Athena_LargePine_02.Athena_LargePine_02_C'",
    "Template": {
      "ObjectName": "Athena_LargePine_02_C'Default__Athena_LargePine_02_C'",
      "ObjectPath": "FortniteGame/Content/Athena/Environments/Blueprints/Athena_LargePine_02.1"
    },
    "Properties": {
      "bMirrored": true,
      "StaticMeshComponent": {
        "ObjectName": "StaticMeshComponent'Sublevel_X1Y0:PersistentLevel.Tree_Large_426.StaticMeshComponent0'",
        "ObjectPath": "FortniteGame/Content/Athena/Maps/Streaming/Sublevel_X1Y0.37"
      },
      "MyGuid": "A8F1ECC7-451881AB-D20A4187-57E10BF2",
      "DataVersion": 1,
      "CullDistance": 0.0,
      "RootComponent": {
        "ObjectName": "StaticMeshComponent'Sublevel_X1Y0:PersistentLevel.Tree_Large_426.StaticMeshComponent0'",
        "ObjectPath": "FortniteGame/Content/Athena/Maps/Streaming/Sublevel_X1Y0.37"
      }
    }
  },
  {
    "Type": "Athena_Prop_Rocks_StoneLarge01_C",
    "Name": "Athena_Prop_Rocks_StoneLarge102",
    "Outer": "PersistentLevel",
    "Class": "BlueprintGeneratedClass'FortniteGame/Content/Athena/Environments/Blueprints/Athena_Prop_Rocks_StoneLarge01.Athena_Prop_Rocks_StoneLarge01_C'",
    "Template": {
      "ObjectName": "Athena_Prop_Rocks_StoneLarge01_C'Default__Athena_Prop_Rocks_StoneLarge01_C'",
      "ObjectPath": "FortniteGame/Content/Athena/Environments/Blueprints/Athena_Prop_Rocks_StoneLarge01.1"
    },
    "Properties": {
      "StaticMeshComponent": {
        "ObjectName": "StaticMeshComponent'Sublevel_X1Y0:PersistentLevel.Athena_Prop_Rocks_StoneLarge102.StaticMeshComponent0'",
        "ObjectPath": "FortniteGame/Content/Athena/Maps/Streaming/Sublevel_X1Y0.23"
      },
      "MyGuid": "580069D4-4EB2651B-98688CA1-4446AFD9",
      "DataVersion": 1,
      "CullDistance": 0.0,
      "RootComponent": {
        "ObjectName": "StaticMeshComponent'Sublevel_X1Y0:PersistentLevel.Athena_Prop_Rocks_StoneLarge102.StaticMeshComponent0'",
        "ObjectPath": "FortniteGame/Content/Athena/Maps/Streaming/Sublevel_X1Y0.23"
      }
    }
  },
  {
    "Type": "Athena_Prop_Rocks_StoneLarge01_C",
    "Name": "Athena_Prop_Rocks_StoneLarge50",
    "Outer": "PersistentLevel",
    "Class": "BlueprintGeneratedClass'FortniteGame/Content/Athena/Environments/Blueprints/Athena_Prop_Rocks_StoneLarge01.Athena_Prop_Rocks_StoneLarge01_C'",
    "Template": {
      "ObjectName": "Athena_Prop_Rocks_StoneLarge01_C'Default__Athena_Prop_Rocks_StoneLarge01_C'",
      "ObjectPath": "FortniteGame/Content/Athena/Environments/Blueprints/Athena_Prop_Rocks_StoneLarge01.1"
    },
    "Properties": {
      "StaticMeshComponent": {
        "ObjectName": "StaticMeshComponent'Sublevel_X1Y0:PersistentLevel.Athena_Prop_Rocks_StoneLarge50.StaticMeshComponent0'",
        "ObjectPath": "FortniteGame/Content/Athena/Maps/Streaming/Sublevel_X1Y0.24"
      },
      "MyGuid": "4011F6B4-4A9E051C-0DBBB5B9-7C34731F",
      "DataVersion": 1,
      "CullDistance": 0.0,
      "RootComponent": {
        "ObjectName": "StaticMeshComponent'Sublevel_X1Y0:PersistentLevel.Athena_Prop_Rocks_StoneLarge50.StaticMeshComponent0'",
        "ObjectPath": "FortniteGame/Content/Athena/Maps/Streaming/Sublevel_X1Y0.24"
      }
    }
  },
  {
    "Type": "Athena_Prop_Rocks_StoneLarge03_C",
    "Name": "Athena_Prop_Rocks_StoneLarge100",
    "Outer": "PersistentLevel",
    "Class": "BlueprintGeneratedClass'FortniteGame/Content/Athena/Environments/Blueprints/Athena_Prop_Rocks_StoneLarge03.Athena_Prop_Rocks_StoneLarge03_C'",
    "Template": {
      "ObjectName": "Athena_Prop_Rocks_StoneLarge03_C'Default__Athena_Prop_Rocks_StoneLarge03_C'",
      "ObjectPath": "FortniteGame/Content/Athena/Environments/Blueprints/Athena_Prop_Rocks_StoneLarge03.1"
    },
    "Properties": {
      "StaticMeshComponent": {
        "ObjectName": "StaticMeshComponent'Sublevel_X1Y0:PersistentLevel.Athena_Prop_Rocks_StoneLarge100.StaticMeshComponent0'",
        "ObjectPath": "FortniteGame/Content/Athena/Maps/Streaming/Sublevel_X1Y0.22"
      },
      "MyGuid": "C736D63C-4A1D2B97-F4B78194-3C0F9F96",
      "DataVersion": 1,
      "CullDistance": 0.0,
      "RootComponent": {
        "ObjectName": "StaticMeshComponent'Sublevel_X1Y0:PersistentLevel.Athena_Prop_Rocks_StoneLarge100.StaticMeshComponent0'",
        "ObjectPath": "FortniteGame/Content/Athena/Maps/Streaming/Sublevel_X1Y0.22"
      }
    }
  },
  {
    "Type": "Athena_Tree_Pine_03_MT_C",
    "Name": "Athena_Tree_Medium_03_27",
    "Outer": "PersistentLevel",
    "Class": "BlueprintGeneratedClass'FortniteGame/Content/Athena/Environments/Blueprints/Athena_Tree_Pine_03_MT.Athena_Tree_Pine_03_MT_C'",
    "Template": {
      "ObjectName": "Athena_Tree_Pine_03_MT_C'Default__Athena_Tree_Pine_03_MT_C'",
      "ObjectPath": "FortniteGame/Content/Athena/Environments/Blueprints/Athena_Tree_Pine_03_MT.1"
    },
    "Properties": {
      "StaticMeshComponent": {
        "ObjectName": "StaticMeshComponent'Sublevel_X1Y0:PersistentLevel.Athena_Tree_Medium_03_27.StaticMeshComponent0'",
        "ObjectPath": "FortniteGame/Content/Athena/Maps/Streaming/Sublevel_X1Y0.25"
      },
      "MyGuid": "F840509D-473B6F18-0FC9A8BC-F9BEADEC",
      "DataVersion": 1,
      "CullDistance": 0.0,
      "RootComponent": {
        "ObjectName": "StaticMeshComponent'Sublevel_X1Y0:PersistentLevel.Athena_Tree_Medium_03_27.StaticMeshComponent0'",
        "ObjectPath": "FortniteGame/Content/Athena/Maps/Streaming/Sublevel_X1Y0.25"
      }
    }
  },
  {
    "Type": "Athena_Tree_Pine_03_MT_C",
    "Name": "Athena_Tree_Medium_03_31",
    "Outer": "PersistentLevel",
    "Class": "BlueprintGeneratedClass'FortniteGame/Content/Athena/Environments/Blueprints/Athena_Tree_Pine_03_MT.Athena_Tree_Pine_03_MT_C'",
    "Template": {
      "ObjectName": "Athena_Tree_Pine_03_MT_C'Default__Athena_Tree_Pine_03_MT_C'",
      "ObjectPath": "FortniteGame/Content/Athena/Environments/Blueprints/Athena_Tree_Pine_03_MT.1"
    },
    "Properties": {
      "StaticMeshComponent": {
        "ObjectName": "StaticMeshComponent'Sublevel_X1Y0:PersistentLevel.Athena_Tree_Medium_03_31.StaticMeshComponent0'",
        "ObjectPath": "FortniteGame/Content/Athena/Maps/Streaming/Sublevel_X1Y0.26"
      },
      "MyGuid": "8192B0DC-4E0F2A00-558B949E-ED85E70D",
      "DataVersion": 1,
      "CullDistance": 0.0,
      "RootComponent": {
        "ObjectName": "StaticMeshComponent'Sublevel_X1Y0:PersistentLevel.Athena_Tree_Medium_03_31.StaticMeshComponent0'",
        "ObjectPath": "FortniteGame/Content/Athena/Maps/Streaming/Sublevel_X1Y0.26"
      }
    }
  },
  {
    "Type": "Athena_Tree_Pine_03_MT_C",
    "Name": "Athena_Tree_Medium_04_13",
    "Outer": "PersistentLevel",
    "Class": "BlueprintGeneratedClass'FortniteGame/Content/Athena/Environments/Blueprints/Athena_Tree_Pine_03_MT.Athena_Tree_Pine_03_MT_C'",
    "Template": {
      "ObjectName": "Athena_Tree_Pine_03_MT_C'Default__Athena_Tree_Pine_03_MT_C'",
      "ObjectPath": "FortniteGame/Content/Athena/Environments/Blueprints/Athena_Tree_Pine_03_MT.1"
    },
    "Properties": {
      "StaticMeshComponent": {
        "ObjectName": "StaticMeshComponent'Sublevel_X1Y0:PersistentLevel.Athena_Tree_Medium_04_13.StaticMeshComponent0'",
        "ObjectPath": "FortniteGame/Content/Athena/Maps/Streaming/Sublevel_X1Y0.27"
      },
      "MyGuid": "B4615774-4318AD03-7A421B9E-EFB29A5E",
      "DataVersion": 1,
      "CullDistance": 0.0,
      "RootComponent": {
        "ObjectName": "StaticMeshComponent'Sublevel_X1Y0:PersistentLevel.Athena_Tree_Medium_04_13.StaticMeshComponent0'",
        "ObjectPath": "FortniteGame/Content/Athena/Maps/Streaming/Sublevel_X1Y0.27"
      }
    }
  },
  {
    "Type": "Athena_Tree_Pine_03_MT_C",
    "Name": "Athena_Tree_Pine_03_MT26",
    "Outer": "PersistentLevel",
    "Class": "BlueprintGeneratedClass'FortniteGame/Content/Athena/Environments/Blueprints/Athena_Tree_Pine_03_MT.Athena_Tree_Pine_03_MT_C'",
    "Template": {
      "ObjectName": "Athena_Tree_Pine_03_MT_C'Default__Athena_Tree_Pine_03_MT_C'",
      "ObjectPath": "FortniteGame/Content/Athena/Environments/Blueprints/Athena_Tree_Pine_03_MT.1"
    },
    "Properties": {
      "StaticMeshComponent": {
        "ObjectName": "StaticMeshComponent'Sublevel_X1Y0:PersistentLevel.Athena_Tree_Pine_03_MT26.StaticMeshComponent0'",
        "ObjectPath": "FortniteGame/Content/Athena/Maps/Streaming/Sublevel_X1Y0.28"
      },
      "MyGuid": "7CB96FE8-4CD1534D-53A10EAC-F5D3010E",
      "DataVersion": 1,
      "CullDistance": 0.0,
      "RootComponent": {
        "ObjectName": "StaticMeshComponent'Sublevel_X1Y0:PersistentLevel.Athena_Tree_Pine_03_MT26.StaticMeshComponent0'",
        "ObjectPath": "FortniteGame/Content/Athena/Maps/Streaming/Sublevel_X1Y0.28"
      },
      "Tags": [
        "ZOffset_Pine_05_MT"
      ]
    }
  },
  {
    "Type": "Athena_Tree_Pine_03_MT_C",
    "Name": "Athena_Tree_Pine_807",
    "Outer": "PersistentLevel",
    "Class": "BlueprintGeneratedClass'FortniteGame/Content/Athena/Environments/Blueprints/Athena_Tree_Pine_03_MT.Athena_Tree_Pine_03_MT_C'",
    "Template": {
      "ObjectName": "Athena_Tree_Pine_03_MT_C'Default__Athena_Tree_Pine_03_MT_C'",
      "ObjectPath": "FortniteGame/Content/Athena/Environments/Blueprints/Athena_Tree_Pine_03_MT.1"
    },
    "Properties": {
      "StaticMeshComponent": {
        "ObjectName": "StaticMeshComponent'Sublevel_X1Y0:PersistentLevel.Athena_Tree_Pine_807.StaticMeshComponent0'",
        "ObjectPath": "FortniteGame/Content/Athena/Maps/Streaming/Sublevel_X1Y0.30"
      },
      "MyGuid": "A8C265EB-48FDD588-CA10A088-1E190D37",
      "DataVersion": 1,
      "CullDistance": 0.0,
      "RootComponent": {
        "ObjectName": "StaticMeshComponent'Sublevel_X1Y0:PersistentLevel.Athena_Tree_Pine_807.StaticMeshComponent0'",
        "ObjectPath": "FortniteGame/Content/Athena/Maps/Streaming/Sublevel_X1Y0.30"
      }
    }
  },
  {
    "Type": "Athena_Tree_Pine_03_MT_C",
    "Name": "Athena_Tree_Pine_808",
    "Outer": "PersistentLevel",
    "Class": "BlueprintGeneratedClass'FortniteGame/Content/Athena/Environments/Blueprints/Athena_Tree_Pine_03_MT.Athena_Tree_Pine_03_MT_C'",
    "Template": {
      "ObjectName": "Athena_Tree_Pine_03_MT_C'Default__Athena_Tree_Pine_03_MT_C'",
      "ObjectPath": "FortniteGame/Content/Athena/Environments/Blueprints/Athena_Tree_Pine_03_MT.1"
    },
    "Properties": {
      "StaticMeshComponent": {
        "ObjectName": "StaticMeshComponent'Sublevel_X1Y0:PersistentLevel.Athena_Tree_Pine_808.StaticMeshComponent0'",
        "ObjectPath": "FortniteGame/Content/Athena/Maps/Streaming/Sublevel_X1Y0.31"
      },
      "MyGuid": "42A1F428-44F19E3D-C952DEA1-2A0CBB17",
      "DataVersion": 1,
      "CullDistance": 0.0,
      "RootComponent": {
        "ObjectName": "StaticMeshComponent'Sublevel_X1Y0:PersistentLevel.Athena_Tree_Pine_808.StaticMeshComponent0'",
        "ObjectPath": "FortniteGame/Content/Athena/Maps/Streaming/Sublevel_X1Y0.31"
      }
    }
  },
  {
    "Type": "Athena_Tree_Pine_03_MT_C",
    "Name": "Athena_Tree_Pine_809",
    "Outer": "PersistentLevel",
    "Class": "BlueprintGeneratedClass'FortniteGame/Content/Athena/Environments/Blueprints/Athena_Tree_Pine_03_MT.Athena_Tree_Pine_03_MT_C'",
    "Template": {
      "ObjectName": "Athena_Tree_Pine_03_MT_C'Default__Athena_Tree_Pine_03_MT_C'",
      "ObjectPath": "FortniteGame/Content/Athena/Environments/Blueprints/Athena_Tree_Pine_03_MT.1"
    },
    "Properties": {
      "StaticMeshComponent": {
        "ObjectName": "StaticMeshComponent'Sublevel_X1Y0:PersistentLevel.Athena_Tree_Pine_809.StaticMeshComponent0'",
        "ObjectPath": "FortniteGame/Content/Athena/Maps/Streaming/Sublevel_X1Y0.32"
      },
      "MyGuid": "6C3FEACA-47B9DB27-0AC29292-A72D708D",
      "DataVersion": 1,
      "CullDistance": 0.0,
      "RootComponent": {
        "ObjectName": "StaticMeshComponent'Sublevel_X1Y0:PersistentLevel.Athena_Tree_Pine_809.StaticMeshComponent0'",
        "ObjectPath": "FortniteGame/Content/Athena/Maps/Streaming/Sublevel_X1Y0.32"
      }
    }
  },
  {
    "Type": "Athena_Tree_Pine_03_MT_C",
    "Name": "Athena_Tree_Pine_937",
    "Outer": "PersistentLevel",
    "Class": "BlueprintGeneratedClass'FortniteGame/Content/Athena/Environments/Blueprints/Athena_Tree_Pine_03_MT.Athena_Tree_Pine_03_MT_C'",
    "Template": {
      "ObjectName": "Athena_Tree_Pine_03_MT_C'Default__Athena_Tree_Pine_03_MT_C'",
      "ObjectPath": "FortniteGame/Content/Athena/Environments/Blueprints/Athena_Tree_Pine_03_MT.1"
    },
    "Properties": {
      "StaticMeshComponent": {
        "ObjectName": "StaticMeshComponent'Sublevel_X1Y0:PersistentLevel.Athena_Tree_Pine_937.StaticMeshComponent0'",
        "ObjectPath": "FortniteGame/Content/Athena/Maps/Streaming/Sublevel_X1Y0.33"
      },
      "MyGuid": "DBE3DB48-45FEAD3A-1BE7ABB9-BB0BCBC5",
      "DataVersion": 1,
      "CullDistance": 0.0,
      "RootComponent": {
        "ObjectName": "StaticMeshComponent'Sublevel_X1Y0:PersistentLevel.Athena_Tree_Pine_937.StaticMeshComponent0'",
        "ObjectPath": "FortniteGame/Content/Athena/Maps/Streaming/Sublevel_X1Y0.33"
      }
    }
  },
  {
    "Type": "BoxComponent",
    "Name": "BoxComponent0",
    "Outer": "LevelBounds_0",
    "Class": "UScriptClass'BoxComponent'",
    "Properties": {
      "BodyInstance": {
        "MaxAngularVelocity": 3599.9998
      },
      "RelativeLocation": {
        "X": 15248.805,
        "Y": 11671.109,
        "Z": 2507.342
      },
      "RelativeScale3D": {
        "X": 10948.831,
        "Y": 17919.977,
        "Z": 7090.978
      }
    }
  },
  {
    "Type": "FortWorldSettings",
    "Name": "FortWorldSettings",
    "Outer": "PersistentLevel",
    "Class": "UScriptClass'FortWorldSettings'",
    "Properties": {
      "WorldCells": [
        2147483647,
        1
      ],
      "WorldCellsOrigin": {
        "X": 512.0,
        "Y": 512.0,
        "Z": 0.0
      },
      "MinCullObjectSize": 64.0,
      "MinCullDistance": 2800.0,
      "MaxCullObjectSize": 1000.0,
      "MaxCullDistance": 40000.0,
      "bEnableNavigationSystem": false,
      "NavigationSystemConfig": {
        "ObjectName": "NavigationSystemConfig'Sublevel_X1Y0:PersistentLevel.FortWorldSettings.NavigationSystemConfig_0'",
        "ObjectPath": "FortniteGame/Content/Athena/Maps/Streaming/Sublevel_X1Y0.21"
      }
    }
  },
  {
    "Type": "Level",
    "Name": "PersistentLevel",
    "Outer": "Sublevel_X1Y0",
    "Class": "UScriptClass'Level'",
    "Properties": {
      "Model": {
        "ObjectName": "Model'Sublevel_X1Y0:PersistentLevel.Model_0'",
        "ObjectPath": "FortniteGame/Content/Athena/Maps/Streaming/Sublevel_X1Y0.20"
      },
      "LevelBuildDataId": "0A7555E6-4BAC95E4-EF32EBB6-B5ED923D",
      "WorldSettings": {
        "ObjectName": "FortWorldSettings'Sublevel_X1Y0:PersistentLevel.FortWorldSettings'",
        "ObjectPath": "FortniteGame/Content/Athena/Maps/Streaming/Sublevel_X1Y0.16"
      }
    },
    "Actors": [
      {
        "ObjectName": "FortWorldSettings'Sublevel_X1Y0:PersistentLevel.FortWorldSettings'",
        "ObjectPath": "FortniteGame/Content/Athena/Maps/Streaming/Sublevel_X1Y0.16"
      },
      null,
      {
        "ObjectName": "LevelBounds'Sublevel_X1Y0:PersistentLevel.LevelBounds_0'",
        "ObjectPath": "FortniteGame/Content/Athena/Maps/Streaming/Sublevel_X1Y0.18"
      },
      {
        "ObjectName": "LODActor'Sublevel_X1Y0:PersistentLevel.LODActor_0'",
        "ObjectPath": "FortniteGame/Content/Athena/Maps/Streaming/Sublevel_X1Y0.19"
      },
      {
        "ObjectName": "Athena_Prop_Rocks_StoneLarge01_C'Sublevel_X1Y0:PersistentLevel.Athena_Prop_Rocks_StoneLarge50'",
        "ObjectPath": "FortniteGame/Content/Athena/Maps/Streaming/Sublevel_X1Y0.5"
      },
      {
        "ObjectName": "Athena_Prop_Rocks_StoneLarge03_C'Sublevel_X1Y0:PersistentLevel.Athena_Prop_Rocks_StoneLarge100'",
        "ObjectPath": "FortniteGame/Content/Athena/Maps/Streaming/Sublevel_X1Y0.6"
      },
      {
        "ObjectName": "Athena_Prop_Rocks_StoneLarge01_C'Sublevel_X1Y0:PersistentLevel.Athena_Prop_Rocks_StoneLarge102'",
        "ObjectPath": "FortniteGame/Content/Athena/Maps/Streaming/Sublevel_X1Y0.4"
      },
      {
        "ObjectName": "Athena_LargePine_01_C'Sublevel_X1Y0:PersistentLevel.Athena_Tree_Pine_772'",
        "ObjectPath": "FortniteGame/Content/Athena/Maps/Streaming/Sublevel_X1Y0.0"
      },
      {
        "ObjectName": "Athena_Tree_Pine_03_MT_C'Sublevel_X1Y0:PersistentLevel.Athena_Tree_Pine_937'",
        "ObjectPath": "FortniteGame/Content/Athena/Maps/Streaming/Sublevel_X1Y0.14"
      },
      {
        "ObjectName": "Athena_Tree_Pine_03_MT_C'Sublevel_X1Y0:PersistentLevel.Athena_Tree_Pine_807'",
        "ObjectPath": "FortniteGame/Content/Athena/Maps/Streaming/Sublevel_X1Y0.11"
      },
      {
        "ObjectName": "Athena_Tree_Pine_03_MT_C'Sublevel_X1Y0:PersistentLevel.Athena_Tree_Pine_808'",
        "ObjectPath": "FortniteGame/Content/Athena/Maps/Streaming/Sublevel_X1Y0.12"
      },
      {
        "ObjectName": "Athena_Tree_Pine_03_MT_C'Sublevel_X1Y0:PersistentLevel.Athena_Tree_Pine_809'",
        "ObjectPath": "FortniteGame/Content/Athena/Maps/Streaming/Sublevel_X1Y0.13"
      },
      {
        "ObjectName": "Athena_Tree_Pine_03_MT_C'Sublevel_X1Y0:PersistentLevel.Athena_Tree_Medium_03_27'",
        "ObjectPath": "FortniteGame/Content/Athena/Maps/Streaming/Sublevel_X1Y0.7"
      },
      {
        "ObjectName": "Athena_Tree_Pine_03_MT_C'Sublevel_X1Y0:PersistentLevel.Athena_Tree_Medium_03_31'",
        "ObjectPath": "FortniteGame/Content/Athena/Maps/Streaming/Sublevel_X1Y0.8"
      },
      {
        "ObjectName": "Athena_Tree_Pine_03_MT_C'Sublevel_X1Y0:PersistentLevel.Athena_Tree_Medium_04_13'",
        "ObjectPath": "FortniteGame/Content/Athena/Maps/Streaming/Sublevel_X1Y0.9"
      },
      {
        "ObjectName": "Athena_LargePine_02_C'Sublevel_X1Y0:PersistentLevel.Tree_Large_412'",
        "ObjectPath": "FortniteGame/Content/Athena/Maps/Streaming/Sublevel_X1Y0.1"
      },
      {
        "ObjectName": "Athena_LargePine_02_C'Sublevel_X1Y0:PersistentLevel.Tree_Large_425'",
        "ObjectPath": "FortniteGame/Content/Athena/Maps/Streaming/Sublevel_X1Y0.2"
      },
      {
        "ObjectName": "Athena_LargePine_02_C'Sublevel_X1Y0:PersistentLevel.Tree_Large_426'",
        "ObjectPath": "FortniteGame/Content/Athena/Maps/Streaming/Sublevel_X1Y0.3"
      },
      {
        "ObjectName": "Athena_Tree_Pine_03_MT_C'Sublevel_X1Y0:PersistentLevel.Athena_Tree_Pine_03_MT26'",
        "ObjectPath": "FortniteGame/Content/Athena/Maps/Streaming/Sublevel_X1Y0.10"
      }
    ],
    "URL": {
      "Protocol": "unreal",
      "Host": "",
      "Port": 7777,
      "Valid": true,
      "Map": "/Game/Maps/Frontend",
      "Op": [],
      "Portal": ""
    },
    "Model": {
      "ObjectName": "Model'Sublevel_X1Y0:PersistentLevel.Model_0'",
      "ObjectPath": "FortniteGame/Content/Athena/Maps/Streaming/Sublevel_X1Y0.20"
    },
    "ModelComponents": [],
    "LevelScriptActor": null,
    "NavListStart": null,
    "NavListEnd": null,
    "PrecomputedVisibilityHandler": {
      "PrecomputedVisibilityCellBucketOriginXY": {
        "X": 0.0,
        "Y": 0.0
      },
      "PrecomputedVisibilityCellSizeXY": 0.0,
      "PrecomputedVisibilityCellSizeZ": 0.0,
      "PrecomputedVisibilityCellBucketSizeXY": 0,
      "PrecomputedVisibilityNumCellBuckets": 0,
      "PrecomputedVisibilityCellBuckets": []
    },
    "PrecomputedVolumeDistanceField": {
      "VolumeMaxDistance": 0.0,
      "VolumeBox": {
        "Min": {
          "X": 0.0,
          "Y": 0.0,
          "Z": 0.0
        },
        "Max": {
          "X": 0.0,
          "Y": 0.0,
          "Z": 0.0
        },
        "IsValid": 0
      },
      "VolumeSizeX": 0,
      "VolumeSizeY": 0,
      "VolumeSizeZ": 0,
      "Data": []
    }
  },
  {
    "Type": "LevelBounds",
    "Name": "LevelBounds_0",
    "Outer": "PersistentLevel",
    "Class": "UScriptClass'LevelBounds'",
    "Properties": {
      "RootComponent": {
        "ObjectName": "BoxComponent'Sublevel_X1Y0:PersistentLevel.LevelBounds_0.BoxComponent0'",
        "ObjectPath": "FortniteGame/Content/Athena/Maps/Streaming/Sublevel_X1Y0.15"
      }
    }
  },
  {
    "Type": "LODActor",
    "Name": "LODActor_0",
    "Outer": "PersistentLevel",
    "Class": "UScriptClass'LODActor'",
    "Properties": {
      "StaticMeshComponent": {
        "ObjectName": "StaticMeshComponent'Sublevel_X1Y0:PersistentLevel.LODActor_0.StaticMeshComponent0'",
        "ObjectPath": "FortniteGame/Content/Athena/Maps/Streaming/Sublevel_X1Y0.34"
      },
      "Proxy": {
        "ObjectName": "HLODProxy'Sublevel_X1Y0_0_HLOD'",
        "ObjectPath": "FortniteGame/Content/Athena/Maps/Streaming/HLOD/Sublevel_X1Y0_0_HLOD.1"
      },
      "Key": "76927B120C6645ACB9200E7FB8896AC3_6870B33E482A0DF3163BD58B7E706D62_C7CF813B_C8CFF814_334E0FAB_ProxyLODMeshReduction",
      "LODDrawDistance": 28106.191,
      "SubActors": [
        {
          "ObjectName": "Athena_Prop_Rocks_StoneLarge01_C'Sublevel_X1Y0:PersistentLevel.Athena_Prop_Rocks_StoneLarge50'",
          "ObjectPath": "FortniteGame/Content/Athena/Maps/Streaming/Sublevel_X1Y0.5"
        },
        {
          "ObjectName": "Athena_Prop_Rocks_StoneLarge03_C'Sublevel_X1Y0:PersistentLevel.Athena_Prop_Rocks_StoneLarge100'",
          "ObjectPath": "FortniteGame/Content/Athena/Maps/Streaming/Sublevel_X1Y0.6"
        },
        {
          "ObjectName": "Athena_Prop_Rocks_StoneLarge01_C'Sublevel_X1Y0:PersistentLevel.Athena_Prop_Rocks_StoneLarge102'",
          "ObjectPath": "FortniteGame/Content/Athena/Maps/Streaming/Sublevel_X1Y0.4"
        },
        {
          "ObjectName": "Athena_LargePine_01_C'Sublevel_X1Y0:PersistentLevel.Athena_Tree_Pine_772'",
          "ObjectPath": "FortniteGame/Content/Athena/Maps/Streaming/Sublevel_X1Y0.0"
        },
        {
          "ObjectName": "Athena_Tree_Pine_03_MT_C'Sublevel_X1Y0:PersistentLevel.Athena_Tree_Pine_937'",
          "ObjectPath": "FortniteGame/Content/Athena/Maps/Streaming/Sublevel_X1Y0.14"
        },
        {
          "ObjectName": "Athena_Tree_Pine_03_MT_C'Sublevel_X1Y0:PersistentLevel.Athena_Tree_Pine_807'",
          "ObjectPath": "FortniteGame/Content/Athena/Maps/Streaming/Sublevel_X1Y0.11"
        },
        {
          "ObjectName": "Athena_Tree_Pine_03_MT_C'Sublevel_X1Y0:PersistentLevel.Athena_Tree_Pine_808'",
          "ObjectPath": "FortniteGame/Content/Athena/Maps/Streaming/Sublevel_X1Y0.12"
        },
        {
          "ObjectName": "Athena_Tree_Pine_03_MT_C'Sublevel_X1Y0:PersistentLevel.Athena_Tree_Pine_809'",
          "ObjectPath": "FortniteGame/Content/Athena/Maps/Streaming/Sublevel_X1Y0.13"
        },
        {
          "ObjectName": "Athena_Tree_Pine_03_MT_C'Sublevel_X1Y0:PersistentLevel.Athena_Tree_Medium_03_27'",
          "ObjectPath": "FortniteGame/Content/Athena/Maps/Streaming/Sublevel_X1Y0.7"
        },
        {
          "ObjectName": "Athena_Tree_Pine_03_MT_C'Sublevel_X1Y0:PersistentLevel.Athena_Tree_Medium_03_31'",
          "ObjectPath": "FortniteGame/Content/Athena/Maps/Streaming/Sublevel_X1Y0.8"
        },
        {
          "ObjectName": "Athena_Tree_Pine_03_MT_C'Sublevel_X1Y0:PersistentLevel.Athena_Tree_Medium_04_13'",
          "ObjectPath": "FortniteGame/Content/Athena/Maps/Streaming/Sublevel_X1Y0.9"
        },
        {
          "ObjectName": "Athena_LargePine_02_C'Sublevel_X1Y0:PersistentLevel.Tree_Large_412'",
          "ObjectPath": "FortniteGame/Content/Athena/Maps/Streaming/Sublevel_X1Y0.1"
        },
        {
          "ObjectName": "Athena_LargePine_02_C'Sublevel_X1Y0:PersistentLevel.Tree_Large_425'",
          "ObjectPath": "FortniteGame/Content/Athena/Maps/Streaming/Sublevel_X1Y0.2"
        },
        {
          "ObjectName": "Athena_LargePine_02_C'Sublevel_X1Y0:PersistentLevel.Tree_Large_426'",
          "ObjectPath": "FortniteGame/Content/Athena/Maps/Streaming/Sublevel_X1Y0.3"
        },
        {
          "ObjectName": "Athena_Tree_Pine_03_MT_C'Sublevel_X1Y0:PersistentLevel.Athena_Tree_Pine_03_MT26'",
          "ObjectPath": "FortniteGame/Content/Athena/Maps/Streaming/Sublevel_X1Y0.10"
        }
      ],
      "LODLevel": 1,
      "RootComponent": {
        "ObjectName": "StaticMeshComponent'Sublevel_X1Y0:PersistentLevel.LODActor_0.StaticMeshComponent0'",
        "ObjectPath": "FortniteGame/Content/Athena/Maps/Streaming/Sublevel_X1Y0.34"
      }
    }
  },
  {
    "Type": "Model",
    "Name": "Model_0",
    "Outer": "PersistentLevel",
    "Class": "UScriptClass'Model'",
    "Bounds": {
      "Origin": {
        "X": 0.0,
        "Y": 0.0,
        "Z": 0.0
      },
      "BoxExtent": {
        "X": 0.0,
        "Y": 0.0,
        "Z": 0.0
      },
      "SphereRadius": 0.0
    },
    "Vectors": [],
    "Points": [],
    "Nodes": [],
    "Surfs": [],
    "NumSharedSides": 4,
    "VertexBuffer": {
      "Vertices": []
    },
    "LightingGuid": "3C79D243-4F9D3B8F-43778688-A7482FED",
    "LightmassSettings": []
  },
  {
    "Type": "NavigationSystemConfig",
    "Name": "NavigationSystemConfig_0",
    "Outer": "FortWorldSettings",
    "Class": "UScriptClass'NavigationSystemConfig'",
    "Properties": {
      "NavigationSystemClass": {
        "AssetPathName": "/Script/FortniteGame.FortNavSystem",
        "SubPathString": ""
      }
    }
  },
  {
    "Type": "StaticMeshComponent",
    "Name": "StaticMeshComponent0",
    "Outer": "Athena_Prop_Rocks_StoneLarge100",
    "Class": "UScriptClass'StaticMeshComponent'",
    "Template": {
      "ObjectName": "StaticMeshComponent'Default__Athena_Prop_Rocks_StoneLarge03_C:StaticMeshComponent0'",
      "ObjectPath": "FortniteGame/Content/Athena/Environments/Blueprints/Athena_Prop_Rocks_StoneLarge03.5"
    },
    "Properties": {
      "OverrideMaterials": [
        null
      ],
      "LODParentPrimitive": {
        "ObjectName": "StaticMeshComponent'Sublevel_X1Y0:PersistentLevel.LODActor_0.StaticMeshComponent0'",
        "ObjectPath": "FortniteGame/Content/Athena/Maps/Streaming/Sublevel_X1Y0.34"
      },
      "RelativeLocation": {
        "X": 11728.206,
        "Y": 16911.547,
        "Z": -180.1339
      },
      "RelativeRotation": {
        "Pitch": 4.590385,
        "Yaw": 66.87233,
        "Roll": 5.176206
      },
      "RelativeScale3D": {
        "X": 1.027598,
        "Y": 1.027598,
        "Z": 1.027598
      }
    }
  },
  {
    "Type": "StaticMeshComponent",
    "Name": "StaticMeshComponent0",
    "Outer": "Athena_Prop_Rocks_StoneLarge102",
    "Class": "UScriptClass'StaticMeshComponent'",
    "Template": {
      "ObjectName": "StaticMeshComponent'Default__Athena_Prop_Rocks_StoneLarge01_C:StaticMeshComponent0'",
      "ObjectPath": "FortniteGame/Content/Athena/Environments/Blueprints/Athena_Prop_Rocks_StoneLarge01.5"
    },
    "Properties": {
      "OverrideMaterials": [
        null
      ],
      "LODParentPrimitive": {
        "ObjectName": "StaticMeshComponent'Sublevel_X1Y0:PersistentLevel.LODActor_0.StaticMeshComponent0'",
        "ObjectPath": "FortniteGame/Content/Athena/Maps/Streaming/Sublevel_X1Y0.34"
      },
      "RelativeLocation": {
        "X": 12288.0,
        "Y": 14400.0,
        "Z": -16.0
      },
      "RelativeRotation": {
        "Pitch": -5.746434,
        "Yaw": -72.88722,
        "Roll": -17.837576
      },
      "RelativeScale3D": {
        "X": 1.062456,
        "Y": 1.062456,
        "Z": 1.062456
      }
    }
  },
  {
    "Type": "StaticMeshComponent",
    "Name": "StaticMeshComponent0",
    "Outer": "Athena_Prop_Rocks_StoneLarge50",
    "Class": "UScriptClass'StaticMeshComponent'",
    "Template": {
      "ObjectName": "StaticMeshComponent'Default__Athena_Prop_Rocks_StoneLarge01_C:StaticMeshComponent0'",
      "ObjectPath": "FortniteGame/Content/Athena/Environments/Blueprints/Athena_Prop_Rocks_StoneLarge01.5"
    },
    "Properties": {
      "OverrideMaterials": [
        null
      ],
      "LODParentPrimitive": {
        "ObjectName": "StaticMeshComponent'Sublevel_X1Y0:PersistentLevel.LODActor_0.StaticMeshComponent0'",
        "ObjectPath": "FortniteGame/Content/Athena/Maps/Streaming/Sublevel_X1Y0.34"
      },
      "RelativeLocation": {
        "X": 10080.911,
        "Y": 18193.89,
        "Z": -337.6525
      },
      "RelativeRotation": {
        "Pitch": -1.2295501,
        "Yaw": 164.75124,
        "Roll": 6.1661453
      },
      "RelativeScale3D": {
        "X": 1.001798,
        "Y": 1.001798,
        "Z": 1.001798
      }
    }
  },
  {
    "Type": "StaticMeshComponent",
    "Name": "StaticMeshComponent0",
    "Outer": "Athena_Tree_Medium_03_27",
    "Class": "UScriptClass'StaticMeshComponent'",
    "Template": {
      "ObjectName": "StaticMeshComponent'Default__Athena_Tree_Pine_03_MT_C:StaticMeshComponent0'",
      "ObjectPath": "FortniteGame/Content/Athena/Environments/Blueprints/Athena_Tree_Pine_03_MT.5"
    },
    "Properties": {
      "OverrideMaterials": [
        null,
        {
          "ObjectName": "MaterialInstanceConstant'MI_Pine_05_Ambient_Leaves_Inst'",
          "ObjectPath": "FortniteGame/Content/Athena/Environments/Materials/MI_Pine_05_Ambient_Leaves_Inst.0"
        },
        {
          "ObjectName": "MaterialInstanceConstant'MI_AthenaTreeXmasPine_02_Impostor_MT'",
          "ObjectPath": "FortniteGame/Content/ImpostorBaker/ImpostorLODs/AthenaTreeXmasPine_02/MI_AthenaTreeXmasPine_02_Impostor_MT.0"
        }
      ],
      "CachedMaxDrawDistance": 0.0,
      "LODParentPrimitive": {
        "ObjectName": "StaticMeshComponent'Sublevel_X1Y0:PersistentLevel.LODActor_0.StaticMeshComponent0'",
        "ObjectPath": "FortniteGame/Content/Athena/Maps/Streaming/Sublevel_X1Y0.34"
      },
      "RelativeLocation": {
        "X": 14464.0,
        "Y": 15184.0,
        "Z": 672.0
      },
      "RelativeRotation": {
        "Pitch": 0.0,
        "Yaw": 13.432863,
        "Roll": 0.0
      },
      "RelativeScale3D": {
        "X": 0.935905,
        "Y": 0.935905,
        "Z": 0.935905
      }
    }
  },
  {
    "Type": "StaticMeshComponent",
    "Name": "StaticMeshComponent0",
    "Outer": "Athena_Tree_Medium_03_31",
    "Class": "UScriptClass'StaticMeshComponent'",
    "Template": {
      "ObjectName": "StaticMeshComponent'Default__Athena_Tree_Pine_03_MT_C:StaticMeshComponent0'",
      "ObjectPath": "FortniteGame/Content/Athena/Environments/Blueprints/Athena_Tree_Pine_03_MT.5"
    },
    "Properties": {
      "OverrideMaterials": [
        null,
        {
          "ObjectName": "MaterialInstanceConstant'MI_Pine_05_Ambient_Leaves_Inst'",
          "ObjectPath": "FortniteGame/Content/Athena/Environments/Materials/MI_Pine_05_Ambient_Leaves_Inst.0"
        },
        {
          "ObjectName": "MaterialInstanceConstant'MI_AthenaTreeXmasPine_02_Impostor_MT'",
          "ObjectPath": "FortniteGame/Content/ImpostorBaker/ImpostorLODs/AthenaTreeXmasPine_02/MI_AthenaTreeXmasPine_02_Impostor_MT.0"
        }
      ],
      "CachedMaxDrawDistance": 0.0,
      "LODParentPrimitive": {
        "ObjectName": "StaticMeshComponent'Sublevel_X1Y0:PersistentLevel.LODActor_0.StaticMeshComponent0'",
        "ObjectPath": "FortniteGame/Content/Athena/Maps/Streaming/Sublevel_X1Y0.34"
      },
      "RelativeLocation": {
        "X": 14400.0,
        "Y": 14416.0,
        "Z": 576.0
      },
      "RelativeRotation": {
        "Pitch": 0.0,
        "Yaw": -140.406,
        "Roll": 0.0
      },
      "RelativeScale3D": {
        "X": 0.917704,
        "Y": 0.917704,
        "Z": 0.917704
      }
    }
  },
  {
    "Type": "StaticMeshComponent",
    "Name": "StaticMeshComponent0",
    "Outer": "Athena_Tree_Medium_04_13",
    "Class": "UScriptClass'StaticMeshComponent'",
    "Template": {
      "ObjectName": "StaticMeshComponent'Default__Athena_Tree_Pine_03_MT_C:StaticMeshComponent0'",
      "ObjectPath": "FortniteGame/Content/Athena/Environments/Blueprints/Athena_Tree_Pine_03_MT.5"
    },
    "Properties": {
      "OverrideMaterials": [
        null,
        {
          "ObjectName": "MaterialInstanceConstant'MI_Pine_05_Ambient_Leaves_Inst'",
          "ObjectPath": "FortniteGame/Content/Athena/Environments/Materials/MI_Pine_05_Ambient_Leaves_Inst.0"
        },
        {
          "ObjectName": "MaterialInstanceConstant'MI_AthenaTreeXmasPine_02_Impostor_MT'",
          "ObjectPath": "FortniteGame/Content/ImpostorBaker/ImpostorLODs/AthenaTreeXmasPine_02/MI_AthenaTreeXmasPine_02_Impostor_MT.0"
        }
      ],
      "CachedMaxDrawDistance": 0.0,
      "LODParentPrimitive": {
        "ObjectName": "StaticMeshComponent'Sublevel_X1Y0:PersistentLevel.LODActor_0.StaticMeshComponent0'",
        "ObjectPath": "FortniteGame/Content/Athena/Maps/Streaming/Sublevel_X1Y0.34"
      },
      "RelativeLocation": {
        "X": 13888.0,
        "Y": 14944.0,
        "Z": 512.0
      },
      "RelativeRotation": {
        "Pitch": 0.0,
        "Yaw": -12.252561,
        "Roll": 0.0
      },
      "RelativeScale3D": {
        "X": 1.051402,
        "Y": 1.051402,
        "Z": 1.051402
      }
    }
  },
  {
    "Type": "StaticMeshComponent",
    "Name": "StaticMeshComponent0",
    "Outer": "Athena_Tree_Pine_03_MT26",
    "Class": "UScriptClass'StaticMeshComponent'",
    "Template": {
      "ObjectName": "StaticMeshComponent'Default__Athena_Tree_Pine_03_MT_C:StaticMeshComponent0'",
      "ObjectPath": "FortniteGame/Content/Athena/Environments/Blueprints/Athena_Tree_Pine_03_MT.5"
    },
    "Properties": {
      "OverrideMaterials": [
        null,
        {
          "ObjectName": "MaterialInstanceConstant'MI_Pine_05_Ambient_Leaves_Inst'",
          "ObjectPath": "FortniteGame/Content/Athena/Environments/Materials/MI_Pine_05_Ambient_Leaves_Inst.0"
        },
        {
          "ObjectName": "MaterialInstanceConstant'MI_AthenaTreeXmasPine_02_Impostor_MT'",
          "ObjectPath": "FortniteGame/Content/ImpostorBaker/ImpostorLODs/AthenaTreeXmasPine_02/MI_AthenaTreeXmasPine_02_Impostor_MT.0"
        }
      ],
      "CachedMaxDrawDistance": 0.0,
      "LODParentPrimitive": {
        "ObjectName": "StaticMeshComponent'Sublevel_X1Y0:PersistentLevel.LODActor_0.StaticMeshComponent0'",
        "ObjectPath": "FortniteGame/Content/Athena/Maps/Streaming/Sublevel_X1Y0.34"
      },
      "RelativeLocation": {
        "X": 19586.906,
        "Y": 11236.461,
        "Z": 1137.5922
      },
      "RelativeRotation": {
        "Pitch": 0.0,
        "Yaw": -28.04921,
        "Roll": 0.0
      },
      "RelativeScale3D": {
        "X": 0.903752,
        "Y": 0.903752,
        "Z": 0.903752
      }
    }
  },
  {
    "Type": "StaticMeshComponent",
    "Name": "StaticMeshComponent0",
    "Outer": "Athena_Tree_Pine_772",
    "Class": "UScriptClass'StaticMeshComponent'",
    "Template": {
      "ObjectName": "StaticMeshComponent'Default__Athena_LargePine_01_C:StaticMeshComponent0'",
      "ObjectPath": "FortniteGame/Content/Athena/Environments/Blueprints/Athena_LargePine_01.5"
    },
    "Properties": {
      "OverrideMaterials": [
        null
      ],
      "LODParentPrimitive": {
        "ObjectName": "StaticMeshComponent'Sublevel_X1Y0:PersistentLevel.LODActor_0.StaticMeshComponent0'",
        "ObjectPath": "FortniteGame/Content/Athena/Maps/Streaming/Sublevel_X1Y0.34"
      },
      "RelativeLocation": {
        "X": 19650.906,
        "Y": 12452.461,
        "Z": 1508.1935
      },
      "RelativeRotation": {
        "Pitch": 0.0,
        "Yaw": -28.049175,
        "Roll": 0.0
      },
      "RelativeScale3D": {
        "X": 2.0,
        "Y": 2.0,
        "Z": 2.0
      }
    },
    "LODData": [
      {
        "MapBuildDataId": "26E840D546476C223A09FFAE1A87DA6F"
      }
    ]
  },
  {
    "Type": "StaticMeshComponent",
    "Name": "StaticMeshComponent0",
    "Outer": "Athena_Tree_Pine_807",
    "Class": "UScriptClass'StaticMeshComponent'",
    "Template": {
      "ObjectName": "StaticMeshComponent'Default__Athena_Tree_Pine_03_MT_C:StaticMeshComponent0'",
      "ObjectPath": "FortniteGame/Content/Athena/Environments/Blueprints/Athena_Tree_Pine_03_MT.5"
    },
    "Properties": {
      "OverrideMaterials": [
        null,
        {
          "ObjectName": "MaterialInstanceConstant'MI_Pine_05_Ambient_Leaves_Inst'",
          "ObjectPath": "FortniteGame/Content/Athena/Environments/Materials/MI_Pine_05_Ambient_Leaves_Inst.0"
        },
        {
          "ObjectName": "MaterialInstanceConstant'MI_AthenaTreeXmasPine_02_Impostor_MT'",
          "ObjectPath": "FortniteGame/Content/ImpostorBaker/ImpostorLODs/AthenaTreeXmasPine_02/MI_AthenaTreeXmasPine_02_Impostor_MT.0"
        }
      ],
      "CachedMaxDrawDistance": 0.0,
      "LODParentPrimitive": {
        "ObjectName": "StaticMeshComponent'Sublevel_X1Y0:PersistentLevel.LODActor_0.StaticMeshComponent0'",
        "ObjectPath": "FortniteGame/Content/Athena/Maps/Streaming/Sublevel_X1Y0.34"
      },
      "RelativeLocation": {
        "X": 18754.906,
        "Y": 3236.461,
        "Z": -962.8679
      },
      "RelativeRotation": {
        "Pitch": 0.0,
        "Yaw": -28.049028,
        "Roll": 0.0
      },
      "RelativeScale3D": {
        "X": 0.903752,
        "Y": 0.903752,
        "Z": 0.903752
      }
    }
  },
  {
    "Type": "StaticMeshComponent",
    "Name": "StaticMeshComponent0",
    "Outer": "Athena_Tree_Pine_808",
    "Class": "UScriptClass'StaticMeshComponent'",
    "Template": {
      "ObjectName": "StaticMeshComponent'Default__Athena_Tree_Pine_03_MT_C:StaticMeshComponent0'",
      "ObjectPath": "FortniteGame/Content/Athena/Environments/Blueprints/Athena_Tree_Pine_03_MT.5"
    },
    "Properties": {
      "OverrideMaterials": [
        null,
        {
          "ObjectName": "MaterialInstanceConstant'MI_Pine_05_Ambient_Leaves_Inst'",
          "ObjectPath": "FortniteGame/Content/Athena/Environments/Materials/MI_Pine_05_Ambient_Leaves_Inst.0"
        },
        {
          "ObjectName": "MaterialInstanceConstant'MI_AthenaTreeXmasPine_02_Impostor_MT'",
          "ObjectPath": "FortniteGame/Content/ImpostorBaker/ImpostorLODs/AthenaTreeXmasPine_02/MI_AthenaTreeXmasPine_02_Impostor_MT.0"
        }
      ],
      "CachedMaxDrawDistance": 0.0,
      "LODParentPrimitive": {
        "ObjectName": "StaticMeshComponent'Sublevel_X1Y0:PersistentLevel.LODActor_0.StaticMeshComponent0'",
        "ObjectPath": "FortniteGame/Content/Athena/Maps/Streaming/Sublevel_X1Y0.34"
      },
      "RelativeLocation": {
        "X": 19522.906,
        "Y": 3940.461,
        "Z": -1026.8679
      },
      "RelativeRotation": {
        "Pitch": 0.0,
        "Yaw": -28.048946,
        "Roll": 0.0
      },
      "RelativeScale3D": {
        "X": 0.903752,
        "Y": 0.903752,
        "Z": 0.903752
      }
    }
  },
  {
    "Type": "StaticMeshComponent",
    "Name": "StaticMeshComponent0",
    "Outer": "Athena_Tree_Pine_809",
    "Class": "UScriptClass'StaticMeshComponent'",
    "Template": {
      "ObjectName": "StaticMeshComponent'Default__Athena_Tree_Pine_03_MT_C:StaticMeshComponent0'",
      "ObjectPath": "FortniteGame/Content/Athena/Environments/Blueprints/Athena_Tree_Pine_03_MT.5"
    },
    "Properties": {
      "OverrideMaterials": [
        null,
        {
          "ObjectName": "MaterialInstanceConstant'MI_Pine_05_Ambient_Leaves_Inst'",
          "ObjectPath": "FortniteGame/Content/Athena/Environments/Materials/MI_Pine_05_Ambient_Leaves_Inst.0"
        },
        {
          "ObjectName": "MaterialInstanceConstant'MI_AthenaTreeXmasPine_02_Impostor_MT'",
          "ObjectPath": "FortniteGame/Content/ImpostorBaker/ImpostorLODs/AthenaTreeXmasPine_02/MI_AthenaTreeXmasPine_02_Impostor_MT.0"
        }
      ],
      "CachedMaxDrawDistance": 0.0,
      "LODParentPrimitive": {
        "ObjectName": "StaticMeshComponent'Sublevel_X1Y0:PersistentLevel.LODActor_0.StaticMeshComponent0'",
        "ObjectPath": "FortniteGame/Content/Athena/Maps/Streaming/Sublevel_X1Y0.34"
      },
      "RelativeLocation": {
        "X": 18242.906,
        "Y": 4324.461,
        "Z": -962.8679
      },
      "RelativeRotation": {
        "Pitch": 0.0,
        "Yaw": -28.048988,
        "Roll": 0.0
      },
      "RelativeScale3D": {
        "X": 0.903752,
        "Y": 0.903752,
        "Z": 0.903752
      }
    }
  },
  {
    "Type": "StaticMeshComponent",
    "Name": "StaticMeshComponent0",
    "Outer": "Athena_Tree_Pine_937",
    "Class": "UScriptClass'StaticMeshComponent'",
    "Template": {
      "ObjectName": "StaticMeshComponent'Default__Athena_Tree_Pine_03_MT_C:StaticMeshComponent0'",
      "ObjectPath": "FortniteGame/Content/Athena/Environments/Blueprints/Athena_Tree_Pine_03_MT.5"
    },
    "Properties": {
      "OverrideMaterials": [
        null,
        {
          "ObjectName": "MaterialInstanceConstant'MI_Pine_05_Ambient_Leaves_Inst'",
          "ObjectPath": "FortniteGame/Content/Athena/Environments/Materials/MI_Pine_05_Ambient_Leaves_Inst.0"
        },
        {
          "ObjectName": "MaterialInstanceConstant'MI_AthenaTreeXmasPine_02_Impostor_MT'",
          "ObjectPath": "FortniteGame/Content/ImpostorBaker/ImpostorLODs/AthenaTreeXmasPine_02/MI_AthenaTreeXmasPine_02_Impostor_MT.0"
        }
      ],
      "CachedMaxDrawDistance": 0.0,
      "LODParentPrimitive": {
        "ObjectName": "StaticMeshComponent'Sublevel_X1Y0:PersistentLevel.LODActor_0.StaticMeshComponent0'",
        "ObjectPath": "FortniteGame/Content/Athena/Maps/Streaming/Sublevel_X1Y0.34"
      },
      "RelativeLocation": {
        "X": 17171.39,
        "Y": 13001.258,
        "Z": 868.1935
      },
      "RelativeRotation": {
        "Pitch": 0.0,
        "Yaw": -28.049135,
        "Roll": 0.0
      },
      "RelativeScale3D": {
        "X": 0.903752,
        "Y": 0.903752,
        "Z": 0.903752
      }
    }
  },
  {
    "Type": "StaticMeshComponent",
    "Name": "StaticMeshComponent0",
    "Outer": "LODActor_0",
    "Class": "UScriptClass'StaticMeshComponent'",
    "Properties": {
      "StaticMesh": {
        "ObjectName": "StaticMesh'SM_Sublevel_X1Y0_0_Athena_Prop_Rocks_StoneLarge50'",
        "ObjectPath": "FortniteGame/Content/Athena/Maps/Streaming/HLOD/Sublevel_X1Y0_0_HLOD.4"
      },
      "MinDrawDistance": 35000.0,
      "CastShadow": true,
      "bCastStaticShadow": true
    }
  },
  {
    "Type": "StaticMeshComponent",
    "Name": "StaticMeshComponent0",
    "Outer": "Tree_Large_412",
    "Class": "UScriptClass'StaticMeshComponent'",
    "Template": {
      "ObjectName": "StaticMeshComponent'Default__Athena_LargePine_02_C:StaticMeshComponent0'",
      "ObjectPath": "FortniteGame/Content/Athena/Environments/Blueprints/Athena_LargePine_02.5"
    },
    "Properties": {
      "OverrideMaterials": [
        null
      ],
      "LODParentPrimitive": {
        "ObjectName": "StaticMeshComponent'Sublevel_X1Y0:PersistentLevel.LODActor_0.StaticMeshComponent0'",
        "ObjectPath": "FortniteGame/Content/Athena/Maps/Streaming/Sublevel_X1Y0.34"
      },
      "RelativeLocation": {
        "X": 15696.0,
        "Y": 18704.0,
        "Z": 1464.0762
      },
      "RelativeRotation": {
        "Pitch": 0.0,
        "Yaw": 178.10785,
        "Roll": 0.0
      },
      "RelativeScale3D": {
        "X": 2.0,
        "Y": 2.0,
        "Z": 2.0
      }
    },
    "LODData": [
      {
        "MapBuildDataId": "CE4D45E54D2A9854FD52578A4C4FC42D"
      }
    ]
  },
  {
    "Type": "StaticMeshComponent",
    "Name": "StaticMeshComponent0",
    "Outer": "Tree_Large_425",
    "Class": "UScriptClass'StaticMeshComponent'",
    "Template": {
      "ObjectName": "StaticMeshComponent'Default__Athena_LargePine_02_C:StaticMeshComponent0'",
      "ObjectPath": "FortniteGame/Content/Athena/Environments/Blueprints/Athena_LargePine_02.5"
    },
    "Properties": {
      "OverrideMaterials": [
        null
      ],
      "LODParentPrimitive": {
        "ObjectName": "StaticMeshComponent'Sublevel_X1Y0:PersistentLevel.LODActor_0.StaticMeshComponent0'",
        "ObjectPath": "FortniteGame/Content/Athena/Maps/Streaming/Sublevel_X1Y0.34"
      },
      "RelativeLocation": {
        "X": 16736.0,
        "Y": 19728.0,
        "Z": 1608.0762
      },
      "RelativeRotation": {
        "Pitch": 0.0,
        "Yaw": 88.107834,
        "Roll": 0.0
      },
      "RelativeScale3D": {
        "X": 2.0,
        "Y": 2.0,
        "Z": 2.0
      }
    },
    "LODData": [
      {
        "MapBuildDataId": "2A9367CE4F29CB530E3F16A4DCF70488"
      }
    ]
  },
  {
    "Type": "StaticMeshComponent",
    "Name": "StaticMeshComponent0",
    "Outer": "Tree_Large_426",
    "Class": "UScriptClass'StaticMeshComponent'",
    "Template": {
      "ObjectName": "StaticMeshComponent'Default__Athena_LargePine_02_C:StaticMeshComponent0'",
      "ObjectPath": "FortniteGame/Content/Athena/Environments/Blueprints/Athena_LargePine_02.5"
    },
    "Properties": {
      "OverrideMaterials": [
        null
      ],
      "LODParentPrimitive": {
        "ObjectName": "StaticMeshComponent'Sublevel_X1Y0:PersistentLevel.LODActor_0.StaticMeshComponent0'",
        "ObjectPath": "FortniteGame/Content/Athena/Maps/Streaming/Sublevel_X1Y0.34"
      },
      "RelativeLocation": {
        "X": 17056.0,
        "Y": 18448.0,
        "Z": 1599.302
      },
      "RelativeRotation": {
        "Pitch": 0.0,
        "Yaw": 96.24753,
        "Roll": 0.0
      },
      "RelativeScale3D": {
        "X": 2.0,
        "Y": 2.0,
        "Z": 2.0
      }
    },
    "LODData": [
      {
        "MapBuildDataId": "4562BC9241A9EE3FDC4387B87726C9B3"
      }
    ]
  },
  {
    "Type": "World",
    "Name": "Sublevel_X1Y0",
    "Class": "UScriptClass'World'",
    "Properties": {
      "DefaultPhysicsVolume": null
    },
    "PersistentLevel": {
      "ObjectName": "Level'Sublevel_X1Y0:PersistentLevel'",
      "ObjectPath": "FortniteGame/Content/Athena/Maps/Streaming/Sublevel_X1Y0.17"
    },
    "ExtraReferencedObjects": [],
    "StreamingLevels": []
  }
]