[
  {
    "Type": "BlueprintGeneratedClass",
    "Name": "Apollo_Farm_TankCart_01_C",
    "Class": "UScriptClass'BlueprintGeneratedClass'",
    "Properties": {
      "SimpleConstructionScript": {
        "ObjectName": "SimpleConstructionScript'Apollo_Farm_TankCart_01_C:SimpleConstructionScript_77'",
        "ObjectPath": "FortniteGame/Content/Athena/Apollo/Environments/BuildingActors/Farm/Props/Apollo_Farm_TankCart_01.4"
      }
    },
    "SuperStruct": {
      "ObjectName": "Class'BuildingProp'",
      "ObjectPath": "/Script/FortniteGame"
    }
  },
  {
    "Type": "Apollo_Farm_TankCart_01_C",
    "Name": "Default__Apollo_Farm_TankCart_01_C",
    "Class": "BlueprintGeneratedClass'FortniteGame/Content/Athena/Apollo/Environments/BuildingActors/Farm/Props/Apollo_Farm_TankCart_01.Apollo_Farm_TankCart_01_C'",
    "Properties": {
      "StaticMesh": {
        "ObjectName": "StaticMesh'S_Farm_TankCart_01'",
        "ObjectPath": "FortniteGame/Content/Environments/Apollo/Sets/Farm/Props/Meshes/S_Farm_TankCart_01.1"
      },
      "ResourceType": "EFortResourceType::Metal",
      "bDoNotBlockInteract": true,
      "StaticMeshComponent": {
        "ObjectName": "StaticMeshComponent'Default__Apollo_Farm_TankCart_01_C:StaticMeshComponent0'",
        "ObjectPath": "FortniteGame/Content/Athena/Apollo/Environments/BuildingActors/Farm/Props/Apollo_Farm_TankCart_01.5"
      },
      "DestructionLootTierGroup": "Destruction_MechanicalLow",
      "BuildingResourceAmountOverride": {
        "CurveTable": {
          "ObjectName": "CurveTable'AthenaResourceRates'",
          "ObjectPath": "FortniteGame/Content/Athena/Balance/DataTables/AthenaResourceRates.0"
        },
        "RowName": "PropMetalVeryHigh"
      },
      "DeathParticles": {
        "ObjectName": "ParticleSystem'P_General_Deco_Destruction_Small'",
        "ObjectPath": "FortniteGame/Content/Effects/Fort_Effects/World/Destruction/Base_Effects/P_General_Deco_Destruction_Small.100"
      },
      "BuildingAttachmentType": "ATTACH_Floor",
      "AttributeInitKeys": {
        "AttributeInitCategory": "PropMetal",
        "AttributeInitSubCategory": "4"
      },
      "AttributeInitKeys": {
        "AttributeInitCategory": "PropMetal",
        "AttributeInitSubCategory": "4"
      },
      "NavigationObstacleOverride": "ENavigationObstacleOverride::ForceEnabled",
      "bCanExportNavigationCollisions": true,
      "bDestroyOnPlayerBuildingPlacement": true,
      "ConstTags": [
        "Building.Type.Container"
      ],
      "StaticGameplayTags": [
        "Building.Type.Container"
      ],
      "BRMaxDrawDistance": 18000.0,
      "RootComponent": {
        "ObjectName": "StaticMeshComponent'Default__Apollo_Farm_TankCart_01_C:StaticMeshComponent0'",
        "ObjectPath": "FortniteGame/Content/Athena/Apollo/Environments/BuildingActors/Farm/Props/Apollo_Farm_TankCart_01.5"
      }
    }
  },
  {
    "Type": "SceneComponent",
    "Name": "SceneComponent_406",
    "Outer": "Apollo_Farm_TankCart_01_C",
    "Class": "UScriptClass'SceneComponent'"
  },
  {
    "Type": "SCS_Node",
    "Name": "SCS_Node_412",
    "Outer": "SimpleConstructionScript_77",
    "Class": "UScriptClass'SCS_Node'",
    "Properties": {
      "ComponentClass": {
        "ObjectName": "Class'SceneComponent'",
        "ObjectPath": "/Script/Engine"
      },
      "ComponentTemplate": {
        "ObjectName": "SceneComponent'Apollo_Farm_TankCart_01_C:SceneComponent_406'",
        "ObjectPath": "FortniteGame/Content/Athena/Apollo/Environments/BuildingActors/Farm/Props/Apollo_Farm_TankCart_01.2"
      },
      "VariableGuid": "56BC9799-C494E6E6-321D4295-7D5EB316",
      "InternalVariableName": "DefaultSceneRoot"
    }
  },
  {
    "Type": "SimpleConstructionScript",
    "Name": "SimpleConstructionScript_77",
    "Outer": "Apollo_Farm_TankCart_01_C",
    "Class": "UScriptClass'SimpleConstructionScript'",
    "Properties": {
      "DefaultSceneRootNode": {
        "ObjectName": "SCS_Node'Apollo_Farm_TankCart_01_C:SimpleConstructionScript_77.SCS_Node_412'",
        "ObjectPath": "FortniteGame/Content/Athena/Apollo/Environments/BuildingActors/Farm/Props/Apollo_Farm_TankCart_01.3"
      }
    }
  },
  {
    "Type": "StaticMeshComponent",
    "Name": "StaticMeshComponent0",
    "Outer": "Default__Apollo_Farm_TankCart_01_C",
    "Class": "UScriptClass'StaticMeshComponent'",
    "Properties": {
      "StaticMesh": {
        "ObjectName": "StaticMesh'S_Farm_TankCart_01'",
        "ObjectPath": "FortniteGame/Content/Environments/Apollo/Sets/Farm/Props/Meshes/S_Farm_TankCart_01.1"
      },
      "bAllowCullDistanceVolume": false,
      "BodyInstance": {
        "bAutoWeld": false,
        "CollisionProfileName": "Custom",
        "CollisionResponses": {
          "ResponseArray": [
            {
              "Channel": "FCC_Trace_Interaction",
              "Response": "ECR_Overlap"
            },
            {
              "Channel": "FCC_Trace_WeakSpot",
              "Response": "ECR_Overlap"
            },
            {
              "Channel": "FCC_Trace_WeaponCapsule",
              "Response": "ECR_Block"
            },
            {
              "Channel": "FCC_Object_PawnAI",
              "Response": "ECR_Block"
            },
            {
              "Channel": "FCC_Trace_WeaponMulti",
              "Response": "ECR_Block"
            },
            {
              "Channel": "FCC_Trace_Weapon",
              "Response": "ECR_Block"
            },
            {
              "Channel": "FCC_Object_Projectile",
              "Response": "ECR_Block"
            },
            {
              "Channel": "FCC_Object_ProjectileIgnoreAI",
              "Response": "ECR_Block"
            },
            {
              "Channel": "FCC_Trace_World",
              "Response": "ECR_Block"
            },
            {
              "Channel": "FCC_Object_ProjectileMesh",
              "Response": "ECR_Block"
            },
            {
              "Channel": "FCC_Trace_WeaponPawnAndWorldMulti",
              "Response": "ECR_Block"
            }
          ]
        }
      },
      "bCanEverAffectNavigation": true
    }
  }
]