[
  {
    "Type": "BlueprintGeneratedClass",
    "Name": "Apollo_Farm_Tractor_01_C",
    "Class": "UScriptClass'BlueprintGeneratedClass'",
    "Super": {
      "ObjectName": "BlueprintGeneratedClass'Car_DEFAULT_C'",
      "ObjectPath": "FortniteGame/Content/Building/ActorBlueprints/Prop/Car_DEFAULT.1"
    },
    "Properties": {
      "SimpleConstructionScript": {
        "ObjectName": "SimpleConstructionScript'Apollo_Farm_Tractor_01_C:SimpleConstructionScript_1051'",
        "ObjectPath": "FortniteGame/Content/Athena/Apollo/Environments/BuildingActors/Farm/Props/Apollo_Farm_Tractor_01.4"
      }
    },
    "SuperStruct": {
      "ObjectName": "BlueprintGeneratedClass'Car_DEFAULT_C'",
      "ObjectPath": "FortniteGame/Content/Building/ActorBlueprints/Prop/Car_DEFAULT.1"
    }
  },
  {
    "Type": "Apollo_Farm_Tractor_01_C",
    "Name": "Default__Apollo_Farm_Tractor_01_C",
    "Class": "BlueprintGeneratedClass'FortniteGame/Content/Athena/Apollo/Environments/BuildingActors/Farm/Props/Apollo_Farm_Tractor_01.Apollo_Farm_Tractor_01_C'",
    "Template": {
      "ObjectName": "Car_DEFAULT_C'Default__Car_DEFAULT_C'",
      "ObjectPath": "FortniteGame/Content/Building/ActorBlueprints/Prop/Car_DEFAULT.2"
    },
    "Properties": {
      "Sound - HitAlarm": null,
      "Sound - Hit AutoBody": {
        "ObjectName": "SoundCue'Generic_Auto_Impacts_Cue'",
        "ObjectPath": "FortniteGame/Content/Sounds/Fort_Vehicles/Generic_Auto/Generic_Auto_Impacts_Cue.0"
      },
      "RandomlyDisableSomeCarAlarms": true,
      "StaticMesh": {
        "ObjectName": "StaticMesh'S_Farm_Tractor_01'",
        "ObjectPath": "FortniteGame/Content/Environments/Apollo/Sets/Farm/Props/Meshes/S_Farm_Tractor_01.1"
      },
      "StaticMeshComponent": {
        "ObjectName": "StaticMeshComponent'Default__Apollo_Farm_Tractor_01_C:StaticMeshComponent0'",
        "ObjectPath": "FortniteGame/Content/Athena/Apollo/Environments/BuildingActors/Farm/Props/Apollo_Farm_Tractor_01.5"
      },
      "BuildingResourceAmountOverride": {
        "CurveTable": {
          "ObjectName": "CurveTable'AthenaResourceRates'",
          "ObjectPath": "FortniteGame/Content/Athena/Balance/DataTables/AthenaResourceRates.0"
        }
      },
      "DeathParticles": {
        "ObjectName": "ParticleSystem'P_Car_Tractor_01Destruction'",
        "ObjectPath": "FortniteGame/Content/Effects/Fort_Effects/World/Destruction/Cars/P_Car_Tractor_01Destruction.240"
      },
      "DeathParticleSocketName": "FX_DestructSpawn",
      "DeathSound": {
        "ObjectName": "SoundCue'Generic_Auto_DestroyedNoAl_Cue'",
        "ObjectPath": "FortniteGame/Content/Sounds/Fort_Vehicles/Generic_Auto/Generic_Auto_DestroyedNoAl_Cue.0"
      },
      "StaticGameplayTags": [
        "Building.Type.Prop.Vehicle.Tractor",
        "Building.Type.Prop"
      ],
      "CentroidOffset": {
        "X": 0.0,
        "Y": 0.0,
        "Z": 100.0
      },
      "RootComponent": {
        "ObjectName": "StaticMeshComponent'Default__Apollo_Farm_Tractor_01_C:StaticMeshComponent0'",
        "ObjectPath": "FortniteGame/Content/Athena/Apollo/Environments/BuildingActors/Farm/Props/Apollo_Farm_Tractor_01.5"
      }
    }
  },
  {
    "Type": "SceneComponent",
    "Name": "SceneComponent_445",
    "Outer": "Apollo_Farm_Tractor_01_C",
    "Class": "UScriptClass'SceneComponent'"
  },
  {
    "Type": "SCS_Node",
    "Name": "SCS_Node_455",
    "Outer": "SimpleConstructionScript_1051",
    "Class": "UScriptClass'SCS_Node'",
    "Properties": {
      "ComponentClass": {
        "ObjectName": "Class'SceneComponent'",
        "ObjectPath": "/Script/Engine"
      },
      "ComponentTemplate": {
        "ObjectName": "SceneComponent'Apollo_Farm_Tractor_01_C:SceneComponent_445'",
        "ObjectPath": "FortniteGame/Content/Athena/Apollo/Environments/BuildingActors/Farm/Props/Apollo_Farm_Tractor_01.2"
      },
      "VariableGuid": "56BC9799-C494E6E6-321D4295-7D5EB316",
      "InternalVariableName": "DefaultSceneRoot"
    }
  },
  {
    "Type": "SimpleConstructionScript",
    "Name": "SimpleConstructionScript_1051",
    "Outer": "Apollo_Farm_Tractor_01_C",
    "Class": "UScriptClass'SimpleConstructionScript'",
    "Properties": {
      "DefaultSceneRootNode": {
        "ObjectName": "SCS_Node'Apollo_Farm_Tractor_01_C:SimpleConstructionScript_1051.SCS_Node_455'",
        "ObjectPath": "FortniteGame/Content/Athena/Apollo/Environments/BuildingActors/Farm/Props/Apollo_Farm_Tractor_01.3"
      }
    }
  },
  {
    "Type": "StaticMeshComponent",
    "Name": "StaticMeshComponent0",
    "Outer": "Default__Apollo_Farm_Tractor_01_C",
    "Class": "UScriptClass'StaticMeshComponent'",
    "Template": {
      "ObjectName": "StaticMeshComponent'Default__Car_DEFAULT_C:StaticMeshComponent0'",
      "ObjectPath": "FortniteGame/Content/Building/ActorBlueprints/Prop/Car_DEFAULT.470"
    },
    "Properties": {
      "StaticMesh": {
        "ObjectName": "StaticMesh'S_Farm_Tractor_01'",
        "ObjectPath": "FortniteGame/Content/Environments/Apollo/Sets/Farm/Props/Meshes/S_Farm_Tractor_01.1"
      },
      "CanCharacterStepUpOn": "ECB_Yes"
    }
  }
]