[
  {
    "Type": "BlueprintGeneratedClass",
    "Name": "Apollo_Farm_GrainSilo_Top_C",
    "Class": "UScriptClass'BlueprintGeneratedClass'",
    "Properties": {
      "SimpleConstructionScript": {
        "ObjectName": "SimpleConstructionScript'Apollo_Farm_GrainSilo_Top_C:SimpleConstructionScript_841'",
        "ObjectPath": "FortniteGame/Content/Athena/Apollo/Environments/BuildingActors/Farm/Props/Apollo_Farm_GrainSilo_Top.4"
      }
    },
    "SuperStruct": {
      "ObjectName": "Class'BuildingProp'",
      "ObjectPath": "/Script/FortniteGame"
    }
  },
  {
    "Type": "Apollo_Farm_GrainSilo_Top_C",
    "Name": "Default__Apollo_Farm_GrainSilo_Top_C",
    "Class": "BlueprintGeneratedClass'FortniteGame/Content/Athena/Apollo/Environments/BuildingActors/Farm/Props/Apollo_Farm_GrainSilo_Top.Apollo_Farm_GrainSilo_Top_C'",
    "Properties": {
      "StaticMesh": {
        "ObjectName": "StaticMesh'S_Farm_GrainSilo_Top'",
        "ObjectPath": "FortniteGame/Content/Environments/Apollo/Sets/Farm/Props/Meshes/S_Farm_GrainSilo_Top.1"
      },
      "ResourceType": "EFortResourceType::Metal",
      "StaticMeshComponent": {
        "ObjectName": "StaticMeshComponent'Default__Apollo_Farm_GrainSilo_Top_C:StaticMeshComponent0'",
        "ObjectPath": "FortniteGame/Content/Athena/Apollo/Environments/BuildingActors/Farm/Props/Apollo_Farm_GrainSilo_Top.5"
      },
      "BuildingResourceAmountOverride": {
        "CurveTable": {
          "ObjectName": "CurveTable'AthenaResourceRates'",
          "ObjectPath": "FortniteGame/Content/Athena/Balance/DataTables/AthenaResourceRates.0"
        },
        "RowName": "ResourceMetalMedium"
      },
      "DeathParticles": {
        "ObjectName": "ParticleSystem'P_General_Deco_Destruction_Medium'",
        "ObjectPath": "FortniteGame/Content/Effects/Fort_Effects/World/Destruction/Base_Effects/P_General_Deco_Destruction_Medium.100"
      },
      "DeathParticleSocketName": "death_fx",
      "DeathSound": {
        "ObjectName": "SoundCue'Demo_MetalHollowTank_ImpactFinal_Cue'",
        "ObjectPath": "FortniteGame/Content/Sounds/Fort_Impact_Sounds/Demolition/Exterior_Props/Demo_MetalHollowTank_ImpactFinal_Cue.0"
      },
      "BuildingAttachmentPointOffset": {
        "X": 248.0,
        "Y": 0.0,
        "Z": 0.0
      },
      "BuildingAttachmentSlot": "SLOT_Floor",
      "BuildingAttachmentType": "ATTACH_Floor",
      "CurrentBuildingLevel": 1,
      "AttributeInitKeys": {
        "AttributeInitCategory": "ResourceMetal",
        "AttributeInitSubCategory": "2"
      },
      "AttributeInitKeys": {
        "AttributeInitCategory": "ResourceMetal",
        "AttributeInitSubCategory": "2"
      },
      "NavigationObstacleOverride": "ENavigationObstacleOverride::ForceEnabled",
      "bCanExportNavigationCollisions": true,
      "StaticGameplayTags": [
        "Building.Type.Prop"
      ],
      "PlayHitSound": {
        "ObjectName": "SoundCue'Demo_MetalHollowTank_Impact_Cue'",
        "ObjectPath": "FortniteGame/Content/Sounds/Fort_Impact_Sounds/Demolition/Exterior_Props/Demo_MetalHollowTank_Impact_Cue.0"
      },
      "SnapGridSize": 256.0,
      "CentroidOffset": {
        "X": 0.0,
        "Y": 0.0,
        "Z": 873.0
      },
      "RootComponent": {
        "ObjectName": "StaticMeshComponent'Default__Apollo_Farm_GrainSilo_Top_C:StaticMeshComponent0'",
        "ObjectPath": "FortniteGame/Content/Athena/Apollo/Environments/BuildingActors/Farm/Props/Apollo_Farm_GrainSilo_Top.5"
      }
    }
  },
  {
    "Type": "SceneComponent",
    "Name": "SceneComponent_1822",
    "Outer": "Apollo_Farm_GrainSilo_Top_C",
    "Class": "UScriptClass'SceneComponent'"
  },
  {
    "Type": "SCS_Node",
    "Name": "SCS_Node_1826",
    "Outer": "SimpleConstructionScript_841",
    "Class": "UScriptClass'SCS_Node'",
    "Properties": {
      "ComponentClass": {
        "ObjectName": "Class'SceneComponent'",
        "ObjectPath": "/Script/Engine"
      },
      "ComponentTemplate": {
        "ObjectName": "SceneComponent'Apollo_Farm_GrainSilo_Top_C:SceneComponent_1822'",
        "ObjectPath": "FortniteGame/Content/Athena/Apollo/Environments/BuildingActors/Farm/Props/Apollo_Farm_GrainSilo_Top.2"
      },
      "VariableGuid": "4D3A059E-00000000-00000000-00000000",
      "InternalVariableName": "DefaultSceneRoot"
    }
  },
  {
    "Type": "SimpleConstructionScript",
    "Name": "SimpleConstructionScript_841",
    "Outer": "Apollo_Farm_GrainSilo_Top_C",
    "Class": "UScriptClass'SimpleConstructionScript'",
    "Properties": {
      "DefaultSceneRootNode": {
        "ObjectName": "SCS_Node'Apollo_Farm_GrainSilo_Top_C:SimpleConstructionScript_841.SCS_Node_1826'",
        "ObjectPath": "FortniteGame/Content/Athena/Apollo/Environments/BuildingActors/Farm/Props/Apollo_Farm_GrainSilo_Top.3"
      }
    }
  },
  {
    "Type": "StaticMeshComponent",
    "Name": "StaticMeshComponent0",
    "Outer": "Default__Apollo_Farm_GrainSilo_Top_C",
    "Class": "UScriptClass'StaticMeshComponent'",
    "Properties": {
      "StaticMesh": {
        "ObjectName": "StaticMesh'S_Farm_GrainSilo_Top'",
        "ObjectPath": "FortniteGame/Content/Environments/Apollo/Sets/Farm/Props/Meshes/S_Farm_GrainSilo_Top.1"
      },
      "CanCharacterStepUpOn": "ECB_Yes",
      "BodyInstance": {
        "bAutoWeld": false
      },
      "bCanEverAffectNavigation": true
    }
  }
]