[
  {
    "Type": "BlueprintGeneratedClass",
    "Name": "Apollo_Farm_Pallets_02_C",
    "Class": "UScriptClass'BlueprintGeneratedClass'",
    "Properties": {
      "SimpleConstructionScript": {
        "ObjectName": "SimpleConstructionScript'Apollo_Farm_Pallets_02_C:SimpleConstructionScript_447'",
        "ObjectPath": "FortniteGame/Content/Athena/Apollo/Environments/BuildingActors/Farm/Props/Apollo_Farm_Pallets_02.4"
      }
    },
    "SuperStruct": {
      "ObjectName": "Class'BuildingProp'",
      "ObjectPath": "/Script/FortniteGame"
    }
  },
  {
    "Type": "Apollo_Farm_Pallets_02_C",
    "Name": "Default__Apollo_Farm_Pallets_02_C",
    "Class": "BlueprintGeneratedClass'FortniteGame/Content/Athena/Apollo/Environments/BuildingActors/Farm/Props/Apollo_Farm_Pallets_02.Apollo_Farm_Pallets_02_C'",
    "Properties": {
      "StaticMesh": {
        "ObjectName": "StaticMesh'S_Farm_Pallets_02'",
        "ObjectPath": "FortniteGame/Content/Environments/Apollo/Sets/Farm/Props/Meshes/S_Farm_Pallets_02.1"
      },
      "ResourceType": "EFortResourceType::Wood",
      "StaticMeshComponent": {
        "ObjectName": "StaticMeshComponent'Default__Apollo_Farm_Pallets_02_C:StaticMeshComponent0'",
        "ObjectPath": "FortniteGame/Content/Athena/Apollo/Environments/BuildingActors/Farm/Props/Apollo_Farm_Pallets_02.5"
      },
      "BuildingResourceAmountOverride": {
        "CurveTable": {
          "ObjectName": "CurveTable'AthenaResourceRates'",
          "ObjectPath": "FortniteGame/Content/Athena/Balance/DataTables/AthenaResourceRates.0"
        },
        "RowName": "ResourceWoodMedium"
      },
      "DeathParticles": {
        "ObjectName": "ParticleSystem'P_General_Deco_Destruction_Large'",
        "ObjectPath": "FortniteGame/Content/Effects/Fort_Effects/World/Destruction/Base_Effects/P_General_Deco_Destruction_Large.100"
      },
      "DeathSound": {
        "ObjectName": "SoundCue'Demo_WoodPallet_ImpactFinal_Cue'",
        "ObjectPath": "FortniteGame/Content/Sounds/Fort_Impact_Sounds/Demolition/Wood/Demo_WoodPallet_ImpactFinal_Cue.0"
      },
      "BuildingAttachmentSlot": "SLOT_Floor",
      "BuildingAttachmentType": "ATTACH_Floor",
      "CurrentBuildingLevel": 1,
      "AttributeInitKeys": {
        "AttributeInitCategory": "ResourceWood",
        "AttributeInitSubCategory": "2"
      },
      "AttributeInitKeys": {
        "AttributeInitCategory": "ResourceWood",
        "AttributeInitSubCategory": "2"
      },
      "PrimarySurfaceType": "SurfaceType1",
      "NavigationObstacleOverride": "ENavigationObstacleOverride::ForceEnabled",
      "bCanExportNavigationCollisions": true,
      "bDestroyFoliageWhenPlaced": true,
      "bDestroyOnPlayerBuildingPlacement": true,
      "StaticGameplayTags": [
        "Athena.Quests.Building.Wood.Palettes",
        "Building.Type.Prop"
      ],
      "BRMaxDrawDistance": 6000.0,
      "PlayHitSound": {
        "ObjectName": "SoundCue'Demo_WoodPallet_Impact_Cue'",
        "ObjectPath": "FortniteGame/Content/Sounds/Fort_Impact_Sounds/Demolition/Wood/Demo_WoodPallet_Impact_Cue.0"
      },
      "HotSpotConfig": {
        "ObjectName": "BuildingActorHotSpotConfig'BuildingActorHotSpot_BoundingBox'",
        "ObjectPath": "FortniteGame/Content/AI/HotSpots/BuildingActorHotSpot_BoundingBox.0"
      },
      "bEnableAutoLODGeneration": false,
      "RootComponent": {
        "ObjectName": "StaticMeshComponent'Default__Apollo_Farm_Pallets_02_C:StaticMeshComponent0'",
        "ObjectPath": "FortniteGame/Content/Athena/Apollo/Environments/BuildingActors/Farm/Props/Apollo_Farm_Pallets_02.5"
      }
    }
  },
  {
    "Type": "SceneComponent",
    "Name": "SceneComponent_1887",
    "Outer": "Apollo_Farm_Pallets_02_C",
    "Class": "UScriptClass'SceneComponent'"
  },
  {
    "Type": "SCS_Node",
    "Name": "SCS_Node_1891",
    "Outer": "SimpleConstructionScript_447",
    "Class": "UScriptClass'SCS_Node'",
    "Properties": {
      "ComponentClass": {
        "ObjectName": "Class'SceneComponent'",
        "ObjectPath": "/Script/Engine"
      },
      "ComponentTemplate": {
        "ObjectName": "SceneComponent'Apollo_Farm_Pallets_02_C:SceneComponent_1887'",
        "ObjectPath": "FortniteGame/Content/Athena/Apollo/Environments/BuildingActors/Farm/Props/Apollo_Farm_Pallets_02.2"
      },
      "VariableGuid": "4D3A059E-00000000-00000000-00000000",
      "InternalVariableName": "DefaultSceneRoot"
    }
  },
  {
    "Type": "SimpleConstructionScript",
    "Name": "SimpleConstructionScript_447",
    "Outer": "Apollo_Farm_Pallets_02_C",
    "Class": "UScriptClass'SimpleConstructionScript'",
    "Properties": {
      "DefaultSceneRootNode": {
        "ObjectName": "SCS_Node'Apollo_Farm_Pallets_02_C:SimpleConstructionScript_447.SCS_Node_1891'",
        "ObjectPath": "FortniteGame/Content/Athena/Apollo/Environments/BuildingActors/Farm/Props/Apollo_Farm_Pallets_02.3"
      }
    }
  },
  {
    "Type": "StaticMeshComponent",
    "Name": "StaticMeshComponent0",
    "Outer": "Default__Apollo_Farm_Pallets_02_C",
    "Class": "UScriptClass'StaticMeshComponent'",
    "Properties": {
      "StaticMesh": {
        "ObjectName": "StaticMesh'S_Farm_Pallets_02'",
        "ObjectPath": "FortniteGame/Content/Environments/Apollo/Sets/Farm/Props/Meshes/S_Farm_Pallets_02.1"
      },
      "bAllowCullDistanceVolume": false,
      "CanCharacterStepUpOn": "ECB_Yes",
      "BodyInstance": {
        "bAutoWeld": false
      },
      "bCanEverAffectNavigation": true
    }
  }
]