[
  {
    "Type": "BlueprintGeneratedClass",
    "Name": "Apollo_Wooden_Fence_Tall_A_C",
    "Class": "UScriptClass'BlueprintGeneratedClass'",
    "Super": {
      "ObjectName": "BlueprintGeneratedClass'Fence_Rural_C'",
      "ObjectPath": "FortniteGame/Content/Building/ActorBlueprints/Wall/Fence_Rural.0"
    },
    "Properties": {
      "SimpleConstructionScript": {
        "ObjectName": "SimpleConstructionScript'Apollo_Wooden_Fence_Tall_A_C:SimpleConstructionScript_0'",
        "ObjectPath": "FortniteGame/Content/Athena/Apollo/Environments/BuildingActors/Farm/Props/Apollo_Wooden_Fence_Tall_A.4"
      }
    },
    "SuperStruct": {
      "ObjectName": "BlueprintGeneratedClass'Fence_Rural_C'",
      "ObjectPath": "FortniteGame/Content/Building/ActorBlueprints/Wall/Fence_Rural.0"
    }
  },
  {
    "Type": "Apollo_Wooden_Fence_Tall_A_C",
    "Name": "Default__Apollo_Wooden_Fence_Tall_A_C",
    "Class": "BlueprintGeneratedClass'FortniteGame/Content/Athena/Apollo/Environments/BuildingActors/Farm/Props/Apollo_Wooden_Fence_Tall_A.Apollo_Wooden_Fence_Tall_A_C'",
    "Template": {
      "ObjectName": "Fence_Rural_C'Default__Fence_Rural_C'",
      "ObjectPath": "FortniteGame/Content/Building/ActorBlueprints/Wall/Fence_Rural.1"
    },
    "Properties": {
      "StaticMesh": {
        "ObjectName": "StaticMesh'SM_Apollo_Wooden_Fence_Tall_A'",
        "ObjectPath": "FortniteGame/Content/Environments/Apollo/Props/Wooden_Fence_Tall/Meshes/SM_Apollo_Wooden_Fence_Tall_A.1"
      },
      "StaticMeshComponent": {
        "ObjectName": "StaticMeshComponent'Default__Apollo_Wooden_Fence_Tall_A_C:StaticMeshComponent0'",
        "ObjectPath": "FortniteGame/Content/Athena/Apollo/Environments/BuildingActors/Farm/Props/Apollo_Wooden_Fence_Tall_A.5"
      },
      "RootComponent": {
        "ObjectName": "StaticMeshComponent'Default__Apollo_Wooden_Fence_Tall_A_C:StaticMeshComponent0'",
        "ObjectPath": "FortniteGame/Content/Athena/Apollo/Environments/BuildingActors/Farm/Props/Apollo_Wooden_Fence_Tall_A.5"
      }
    }
  },
  {
    "Type": "SceneComponent",
    "Name": "DefaultSceneRoot_GEN_VARIABLE",
    "Outer": "Apollo_Wooden_Fence_Tall_A_C",
    "Class": "UScriptClass'SceneComponent'"
  },
  {
    "Type": "SCS_Node",
    "Name": "SCS_Node_0",
    "Outer": "SimpleConstructionScript_0",
    "Class": "UScriptClass'SCS_Node'",
    "Properties": {
      "ComponentClass": {
        "ObjectName": "Class'SceneComponent'",
        "ObjectPath": "/Script/Engine"
      },
      "ComponentTemplate": {
        "ObjectName": "SceneComponent'Apollo_Wooden_Fence_Tall_A_C:DefaultSceneRoot_GEN_VARIABLE'",
        "ObjectPath": "FortniteGame/Content/Athena/Apollo/Environments/BuildingActors/Farm/Props/Apollo_Wooden_Fence_Tall_A.2"
      },
      "VariableGuid": "FDA00CC3-402D34BF-C5F73EAB-649411C2",
      "InternalVariableName": "DefaultSceneRoot"
    }
  },
  {
    "Type": "SimpleConstructionScript",
    "Name": "SimpleConstructionScript_0",
    "Outer": "Apollo_Wooden_Fence_Tall_A_C",
    "Class": "UScriptClass'SimpleConstructionScript'",
    "Properties": {
      "DefaultSceneRootNode": {
        "ObjectName": "SCS_Node'Apollo_Wooden_Fence_Tall_A_C:SimpleConstructionScript_0.SCS_Node_0'",
        "ObjectPath": "FortniteGame/Content/Athena/Apollo/Environments/BuildingActors/Farm/Props/Apollo_Wooden_Fence_Tall_A.3"
      }
    }
  },
  {
    "Type": "StaticMeshComponent",
    "Name": "StaticMeshComponent0",
    "Outer": "Default__Apollo_Wooden_Fence_Tall_A_C",
    "Class": "UScriptClass'StaticMeshComponent'",
    "Template": {
      "ObjectName": "StaticMeshComponent'Default__Fence_Rural_C:StaticMeshComponent0'",
      "ObjectPath": "FortniteGame/Content/Building/ActorBlueprints/Wall/Fence_Rural.4"
    },
    "Properties": {
      "StaticMesh": {
        "ObjectName": "StaticMesh'SM_Apollo_Wooden_Fence_Tall_A'",
        "ObjectPath": "FortniteGame/Content/Environments/Apollo/Props/Wooden_Fence_Tall/Meshes/SM_Apollo_Wooden_Fence_Tall_A.1"
      }
    }
  }
]