[
  {
    "Type": "StructProperty",
    "Name": "UberGraphFrame",
    "Outer": "Apollo_Farm_Windmill_Spinning_C",
    "Class": "UScriptClass'StructProperty'",
    "PropertyFlags": "Transient | DuplicateTransient",
    "Struct": {
      "ObjectName": "ScriptStruct'PointerToUberGraphFrame'",
      "ObjectPath": "/Script/Engine"
    }
  },
  {
    "Type": "BlueprintGeneratedClass",
    "Name": "Apollo_Farm_Windmill_Spinning_C",
    "Class": "UScriptClass'BlueprintGeneratedClass'",
    "Properties": {
      "SimpleConstructionScript": {
        "ObjectName": "SimpleConstructionScript'Apollo_Farm_Windmill_Spinning_C:SimpleConstructionScript_666'",
        "ObjectPath": "FortniteGame/Content/Athena/Apollo/Environments/BuildingActors/Farm/Props/Apollo_Farm_Windmill_Spinning.33"
      },
      "UberGraphFramePointerProperty": {
        "ObjectName": "StructProperty'Apollo_Farm_Windmill_Spinning_C:UberGraphFrame'",
        "ObjectPath": "FortniteGame/Content/Athena/Apollo/Environments/BuildingActors/Farm/Props/Apollo_Farm_Windmill_Spinning.0"
      },
      "UberGraphFunction": {
        "ObjectName": "Function'Apollo_Farm_Windmill_Spinning_C:ExecuteUbergraph_Apollo_Farm_Windmill_Spinning'",
        "ObjectPath": "FortniteGame/Content/Athena/Apollo/Environments/BuildingActors/Farm/Props/Apollo_Farm_Windmill_Spinning.7"
      }
    },
    "SuperStruct": {
      "ObjectName": "Class'BuildingProp'",
      "ObjectPath": "/Script/FortniteGame"
    },
    "Children": [
      {
        "ObjectName": "StructProperty'Apollo_Farm_Windmill_Spinning_C:UberGraphFrame'",
        "ObjectPath": "FortniteGame/Content/Athena/Apollo/Environments/BuildingActors/Farm/Props/Apollo_Farm_Windmill_Spinning.0"
      },
      {
        "ObjectName": "Function'Apollo_Farm_Windmill_Spinning_C:OnDeathPlayEffects'",
        "ObjectPath": "FortniteGame/Content/Athena/Apollo/Environments/BuildingActors/Farm/Props/Apollo_Farm_Windmill_Spinning.15"
      },
      {
        "ObjectName": "Function'Apollo_Farm_Windmill_Spinning_C:ReceiveBeginPlay'",
        "ObjectPath": "FortniteGame/Content/Athena/Apollo/Environments/BuildingActors/Farm/Props/Apollo_Farm_Windmill_Spinning.14"
      },
      {
        "ObjectName": "Function'Apollo_Farm_Windmill_Spinning_C:ExecuteUbergraph_Apollo_Farm_Windmill_Spinning'",
        "ObjectPath": "FortniteGame/Content/Athena/Apollo/Environments/BuildingActors/Farm/Props/Apollo_Farm_Windmill_Spinning.7"
      },
      {
        "ObjectName": "ObjectProperty'Apollo_Farm_Windmill_Spinning_C:S_Farm_Windmill_Fan_01_LOD_00'",
        "ObjectPath": "FortniteGame/Content/Athena/Apollo/Environments/BuildingActors/Farm/Props/Apollo_Farm_Windmill_Spinning.5"
      },
      {
        "ObjectName": "ObjectProperty'Apollo_Farm_Windmill_Spinning_C:windmill_creaking_Cue'",
        "ObjectPath": "FortniteGame/Content/Athena/Apollo/Environments/BuildingActors/Farm/Props/Apollo_Farm_Windmill_Spinning.27"
      },
      {
        "ObjectName": "FloatProperty'Apollo_Farm_Windmill_Spinning_C:CurrentBladeSpeed'",
        "ObjectPath": "FortniteGame/Content/Athena/Apollo/Environments/BuildingActors/Farm/Props/Apollo_Farm_Windmill_Spinning.9"
      },
      {
        "ObjectName": "FloatProperty'Apollo_Farm_Windmill_Spinning_C:NewBladeSpeed'",
        "ObjectPath": "FortniteGame/Content/Athena/Apollo/Environments/BuildingActors/Farm/Props/Apollo_Farm_Windmill_Spinning.12"
      },
      {
        "ObjectName": "FloatProperty'Apollo_Farm_Windmill_Spinning_C:Left Spin Amount'",
        "ObjectPath": "FortniteGame/Content/Athena/Apollo/Environments/BuildingActors/Farm/Props/Apollo_Farm_Windmill_Spinning.11"
      },
      {
        "ObjectName": "FloatProperty'Apollo_Farm_Windmill_Spinning_C:Right Spin Amount'",
        "ObjectPath": "FortniteGame/Content/Athena/Apollo/Environments/BuildingActors/Farm/Props/Apollo_Farm_Windmill_Spinning.17"
      },
      {
        "ObjectName": "BoolProperty'Apollo_Farm_Windmill_Spinning_C:ConstantSpin'",
        "ObjectPath": "FortniteGame/Content/Athena/Apollo/Environments/BuildingActors/Farm/Props/Apollo_Farm_Windmill_Spinning.4"
      },
      {
        "ObjectName": "StructProperty'Apollo_Farm_Windmill_Spinning_C:StartRotation'",
        "ObjectPath": "FortniteGame/Content/Athena/Apollo/Environments/BuildingActors/Farm/Props/Apollo_Farm_Windmill_Spinning.45"
      },
      {
        "ObjectName": "FloatProperty'Apollo_Farm_Windmill_Spinning_C:SpinSpeedWhenConstant'",
        "ObjectPath": "FortniteGame/Content/Athena/Apollo/Environments/BuildingActors/Farm/Props/Apollo_Farm_Windmill_Spinning.19"
      },
      {
        "ObjectName": "FloatProperty'Apollo_Farm_Windmill_Spinning_C:Time Accum'",
        "ObjectPath": "FortniteGame/Content/Athena/Apollo/Environments/BuildingActors/Farm/Props/Apollo_Farm_Windmill_Spinning.20"
      },
      {
        "ObjectName": "StructProperty'Apollo_Farm_Windmill_Spinning_C:Initial wind mill rotation'",
        "ObjectPath": "FortniteGame/Content/Athena/Apollo/Environments/BuildingActors/Farm/Props/Apollo_Farm_Windmill_Spinning.40"
      },
      {
        "ObjectName": "FloatProperty'Apollo_Farm_Windmill_Spinning_C:Z Rotation Amount'",
        "ObjectPath": "FortniteGame/Content/Athena/Apollo/Environments/BuildingActors/Farm/Props/Apollo_Farm_Windmill_Spinning.21"
      },
      {
        "ObjectName": "ObjectProperty'Apollo_Farm_Windmill_Spinning_C:ZRotationCurve'",
        "ObjectPath": "FortniteGame/Content/Athena/Apollo/Environments/BuildingActors/Farm/Props/Apollo_Farm_Windmill_Spinning.28"
      },
      {
        "ObjectName": "FloatProperty'Apollo_Farm_Windmill_Spinning_C:NewVar_0'",
        "ObjectPath": "FortniteGame/Content/Athena/Apollo/Environments/BuildingActors/Farm/Props/Apollo_Farm_Windmill_Spinning.13"
      },
      {
        "ObjectName": "FloatProperty'Apollo_Farm_Windmill_Spinning_C:Z rotation Rate'",
        "ObjectPath": "FortniteGame/Content/Athena/Apollo/Environments/BuildingActors/Farm/Props/Apollo_Farm_Windmill_Spinning.22"
      },
      {
        "ObjectName": "FloatProperty'Apollo_Farm_Windmill_Spinning_C:Rotation'",
        "ObjectPath": "FortniteGame/Content/Athena/Apollo/Environments/BuildingActors/Farm/Props/Apollo_Farm_Windmill_Spinning.18"
      }
    ],
    "ClassFlags": "CLASS_ReplicationDataIsSetUp",
    "ClassWithin": null,
    "ClassConfigName": "/Game/Athena/Apollo/Environments/BuildingActors/Farm/Props/Apollo_Farm_Windmill_Spinning_3839",
    "ClassGeneratedBy": null
  },
  {
    "Type": "Apollo_Farm_Windmill_Spinning_C",
    "Name": "Default__Apollo_Farm_Windmill_Spinning_C",
    "Class": "BlueprintGeneratedClass'FortniteGame/Content/Athena/Apollo/Environments/BuildingActors/Farm/Props/Apollo_Farm_Windmill_Spinning.Apollo_Farm_Windmill_Spinning_C'",
    "Properties": {
      "UberGraphFrame": {},
      "CurrentBladeSpeed": 20.0,
      "NewBladeSpeed": 6.0,
      "Left Spin Amount": -1.8,
      "Right Spin Amount": 3.0,
      "StartRotation": {
        "Pitch": 0.0,
        "Yaw": 0.0,
        "Roll": 0.0
      },
      "SpinSpeedWhenConstant": 15.0,
      "Initial wind mill rotation": {
        "Pitch": 0.0,
        "Yaw": 0.0,
        "Roll": 0.0
      },
      "Z Rotation Amount": 15.0,
      "ZRotationCurve": {
        "ObjectName": "CurveFloat'WindMillZRotation'",
        "ObjectPath": "FortniteGame/Content/Building/CurveEffects/WindMillZRotation.0"
      },
      "NewVar_0": 2.0,
      "Z rotation Rate": 0.025,
      "StaticMesh": {
        "ObjectName": "StaticMesh'S_Farm_Windmill_Detached'",
        "ObjectPath": "FortniteGame/Content/Environments/Apollo/Sets/Farm/Props/Meshes/S_Farm_Windmill_Detached.1"
      },
      "ResourceType": "EFortResourceType::Wood",
      "StaticMeshComponent": {
        "ObjectName": "StaticMeshComponent'Default__Apollo_Farm_Windmill_Spinning_C:StaticMeshComponent0'",
        "ObjectPath": "FortniteGame/Content/Athena/Apollo/Environments/BuildingActors/Farm/Props/Apollo_Farm_Windmill_Spinning.35"
      },
      "DestructionLootTierGroup": "Destruction_TreeMedium",
      "BuildingResourceAmountOverride": {
        "CurveTable": {
          "ObjectName": "CurveTable'AthenaResourceRates'",
          "ObjectPath": "FortniteGame/Content/Athena/Balance/DataTables/AthenaResourceRates.0"
        },
        "RowName": "ResourceWoodHigh"
      },
      "WindAudio": {
        "AssetPathName": "/Game/Sounds/Fort_Ambient_Looping/Storm_Trees/storm_prop_windmill_loop_Cue.storm_prop_windmill_loop_Cue",
        "SubPathString": ""
      },
      "DeathParticles": {
        "ObjectName": "ParticleSystem'P_Windmill_Destruction'",
        "ObjectPath": "FortniteGame/Content/Effects/Fort_Effects/World/Destruction/Street_Props/P_Windmill_Destruction.111"
      },
      "BuildingAttachmentType": "ATTACH_Floor",
      "AttributeInitKeys": {
        "AttributeInitCategory": "ResourceWood",
        "AttributeInitSubCategory": "4"
      },
      "AttributeInitKeys": {
        "AttributeInitCategory": "ResourceWood",
        "AttributeInitSubCategory": "4"
      },
      "NavigationObstacleOverride": "ENavigationObstacleOverride::ForceEnabled",
      "bCanExportNavigationCollisions": true,
      "bIsDynamic": true,
      "StaticGameplayTags": [
        "Building.Type.Prop"
      ],
      "BRMaxDrawDistance": 22000.0,
      "RootComponent": {
        "ObjectName": "StaticMeshComponent'Default__Apollo_Farm_Windmill_Spinning_C:StaticMeshComponent0'",
        "ObjectPath": "FortniteGame/Content/Athena/Apollo/Environments/BuildingActors/Farm/Props/Apollo_Farm_Windmill_Spinning.35"
      }
    }
  },
  {
    "Type": "AudioComponent",
    "Name": "windmill_creaking_Cue_GEN_VARIABLE",
    "Outer": "Apollo_Farm_Windmill_Spinning_C",
    "Class": "UScriptClass'AudioComponent'",
    "Properties": {
      "Sound": {
        "ObjectName": "SoundCue'windmill_creaking_Cue'",
        "ObjectPath": "FortniteGame/Content/Sounds/Fort_Ambient_Looping/Wind_Exterior/windmill_creaking_Cue.0"
      },
      "bOverrideAttenuation": true,
      "AttenuationOverrides": {
        "DistanceAlgorithm": "EAttenuationDistanceModel::Logarithmic",
        "AttenuationShapeExtents": {
          "X": 500.0,
          "Y": 0.0,
          "Z": 0.0
        },
        "FalloffDistance": 1250.0
      },
      "RelativeLocation": {
        "X": 0.0,
        "Y": 0.0,
        "Z": 1140.0
      }
    }
  },
  {
    "Type": "BoolProperty",
    "Name": "ConstantSpin",
    "Outer": "Apollo_Farm_Windmill_Spinning_C",
    "Class": "UScriptClass'BoolProperty'",
    "PropertyFlags": "Edit | BlueprintVisible",
    "BoolSize": 1,
    "bIsNativeBool": true
  },
  {
    "Type": "ObjectProperty",
    "Name": "S_Farm_Windmill_Fan_01_LOD_00",
    "Outer": "Apollo_Farm_Windmill_Spinning_C",
    "Class": "UScriptClass'ObjectProperty'",
    "PropertyFlags": "BlueprintVisible | InstancedReference | NonTransactional",
    "PropertyClass": {
      "ObjectName": "Class'StaticMeshComponent'",
      "ObjectPath": "/Script/Engine"
    }
  },
  {
    "Type": "IntProperty",
    "Name": "EntryPoint",
    "Outer": "ExecuteUbergraph_Apollo_Farm_Windmill_Spinning",
    "Class": "UScriptClass'IntProperty'",
    "PropertyFlags": "BlueprintVisible | BlueprintReadOnly | Parm"
  },
  {
    "Type": "Function",
    "Name": "ExecuteUbergraph_Apollo_Farm_Windmill_Spinning",
    "Outer": "Apollo_Farm_Windmill_Spinning_C",
    "Class": "UScriptClass'Function'",
    "Children": [
      {
        "ObjectName": "IntProperty'Apollo_Farm_Windmill_Spinning_C:ExecuteUbergraph_Apollo_Farm_Windmill_Spinning.EntryPoint'",
        "ObjectPath": "FortniteGame/Content/Athena/Apollo/Environments/BuildingActors/Farm/Props/Apollo_Farm_Windmill_Spinning.6"
      },
      {
        "ObjectName": "BoolProperty'Apollo_Farm_Windmill_Spinning_C:ExecuteUbergraph_Apollo_Farm_Windmill_Spinning.CallFunc_IsMobilePlatform_ReturnValue'",
        "ObjectPath": "FortniteGame/Content/Athena/Apollo/Environments/BuildingActors/Farm/Props/Apollo_Farm_Windmill_Spinning.8"
      },
      {
        "ObjectName": "FloatProperty'Apollo_Farm_Windmill_Spinning_C:ExecuteUbergraph_Apollo_Farm_Windmill_Spinning.K2Node_Event_Damage'",
        "ObjectPath": "FortniteGame/Content/Athena/Apollo/Environments/BuildingActors/Farm/Props/Apollo_Farm_Windmill_Spinning.10"
      },
      {
        "ObjectName": "StructProperty'Apollo_Farm_Windmill_Spinning_C:ExecuteUbergraph_Apollo_Farm_Windmill_Spinning.K2Node_Event_DamageTags'",
        "ObjectPath": "FortniteGame/Content/Athena/Apollo/Environments/BuildingActors/Farm/Props/Apollo_Farm_Windmill_Spinning.36"
      },
      {
        "ObjectName": "StructProperty'Apollo_Farm_Windmill_Spinning_C:ExecuteUbergraph_Apollo_Farm_Windmill_Spinning.K2Node_Event_Momentum'",
        "ObjectPath": "FortniteGame/Content/Athena/Apollo/Environments/BuildingActors/Farm/Props/Apollo_Farm_Windmill_Spinning.39"
      },
      {
        "ObjectName": "StructProperty'Apollo_Farm_Windmill_Spinning_C:ExecuteUbergraph_Apollo_Farm_Windmill_Spinning.K2Node_Event_HitInfo'",
        "ObjectPath": "FortniteGame/Content/Athena/Apollo/Environments/BuildingActors/Farm/Props/Apollo_Farm_Windmill_Spinning.38"
      },
      {
        "ObjectName": "ObjectProperty'Apollo_Farm_Windmill_Spinning_C:ExecuteUbergraph_Apollo_Farm_Windmill_Spinning.K2Node_Event_InstigatedBy'",
        "ObjectPath": "FortniteGame/Content/Athena/Apollo/Environments/BuildingActors/Farm/Props/Apollo_Farm_Windmill_Spinning.24"
      },
      {
        "ObjectName": "ObjectProperty'Apollo_Farm_Windmill_Spinning_C:ExecuteUbergraph_Apollo_Farm_Windmill_Spinning.K2Node_Event_DamageCauser'",
        "ObjectPath": "FortniteGame/Content/Athena/Apollo/Environments/BuildingActors/Farm/Props/Apollo_Farm_Windmill_Spinning.23"
      },
      {
        "ObjectName": "StructProperty'Apollo_Farm_Windmill_Spinning_C:ExecuteUbergraph_Apollo_Farm_Windmill_Spinning.K2Node_Event_EffectContext'",
        "ObjectPath": "FortniteGame/Content/Athena/Apollo/Environments/BuildingActors/Farm/Props/Apollo_Farm_Windmill_Spinning.37"
      }
    ],
    "FunctionFlags": "FUNC_None"
  },
  {
    "Type": "BoolProperty",
    "Name": "CallFunc_IsMobilePlatform_ReturnValue",
    "Outer": "ExecuteUbergraph_Apollo_Farm_Windmill_Spinning",
    "Class": "UScriptClass'BoolProperty'",
    "BoolSize": 1,
    "bIsNativeBool": true
  },
  {
    "Type": "FloatProperty",
    "Name": "CurrentBladeSpeed",
    "Outer": "Apollo_Farm_Windmill_Spinning_C",
    "Class": "UScriptClass'FloatProperty'",
    "PropertyFlags": "Edit | BlueprintVisible | DisableEditOnInstance"
  },
  {
    "Type": "FloatProperty",
    "Name": "K2Node_Event_Damage",
    "Outer": "ExecuteUbergraph_Apollo_Farm_Windmill_Spinning",
    "Class": "UScriptClass'FloatProperty'"
  },
  {
    "Type": "FloatProperty",
    "Name": "Left Spin Amount",
    "Outer": "Apollo_Farm_Windmill_Spinning_C",
    "Class": "UScriptClass'FloatProperty'",
    "PropertyFlags": "Edit | BlueprintVisible"
  },
  {
    "Type": "FloatProperty",
    "Name": "NewBladeSpeed",
    "Outer": "Apollo_Farm_Windmill_Spinning_C",
    "Class": "UScriptClass'FloatProperty'",
    "PropertyFlags": "Edit | BlueprintVisible | DisableEditOnInstance"
  },
  {
    "Type": "FloatProperty",
    "Name": "NewVar_0",
    "Outer": "Apollo_Farm_Windmill_Spinning_C",
    "Class": "UScriptClass'FloatProperty'",
    "PropertyFlags": "Edit | BlueprintVisible | DisableEditOnInstance"
  },
  {
    "Type": "Function",
    "Name": "ReceiveBeginPlay",
    "Outer": "Apollo_Farm_Windmill_Spinning_C",
    "Class": "UScriptClass'Function'",
    "SuperStruct": {
      "ObjectName": "Function'Actor:ReceiveBeginPlay'",
      "ObjectPath": "/Script/Engine"
    },
    "FunctionFlags": "FUNC_None"
  },
  {
    "Type": "Function",
    "Name": "OnDeathPlayEffects",
    "Outer": "Apollo_Farm_Windmill_Spinning_C",
    "Class": "UScriptClass'Function'",
    "SuperStruct": {
      "ObjectName": "Function'BuildingActor:OnDeathPlayEffects'",
      "ObjectPath": "/Script/FortniteGame"
    },
    "Children": [
      {
        "ObjectName": "FloatProperty'Apollo_Farm_Windmill_Spinning_C:OnDeathPlayEffects.Damage'",
        "ObjectPath": "FortniteGame/Content/Athena/Apollo/Environments/BuildingActors/Farm/Props/Apollo_Farm_Windmill_Spinning.16"
      },
      {
        "ObjectName": "StructProperty'Apollo_Farm_Windmill_Spinning_C:OnDeathPlayEffects.DamageTags'",
        "ObjectPath": "FortniteGame/Content/Athena/Apollo/Environments/BuildingActors/Farm/Props/Apollo_Farm_Windmill_Spinning.41"
      },
      {
        "ObjectName": "StructProperty'Apollo_Farm_Windmill_Spinning_C:OnDeathPlayEffects.Momentum'",
        "ObjectPath": "FortniteGame/Content/Athena/Apollo/Environments/BuildingActors/Farm/Props/Apollo_Farm_Windmill_Spinning.44"
      },
      {
        "ObjectName": "StructProperty'Apollo_Farm_Windmill_Spinning_C:OnDeathPlayEffects.HitInfo'",
        "ObjectPath": "FortniteGame/Content/Athena/Apollo/Environments/BuildingActors/Farm/Props/Apollo_Farm_Windmill_Spinning.43"
      },
      {
        "ObjectName": "ObjectProperty'Apollo_Farm_Windmill_Spinning_C:OnDeathPlayEffects.InstigatedBy'",
        "ObjectPath": "FortniteGame/Content/Athena/Apollo/Environments/BuildingActors/Farm/Props/Apollo_Farm_Windmill_Spinning.26"
      },
      {
        "ObjectName": "ObjectProperty'Apollo_Farm_Windmill_Spinning_C:OnDeathPlayEffects.DamageCauser'",
        "ObjectPath": "FortniteGame/Content/Athena/Apollo/Environments/BuildingActors/Farm/Props/Apollo_Farm_Windmill_Spinning.25"
      },
      {
        "ObjectName": "StructProperty'Apollo_Farm_Windmill_Spinning_C:OnDeathPlayEffects.EffectContext'",
        "ObjectPath": "FortniteGame/Content/Athena/Apollo/Environments/BuildingActors/Farm/Props/Apollo_Farm_Windmill_Spinning.42"
      }
    ],
    "FunctionFlags": "FUNC_None"
  },
  {
    "Type": "FloatProperty",
    "Name": "Damage",
    "Outer": "OnDeathPlayEffects",
    "Class": "UScriptClass'FloatProperty'",
    "PropertyFlags": "BlueprintVisible | BlueprintReadOnly | Parm"
  },
  {
    "Type": "FloatProperty",
    "Name": "Right Spin Amount",
    "Outer": "Apollo_Farm_Windmill_Spinning_C",
    "Class": "UScriptClass'FloatProperty'",
    "PropertyFlags": "Edit | BlueprintVisible"
  },
  {
    "Type": "FloatProperty",
    "Name": "Rotation",
    "Outer": "Apollo_Farm_Windmill_Spinning_C",
    "Class": "UScriptClass'FloatProperty'",
    "PropertyFlags": "Edit | BlueprintVisible | DisableEditOnInstance"
  },
  {
    "Type": "FloatProperty",
    "Name": "SpinSpeedWhenConstant",
    "Outer": "Apollo_Farm_Windmill_Spinning_C",
    "Class": "UScriptClass'FloatProperty'",
    "PropertyFlags": "Edit | BlueprintVisible"
  },
  {
    "Type": "FloatProperty",
    "Name": "Time Accum",
    "Outer": "Apollo_Farm_Windmill_Spinning_C",
    "Class": "UScriptClass'FloatProperty'",
    "PropertyFlags": "Edit | BlueprintVisible | DisableEditOnInstance"
  },
  {
    "Type": "FloatProperty",
    "Name": "Z Rotation Amount",
    "Outer": "Apollo_Farm_Windmill_Spinning_C",
    "Class": "UScriptClass'FloatProperty'",
    "PropertyFlags": "Edit | BlueprintVisible | ExposeOnSpawn"
  },
  {
    "Type": "FloatProperty",
    "Name": "Z rotation Rate",
    "Outer": "Apollo_Farm_Windmill_Spinning_C",
    "Class": "UScriptClass'FloatProperty'",
    "PropertyFlags": "Edit | BlueprintVisible | ExposeOnSpawn"
  },
  {
    "Type": "ObjectProperty",
    "Name": "K2Node_Event_DamageCauser",
    "Outer": "ExecuteUbergraph_Apollo_Farm_Windmill_Spinning",
    "Class": "UScriptClass'ObjectProperty'",
    "PropertyClass": {
      "ObjectName": "Class'Actor'",
      "ObjectPath": "/Script/Engine"
    }
  },
  {
    "Type": "ObjectProperty",
    "Name": "K2Node_Event_InstigatedBy",
    "Outer": "ExecuteUbergraph_Apollo_Farm_Windmill_Spinning",
    "Class": "UScriptClass'ObjectProperty'",
    "PropertyClass": {
      "ObjectName": "Class'FortPawn'",
      "ObjectPath": "/Script/FortniteGame"
    }
  },
  {
    "Type": "ObjectProperty",
    "Name": "DamageCauser",
    "Outer": "OnDeathPlayEffects",
    "Class": "UScriptClass'ObjectProperty'",
    "PropertyFlags": "BlueprintVisible | BlueprintReadOnly | Parm",
    "PropertyClass": {
      "ObjectName": "Class'Actor'",
      "ObjectPath": "/Script/Engine"
    }
  },
  {
    "Type": "ObjectProperty",
    "Name": "InstigatedBy",
    "Outer": "OnDeathPlayEffects",
    "Class": "UScriptClass'ObjectProperty'",
    "PropertyFlags": "BlueprintVisible | BlueprintReadOnly | Parm",
    "PropertyClass": {
      "ObjectName": "Class'FortPawn'",
      "ObjectPath": "/Script/FortniteGame"
    }
  },
  {
    "Type": "ObjectProperty",
    "Name": "windmill_creaking_Cue",
    "Outer": "Apollo_Farm_Windmill_Spinning_C",
    "Class": "UScriptClass'ObjectProperty'",
    "PropertyFlags": "BlueprintVisible | InstancedReference | NonTransactional",
    "PropertyClass": {
      "ObjectName": "Class'AudioComponent'",
      "ObjectPath": "/Script/Engine"
    }
  },
  {
    "Type": "ObjectProperty",
    "Name": "ZRotationCurve",
    "Outer": "Apollo_Farm_Windmill_Spinning_C",
    "Class": "UScriptClass'ObjectProperty'",
    "PropertyFlags": "Edit | BlueprintVisible | DisableEditOnInstance",
    "PropertyClass": {
      "ObjectName": "Class'CurveFloat'",
      "ObjectPath": "/Script/Engine"
    }
  },
  {
    "Type": "SceneComponent",
    "Name": "SceneComponent_279",
    "Outer": "Apollo_Farm_Windmill_Spinning_C",
    "Class": "UScriptClass'SceneComponent'"
  },
  {
    "Type": "SCS_Node",
    "Name": "SCS_Node_0",
    "Outer": "SimpleConstructionScript_666",
    "Class": "UScriptClass'SCS_Node'",
    "Properties": {
      "ComponentClass": {
        "ObjectName": "Class'AudioComponent'",
        "ObjectPath": "/Script/Engine"
      },
      "ComponentTemplate": {
        "ObjectName": "AudioComponent'Apollo_Farm_Windmill_Spinning_C:windmill_creaking_Cue_GEN_VARIABLE'",
        "ObjectPath": "FortniteGame/Content/Athena/Apollo/Environments/BuildingActors/Farm/Props/Apollo_Farm_Windmill_Spinning.3"
      },
      "ParentComponentOrVariableName": "StaticMeshComponent0",
      "bIsParentComponentNative": true,
      "VariableGuid": "0722C18B-408CF506-4707DFB8-740B3842",
      "InternalVariableName": "windmill_creaking_Cue"
    }
  },
  {
    "Type": "SCS_Node",
    "Name": "SCS_Node_1",
    "Outer": "SimpleConstructionScript_666",
    "Class": "UScriptClass'SCS_Node'",
    "Properties": {
      "ComponentClass": {
        "ObjectName": "Class'StaticMeshComponent'",
        "ObjectPath": "/Script/Engine"
      },
      "ComponentTemplate": {
        "ObjectName": "StaticMeshComponent'Apollo_Farm_Windmill_Spinning_C:S_Farm_Windmill_Fan_01_LOD_00_GEN_VARIABLE'",
        "ObjectPath": "FortniteGame/Content/Athena/Apollo/Environments/BuildingActors/Farm/Props/Apollo_Farm_Windmill_Spinning.34"
      },
      "ParentComponentOrVariableName": "StaticMeshComponent0",
      "bIsParentComponentNative": true,
      "VariableGuid": "684A0A0D-41676F24-8CEEF2A2-8C4E7A95",
      "InternalVariableName": "S_Farm_Windmill_Fan_01_LOD_00"
    }
  },
  {
    "Type": "SCS_Node",
    "Name": "SCS_Node_292",
    "Outer": "SimpleConstructionScript_666",
    "Class": "UScriptClass'SCS_Node'",
    "Properties": {
      "ComponentClass": {
        "ObjectName": "Class'SceneComponent'",
        "ObjectPath": "/Script/Engine"
      },
      "ComponentTemplate": {
        "ObjectName": "SceneComponent'Apollo_Farm_Windmill_Spinning_C:SceneComponent_279'",
        "ObjectPath": "FortniteGame/Content/Athena/Apollo/Environments/BuildingActors/Farm/Props/Apollo_Farm_Windmill_Spinning.29"
      },
      "VariableGuid": "56BC9799-C494E6E6-321D4295-7D5EB316",
      "InternalVariableName": "DefaultSceneRoot"
    }
  },
  {
    "Type": "SimpleConstructionScript",
    "Name": "SimpleConstructionScript_666",
    "Outer": "Apollo_Farm_Windmill_Spinning_C",
    "Class": "UScriptClass'SimpleConstructionScript'",
    "Properties": {
      "RootNodes": [
        {
          "ObjectName": "SCS_Node'Apollo_Farm_Windmill_Spinning_C:SimpleConstructionScript_666.SCS_Node_0'",
          "ObjectPath": "FortniteGame/Content/Athena/Apollo/Environments/BuildingActors/Farm/Props/Apollo_Farm_Windmill_Spinning.30"
        },
        {
          "ObjectName": "SCS_Node'Apollo_Farm_Windmill_Spinning_C:SimpleConstructionScript_666.SCS_Node_1'",
          "ObjectPath": "FortniteGame/Content/Athena/Apollo/Environments/BuildingActors/Farm/Props/Apollo_Farm_Windmill_Spinning.31"
        }
      ],
      "AllNodes": [
        {
          "ObjectName": "SCS_Node'Apollo_Farm_Windmill_Spinning_C:SimpleConstructionScript_666.SCS_Node_0'",
          "ObjectPath": "FortniteGame/Content/Athena/Apollo/Environments/BuildingActors/Farm/Props/Apollo_Farm_Windmill_Spinning.30"
        },
        {
          "ObjectName": "SCS_Node'Apollo_Farm_Windmill_Spinning_C:SimpleConstructionScript_666.SCS_Node_1'",
          "ObjectPath": "FortniteGame/Content/Athena/Apollo/Environments/BuildingActors/Farm/Props/Apollo_Farm_Windmill_Spinning.31"
        }
      ],
      "DefaultSceneRootNode": {
        "ObjectName": "SCS_Node'Apollo_Farm_Windmill_Spinning_C:SimpleConstructionScript_666.SCS_Node_292'",
        "ObjectPath": "FortniteGame/Content/Athena/Apollo/Environments/BuildingActors/Farm/Props/Apollo_Farm_Windmill_Spinning.32"
      }
    }
  },
  {
    "Type": "StaticMeshComponent",
    "Name": "S_Farm_Windmill_Fan_01_LOD_00_GEN_VARIABLE",
    "Outer": "Apollo_Farm_Windmill_Spinning_C",
    "Class": "UScriptClass'StaticMeshComponent'",
    "Properties": {
      "StaticMesh": {
        "ObjectName": "StaticMesh'S_Farm_Windmill_Fan'",
        "ObjectPath": "FortniteGame/Content/Environments/Apollo/Sets/Farm/Props/Meshes/S_Farm_Windmill_Fan.1"
      },
      "BodyInstance": {
        "ObjectType": "ECC_WorldStatic",
        "CollisionProfileName": "BlockAll",
        "CollisionResponses": {
          "ResponseArray": [
            {
              "Channel": "FCC_Trace_WeaponCapsule",
              "Response": "ECR_Block"
            },
            {
              "Channel": "FCC_Object_PawnAI",
              "Response": "ECR_Block"
            },
            {
              "Channel": "FCC_Trace_WeaponMulti",
              "Response": "ECR_Block"
            },
            {
              "Channel": "FCC_Trace_Weapon",
              "Response": "ECR_Block"
            },
            {
              "Channel": "FCC_Object_Projectile",
              "Response": "ECR_Block"
            },
            {
              "Channel": "FCC_Object_ProjectileIgnoreAI",
              "Response": "ECR_Block"
            },
            {
              "Channel": "FCC_Object_ProjectileMesh",
              "Response": "ECR_Block"
            },
            {
              "Channel": "FCC_Object_SpectatorDroneCamera",
              "Response": "ECR_Block"
            },
            {
              "Channel": "FCC_Trace_WeaponPawnAndWorldMulti",
              "Response": "ECR_Block"
            }
          ]
        }
      },
      "RelativeLocation": {
        "X": 0.0,
        "Y": 29.49041,
        "Z": 786.9954
      },
      "Mobility": "EComponentMobility::Static"
    }
  },
  {
    "Type": "StaticMeshComponent",
    "Name": "StaticMeshComponent0",
    "Outer": "Default__Apollo_Farm_Windmill_Spinning_C",
    "Class": "UScriptClass'StaticMeshComponent'",
    "Properties": {
      "StaticMesh": {
        "ObjectName": "StaticMesh'S_Farm_Windmill_Detached'",
        "ObjectPath": "FortniteGame/Content/Environments/Apollo/Sets/Farm/Props/Meshes/S_Farm_Windmill_Detached.1"
      },
      "bAllowCullDistanceVolume": false,
      "bAffectDistanceFieldLighting": false,
      "CanCharacterStepUpOn": "ECB_Yes",
      "BodyInstance": {
        "bAutoWeld": false
      },
      "bCanEverAffectNavigation": true
    }
  },
  {
    "Type": "StructProperty",
    "Name": "K2Node_Event_DamageTags",
    "Outer": "ExecuteUbergraph_Apollo_Farm_Windmill_Spinning",
    "Class": "UScriptClass'StructProperty'",
    "PropertyFlags": "ConstParm",
    "Struct": {
      "ObjectName": "ScriptStruct'GameplayTagContainer'",
      "ObjectPath": "/Script/GameplayTags"
    }
  },
  {
    "Type": "StructProperty",
    "Name": "K2Node_Event_EffectContext",
    "Outer": "ExecuteUbergraph_Apollo_Farm_Windmill_Spinning",
    "Class": "UScriptClass'StructProperty'",
    "Struct": {
      "ObjectName": "ScriptStruct'GameplayEffectContextHandle'",
      "ObjectPath": "/Script/GameplayAbilities"
    }
  },
  {
    "Type": "StructProperty",
    "Name": "K2Node_Event_HitInfo",
    "Outer": "ExecuteUbergraph_Apollo_Farm_Windmill_Spinning",
    "Class": "UScriptClass'StructProperty'",
    "PropertyFlags": "ConstParm | ContainsInstancedReference",
    "Struct": {
      "ObjectName": "ScriptStruct'HitResult'",
      "ObjectPath": "/Script/Engine"
    }
  },
  {
    "Type": "StructProperty",
    "Name": "K2Node_Event_Momentum",
    "Outer": "ExecuteUbergraph_Apollo_Farm_Windmill_Spinning",
    "Class": "UScriptClass'StructProperty'",
    "Struct": {
      "ObjectName": "ScriptStruct'Vector'",
      "ObjectPath": "/Script/CoreUObject"
    }
  },
  {
    "Type": "StructProperty",
    "Name": "Initial wind mill rotation",
    "Outer": "Apollo_Farm_Windmill_Spinning_C",
    "Class": "UScriptClass'StructProperty'",
    "PropertyFlags": "Edit | BlueprintVisible | DisableEditOnInstance",
    "Struct": {
      "ObjectName": "ScriptStruct'Rotator'",
      "ObjectPath": "/Script/CoreUObject"
    }
  },
  {
    "Type": "StructProperty",
    "Name": "DamageTags",
    "Outer": "OnDeathPlayEffects",
    "Class": "UScriptClass'StructProperty'",
    "PropertyFlags": "ConstParm | BlueprintVisible | BlueprintReadOnly | Parm | OutParm | ReferenceParm",
    "Struct": {
      "ObjectName": "ScriptStruct'GameplayTagContainer'",
      "ObjectPath": "/Script/GameplayTags"
    }
  },
  {
    "Type": "StructProperty",
    "Name": "EffectContext",
    "Outer": "OnDeathPlayEffects",
    "Class": "UScriptClass'StructProperty'",
    "PropertyFlags": "BlueprintVisible | BlueprintReadOnly | Parm",
    "Struct": {
      "ObjectName": "ScriptStruct'GameplayEffectContextHandle'",
      "ObjectPath": "/Script/GameplayAbilities"
    }
  },
  {
    "Type": "StructProperty",
    "Name": "HitInfo",
    "Outer": "OnDeathPlayEffects",
    "Class": "UScriptClass'StructProperty'",
    "PropertyFlags": "ConstParm | BlueprintVisible | BlueprintReadOnly | Parm | OutParm | ReferenceParm | ContainsInstancedReference",
    "Struct": {
      "ObjectName": "ScriptStruct'HitResult'",
      "ObjectPath": "/Script/Engine"
    }
  },
  {
    "Type": "StructProperty",
    "Name": "Momentum",
    "Outer": "OnDeathPlayEffects",
    "Class": "UScriptClass'StructProperty'",
    "PropertyFlags": "BlueprintVisible | BlueprintReadOnly | Parm",
    "Struct": {
      "ObjectName": "ScriptStruct'Vector'",
      "ObjectPath": "/Script/CoreUObject"
    }
  },
  {
    "Type": "StructProperty",
    "Name": "StartRotation",
    "Outer": "Apollo_Farm_Windmill_Spinning_C",
    "Class": "UScriptClass'StructProperty'",
    "PropertyFlags": "Edit | BlueprintVisible | DisableEditOnInstance",
    "Struct": {
      "ObjectName": "ScriptStruct'Rotator'",
      "ObjectPath": "/Script/CoreUObject"
    }
  }
]