[
  {
    "Type": "BlueprintGeneratedClass",
    "Name": "Apollo_Farm_Weathervane_01_C",
    "Class": "UScriptClass'BlueprintGeneratedClass'",
    "Properties": {
      "SimpleConstructionScript": {
        "ObjectName": "SimpleConstructionScript'Apollo_Farm_Weathervane_01_C:SimpleConstructionScript_722'",
        "ObjectPath": "FortniteGame/Content/Athena/Apollo/Environments/BuildingActors/Farm/Props/Apollo_Farm_Weathervane_01.4"
      }
    },
    "SuperStruct": {
      "ObjectName": "Class'BuildingProp'",
      "ObjectPath": "/Script/FortniteGame"
    }
  },
  {
    "Type": "Apollo_Farm_Weathervane_01_C",
    "Name": "Default__Apollo_Farm_Weathervane_01_C",
    "Class": "BlueprintGeneratedClass'FortniteGame/Content/Athena/Apollo/Environments/BuildingActors/Farm/Props/Apollo_Farm_Weathervane_01.Apollo_Farm_Weathervane_01_C'",
    "Properties": {
      "StaticMesh": {
        "ObjectName": "StaticMesh'S_Farm_Weathervane_01'",
        "ObjectPath": "FortniteGame/Content/Environments/Apollo/Sets/Farm/Props/Meshes/S_Farm_Weathervane_01.1"
      },
      "ResourceType": "EFortResourceType::Metal",
      "StaticMeshComponent": {
        "ObjectName": "StaticMeshComponent'Default__Apollo_Farm_Weathervane_01_C:StaticMeshComponent0'",
        "ObjectPath": "FortniteGame/Content/Athena/Apollo/Environments/BuildingActors/Farm/Props/Apollo_Farm_Weathervane_01.5"
      },
      "BuildingResourceAmountOverride": {
        "CurveTable": {
          "ObjectName": "CurveTable'AthenaResourceRates'",
          "ObjectPath": "FortniteGame/Content/Athena/Balance/DataTables/AthenaResourceRates.0"
        },
        "RowName": "PropMetalMedium"
      },
      "DeathParticles": {
        "ObjectName": "ParticleSystem'P_General_Deco_Destruction_Medium'",
        "ObjectPath": "FortniteGame/Content/Effects/Fort_Effects/World/Destruction/Base_Effects/P_General_Deco_Destruction_Medium.100"
      },
      "DeathSound": {
        "ObjectName": "SoundCue'Demo_MetalHollowSmall_ImpactFinal_Cue'",
        "ObjectPath": "FortniteGame/Content/Sounds/Fort_Impact_Sounds/Demolition/Exterior_Props/Demo_MetalHollowSmall_ImpactFinal_Cue.0"
      },
      "BuildingAttachmentType": "ATTACH_Floor",
      "AttributeInitKeys": {
        "AttributeInitCategory": "PropMetal",
        "AttributeInitSubCategory": "2"
      },
      "AttributeInitKeys": {
        "AttributeInitCategory": "PropMetal",
        "AttributeInitSubCategory": "2"
      },
      "NavigationObstacleOverride": "ENavigationObstacleOverride::ForceEnabled",
      "bCanExportNavigationCollisions": true,
      "bDestroyOnPlayerBuildingPlacement": true,
      "StaticGameplayTags": [
        "Building.Type.Prop"
      ],
      "BRMaxDrawDistance": 18000.0,
      "PlayHitSound": {
        "ObjectName": "SoundCue'Demo_MetalHollowSmall_Impact_Cue'",
        "ObjectPath": "FortniteGame/Content/Sounds/Fort_Impact_Sounds/Demolition/Exterior_Props/Demo_MetalHollowSmall_Impact_Cue.0"
      },
      "RootComponent": {
        "ObjectName": "StaticMeshComponent'Default__Apollo_Farm_Weathervane_01_C:StaticMeshComponent0'",
        "ObjectPath": "FortniteGame/Content/Athena/Apollo/Environments/BuildingActors/Farm/Props/Apollo_Farm_Weathervane_01.5"
      }
    }
  },
  {
    "Type": "SceneComponent",
    "Name": "SceneComponent_2042",
    "Outer": "Apollo_Farm_Weathervane_01_C",
    "Class": "UScriptClass'SceneComponent'"
  },
  {
    "Type": "SCS_Node",
    "Name": "SCS_Node_2046",
    "Outer": "SimpleConstructionScript_722",
    "Class": "UScriptClass'SCS_Node'",
    "Properties": {
      "ComponentClass": {
        "ObjectName": "Class'SceneComponent'",
        "ObjectPath": "/Script/Engine"
      },
      "ComponentTemplate": {
        "ObjectName": "SceneComponent'Apollo_Farm_Weathervane_01_C:SceneComponent_2042'",
        "ObjectPath": "FortniteGame/Content/Athena/Apollo/Environments/BuildingActors/Farm/Props/Apollo_Farm_Weathervane_01.2"
      },
      "VariableGuid": "56BC9799-C494E6E6-321D4295-7D5EB316",
      "InternalVariableName": "DefaultSceneRoot"
    }
  },
  {
    "Type": "SimpleConstructionScript",
    "Name": "SimpleConstructionScript_722",
    "Outer": "Apollo_Farm_Weathervane_01_C",
    "Class": "UScriptClass'SimpleConstructionScript'",
    "Properties": {
      "DefaultSceneRootNode": {
        "ObjectName": "SCS_Node'Apollo_Farm_Weathervane_01_C:SimpleConstructionScript_722.SCS_Node_2046'",
        "ObjectPath": "FortniteGame/Content/Athena/Apollo/Environments/BuildingActors/Farm/Props/Apollo_Farm_Weathervane_01.3"
      }
    }
  },
  {
    "Type": "StaticMeshComponent",
    "Name": "StaticMeshComponent0",
    "Outer": "Default__Apollo_Farm_Weathervane_01_C",
    "Class": "UScriptClass'StaticMeshComponent'",
    "Properties": {
      "StaticMesh": {
        "ObjectName": "StaticMesh'S_Farm_Weathervane_01'",
        "ObjectPath": "FortniteGame/Content/Environments/Apollo/Sets/Farm/Props/Meshes/S_Farm_Weathervane_01.1"
      },
      "bAllowCullDistanceVolume": false,
      "CanCharacterStepUpOn": "ECB_Yes",
      "BodyInstance": {
        "bAutoWeld": false
      },
      "bCanEverAffectNavigation": true
    }
  }
]