[
  {
    "Type": "BlueprintGeneratedClass",
    "Name": "Apollo_Farm_Prop_Boxes_01c_C",
    "Class": "UScriptClass'BlueprintGeneratedClass'",
    "Properties": {
      "SimpleConstructionScript": {
        "ObjectName": "SimpleConstructionScript'Apollo_Farm_Prop_Boxes_01c_C:SimpleConstructionScript_491'",
        "ObjectPath": "FortniteGame/Content/Athena/Apollo/Environments/BuildingActors/Farm/Props/Apollo_Farm_Prop_Boxes_01c.4"
      }
    },
    "SuperStruct": {
      "ObjectName": "Class'BuildingProp'",
      "ObjectPath": "/Script/FortniteGame"
    }
  },
  {
    "Type": "Apollo_Farm_Prop_Boxes_01c_C",
    "Name": "Default__Apollo_Farm_Prop_Boxes_01c_C",
    "Class": "BlueprintGeneratedClass'FortniteGame/Content/Athena/Apollo/Environments/BuildingActors/Farm/Props/Apollo_Farm_Prop_Boxes_01c.Apollo_Farm_Prop_Boxes_01c_C'",
    "Properties": {
      "StaticMesh": {
        "ObjectName": "StaticMesh'S_Farm_PropBoxes_01c'",
        "ObjectPath": "FortniteGame/Content/Environments/Apollo/Sets/Farm/Props/Meshes/S_Farm_PropBoxes_01c.1"
      },
      "ResourceType": "EFortResourceType::Wood",
      "StaticMeshComponent": {
        "ObjectName": "StaticMeshComponent'Default__Apollo_Farm_Prop_Boxes_01c_C:StaticMeshComponent0'",
        "ObjectPath": "FortniteGame/Content/Athena/Apollo/Environments/BuildingActors/Farm/Props/Apollo_Farm_Prop_Boxes_01c.5"
      },
      "BuildingResourceAmountOverride": {
        "CurveTable": {
          "ObjectName": "CurveTable'AthenaResourceRates'",
          "ObjectPath": "FortniteGame/Content/Athena/Balance/DataTables/AthenaResourceRates.0"
        },
        "RowName": "PropWoodLow"
      },
      "DeathParticles": {
        "ObjectName": "ParticleSystem'P_PropBoxes_01Destruction'",
        "ObjectPath": "FortniteGame/Content/Effects/Fort_Effects/World/Destruction/PropBoxes/P_PropBoxes_01Destruction.218"
      },
      "DeathSound": {
        "ObjectName": "SoundCue'Demo_Wood_Small_ImpactFinal_Cue'",
        "ObjectPath": "FortniteGame/Content/Sounds/Fort_Impact_Sounds/Demolition/Wood/Demo_Wood_Small_ImpactFinal_Cue.0"
      },
      "BuildingAttachmentType": "ATTACH_Floor",
      "AttributeInitKeys": {
        "AttributeInitCategory": "PropWood",
        "AttributeInitSubCategory": "1"
      },
      "AttributeInitKeys": {
        "AttributeInitCategory": "PropWood",
        "AttributeInitSubCategory": "1"
      },
      "NavigationObstacleOverride": "ENavigationObstacleOverride::ForceEnabled",
      "bCanExportNavigationCollisions": true,
      "bDestroyOnPlayerBuildingPlacement": true,
      "StaticGameplayTags": [
        "Building.Type.Prop"
      ],
      "BRMaxDrawDistance": 6000.0,
      "PlayHitSound": {
        "ObjectName": "SoundCue'Demo_Wood_Small_Impact_Cue'",
        "ObjectPath": "FortniteGame/Content/Sounds/Fort_Impact_Sounds/Demolition/Wood/Demo_Wood_Small_Impact_Cue.0"
      },
      "bEnableAutoLODGeneration": false,
      "RootComponent": {
        "ObjectName": "StaticMeshComponent'Default__Apollo_Farm_Prop_Boxes_01c_C:StaticMeshComponent0'",
        "ObjectPath": "FortniteGame/Content/Athena/Apollo/Environments/BuildingActors/Farm/Props/Apollo_Farm_Prop_Boxes_01c.5"
      }
    }
  },
  {
    "Type": "SceneComponent",
    "Name": "SceneComponent_1928",
    "Outer": "Apollo_Farm_Prop_Boxes_01c_C",
    "Class": "UScriptClass'SceneComponent'"
  },
  {
    "Type": "SCS_Node",
    "Name": "SCS_Node_1932",
    "Outer": "SimpleConstructionScript_491",
    "Class": "UScriptClass'SCS_Node'",
    "Properties": {
      "ComponentClass": {
        "ObjectName": "Class'SceneComponent'",
        "ObjectPath": "/Script/Engine"
      },
      "ComponentTemplate": {
        "ObjectName": "SceneComponent'Apollo_Farm_Prop_Boxes_01c_C:SceneComponent_1928'",
        "ObjectPath": "FortniteGame/Content/Athena/Apollo/Environments/BuildingActors/Farm/Props/Apollo_Farm_Prop_Boxes_01c.2"
      },
      "VariableGuid": "56BC9799-C494E6E6-321D4295-7D5EB316",
      "InternalVariableName": "DefaultSceneRoot"
    }
  },
  {
    "Type": "SimpleConstructionScript",
    "Name": "SimpleConstructionScript_491",
    "Outer": "Apollo_Farm_Prop_Boxes_01c_C",
    "Class": "UScriptClass'SimpleConstructionScript'",
    "Properties": {
      "DefaultSceneRootNode": {
        "ObjectName": "SCS_Node'Apollo_Farm_Prop_Boxes_01c_C:SimpleConstructionScript_491.SCS_Node_1932'",
        "ObjectPath": "FortniteGame/Content/Athena/Apollo/Environments/BuildingActors/Farm/Props/Apollo_Farm_Prop_Boxes_01c.3"
      }
    }
  },
  {
    "Type": "StaticMeshComponent",
    "Name": "StaticMeshComponent0",
    "Outer": "Default__Apollo_Farm_Prop_Boxes_01c_C",
    "Class": "UScriptClass'StaticMeshComponent'",
    "Properties": {
      "StaticMesh": {
        "ObjectName": "StaticMesh'S_Farm_PropBoxes_01c'",
        "ObjectPath": "FortniteGame/Content/Environments/Apollo/Sets/Farm/Props/Meshes/S_Farm_PropBoxes_01c.1"
      },
      "bAllowCullDistanceVolume": false,
      "CanCharacterStepUpOn": "ECB_Yes",
      "BodyInstance": {
        "bAutoWeld": false
      },
      "bCanEverAffectNavigation": true
    }
  }
]