[
  {
    "Type": "BlueprintGeneratedClass",
    "Name": "Apollo_Wooden_Fence_B_A_NoSnap_C",
    "Class": "UScriptClass'BlueprintGeneratedClass'",
    "Properties": {
      "SimpleConstructionScript": {
        "ObjectName": "SimpleConstructionScript'Apollo_Wooden_Fence_B_A_NoSnap_C:SimpleConstructionScript_0'",
        "ObjectPath": "FortniteGame/Content/Athena/Apollo/Environments/BuildingActors/Farm/Props/Apollo_Wooden_Fence_B_A_NoSnap.4"
      }
    },
    "SuperStruct": {
      "ObjectName": "Class'BuildingProp'",
      "ObjectPath": "/Script/FortniteGame"
    }
  },
  {
    "Type": "Apollo_Wooden_Fence_B_A_NoSnap_C",
    "Name": "Default__Apollo_Wooden_Fence_B_A_NoSnap_C",
    "Class": "BlueprintGeneratedClass'FortniteGame/Content/Athena/Apollo/Environments/BuildingActors/Farm/Props/Apollo_Wooden_Fence_B_A_NoSnap.Apollo_Wooden_Fence_B_A_NoSnap_C'",
    "Properties": {
      "StaticMesh": {
        "ObjectName": "StaticMesh'SM_Apollo_Wooden_Fence_B_A'",
        "ObjectPath": "FortniteGame/Content/Environments/Apollo/Props/Wooden_Fence/Meshes/SM_Apollo_Wooden_Fence_B_A.1"
      },
      "ResourceType": "EFortResourceType::Wood",
      "bRegisterWithStructuralGrid": true,
      "bPropagatesBounceEffects": true,
      "BuildingPlacementDistance": {
        "X": 128.0,
        "Y": 128.0,
        "Z": 384.0
      },
      "StaticMeshComponent": {
        "ObjectName": "StaticMeshComponent'Default__Apollo_Wooden_Fence_B_A_NoSnap_C:StaticMeshComponent0'",
        "ObjectPath": "FortniteGame/Content/Athena/Apollo/Environments/BuildingActors/Farm/Props/Apollo_Wooden_Fence_B_A_NoSnap.5"
      },
      "BuildingResourceAmountOverride": {
        "CurveTable": {
          "ObjectName": "CurveTable'AthenaResourceRates'",
          "ObjectPath": "FortniteGame/Content/Athena/Balance/DataTables/AthenaResourceRates.0"
        },
        "RowName": "LDBuildingNormal"
      },
      "EditModePatternData": {
        "ObjectName": "BuildingEditModeMetadata_Wall'EMP_Wall_HalfWallS'",
        "ObjectPath": "FortniteGame/Content/Building/EditModePatterns/Wall/EMP_Wall_HalfWallS.0"
      },
      "EditModeSupportClass": {
        "ObjectName": "Class'BuildingEditModeSupport_Wall'",
        "ObjectPath": "/Script/FortniteGame"
      },
      "BuildingAttachmentSlot": "SLOT_Wall",
      "AttributeInitKeys": {
        "AttributeInitCategory": "PropFence",
        "AttributeInitSubCategory": "1"
      },
      "AttributeInitKeys": {
        "AttributeInitCategory": "PropFence",
        "AttributeInitSubCategory": "1"
      },
      "NavigationObstacleOverride": "ENavigationObstacleOverride::ForceEnabled",
      "bRotateInPlaceGame": true,
      "bIsNavigationModifier": true,
      "bBlockNavigationLinks": true,
      "bCanExportNavigationCollisions": true,
      "bRotateInPlaceEditor": false,
      "bDestroyOnPlayerBuildingPlacement": true,
      "bUseCentroidForBlockBuildingsCheck": true,
      "ConstTags": [],
      "StaticGameplayTags": [
        "Athena.Quests.Building.Wood.Fences"
      ],
      "HotSpotConfig": {
        "ObjectName": "BuildingActorHotSpotConfig'BuildingActorHotSpot_Wall'",
        "ObjectPath": "FortniteGame/Content/AI/HotSpots/BuildingActorHotSpot_Wall.0"
      },
      "bEnableAutoLODGeneration": false,
      "RootComponent": {
        "ObjectName": "StaticMeshComponent'Default__Apollo_Wooden_Fence_B_A_NoSnap_C:StaticMeshComponent0'",
        "ObjectPath": "FortniteGame/Content/Athena/Apollo/Environments/BuildingActors/Farm/Props/Apollo_Wooden_Fence_B_A_NoSnap.5"
      }
    }
  },
  {
    "Type": "SceneComponent",
    "Name": "DefaultSceneRoot_GEN_VARIABLE",
    "Outer": "Apollo_Wooden_Fence_B_A_NoSnap_C",
    "Class": "UScriptClass'SceneComponent'"
  },
  {
    "Type": "SCS_Node",
    "Name": "SCS_Node_0",
    "Outer": "SimpleConstructionScript_0",
    "Class": "UScriptClass'SCS_Node'",
    "Properties": {
      "ComponentClass": {
        "ObjectName": "Class'SceneComponent'",
        "ObjectPath": "/Script/Engine"
      },
      "ComponentTemplate": {
        "ObjectName": "SceneComponent'Apollo_Wooden_Fence_B_A_NoSnap_C:DefaultSceneRoot_GEN_VARIABLE'",
        "ObjectPath": "FortniteGame/Content/Athena/Apollo/Environments/BuildingActors/Farm/Props/Apollo_Wooden_Fence_B_A_NoSnap.2"
      },
      "VariableGuid": "FDA00CC3-402D34BF-C5F73EAB-649411C2",
      "InternalVariableName": "DefaultSceneRoot"
    }
  },
  {
    "Type": "SimpleConstructionScript",
    "Name": "SimpleConstructionScript_0",
    "Outer": "Apollo_Wooden_Fence_B_A_NoSnap_C",
    "Class": "UScriptClass'SimpleConstructionScript'",
    "Properties": {
      "DefaultSceneRootNode": {
        "ObjectName": "SCS_Node'Apollo_Wooden_Fence_B_A_NoSnap_C:SimpleConstructionScript_0.SCS_Node_0'",
        "ObjectPath": "FortniteGame/Content/Athena/Apollo/Environments/BuildingActors/Farm/Props/Apollo_Wooden_Fence_B_A_NoSnap.3"
      }
    }
  },
  {
    "Type": "StaticMeshComponent",
    "Name": "StaticMeshComponent0",
    "Outer": "Default__Apollo_Wooden_Fence_B_A_NoSnap_C",
    "Class": "UScriptClass'StaticMeshComponent'",
    "Properties": {
      "StaticMesh": {
        "ObjectName": "StaticMesh'SM_Apollo_Wooden_Fence_B_A'",
        "ObjectPath": "FortniteGame/Content/Environments/Apollo/Props/Wooden_Fence/Meshes/SM_Apollo_Wooden_Fence_B_A.1"
      },
      "bAllowCullDistanceVolume": false,
      "CanCharacterStepUpOn": "ECB_Yes",
      "BodyInstance": {
        "bAutoWeld": false
      },
      "bCanEverAffectNavigation": true
    }
  }
]