[
  {
    "Type": "BlueprintGeneratedClass",
    "Name": "Apollo_TomatoVine_Wall_01_C",
    "Class": "UScriptClass'BlueprintGeneratedClass'",
    "Super": {
      "ObjectName": "BlueprintGeneratedClass'Fence_Rural_Low_C'",
      "ObjectPath": "FortniteGame/Content/Building/ActorBlueprints/Wall/Fence_Rural_Low.0"
    },
    "Properties": {
      "SimpleConstructionScript": {
        "ObjectName": "SimpleConstructionScript'Apollo_TomatoVine_Wall_01_C:SimpleConstructionScript_0'",
        "ObjectPath": "FortniteGame/Content/Athena/Apollo/Environments/BuildingActors/Farm/Props/Apollo_TomatoVine_Wall_01.4"
      }
    },
    "SuperStruct": {
      "ObjectName": "BlueprintGeneratedClass'Fence_Rural_Low_C'",
      "ObjectPath": "FortniteGame/Content/Building/ActorBlueprints/Wall/Fence_Rural_Low.0"
    }
  },
  {
    "Type": "Apollo_TomatoVine_Wall_01_C",
    "Name": "Default__Apollo_TomatoVine_Wall_01_C",
    "Class": "BlueprintGeneratedClass'FortniteGame/Content/Athena/Apollo/Environments/BuildingActors/Farm/Props/Apollo_TomatoVine_Wall_01.Apollo_TomatoVine_Wall_01_C'",
    "Template": {
      "ObjectName": "Fence_Rural_Low_C'Default__Fence_Rural_Low_C'",
      "ObjectPath": "FortniteGame/Content/Building/ActorBlueprints/Wall/Fence_Rural_Low.1"
    },
    "Properties": {
      "StaticMesh": {
        "ObjectName": "StaticMesh'S_Farm_TomatoVine_Wall_01'",
        "ObjectPath": "FortniteGame/Content/Environments/Apollo/Sets/Farm/Props/Meshes/S_Farm_TomatoVine_Wall_01.1"
      },
      "StaticMeshComponent": {
        "ObjectName": "StaticMeshComponent'Default__Apollo_TomatoVine_Wall_01_C:StaticMeshComponent0'",
        "ObjectPath": "FortniteGame/Content/Athena/Apollo/Environments/BuildingActors/Farm/Props/Apollo_TomatoVine_Wall_01.5"
      },
      "SnapGridSize": 0.0,
      "VertSnapGridSize": 0.0,
      "RootComponent": {
        "ObjectName": "StaticMeshComponent'Default__Apollo_TomatoVine_Wall_01_C:StaticMeshComponent0'",
        "ObjectPath": "FortniteGame/Content/Athena/Apollo/Environments/BuildingActors/Farm/Props/Apollo_TomatoVine_Wall_01.5"
      }
    }
  },
  {
    "Type": "SceneComponent",
    "Name": "DefaultSceneRoot_GEN_VARIABLE",
    "Outer": "Apollo_TomatoVine_Wall_01_C",
    "Class": "UScriptClass'SceneComponent'"
  },
  {
    "Type": "SCS_Node",
    "Name": "SCS_Node_0",
    "Outer": "SimpleConstructionScript_0",
    "Class": "UScriptClass'SCS_Node'",
    "Properties": {
      "ComponentClass": {
        "ObjectName": "Class'SceneComponent'",
        "ObjectPath": "/Script/Engine"
      },
      "ComponentTemplate": {
        "ObjectName": "SceneComponent'Apollo_TomatoVine_Wall_01_C:DefaultSceneRoot_GEN_VARIABLE'",
        "ObjectPath": "FortniteGame/Content/Athena/Apollo/Environments/BuildingActors/Farm/Props/Apollo_TomatoVine_Wall_01.2"
      },
      "VariableGuid": "59DB9F38-44DF2EB7-A8247ABC-6D0E6C08",
      "InternalVariableName": "DefaultSceneRoot"
    }
  },
  {
    "Type": "SimpleConstructionScript",
    "Name": "SimpleConstructionScript_0",
    "Outer": "Apollo_TomatoVine_Wall_01_C",
    "Class": "UScriptClass'SimpleConstructionScript'",
    "Properties": {
      "DefaultSceneRootNode": {
        "ObjectName": "SCS_Node'Apollo_TomatoVine_Wall_01_C:SimpleConstructionScript_0.SCS_Node_0'",
        "ObjectPath": "FortniteGame/Content/Athena/Apollo/Environments/BuildingActors/Farm/Props/Apollo_TomatoVine_Wall_01.3"
      }
    }
  },
  {
    "Type": "StaticMeshComponent",
    "Name": "StaticMeshComponent0",
    "Outer": "Default__Apollo_TomatoVine_Wall_01_C",
    "Class": "UScriptClass'StaticMeshComponent'",
    "Template": {
      "ObjectName": "StaticMeshComponent'Default__Fence_Rural_Low_C:StaticMeshComponent0'",
      "ObjectPath": "FortniteGame/Content/Building/ActorBlueprints/Wall/Fence_Rural_Low.4"
    },
    "Properties": {
      "StaticMesh": {
        "ObjectName": "StaticMesh'S_Farm_TomatoVine_Wall_01'",
        "ObjectPath": "FortniteGame/Content/Environments/Apollo/Sets/Farm/Props/Meshes/S_Farm_TomatoVine_Wall_01.1"
      }
    }
  }
]