[
  {
    "Type": "BodySetup",
    "Name": "BodySetup_0",
    "Outer": "SM_Athena_TheFarmstead_5x9_House_a_1_SM_Farm_Roof_1_C8_3",
    "Class": "UScriptClass'BodySetup'",
    "Properties": {
      "DefaultInstance": {
        "ObjectType": "ECC_WorldStatic",
        "CollisionEnabled": "ECollisionEnabled::QueryOnly",
        "CollisionProfileName": "BlockAll",
        "CollisionResponses": {
          "ResponseArray": [
            {
              "Channel": "FCC_Trace_WeaponCapsule",
              "Response": "ECR_Block"
            },
            {
              "Channel": "FCC_Object_PawnAI",
              "Response": "ECR_Block"
            },
            {
              "Channel": "FCC_Trace_WeaponMulti",
              "Response": "ECR_Block"
            },
            {
              "Channel": "FCC_Trace_Weapon",
              "Response": "ECR_Block"
            },
            {
              "Channel": "FCC_Object_Projectile",
              "Response": "ECR_Block"
            },
            {
              "Channel": "FCC_Object_ProjectileIgnoreAI",
              "Response": "ECR_Block"
            },
            {
              "Channel": "FCC_Object_ProjectileMesh",
              "Response": "ECR_Block"
            },
            {
              "Channel": "FCC_Object_SpectatorDroneCamera",
              "Response": "ECR_Block"
            },
            {
              "Channel": "FCC_Trace_WeaponPawnAndWorldMulti",
              "Response": "ECR_Block"
            }
          ]
        }
      }
    },
    "BodySetupGuid": "7FB57CA2425DAE11E9EC1DA5C9A79079"
  },
  {
    "Type": "HLODProxy",
    "Name": "Athena_TheFarmstead_5x9_House_a_1_HLOD",
    "Class": "UScriptClass'HLODProxy'",
    "Properties": {
      "ProxyMeshes": [
        {
          "LODActor": {
            "Guid": "752D5CB6-42467405-6A0EA7AC-1EF3C4F0"
          },
          "StaticMesh": {
            "ObjectName": "StaticMesh'SM_Athena_TheFarmstead_5x9_House_a_1_SM_Farm_Roof_1_C8_3'",
            "ObjectPath": "FortniteGame/Content/Athena/Maps/Buildings/5x9/HLOD/Athena_TheFarmstead_5x9_House_a_1_HLOD.4"
          },
          "Key": "76927B120C6645ACB9200E7FB8896AC3_752D5CB6424674056A0EA7AC1EF3C4F0_ED09D682_B0D760B0_80FA045F_ProxyLODMeshReduction"
        }
      ]
    }
  },
  {
    "Type": "MaterialInstanceConstant",
    "Name": "M_Athena_TheFarmstead_5x9_House_a_1_SM_Farm_Roof_1_C8_3",
    "Class": "UScriptClass'MaterialInstanceConstant'",
    "Properties": {
      "Parent": {
        "ObjectName": "MaterialInstanceConstant'BaseFlattenMaterialAthena_MedHLOD_GrassReplace'",
        "ObjectPath": "FortniteGame/Content/Athena/HLODSetup/Materials/BaseFlattenMaterialAthena_MedHLOD_GrassReplace.0"
      },
      "bHasStaticPermutationResource": true,
      "ScalarParameterValues": [
        {
          "ParameterInfo": {
            "Name": "MetallicConst",
            "Association": "GlobalParameter",
            "Index": -1
          },
          "ParameterValue": 0.0,
          "ExpressionGUID": "DF762E36-47C779AB-3231ABBC-84920D01"
        },
        {
          "ParameterInfo": {
            "Name": "RoughnessConst",
            "Association": "GlobalParameter",
            "Index": -1
          },
          "ParameterValue": 1.0,
          "ExpressionGUID": "67948A44-4E72B482-DC859C95-1C1BEB62"
        },
        {
          "ParameterInfo": {
            "Name": "SpecularConst",
            "Association": "GlobalParameter",
            "Index": -1
          },
          "ParameterValue": 0.075,
          "ExpressionGUID": "F223E3CB-45C3161C-A86098BD-0550F837"
        },
        {
          "ParameterInfo": {
            "Name": "OpacityConst",
            "Association": "GlobalParameter",
            "Index": -1
          },
          "ParameterValue": 1.0,
          "ExpressionGUID": "5CD49B72-46AFD6EA-081F26B9-DF50808B"
        },
        {
          "ParameterInfo": {
            "Name": "OpacityMaskConst",
            "Association": "GlobalParameter",
            "Index": -1
          },
          "ParameterValue": 1.0,
          "ExpressionGUID": "C019A35E-469F1FBE-A5FA559C-9B07F150"
        },
        {
          "ParameterInfo": {
            "Name": "AmbientOcclusionConst",
            "Association": "GlobalParameter",
            "Index": -1
          },
          "ParameterValue": 1.0,
          "ExpressionGUID": "A4B0120B-45121C51-549CB6AE-11CBEC3D"
        }
      ],
      "TextureParameterValues": [
        {
          "ParameterInfo": {
            "Name": "DiffuseTexture",
            "Association": "GlobalParameter",
            "Index": -1
          },
          "ParameterValue": {
            "ObjectName": "Texture2D'T_Athena_TheFarmstead_5x9_House_a_1_SM_Farm_Roof_1_C8_3_Diffuse'",
            "ObjectPath": "FortniteGame/Content/Athena/Maps/Buildings/5x9/HLOD/Athena_TheFarmstead_5x9_House_a_1_HLOD.5"
          },
          "ExpressionGUID": "4E7AD77A-43D375BA-CEB77C86-73756268"
        }
      ],
      "BasePropertyOverrides": {
        "bOverride_DitheredLODTransition": true,
        "DitheredLODTransition": true
      },
      "StaticParameters": {
        "StaticSwitchParameters": [
          {
            "ParameterInfo": {
              "Name": "UseDiffuse",
              "Association": "GlobalParameter",
              "Index": -1
            },
            "Value": true,
            "bOverride": true,
            "ExpressionGUID": "99BA8635-4EAA882F-9D4136AF-958BF760"
          }
        ]
      }
    }
  },
  {
    "Type": "NavCollision",
    "Name": "NavCollision_0",
    "Outer": "SM_Athena_TheFarmstead_5x9_House_a_1_SM_Farm_Roof_1_C8_3",
    "Class": "UScriptClass'NavCollision'",
    "CookedFormatData": {
      "NavCollision_X": {
        "BulkDataFlags": "BULKDATA_SingleUse | BULKDATA_ForceInlinePayload",
        "ElementCount": 21,
        "SizeOnDisk": 21,
        "OffsetInFile": "0x53DC3"
      }
    }
  },
  {
    "Type": "StaticMesh",
    "Name": "SM_Athena_TheFarmstead_5x9_House_a_1_SM_Farm_Roof_1_C8_3",
    "Class": "UScriptClass'StaticMesh'",
    "Properties": {
      "StaticMaterials": [
        {
          "MaterialInterface": {
            "ObjectName": "MaterialInstanceConstant'M_Athena_TheFarmstead_5x9_House_a_1_SM_Farm_Roof_1_C8_3'",
            "ObjectPath": "FortniteGame/Content/Athena/Maps/Buildings/5x9/HLOD/Athena_TheFarmstead_5x9_House_a_1_HLOD.2"
          },
          "MaterialSlotName": "M_Athena_TheFarmstead_5x9_House_a_1_SM_Farm_Roof_1_C8_3",
          "ImportedMaterialSlotName": "M_Athena_TheFarmstead_5x9_House_a_1_SM_Farm_Roof_1_C8_3",
          "UVChannelData": {
            "bInitialized": true,
            "bOverrideDensities": false,
            "LocalUVDensities": 7885.6753,
            "LocalUVDensities": 7885.6753,
            "LocalUVDensities": 0.0,
            "LocalUVDensities": 0.0
          }
        },
        {
          "MaterialInterface": {
            "ObjectName": "MaterialInstanceConstant'MI_AthenaTreeMedium_01_Impostor'",
            "ObjectPath": "FortniteGame/Content/ImpostorBaker/ImpostorLODs/AthenaTreeMedium_01/MI_AthenaTreeMedium_01_Impostor.0"
          },
          "MaterialSlotName": "MI_AthenaTreeMedium_01_Impostor",
          "ImportedMaterialSlotName": "MI_AthenaTreeMedium_01_Impostor",
          "UVChannelData": {
            "bInitialized": true,
            "bOverrideDensities": false,
            "LocalUVDensities": 13203.095,
            "LocalUVDensities": 111.75626,
            "LocalUVDensities": 0.0,
            "LocalUVDensities": 0.0
          }
        }
      ],
      "LightmapUVDensity": 7892.8555,
      "LightMapResolution": 32,
      "ExtendedBounds": {
        "Origin": {
          "X": -2036.5146,
          "Y": 1066.0686,
          "Z": 628.65
        },
        "BoxExtent": {
          "X": 2326.8193,
          "Y": 1326.6622,
          "Z": 670.344
        },
        "SphereRadius": 2744.873
      }
    },
    "BodySetup": {
      "ObjectName": "BodySetup'SM_Athena_TheFarmstead_5x9_House_a_1_SM_Farm_Roof_1_C8_3:BodySetup_0'",
      "ObjectPath": "FortniteGame/Content/Athena/Maps/Buildings/5x9/HLOD/Athena_TheFarmstead_5x9_House_a_1_HLOD.0"
    },
    "NavCollision": {
      "ObjectName": "NavCollision'SM_Athena_TheFarmstead_5x9_House_a_1_SM_Farm_Roof_1_C8_3:NavCollision_0'",
      "ObjectPath": "FortniteGame/Content/Athena/Maps/Buildings/5x9/HLOD/Athena_TheFarmstead_5x9_House_a_1_HLOD.3"
    },
    "LightingGuid": "CA049059-4E21D7DE-599A5A87-2046F965",
    "RenderData": null
  },
  {
    "Type": "Texture2D",
    "Name": "T_Athena_TheFarmstead_5x9_House_a_1_SM_Farm_Roof_1_C8_3_Diffuse",
    "Class": "UScriptClass'Texture2D'",
    "Properties": {
      "ImportedSize": {
        "X": 256,
        "Y": 256
      },
      "LightingGuid": "523AA465-467F834A-B4D29D98-16DA4465",
      "LODGroup": "TEXTUREGROUP_HierarchicalLOD"
    },
    "SizeX": 0,
    "SizeY": 0,
    "PackedData": 0,
    "PixelFormat": "PF_Unknown",
    "FirstMipToSerialize": -1
  }
]