[
  {
    "Type": "BodySetup",
    "Name": "BodySetup_0",
    "Outer": "SM_Athena_DurrrBurger_5x9_DurrrBurger_1_SM_FORT_Floors_Generic_BasicTile_C131",
    "Class": "UScriptClass'BodySetup'",
    "Properties": {
      "DefaultInstance": {
        "ObjectType": "ECC_WorldStatic",
        "CollisionEnabled": "ECollisionEnabled::QueryOnly",
        "CollisionProfileName": "BlockAll",
        "CollisionResponses": {
          "ResponseArray": [
            {
              "Channel": "FCC_Trace_WeaponCapsule",
              "Response": "ECR_Block"
            },
            {
              "Channel": "FCC_Object_PawnAI",
              "Response": "ECR_Block"
            },
            {
              "Channel": "FCC_Trace_WeaponMulti",
              "Response": "ECR_Block"
            },
            {
              "Channel": "FCC_Trace_Weapon",
              "Response": "ECR_Block"
            },
            {
              "Channel": "FCC_Object_Projectile",
              "Response": "ECR_Block"
            },
            {
              "Channel": "FCC_Object_ProjectileIgnoreAI",
              "Response": "ECR_Block"
            },
            {
              "Channel": "FCC_Object_ProjectileMesh",
              "Response": "ECR_Block"
            },
            {
              "Channel": "FCC_Object_SpectatorDroneCamera",
              "Response": "ECR_Block"
            },
            {
              "Channel": "FCC_Trace_WeaponPawnAndWorldMulti",
              "Response": "ECR_Block"
            }
          ]
        }
      }
    },
    "BodySetupGuid": "86FE102D4CB80766ED9E38B1020D7E22"
  },
  {
    "Type": "HLODProxy",
    "Name": "Athena_DurrrBurger_5x9_DurrrBurger_1_HLOD",
    "Class": "UScriptClass'HLODProxy'",
    "Properties": {
      "ProxyMeshes": [
        {
          "LODActor": {
            "Guid": "2A07AB8B-472ED6E1-1EC6C6B6-A9AC0537"
          },
          "StaticMesh": {
            "ObjectName": "StaticMesh'SM_Athena_DurrrBurger_5x9_DurrrBurger_1_SM_FORT_Floors_Generic_BasicTile_C131'",
            "ObjectPath": "FortniteGame/Content/Athena/Maps/Buildings/5x9/HLOD/Athena_DurrrBurger_5x9_DurrrBurger_1_HLOD.4"
          },
          "Key": "76927B120C6645ACB9200E7FB8896AC3_2A07AB8B472ED6E11EC6C6B6A9AC0537_ED09D682_B0D760B0_1C5FA8E8_ProxyLODMeshReduction"
        }
      ]
    }
  },
  {
    "Type": "MaterialInstanceConstant",
    "Name": "M_Athena_DurrrBurger_5x9_DurrrBurger_1_SM_FORT_Floors_Generic_BasicTile_C131",
    "Class": "UScriptClass'MaterialInstanceConstant'",
    "Properties": {
      "Parent": {
        "ObjectName": "MaterialInstanceConstant'BaseFlattenMaterialAthena_MedHLOD_GrassReplace'",
        "ObjectPath": "FortniteGame/Content/Athena/HLODSetup/Materials/BaseFlattenMaterialAthena_MedHLOD_GrassReplace.0"
      },
      "bHasStaticPermutationResource": true,
      "ScalarParameterValues": [
        {
          "ParameterInfo": {
            "Name": "MetallicConst",
            "Association": "GlobalParameter",
            "Index": -1
          },
          "ParameterValue": 0.0,
          "ExpressionGUID": "DF762E36-47C779AB-3231ABBC-84920D01"
        },
        {
          "ParameterInfo": {
            "Name": "RoughnessConst",
            "Association": "GlobalParameter",
            "Index": -1
          },
          "ParameterValue": 1.0,
          "ExpressionGUID": "67948A44-4E72B482-DC859C95-1C1BEB62"
        },
        {
          "ParameterInfo": {
            "Name": "SpecularConst",
            "Association": "GlobalParameter",
            "Index": -1
          },
          "ParameterValue": 0.075,
          "ExpressionGUID": "F223E3CB-45C3161C-A86098BD-0550F837"
        },
        {
          "ParameterInfo": {
            "Name": "OpacityConst",
            "Association": "GlobalParameter",
            "Index": -1
          },
          "ParameterValue": 1.0,
          "ExpressionGUID": "5CD49B72-46AFD6EA-081F26B9-DF50808B"
        },
        {
          "ParameterInfo": {
            "Name": "OpacityMaskConst",
            "Association": "GlobalParameter",
            "Index": -1
          },
          "ParameterValue": 1.0,
          "ExpressionGUID": "C019A35E-469F1FBE-A5FA559C-9B07F150"
        },
        {
          "ParameterInfo": {
            "Name": "AmbientOcclusionConst",
            "Association": "GlobalParameter",
            "Index": -1
          },
          "ParameterValue": 1.0,
          "ExpressionGUID": "A4B0120B-45121C51-549CB6AE-11CBEC3D"
        }
      ],
      "TextureParameterValues": [
        {
          "ParameterInfo": {
            "Name": "DiffuseTexture",
            "Association": "GlobalParameter",
            "Index": -1
          },
          "ParameterValue": {
            "ObjectName": "Texture2D'T_Athena_DurrrBurger_5x9_DurrrBurger_1_SM_FORT_Floors_Generic_BasicTile_C131_Diffuse'",
            "ObjectPath": "FortniteGame/Content/Athena/Maps/Buildings/5x9/HLOD/Athena_DurrrBurger_5x9_DurrrBurger_1_HLOD.5"
          },
          "ExpressionGUID": "4E7AD77A-43D375BA-CEB77C86-73756268"
        }
      ],
      "BasePropertyOverrides": {
        "bOverride_DitheredLODTransition": true,
        "DitheredLODTransition": true
      },
      "StaticParameters": {
        "StaticSwitchParameters": [
          {
            "ParameterInfo": {
              "Name": "UseDiffuse",
              "Association": "GlobalParameter",
              "Index": -1
            },
            "Value": true,
            "bOverride": true,
            "ExpressionGUID": "99BA8635-4EAA882F-9D4136AF-958BF760"
          }
        ]
      }
    }
  },
  {
    "Type": "NavCollision",
    "Name": "NavCollision_0",
    "Outer": "SM_Athena_DurrrBurger_5x9_DurrrBurger_1_SM_FORT_Floors_Generic_BasicTile_C131",
    "Class": "UScriptClass'NavCollision'",
    "CookedFormatData": {
      "NavCollision_X": {
        "BulkDataFlags": "BULKDATA_SingleUse | BULKDATA_ForceInlinePayload",
        "ElementCount": 21,
        "SizeOnDisk": 21,
        "OffsetInFile": "0x5366F"
      }
    }
  },
  {
    "Type": "StaticMesh",
    "Name": "SM_Athena_DurrrBurger_5x9_DurrrBurger_1_SM_FORT_Floors_Generic_BasicTile_C131",
    "Class": "UScriptClass'StaticMesh'",
    "Properties": {
      "StaticMaterials": [
        {
          "MaterialInterface": {
            "ObjectName": "MaterialInstanceConstant'M_Athena_DurrrBurger_5x9_DurrrBurger_1_SM_FORT_Floors_Generic_BasicTile_C131'",
            "ObjectPath": "FortniteGame/Content/Athena/Maps/Buildings/5x9/HLOD/Athena_DurrrBurger_5x9_DurrrBurger_1_HLOD.2"
          },
          "MaterialSlotName": "M_Athena_DurrrBurger_5x9_DurrrBurger_1_SM_FORT_Floors_Generic_BasicTile_C131",
          "ImportedMaterialSlotName": "M_Athena_DurrrBurger_5x9_DurrrBurger_1_SM_FORT_Floors_Generic_BasicTile_C131",
          "UVChannelData": {
            "bInitialized": true,
            "bOverrideDensities": false,
            "LocalUVDensities": 8268.97,
            "LocalUVDensities": 8268.97,
            "LocalUVDensities": 0.0,
            "LocalUVDensities": 0.0
          }
        }
      ],
      "LightmapUVDensity": 8268.97,
      "LightMapResolution": 32,
      "ExtendedBounds": {
        "Origin": {
          "X": -2070.2346,
          "Y": 1049.2035,
          "Z": 474.5044
        },
        "BoxExtent": {
          "X": 2343.0261,
          "Y": 1325.0854,
          "Z": 525.3098
        },
        "SphereRadius": 2694.6016
      }
    },
    "BodySetup": {
      "ObjectName": "BodySetup'SM_Athena_DurrrBurger_5x9_DurrrBurger_1_SM_FORT_Floors_Generic_BasicTile_C131:BodySetup_0'",
      "ObjectPath": "FortniteGame/Content/Athena/Maps/Buildings/5x9/HLOD/Athena_DurrrBurger_5x9_DurrrBurger_1_HLOD.0"
    },
    "NavCollision": {
      "ObjectName": "NavCollision'SM_Athena_DurrrBurger_5x9_DurrrBurger_1_SM_FORT_Floors_Generic_BasicTile_C131:NavCollision_0'",
      "ObjectPath": "FortniteGame/Content/Athena/Maps/Buildings/5x9/HLOD/Athena_DurrrBurger_5x9_DurrrBurger_1_HLOD.3"
    },
    "LightingGuid": "3AF1FB1B-451932FD-A13D028D-1CFCCAED",
    "RenderData": null
  },
  {
    "Type": "Texture2D",
    "Name": "T_Athena_DurrrBurger_5x9_DurrrBurger_1_SM_FORT_Floors_Generic_BasicTile_C131_Diffuse",
    "Class": "UScriptClass'Texture2D'",
    "Properties": {
      "ImportedSize": {
        "X": 256,
        "Y": 256
      },
      "LightingGuid": "DD43362B-4FEC9F5E-D399308E-CD05A3A3",
      "LODGroup": "TEXTUREGROUP_HierarchicalLOD"
    },
    "SizeX": 0,
    "SizeY": 0,
    "PackedData": 0,
    "PixelFormat": "PF_Unknown",
    "FirstMipToSerialize": -1
  }
]