[
  {
    "Type": "Texture2D",
    "Name": "T_Steel_Bridge1_Swatch_Yellow",
    "Class": "UScriptClass'Texture2D'",
    "Properties": {
      "ImportedSize": {
        "X": 32,
        "Y": 32
      },
      "LightingGuid": "1A199BBB-43863C2D-5ACE6C94-68EADB59"
    },
    "SizeX": 32,
    "SizeY": 32,
    "PackedData": 1,
    "PixelFormat": "PF_DXT1",
    "FirstMipToSerialize": 0,
    "Mips": [
      {
        "BulkData": {
          "BulkDataFlags": "BULKDATA_SingleUse | BULKDATA_ForceInlinePayload",
          "ElementCount": 512,
          "SizeOnDisk": 512,
          "OffsetInFile": "0xB64"
        },
        "SizeX": 32,
        "SizeY": 32,
        "SizeZ": 1
      },
      {
        "BulkData": {
          "BulkDataFlags": "BULKDATA_SingleUse | BULKDATA_ForceInlinePayload",
          "ElementCount": 128,
          "SizeOnDisk": 128,
          "OffsetInFile": "0xD88"
        },
        "SizeX": 16,
        "SizeY": 16,
        "SizeZ": 1
      },
      {
        "BulkData": {
          "BulkDataFlags": "BULKDATA_SingleUse | BULKDATA_ForceInlinePayload",
          "ElementCount": 32,
          "SizeOnDisk": 32,
          "OffsetInFile": "0xE2C"
        },
        "SizeX": 8,
        "SizeY": 8,
        "SizeZ": 1
      },
      {
        "BulkData": {
          "BulkDataFlags": "BULKDATA_SingleUse | BULKDATA_ForceInlinePayload",
          "ElementCount": 8,
          "SizeOnDisk": 8,
          "OffsetInFile": "0xE70"
        },
        "SizeX": 4,
        "SizeY": 4,
        "SizeZ": 1
      },
      {
        "BulkData": {
          "BulkDataFlags": "BULKDATA_SingleUse | BULKDATA_ForceInlinePayload",
          "ElementCount": 8,
          "SizeOnDisk": 8,
          "OffsetInFile": "0xE9C"
        },
        "SizeX": 4,
        "SizeY": 4,
        "SizeZ": 1
      },
      {
        "BulkData": {
          "BulkDataFlags": "BULKDATA_SingleUse | BULKDATA_ForceInlinePayload",
          "ElementCount": 8,
          "SizeOnDisk": 8,
          "OffsetInFile": "0xEC8"
        },
        "SizeX": 4,
        "SizeY": 4,
        "SizeZ": 1
      }
    ]
  }
]