[
  {
    "Type": "BlueprintGeneratedClass",
    "Name": "Athena_Corrupted_C",
    "Class": "UScriptClass'BlueprintGeneratedClass'",
    "SuperStruct": {
      "ObjectName": "Class'FortLevelScriptActor'",
      "ObjectPath": "/Script/FortniteGame"
    },
    "ClassFlags": "CLASS_Optional | CLASS_NotPlaceable | CLASS_ReplicationDataIsSetUp | CLASS_CompiledFromBlueprint | CLASS_HasInstancedReference",
    "ClassWithin": {
      "ObjectName": "Class'Object'",
      "ObjectPath": "/Script/CoreUObject"
    },
    "ClassConfigName": "Engine",
    "bCooked": true,
    "ClassDefaultObject": {
      "ObjectName": "Athena_Corrupted_C'Default__Athena_Corrupted_C'",
      "ObjectPath": "FortniteGame/Content/Athena/Maps/Athena_Corrupted.1"
    }
  },
  {
    "Type": "Athena_Corrupted_C",
    "Name": "Default__Athena_Corrupted_C",
    "Class": "BlueprintGeneratedClass'FortniteGame/Content/Athena/Maps/Athena_Corrupted.Athena_Corrupted_C'"
  },
  {
    "Type": "Athena_Corrupted_C",
    "Name": "Athena_Corrupted_C_0",
    "Outer": "PersistentLevel",
    "Class": "BlueprintGeneratedClass'FortniteGame/Content/Athena/Maps/Athena_Corrupted.Athena_Corrupted_C'",
    "Template": {
      "ObjectName": "Athena_Corrupted_C'Default__Athena_Corrupted_C'",
      "ObjectPath": "FortniteGame/Content/Athena/Maps/Athena_Corrupted.1"
    }
  },
  {
    "Type": "BoxComponent",
    "Name": "BoxComponent0",
    "Outer": "LevelBounds_0",
    "Class": "UScriptClass'BoxComponent'",
    "Properties": {
      "AreaClass": {
        "ObjectName": "Class'FortMetaNavArea_Obstacles'",
        "ObjectPath": "/Script/FortniteGame"
      },
      "BodyInstance": {
        "bInterpolateWhenSubStepping": false,
        "MaxAngularVelocity": 3599.9998
      }
    }
  },
  {
    "Type": "FortWorldSettings",
    "Name": "FortWorldSettings",
    "Outer": "PersistentLevel",
    "Class": "UScriptClass'FortWorldSettings'",
    "Properties": {
      "WorldCells": [
        2147483647,
        1
      ],
      "WorldCellsOrigin": {
        "X": 512.0,
        "Y": 512.0,
        "Z": 0.0
      },
      "MinCullObjectSize": 64.0,
      "MinCullDistance": 2800.0,
      "MaxCullObjectSize": 1000.0,
      "MaxCullDistance": 40000.0,
      "NavigationSystemConfig": {
        "ObjectName": "NavigationSystemModuleConfig'Athena_Corrupted:PersistentLevel.FortWorldSettings.NavigationSystemModuleConfig_0'",
        "ObjectPath": "FortniteGame/Content/Athena/Maps/Athena_Corrupted.8"
      },
      "BookmarkArray": [
        null,
        null,
        null,
        null,
        null,
        null,
        null,
        null,
        null,
        null
      ]
    }
  },
  {
    "Type": "Level",
    "Name": "PersistentLevel",
    "Outer": "Athena_Corrupted",
    "Class": "UScriptClass'Level'",
    "Properties": {
      "Model": {
        "ObjectName": "Model'Athena_Corrupted:PersistentLevel.Model_0'",
        "ObjectPath": "FortniteGame/Content/Athena/Maps/Athena_Corrupted.7"
      },
      "LevelScriptActor": {
        "ObjectName": "Athena_Corrupted_C'Athena_Corrupted:PersistentLevel.Athena_Corrupted_C_0'",
        "ObjectPath": "FortniteGame/Content/Athena/Maps/Athena_Corrupted.2"
      },
      "LevelBuildDataId": "EE2A6DDF-49C9D534-88BC63A7-6EA8E31F",
      "WorldSettings": {
        "ObjectName": "FortWorldSettings'Athena_Corrupted:PersistentLevel.FortWorldSettings'",
        "ObjectPath": "FortniteGame/Content/Athena/Maps/Athena_Corrupted.4"
      }
    },
    "Actors": [
      {
        "ObjectName": "FortWorldSettings'Athena_Corrupted:PersistentLevel.FortWorldSettings'",
        "ObjectPath": "FortniteGame/Content/Athena/Maps/Athena_Corrupted.4"
      },
      null,
      {
        "ObjectName": "LevelBounds'Athena_Corrupted:PersistentLevel.LevelBounds_0'",
        "ObjectPath": "FortniteGame/Content/Athena/Maps/Athena_Corrupted.6"
      },
      {
        "ObjectName": "Athena_Corrupted_C'Athena_Corrupted:PersistentLevel.Athena_Corrupted_C_0'",
        "ObjectPath": "FortniteGame/Content/Athena/Maps/Athena_Corrupted.2"
      }
    ],
    "URL": {
      "Protocol": "unreal",
      "Host": "",
      "Port": 7777,
      "Valid": true,
      "Map": "/Game/Maps/Frontend",
      "Op": [],
      "Portal": ""
    },
    "Model": {
      "ObjectName": "Model'Athena_Corrupted:PersistentLevel.Model_0'",
      "ObjectPath": "FortniteGame/Content/Athena/Maps/Athena_Corrupted.7"
    },
    "ModelComponents": [],
    "LevelScriptActor": {
      "ObjectName": "Athena_Corrupted_C'Athena_Corrupted:PersistentLevel.Athena_Corrupted_C_0'",
      "ObjectPath": "FortniteGame/Content/Athena/Maps/Athena_Corrupted.2"
    },
    "NavListStart": null,
    "NavListEnd": null,
    "PrecomputedVisibilityHandler": {
      "PrecomputedVisibilityCellBucketOriginXY": {
        "X": 0.0,
        "Y": 0.0
      },
      "PrecomputedVisibilityCellSizeXY": 0.0,
      "PrecomputedVisibilityCellSizeZ": 0.0,
      "PrecomputedVisibilityCellBucketSizeXY": 0,
      "PrecomputedVisibilityNumCellBuckets": 0,
      "PrecomputedVisibilityCellBuckets": []
    },
    "PrecomputedVolumeDistanceField": {
      "VolumeMaxDistance": 0.0,
      "VolumeBox": {
        "Min": {
          "X": 0.0,
          "Y": 0.0,
          "Z": 0.0
        },
        "Max": {
          "X": 0.0,
          "Y": 0.0,
          "Z": 0.0
        },
        "IsValid": 0
      },
      "VolumeSizeX": 0,
      "VolumeSizeY": 0,
      "VolumeSizeZ": 0,
      "Data": []
    }
  },
  {
    "Type": "LevelBounds",
    "Name": "LevelBounds_0",
    "Outer": "PersistentLevel",
    "Class": "UScriptClass'LevelBounds'",
    "Properties": {
      "RootComponent": {
        "ObjectName": "BoxComponent'Athena_Corrupted:PersistentLevel.LevelBounds_0.BoxComponent0'",
        "ObjectPath": "FortniteGame/Content/Athena/Maps/Athena_Corrupted.3"
      }
    }
  },
  {
    "Type": "Model",
    "Name": "Model_0",
    "Outer": "PersistentLevel",
    "Class": "UScriptClass'Model'",
    "Bounds": {
      "Origin": {
        "X": 0.0,
        "Y": 0.0,
        "Z": 0.0
      },
      "BoxExtent": {
        "X": 0.0,
        "Y": 0.0,
        "Z": 0.0
      },
      "SphereRadius": 0.0
    },
    "Vectors": [],
    "Points": [],
    "Nodes": [],
    "Surfs": [],
    "NumSharedSides": 4,
    "VertexBuffer": {
      "Vertices": []
    },
    "LightingGuid": "C3FE9804-44537FF3-B4568ABB-DDBAECFC",
    "LightmassSettings": []
  },
  {
    "Type": "NavigationSystemModuleConfig",
    "Name": "NavigationSystemModuleConfig_0",
    "Outer": "FortWorldSettings",
    "Class": "UScriptClass'NavigationSystemModuleConfig'",
    "Properties": {
      "bAutoSpawnMissingNavData": true,
      "NavigationSystemClass": {
        "AssetPathName": "/Script/FortniteGame.FortNavSystem",
        "SubPathString": ""
      }
    }
  },
  {
    "Type": "World",
    "Name": "Athena_Corrupted",
    "Class": "UScriptClass'World'",
    "Properties": {
      "DefaultPhysicsVolume": null
    },
    "PersistentLevel": {
      "ObjectName": "Level'Athena_Corrupted:PersistentLevel'",
      "ObjectPath": "FortniteGame/Content/Athena/Maps/Athena_Corrupted.5"
    },
    "ExtraReferencedObjects": [],
    "StreamingLevels": []
  }
]