[
  {
    "Type": "BlueprintGeneratedClass",
    "Name": "POI_Block_Blank_C",
    "Class": "UScriptClass'BlueprintGeneratedClass'",
    "SuperStruct": {
      "ObjectName": "Class'FortLevelScriptActor'",
      "ObjectPath": "/Script/FortniteGame"
    },
    "ClassFlags": "CLASS_Optional | CLASS_NotPlaceable | CLASS_ReplicationDataIsSetUp | CLASS_CompiledFromBlueprint | CLASS_HasInstancedReference",
    "ClassWithin": {
      "ObjectName": "Class'Object'",
      "ObjectPath": "/Script/CoreUObject"
    },
    "ClassConfigName": "Engine",
    "bCooked": true,
    "ClassDefaultObject": {
      "ObjectName": "POI_Block_Blank_C'Default__POI_Block_Blank_C'",
      "ObjectPath": "FortniteGame/Content/Athena/Maps/Block/POI_Block_Blank.1"
    }
  },
  {
    "Type": "POI_Block_Blank_C",
    "Name": "Default__POI_Block_Blank_C",
    "Class": "BlueprintGeneratedClass'FortniteGame/Content/Athena/Maps/Block/POI_Block_Blank.POI_Block_Blank_C'"
  },
  {
    "Type": "AudioComponent",
    "Name": "Chest_Ambient_Sound",
    "Outer": "Tiered_Chest_Athena21_0",
    "Class": "UScriptClass'AudioComponent'",
    "Template": {
      "ObjectName": "AudioComponent'Tiered_Chest_Athena_C:AudioComponent_1'",
      "ObjectPath": "FortniteGame/Content/Building/ActorBlueprints/Containers/Tiered_Chest_Athena.49"
    },
    "Properties": {
      "AttachParent": {
        "ObjectName": "StaticMeshComponent'POI_Block_Blank:PersistentLevel.Tiered_Chest_Athena21_0.StaticMeshComponent0'",
        "ObjectPath": "FortniteGame/Content/Athena/Maps/Block/POI_Block_Blank.30"
      },
      "bNetAddressable": true,
      "CreationMethod": "EComponentCreationMethod::SimpleConstructionScript"
    }
  },
  {
    "Type": "AudioComponent",
    "Name": "Chest_Ambient_Sound",
    "Outer": "Tiered_Chest_Athena31",
    "Class": "UScriptClass'AudioComponent'",
    "Template": {
      "ObjectName": "AudioComponent'Tiered_Chest_Athena_C:AudioComponent_1'",
      "ObjectPath": "FortniteGame/Content/Building/ActorBlueprints/Containers/Tiered_Chest_Athena.49"
    },
    "Properties": {
      "AttachParent": {
        "ObjectName": "StaticMeshComponent'POI_Block_Blank:PersistentLevel.Tiered_Chest_Athena31.StaticMeshComponent0'",
        "ObjectPath": "FortniteGame/Content/Athena/Maps/Block/POI_Block_Blank.32"
      },
      "bNetAddressable": true,
      "CreationMethod": "EComponentCreationMethod::SimpleConstructionScript"
    }
  },
  {
    "Type": "BoxComponent",
    "Name": "BoxComponent0",
    "Outer": "LevelBounds_0",
    "Class": "UScriptClass'BoxComponent'",
    "Properties": {
      "AreaClass": {
        "ObjectName": "Class'FortMetaNavArea_Obstacles'",
        "ObjectPath": "/Script/FortniteGame"
      },
      "BodyInstance": {
        "MaxAngularVelocity": 3599.9998
      },
      "RelativeLocation": {
        "X": 202.03955,
        "Y": 333.29614,
        "Z": -137.56384
      },
      "RelativeScale3D": {
        "X": 14187.709,
        "Y": 13590.842,
        "Z": 1362.643
      }
    }
  },
  {
    "Type": "BP_BlockSign_C",
    "Name": "BP_BlockSign5",
    "Outer": "PersistentLevel",
    "Class": "BlueprintGeneratedClass'FortniteGame/Content/Athena/Prototype/Blueprints/Slab/BP_BlockSign.BP_BlockSign_C'",
    "Template": {
      "ObjectName": "BP_BlockSign_C'Default__BP_BlockSign_C'",
      "ObjectPath": "FortniteGame/Content/Athena/Prototype/Blueprints/Slab/BP_BlockSign.3"
    },
    "Properties": {
      "TextRender": {
        "ObjectName": "TextRenderComponent'POI_Block_Blank:PersistentLevel.BP_BlockSign5.TextRender'",
        "ObjectPath": "FortniteGame/Content/Athena/Maps/Block/POI_Block_Blank.33"
      },
      "PlayerName": {
        "Namespace": "",
        "Key": "517D877A4B05EA7DA56901B32EAD6B1E",
        "SourceString": "By GingerJay91",
        "LocalizedString": "By GingerJay91"
      },
      "StaticMeshComponent": {
        "ObjectName": "StaticMeshComponent'POI_Block_Blank:PersistentLevel.BP_BlockSign5.StaticMeshComponent0'",
        "ObjectPath": "FortniteGame/Content/Athena/Maps/Block/POI_Block_Blank.21"
      },
      "MyGuid": "D1164C3F-4508E6F4-28EC6793-1E738277",
      "DataVersion": 1,
      "CullDistance": 40000.0,
      "RootComponent": {
        "ObjectName": "StaticMeshComponent'POI_Block_Blank:PersistentLevel.BP_BlockSign5.StaticMeshComponent0'",
        "ObjectPath": "FortniteGame/Content/Athena/Maps/Block/POI_Block_Blank.21"
      },
      "BlueprintCreatedComponents": [
        {
          "ObjectName": "TextRenderComponent'POI_Block_Blank:PersistentLevel.BP_BlockSign5.TextRender'",
          "ObjectPath": "FortniteGame/Content/Athena/Maps/Block/POI_Block_Blank.33"
        }
      ]
    }
  },
  {
    "Type": "BP_BlockSign_C",
    "Name": "BP_BlockSign6",
    "Outer": "PersistentLevel",
    "Class": "BlueprintGeneratedClass'FortniteGame/Content/Athena/Prototype/Blueprints/Slab/BP_BlockSign.BP_BlockSign_C'",
    "Template": {
      "ObjectName": "BP_BlockSign_C'Default__BP_BlockSign_C'",
      "ObjectPath": "FortniteGame/Content/Athena/Prototype/Blueprints/Slab/BP_BlockSign.3"
    },
    "Properties": {
      "TextRender": {
        "ObjectName": "TextRenderComponent'POI_Block_Blank:PersistentLevel.BP_BlockSign6.TextRender'",
        "ObjectPath": "FortniteGame/Content/Athena/Maps/Block/POI_Block_Blank.34"
      },
      "PlayerName": {
        "Namespace": "",
        "Key": "F0F1E315430BB5A2D30BF48A66F6F51D",
        "SourceString": "By TTV Dabbing",
        "LocalizedString": "By TTV Dabbing"
      },
      "StaticMeshComponent": {
        "ObjectName": "StaticMeshComponent'POI_Block_Blank:PersistentLevel.BP_BlockSign6.StaticMeshComponent0'",
        "ObjectPath": "FortniteGame/Content/Athena/Maps/Block/POI_Block_Blank.22"
      },
      "MyGuid": "270D409B-4263D726-BF630593-AC35F44E",
      "DataVersion": 1,
      "CullDistance": 40000.0,
      "RootComponent": {
        "ObjectName": "StaticMeshComponent'POI_Block_Blank:PersistentLevel.BP_BlockSign6.StaticMeshComponent0'",
        "ObjectPath": "FortniteGame/Content/Athena/Maps/Block/POI_Block_Blank.22"
      },
      "BlueprintCreatedComponents": [
        {
          "ObjectName": "TextRenderComponent'POI_Block_Blank:PersistentLevel.BP_BlockSign6.TextRender'",
          "ObjectPath": "FortniteGame/Content/Athena/Maps/Block/POI_Block_Blank.34"
        }
      ]
    }
  },
  {
    "Type": "FortStaticMeshActor",
    "Name": "BP_SlabMesh_2",
    "Outer": "PersistentLevel",
    "Class": "UScriptClass'FortStaticMeshActor'",
    "Properties": {
      "StaticMeshComponent": {
        "ObjectName": "StaticMeshComponent'POI_Block_Blank:PersistentLevel.BP_SlabMesh_2.StaticMeshComponent0'",
        "ObjectPath": "FortniteGame/Content/Athena/Maps/Block/POI_Block_Blank.23"
      },
      "RootComponent": {
        "ObjectName": "StaticMeshComponent'POI_Block_Blank:PersistentLevel.BP_SlabMesh_2.StaticMeshComponent0'",
        "ObjectPath": "FortniteGame/Content/Athena/Maps/Block/POI_Block_Blank.23"
      }
    }
  },
  {
    "Type": "FortWorldSettings",
    "Name": "FortWorldSettings",
    "Outer": "PersistentLevel",
    "Class": "UScriptClass'FortWorldSettings'",
    "Properties": {
      "WorldCells": [
        2147483647,
        1,
        0,
        528510979,
        0,
        248,
        4096,
        327970819,
        0,
        56,
        8192,
        327970819,
        0,
        56,
        12288,
        327970819,
        0,
        56,
        16384,
        327970819,
        0,
        56,
        1,
        503443459,
        0,
        224,
        4097,
        269479939,
        0,
        0,
        8193,
        269479939,
        0,
        0,
        12289,
        269479939,
        0,
        0,
        16385,
        269479939,
        0,
        0,
        2,
        503443459,
        0,
        224,
        4098,
        269479939,
        0,
        0,
        8194,
        269479939,
        0,
        0,
        12290,
        269479939,
        0,
        0,
        16386,
        269479939,
        0,
        0,
        3,
        503443459,
        0,
        224,
        4099,
        269479939,
        0,
        0,
        8195,
        269479939,
        0,
        0,
        12291,
        269479939,
        0,
        0,
        16387,
        269479939,
        0,
        0,
        4,
        503443459,
        0,
        224,
        4100,
        269479939,
        0,
        0,
        8196,
        269479939,
        0,
        0,
        12292,
        269479939,
        0,
        0,
        16388,
        269479939,
        0,
        0,
        20480,
        327970819,
        0,
        56,
        24576,
        327970819,
        0,
        56,
        28672,
        327970819,
        0,
        56,
        32768,
        327970819,
        0,
        56,
        36864,
        327970819,
        0,
        56,
        20481,
        269479939,
        0,
        0,
        24577,
        269479939,
        0,
        0,
        28673,
        269479939,
        0,
        0,
        32769,
        269479939,
        0,
        0,
        36865,
        269479939,
        0,
        0,
        20482,
        269479939,
        0,
        0,
        24578,
        269479939,
        0,
        0,
        28674,
        269479939,
        0,
        0,
        32770,
        269479939,
        0,
        0,
        36866,
        269479939,
        0,
        0,
        20483,
        269479939,
        0,
        0,
        24579,
        269479939,
        0,
        0,
        28675,
        269479939,
        0,
        0,
        32771,
        269479939,
        0,
        0,
        36867,
        269479939,
        0,
        0,
        20484,
        269479939,
        0,
        0,
        24580,
        269479939,
        0,
        0,
        28676,
        269479939,
        0,
        0,
        32772,
        269479939,
        0,
        0,
        36868,
        269479939,
        0,
        0,
        40960,
        327970819,
        0,
        56,
        45056,
        327970819,
        0,
        56,
        49152,
        327970819,
        0,
        56,
        53248,
        327970819,
        0,
        56,
        57344,
        327970819,
        0,
        56,
        40961,
        269479939,
        0,
        0,
        45057,
        269479939,
        0,
        0,
        49153,
        269479939,
        0,
        0,
        53249,
        269479939,
        0,
        0,
        57345,
        269479939,
        0,
        0,
        40962,
        269479939,
        0,
        0,
        45058,
        269479939,
        0,
        0,
        49154,
        269479939,
        0,
        0,
        53250,
        269479939,
        0,
        0,
        57346,
        269479939,
        0,
        0,
        40963,
        269479939,
        0,
        0,
        45059,
        269479939,
        0,
        0,
        49155,
        269479939,
        0,
        0,
        53251,
        269479939,
        0,
        0,
        57347,
        269479939,
        0,
        0,
        40964,
        269479939,
        0,
        0,
        45060,
        269479939,
        0,
        0,
        49156,
        269479939,
        0,
        0,
        53252,
        269479939,
        0,
        0,
        57348,
        269479939,
        0,
        0,
        61440,
        327970819,
        0,
        56,
        65536,
        327970819,
        0,
        56,
        69632,
        327970819,
        0,
        56,
        73728,
        327970819,
        0,
        56,
        77824,
        327970819,
        0,
        56,
        61441,
        269479939,
        0,
        0,
        65537,
        269479939,
        0,
        0,
        69633,
        269479939,
        0,
        0,
        73729,
        269479939,
        0,
        0,
        77825,
        269479939,
        0,
        0,
        61442,
        269479939,
        0,
        0,
        65538,
        269479939,
        0,
        0,
        69634,
        269479939,
        0,
        0,
        73730,
        269479939,
        0,
        0,
        77826,
        269479939,
        0,
        0,
        61443,
        269479939,
        0,
        0,
        65539,
        269479939,
        0,
        0,
        69635,
        269479939,
        0,
        0,
        73731,
        269479939,
        0,
        0,
        77827,
        269479939,
        0,
        0,
        61444,
        269479939,
        0,
        0,
        65540,
        269479939,
        0,
        0,
        69636,
        269479939,
        0,
        0,
        73732,
        269479939,
        0,
        0,
        77828,
        269479939,
        0,
        0,
        81920,
        327970819,
        0,
        56,
        86016,
        327970819,
        0,
        56,
        90112,
        327970819,
        0,
        56,
        94208,
        327970819,
        0,
        56,
        98304,
        334237699,
        0,
        62,
        81921,
        269479939,
        0,
        0,
        86017,
        269479939,
        0,
        0,
        90113,
        269479939,
        0,
        0,
        94209,
        269479939,
        0,
        0,
        98305,
        284102659,
        0,
        14,
        81922,
        269479939,
        0,
        0,
        86018,
        269479939,
        0,
        0,
        90114,
        269479939,
        0,
        0,
        94210,
        269479939,
        0,
        0,
        98306,
        284102659,
        0,
        14,
        81923,
        269479939,
        0,
        0,
        86019,
        269479939,
        0,
        0,
        90115,
        269479939,
        0,
        0,
        94211,
        269479939,
        0,
        0,
        98307,
        284102659,
        0,
        14,
        81924,
        269479939,
        0,
        0,
        86020,
        269479939,
        0,
        0,
        90116,
        269479939,
        0,
        0,
        94212,
        269479939,
        0,
        0,
        98308,
        284102659,
        0,
        14,
        5,
        503443459,
        0,
        224,
        4101,
        269479939,
        0,
        0,
        8197,
        269479939,
        0,
        0,
        12293,
        269479939,
        0,
        0,
        16389,
        269479939,
        0,
        0,
        6,
        503443459,
        0,
        224,
        4102,
        269479939,
        0,
        0,
        8198,
        269479939,
        0,
        0,
        12294,
        269479939,
        0,
        0,
        16390,
        269479939,
        0,
        0,
        7,
        503443459,
        0,
        224,
        4103,
        269479939,
        0,
        0,
        8199,
        269479939,
        0,
        0,
        12295,
        269479939,
        0,
        0,
        16391,
        269479939,
        0,
        0,
        8,
        503443459,
        0,
        224,
        4104,
        269479939,
        0,
        0,
        8200,
        269479939,
        0,
        0,
        12296,
        269479939,
        0,
        0,
        16392,
        269479939,
        0,
        0,
        9,
        503443459,
        0,
        224,
        4105,
        269479939,
        0,
        0,
        8201,
        269479939,
        0,
        0,
        12297,
        269479939,
        0,
        0,
        16393,
        269479939,
        0,
        0,
        20485,
        269479939,
        0,
        0,
        24581,
        269479939,
        0,
        0,
        28677,
        269479939,
        0,
        0,
        32773,
        269479939,
        0,
        0,
        36869,
        269479939,
        0,
        0,
        20486,
        269479939,
        0,
        0,
        24582,
        269479939,
        0,
        0,
        28678,
        269479939,
        0,
        0,
        32774,
        269479939,
        0,
        0,
        36870,
        269479939,
        0,
        0,
        20487,
        269479939,
        0,
        0,
        24583,
        269479939,
        0,
        0,
        28679,
        269479939,
        0,
        0,
        32775,
        269479939,
        0,
        0,
        36871,
        269479939,
        0,
        0,
        20488,
        269479939,
        0,
        0,
        24584,
        269479939,
        0,
        0,
        28680,
        269479939,
        0,
        0,
        32776,
        269479939,
        0,
        0,
        36872,
        269479939,
        0,
        0,
        20489,
        269479939,
        0,
        0,
        24585,
        269479939,
        0,
        0,
        28681,
        269479939,
        0,
        0,
        32777,
        269479939,
        0,
        0,
        36873,
        269479939,
        0,
        0,
        40965,
        269479939,
        0,
        0,
        45061,
        269479939,
        0,
        0,
        49157,
        269479939,
        0,
        0,
        53253,
        269479939,
        0,
        0,
        57349,
        269479939,
        0,
        0,
        40966,
        269479939,
        0,
        0,
        45062,
        269479939,
        0,
        0,
        49158,
        269479939,
        0,
        0,
        53254,
        269479939,
        0,
        0,
        57350,
        269479939,
        0,
        0,
        40967,
        269479939,
        0,
        0,
        45063,
        269479939,
        0,
        0,
        49159,
        269479939,
        0,
        0,
        53255,
        269479939,
        0,
        0,
        57351,
        269479939,
        0,
        0,
        40968,
        269479939,
        0,
        0,
        45064,
        269479939,
        0,
        0,
        49160,
        269479939,
        0,
        0,
        53256,
        269479939,
        0,
        0,
        57352,
        269479939,
        0,
        0,
        40969,
        269479939,
        0,
        0,
        45065,
        269479939,
        0,
        0,
        49161,
        269479939,
        0,
        0,
        53257,
        269479939,
        0,
        0,
        57353,
        269479939,
        0,
        0,
        61445,
        269479939,
        0,
        0,
        65541,
        269479939,
        0,
        0,
        69637,
        269479939,
        0,
        0,
        73733,
        269479939,
        0,
        0,
        77829,
        269479939,
        0,
        0,
        61446,
        269479939,
        0,
        0,
        65542,
        269479939,
        0,
        0,
        69638,
        269479939,
        0,
        0,
        73734,
        269479939,
        0,
        0,
        77830,
        269479939,
        0,
        0,
        61447,
        269479939,
        0,
        0,
        65543,
        269479939,
        0,
        0,
        69639,
        269479939,
        0,
        0,
        73735,
        269479939,
        0,
        0,
        77831,
        269479939,
        0,
        0,
        61448,
        269479939,
        0,
        0,
        65544,
        269479939,
        0,
        0,
        69640,
        269479939,
        0,
        0,
        73736,
        269479939,
        0,
        0,
        77832,
        269479939,
        0,
        0,
        61449,
        269479939,
        0,
        0,
        65545,
        269479939,
        0,
        0,
        69641,
        269479939,
        0,
        0,
        73737,
        269479939,
        0,
        0,
        77833,
        269479939,
        0,
        0,
        81925,
        269479939,
        0,
        0,
        86021,
        269479939,
        0,
        0,
        90117,
        269479939,
        0,
        0,
        94213,
        269479939,
        0,
        0,
        98309,
        284102659,
        0,
        14,
        81926,
        269479939,
        0,
        0,
        86022,
        269479939,
        0,
        0,
        90118,
        269479939,
        0,
        0,
        94214,
        269479939,
        0,
        0,
        98310,
        284102659,
        0,
        14,
        81927,
        269479939,
        0,
        0,
        86023,
        269479939,
        0,
        0,
        90119,
        269479939,
        0,
        0,
        94215,
        269479939,
        0,
        0,
        98311,
        284102659,
        0,
        14,
        81928,
        269479939,
        0,
        0,
        86024,
        269479939,
        0,
        0,
        90120,
        269479939,
        0,
        0,
        94216,
        269479939,
        0,
        0,
        98312,
        284102659,
        0,
        14,
        81929,
        269479939,
        0,
        0,
        86025,
        269479939,
        0,
        0,
        90121,
        269479939,
        0,
        0,
        94217,
        269479939,
        0,
        0,
        98313,
        284102659,
        0,
        14,
        10,
        503443459,
        0,
        224,
        4106,
        269479939,
        0,
        0,
        8202,
        269479939,
        0,
        0,
        12298,
        269479939,
        0,
        0,
        16394,
        269479939,
        0,
        0,
        11,
        503443459,
        0,
        224,
        4107,
        269479939,
        0,
        0,
        8203,
        269479939,
        0,
        0,
        12299,
        269479939,
        0,
        0,
        16395,
        269479939,
        0,
        0,
        12,
        503443459,
        0,
        224,
        4108,
        269479939,
        0,
        0,
        8204,
        269479939,
        0,
        0,
        12300,
        269479939,
        0,
        0,
        16396,
        269479939,
        0,
        0,
        13,
        503443459,
        0,
        224,
        4109,
        269479939,
        0,
        0,
        8205,
        269479939,
        0,
        0,
        12301,
        269479939,
        0,
        0,
        16397,
        269479939,
        0,
        0,
        14,
        503443459,
        0,
        224,
        4110,
        269479939,
        0,
        0,
        8206,
        269479939,
        0,
        0,
        12302,
        269479939,
        0,
        0,
        16398,
        269479939,
        0,
        0,
        20490,
        269479939,
        0,
        0,
        24586,
        269479939,
        0,
        0,
        28682,
        269479939,
        0,
        0,
        32778,
        269479939,
        0,
        0,
        36874,
        269479939,
        0,
        0,
        20491,
        269479939,
        0,
        0,
        24587,
        269479939,
        0,
        0,
        28683,
        269479939,
        0,
        0,
        32779,
        269479939,
        0,
        0,
        36875,
        269479939,
        0,
        0,
        20492,
        269479939,
        0,
        0,
        24588,
        269479939,
        0,
        0,
        28684,
        269479939,
        0,
        0,
        32780,
        269479939,
        0,
        0,
        36876,
        269479939,
        0,
        0,
        20493,
        269479939,
        0,
        0,
        24589,
        269479939,
        0,
        0,
        28685,
        269479939,
        0,
        0,
        32781,
        269479939,
        0,
        0,
        36877,
        269479939,
        0,
        0,
        20494,
        269479939,
        0,
        0,
        24590,
        269479939,
        0,
        0,
        28686,
        269479939,
        0,
        0,
        32782,
        269479939,
        0,
        0,
        36878,
        269479939,
        0,
        0,
        40970,
        269479939,
        0,
        0,
        45066,
        269479939,
        0,
        0,
        49162,
        269479939,
        0,
        0,
        53258,
        269479939,
        0,
        0,
        57354,
        269479939,
        0,
        0,
        40971,
        269479939,
        0,
        0,
        45067,
        269479939,
        0,
        0,
        49163,
        269479939,
        0,
        0,
        53259,
        269479939,
        0,
        0,
        57355,
        269479939,
        0,
        0,
        40972,
        269479939,
        0,
        0,
        45068,
        269479939,
        0,
        0,
        49164,
        269479939,
        0,
        0,
        53260,
        269479939,
        0,
        0,
        57356,
        269479939,
        0,
        0,
        40973,
        269479939,
        0,
        0,
        45069,
        269479939,
        0,
        0,
        49165,
        269479939,
        0,
        0,
        53261,
        269479939,
        0,
        0,
        57357,
        269479939,
        0,
        0,
        40974,
        269479939,
        0,
        0,
        45070,
        269479939,
        0,
        0,
        49166,
        269479939,
        0,
        0,
        53262,
        269479939,
        0,
        0,
        57358,
        269479939,
        0,
        0,
        61450,
        269479939,
        0,
        0,
        65546,
        269479939,
        0,
        0,
        69642,
        269479939,
        0,
        0,
        73738,
        269479939,
        0,
        0,
        77834,
        269479939,
        0,
        0,
        61451,
        269479939,
        0,
        0,
        65547,
        269479939,
        0,
        0,
        69643,
        269479939,
        0,
        0,
        73739,
        269479939,
        0,
        0,
        77835,
        269479939,
        0,
        0,
        61452,
        269479939,
        0,
        0,
        65548,
        269479939,
        0,
        0,
        69644,
        269479939,
        0,
        0,
        73740,
        269479939,
        0,
        0,
        77836,
        269479939,
        0,
        0,
        61453,
        269479939,
        0,
        0,
        65549,
        269479939,
        0,
        0,
        69645,
        269479939,
        0,
        0,
        73741,
        269479939,
        0,
        0,
        77837,
        269479939,
        0,
        0,
        61454,
        269479939,
        0,
        0,
        65550,
        269479939,
        0,
        0,
        69646,
        269479939,
        0,
        0,
        73742,
        269479939,
        0,
        0,
        77838,
        269479939,
        0,
        0,
        81930,
        269479939,
        0,
        0,
        86026,
        269479939,
        0,
        0,
        90122,
        269479939,
        0,
        0,
        94218,
        269479939,
        0,
        0,
        98314,
        284102659,
        0,
        14,
        81931,
        269479939,
        0,
        0,
        86027,
        269479939,
        0,
        0,
        90123,
        269479939,
        0,
        0,
        94219,
        269479939,
        0,
        0,
        98315,
        284102659,
        0,
        14,
        81932,
        269479939,
        0,
        0,
        86028,
        269479939,
        0,
        0,
        90124,
        269479939,
        0,
        0,
        94220,
        269479939,
        0,
        0,
        98316,
        284102659,
        0,
        14,
        81933,
        269479939,
        0,
        0,
        86029,
        269479939,
        0,
        0,
        90125,
        269479939,
        0,
        0,
        94221,
        269479939,
        0,
        0,
        98317,
        284102659,
        0,
        14,
        81934,
        269479939,
        0,
        0,
        86030,
        269479939,
        0,
        0,
        90126,
        269479939,
        0,
        0,
        94222,
        269479939,
        0,
        0,
        98318,
        284102659,
        0,
        14,
        15,
        503443459,
        0,
        224,
        4111,
        269479939,
        0,
        0,
        8207,
        269479939,
        0,
        0,
        12303,
        269479939,
        0,
        0,
        16399,
        269479939,
        0,
        0,
        16,
        503443459,
        0,
        224,
        4112,
        269479939,
        0,
        0,
        8208,
        269479939,
        0,
        0,
        12304,
        269479939,
        0,
        0,
        16400,
        269479939,
        0,
        0,
        17,
        503443459,
        0,
        224,
        4113,
        269479939,
        0,
        0,
        8209,
        269479939,
        0,
        0,
        12305,
        269479939,
        0,
        0,
        16401,
        269479939,
        0,
        0,
        18,
        503443459,
        0,
        224,
        4114,
        269479939,
        0,
        0,
        8210,
        269479939,
        0,
        0,
        12306,
        269479939,
        0,
        0,
        16402,
        269479939,
        0,
        0,
        19,
        503443459,
        0,
        224,
        4115,
        269479939,
        0,
        0,
        8211,
        269479939,
        0,
        0,
        12307,
        269479939,
        0,
        0,
        16403,
        269479939,
        0,
        0,
        20495,
        269479939,
        0,
        0,
        24591,
        269479939,
        0,
        0,
        28687,
        269479939,
        0,
        0,
        32783,
        269479939,
        0,
        0,
        36879,
        269479939,
        0,
        0,
        20496,
        269479939,
        0,
        0,
        24592,
        269479939,
        0,
        0,
        28688,
        269479939,
        0,
        0,
        32784,
        269479939,
        0,
        0,
        36880,
        269479939,
        0,
        0,
        20497,
        269479939,
        0,
        0,
        24593,
        269479939,
        0,
        0,
        28689,
        269479939,
        0,
        0,
        32785,
        269479939,
        0,
        0,
        36881,
        269479939,
        0,
        0,
        20498,
        269479939,
        0,
        0,
        24594,
        269479939,
        0,
        0,
        28690,
        269479939,
        0,
        0,
        32786,
        269479939,
        0,
        0,
        36882,
        269479939,
        0,
        0,
        20499,
        269479939,
        0,
        0,
        24595,
        269479939,
        0,
        0,
        28691,
        269479939,
        0,
        0,
        32787,
        269479939,
        0,
        0,
        36883,
        269479939,
        0,
        0,
        40975,
        269479939,
        0,
        0,
        45071,
        269479939,
        0,
        0,
        49167,
        269479939,
        0,
        0,
        53263,
        269479939,
        0,
        0,
        57359,
        269479939,
        0,
        0,
        40976,
        269479939,
        0,
        0,
        45072,
        269479939,
        0,
        0,
        49168,
        269479939,
        0,
        0,
        53264,
        269479939,
        0,
        0,
        57360,
        269479939,
        0,
        0,
        40977,
        269479939,
        0,
        0,
        45073,
        269479939,
        0,
        0,
        49169,
        269479939,
        0,
        0,
        53265,
        269479939,
        0,
        0,
        57361,
        269479939,
        0,
        0,
        40978,
        269479939,
        0,
        0,
        45074,
        269479939,
        0,
        0,
        49170,
        269479939,
        0,
        0,
        53266,
        269479939,
        0,
        0,
        57362,
        269479939,
        0,
        0,
        40979,
        269479939,
        0,
        0,
        45075,
        269479939,
        0,
        0,
        49171,
        269479939,
        0,
        0,
        53267,
        269479939,
        0,
        0,
        57363,
        269479939,
        0,
        0,
        61455,
        269479939,
        0,
        0,
        65551,
        269479939,
        0,
        0,
        69647,
        269479939,
        0,
        0,
        73743,
        269479939,
        0,
        0,
        77839,
        269479939,
        0,
        0,
        61456,
        269479939,
        0,
        0,
        65552,
        269479939,
        0,
        0,
        69648,
        269479939,
        0,
        0,
        73744,
        269479939,
        0,
        0,
        77840,
        269479939,
        0,
        0,
        61457,
        269479939,
        0,
        0,
        65553,
        269479939,
        0,
        0,
        69649,
        269479939,
        0,
        0,
        73745,
        269479939,
        0,
        0,
        77841,
        269479939,
        0,
        0,
        61458,
        269479939,
        0,
        0,
        65554,
        269479939,
        0,
        0,
        69650,
        269479939,
        0,
        0,
        73746,
        269479939,
        0,
        0,
        77842,
        269479939,
        0,
        0,
        61459,
        269479939,
        0,
        0,
        65555,
        269479939,
        0,
        0,
        69651,
        269479939,
        0,
        0,
        73747,
        269479939,
        0,
        0,
        77843,
        269479939,
        0,
        0,
        81935,
        269479939,
        0,
        0,
        86031,
        269479939,
        0,
        0,
        90127,
        269479939,
        0,
        0,
        94223,
        269479939,
        0,
        0,
        98319,
        284102659,
        0,
        14,
        81936,
        269479939,
        0,
        0,
        86032,
        269479939,
        0,
        0,
        90128,
        269479939,
        0,
        0,
        94224,
        269479939,
        0,
        0,
        98320,
        284102659,
        0,
        14,
        81937,
        269479939,
        0,
        0,
        86033,
        269479939,
        0,
        0,
        90129,
        269479939,
        0,
        0,
        94225,
        269479939,
        0,
        0,
        98321,
        284102659,
        0,
        14,
        81938,
        269479939,
        0,
        0,
        86034,
        269479939,
        0,
        0,
        90130,
        269479939,
        0,
        0,
        94226,
        269479939,
        0,
        0,
        98322,
        284102659,
        0,
        14,
        81939,
        269479939,
        0,
        0,
        86035,
        269479939,
        0,
        0,
        90131,
        269479939,
        0,
        0,
        94227,
        269479939,
        0,
        0,
        98323,
        284102659,
        0,
        14,
        20,
        503443459,
        0,
        224,
        4116,
        269479939,
        0,
        0,
        8212,
        269479939,
        0,
        0,
        12308,
        269479939,
        0,
        0,
        16404,
        269479939,
        0,
        0,
        21,
        503443459,
        0,
        224,
        4117,
        269479939,
        0,
        0,
        8213,
        269479939,
        0,
        0,
        12309,
        269479939,
        0,
        0,
        16405,
        269479939,
        0,
        0,
        22,
        503443459,
        0,
        224,
        4118,
        269479939,
        0,
        0,
        8214,
        269479939,
        0,
        0,
        12310,
        269479939,
        0,
        0,
        16406,
        269479939,
        0,
        0,
        23,
        503443459,
        0,
        224,
        4119,
        269479939,
        0,
        0,
        8215,
        269479939,
        0,
        0,
        12311,
        269479939,
        0,
        0,
        16407,
        269479939,
        0,
        0,
        24,
        506576899,
        0,
        227,
        4120,
        406306819,
        0,
        131,
        8216,
        406306819,
        0,
        131,
        12312,
        406306819,
        0,
        131,
        16408,
        406306819,
        0,
        131,
        20500,
        269479939,
        0,
        0,
        24596,
        269479939,
        0,
        0,
        28692,
        269479939,
        0,
        0,
        32788,
        269479939,
        0,
        0,
        36884,
        269479939,
        0,
        0,
        20501,
        269479939,
        0,
        0,
        24597,
        269479939,
        0,
        0,
        28693,
        269479939,
        0,
        0,
        32789,
        269479939,
        0,
        0,
        36885,
        269479939,
        0,
        0,
        20502,
        269479939,
        0,
        0,
        24598,
        269479939,
        0,
        0,
        28694,
        269479939,
        0,
        0,
        32790,
        269479939,
        0,
        0,
        36886,
        269479939,
        0,
        0,
        20503,
        269479939,
        0,
        0,
        24599,
        269479939,
        0,
        0,
        28695,
        269479939,
        0,
        0,
        32791,
        269479939,
        0,
        0,
        36887,
        269479939,
        0,
        0,
        20504,
        406306819,
        0,
        131,
        24600,
        406306819,
        0,
        131,
        28696,
        406306819,
        0,
        131,
        32792,
        406306819,
        0,
        131,
        36888,
        406306819,
        0,
        131,
        40980,
        269479939,
        0,
        0,
        45076,
        269479939,
        0,
        0,
        49172,
        269479939,
        0,
        0,
        53268,
        269479939,
        0,
        0,
        57364,
        269479939,
        0,
        0,
        40981,
        269479939,
        0,
        0,
        45077,
        269479939,
        0,
        0,
        49173,
        269479939,
        0,
        0,
        53269,
        269479939,
        0,
        0,
        57365,
        269479939,
        0,
        0,
        40982,
        269479939,
        0,
        0,
        45078,
        269479939,
        0,
        0,
        49174,
        269479939,
        0,
        0,
        53270,
        269479939,
        0,
        0,
        57366,
        269479939,
        0,
        0,
        40983,
        269479939,
        0,
        0,
        45079,
        269479939,
        0,
        0,
        49175,
        269479939,
        0,
        0,
        53271,
        269479939,
        0,
        0,
        57367,
        269479939,
        0,
        0,
        40984,
        406306819,
        0,
        131,
        45080,
        406306819,
        0,
        131,
        49176,
        406306819,
        0,
        131,
        53272,
        406306819,
        0,
        131,
        57368,
        406306819,
        0,
        131,
        61460,
        269479939,
        0,
        0,
        65556,
        269479939,
        0,
        0,
        69652,
        269479939,
        0,
        0,
        73748,
        269479939,
        0,
        0,
        77844,
        269479939,
        0,
        0,
        61461,
        269479939,
        0,
        0,
        65557,
        269479939,
        0,
        0,
        69653,
        269479939,
        0,
        0,
        73749,
        269479939,
        0,
        0,
        77845,
        269479939,
        0,
        0,
        61462,
        269479939,
        0,
        0,
        65558,
        269479939,
        0,
        0,
        69654,
        269479939,
        0,
        0,
        73750,
        269479939,
        0,
        0,
        77846,
        269479939,
        0,
        0,
        61463,
        269479939,
        0,
        0,
        65559,
        269479939,
        0,
        0,
        69655,
        269479939,
        0,
        0,
        73751,
        269479939,
        0,
        0,
        77847,
        269479939,
        0,
        0,
        61464,
        406306819,
        0,
        131,
        65560,
        406306819,
        0,
        131,
        69656,
        406306819,
        0,
        131,
        73752,
        406306819,
        0,
        131,
        77848,
        406306819,
        0,
        131,
        81940,
        269479939,
        0,
        0,
        86036,
        269479939,
        0,
        0,
        90132,
        269479939,
        0,
        0,
        94228,
        269479939,
        0,
        0,
        98324,
        284102659,
        0,
        14,
        81941,
        269479939,
        0,
        0,
        86037,
        269479939,
        0,
        0,
        90133,
        269479939,
        0,
        0,
        94229,
        269479939,
        0,
        0,
        98325,
        284102659,
        0,
        14,
        81942,
        269479939,
        0,
        0,
        86038,
        269479939,
        0,
        0,
        90134,
        269479939,
        0,
        0,
        94230,
        269479939,
        0,
        0,
        98326,
        284102659,
        0,
        14,
        81943,
        269479939,
        0,
        0,
        86039,
        269479939,
        0,
        0,
        90135,
        269479939,
        0,
        0,
        94231,
        269479939,
        0,
        0,
        98327,
        284102659,
        0,
        14,
        81944,
        406306819,
        0,
        131,
        86040,
        406306819,
        0,
        131,
        90136,
        406306819,
        0,
        131,
        94232,
        406306819,
        0,
        131,
        98328,
        418840579,
        0,
        143
      ],
      "WorldCellsOrigin": {
        "X": -6144.0,
        "Y": -6144.0,
        "Z": -1152.0
      },
      "MinCullObjectSize": 64.0,
      "MinCullDistance": 2800.0,
      "MaxCullObjectSize": 1000.0,
      "MaxCullDistance": 40000.0,
      "NavigationSystemConfig": {
        "ObjectName": "NavigationSystemModuleConfig'POI_Block_Blank:PersistentLevel.FortWorldSettings.NavigationSystemModuleConfig_0'",
        "ObjectPath": "FortniteGame/Content/Athena/Maps/Block/POI_Block_Blank.15"
      },
      "BookmarkArray": [
        null,
        null,
        null,
        null,
        null,
        null,
        null,
        null,
        null,
        null
      ]
    }
  },
  {
    "Type": "Level",
    "Name": "PersistentLevel",
    "Outer": "POI_Block_Blank",
    "Class": "UScriptClass'Level'",
    "Properties": {
      "Model": {
        "ObjectName": "Model'POI_Block_Blank:PersistentLevel.Model_0'",
        "ObjectPath": "FortniteGame/Content/Athena/Maps/Block/POI_Block_Blank.14"
      },
      "LevelScriptActor": {
        "ObjectName": "POI_Block_Blank_C'POI_Block_Blank:PersistentLevel.POI_Block_Blank_C_0'",
        "ObjectPath": "FortniteGame/Content/Athena/Maps/Block/POI_Block_Blank.18"
      },
      "LevelBuildDataId": "27FDBBE3-4050A503-1351FD87-6A715AB0",
      "WorldSettings": {
        "ObjectName": "FortWorldSettings'POI_Block_Blank:PersistentLevel.FortWorldSettings'",
        "ObjectPath": "FortniteGame/Content/Athena/Maps/Block/POI_Block_Blank.8"
      }
    },
    "Actors": [
      {
        "ObjectName": "FortWorldSettings'POI_Block_Blank:PersistentLevel.FortWorldSettings'",
        "ObjectPath": "FortniteGame/Content/Athena/Maps/Block/POI_Block_Blank.8"
      },
      null,
      {
        "ObjectName": "FortStaticMeshActor'POI_Block_Blank:PersistentLevel.BP_SlabMesh_2'",
        "ObjectPath": "FortniteGame/Content/Athena/Maps/Block/POI_Block_Blank.7"
      },
      {
        "ObjectName": "LevelBounds'POI_Block_Blank:PersistentLevel.LevelBounds_0'",
        "ObjectPath": "FortniteGame/Content/Athena/Maps/Block/POI_Block_Blank.10"
      },
      {
        "ObjectName": "LODActor'POI_Block_Blank:PersistentLevel.LODActor_0'",
        "ObjectPath": "FortniteGame/Content/Athena/Maps/Block/POI_Block_Blank.13"
      },
      {
        "ObjectName": "BP_BlockSign_C'POI_Block_Blank:PersistentLevel.BP_BlockSign5'",
        "ObjectPath": "FortniteGame/Content/Athena/Maps/Block/POI_Block_Blank.5"
      },
      {
        "ObjectName": "BP_BlockSign_C'POI_Block_Blank:PersistentLevel.BP_BlockSign6'",
        "ObjectPath": "FortniteGame/Content/Athena/Maps/Block/POI_Block_Blank.6"
      },
      {
        "ObjectName": "Tiered_Chest_Athena_C'POI_Block_Blank:PersistentLevel.Tiered_Chest_Athena21_0'",
        "ObjectPath": "FortniteGame/Content/Athena/Maps/Block/POI_Block_Blank.39"
      },
      {
        "ObjectName": "Tiered_Chest_Athena_C'POI_Block_Blank:PersistentLevel.Tiered_Chest_Athena31'",
        "ObjectPath": "FortniteGame/Content/Athena/Maps/Block/POI_Block_Blank.40"
      },
      {
        "ObjectName": "Tiered_Athena_FloorLoot_01_C'POI_Block_Blank:PersistentLevel.Tiered_Athena_FloorLoot_98'",
        "ObjectPath": "FortniteGame/Content/Athena/Maps/Block/POI_Block_Blank.37"
      },
      {
        "ObjectName": "Tiered_Athena_FloorLoot_01_C'POI_Block_Blank:PersistentLevel.Tiered_Athena_FloorLoot_99'",
        "ObjectPath": "FortniteGame/Content/Athena/Maps/Block/POI_Block_Blank.38"
      },
      {
        "ObjectName": "Tiered_Athena_FloorLoot_01_C'POI_Block_Blank:PersistentLevel.Tiered_Athena_FloorLoot_100'",
        "ObjectPath": "FortniteGame/Content/Athena/Maps/Block/POI_Block_Blank.35"
      },
      {
        "ObjectName": "Tiered_Athena_FloorLoot_01_C'POI_Block_Blank:PersistentLevel.Tiered_Athena_FloorLoot_101'",
        "ObjectPath": "FortniteGame/Content/Athena/Maps/Block/POI_Block_Blank.36"
      },
      {
        "ObjectName": "POI_Block_Blank_C'POI_Block_Blank:PersistentLevel.POI_Block_Blank_C_0'",
        "ObjectPath": "FortniteGame/Content/Athena/Maps/Block/POI_Block_Blank.18"
      }
    ],
    "URL": {
      "Protocol": "unreal",
      "Host": "",
      "Port": 7777,
      "Valid": true,
      "Map": "/Game/Maps/Frontend",
      "Op": [],
      "Portal": ""
    },
    "Model": {
      "ObjectName": "Model'POI_Block_Blank:PersistentLevel.Model_0'",
      "ObjectPath": "FortniteGame/Content/Athena/Maps/Block/POI_Block_Blank.14"
    },
    "ModelComponents": [],
    "LevelScriptActor": {
      "ObjectName": "POI_Block_Blank_C'POI_Block_Blank:PersistentLevel.POI_Block_Blank_C_0'",
      "ObjectPath": "FortniteGame/Content/Athena/Maps/Block/POI_Block_Blank.18"
    },
    "NavListStart": null,
    "NavListEnd": null,
    "PrecomputedVisibilityHandler": {
      "PrecomputedVisibilityCellBucketOriginXY": {
        "X": 0.0,
        "Y": 0.0
      },
      "PrecomputedVisibilityCellSizeXY": 0.0,
      "PrecomputedVisibilityCellSizeZ": 0.0,
      "PrecomputedVisibilityCellBucketSizeXY": 0,
      "PrecomputedVisibilityNumCellBuckets": 0,
      "PrecomputedVisibilityCellBuckets": []
    },
    "PrecomputedVolumeDistanceField": {
      "VolumeMaxDistance": 0.0,
      "VolumeBox": {
        "Min": {
          "X": 0.0,
          "Y": 0.0,
          "Z": 0.0
        },
        "Max": {
          "X": 0.0,
          "Y": 0.0,
          "Z": 0.0
        },
        "IsValid": 0
      },
      "VolumeSizeX": 0,
      "VolumeSizeY": 0,
      "VolumeSizeZ": 0,
      "Data": []
    }
  },
  {
    "Type": "LevelBounds",
    "Name": "LevelBounds_0",
    "Outer": "PersistentLevel",
    "Class": "UScriptClass'LevelBounds'",
    "Properties": {
      "RootComponent": {
        "ObjectName": "BoxComponent'POI_Block_Blank:PersistentLevel.LevelBounds_0.BoxComponent0'",
        "ObjectPath": "FortniteGame/Content/Athena/Maps/Block/POI_Block_Blank.4"
      }
    }
  },
  {
    "Type": "LevelStreamingAlwaysLoaded",
    "Name": "LevelStreamingAlwaysLoaded_0",
    "Outer": "POI_Block_Blank",
    "Class": "UScriptClass'LevelStreamingAlwaysLoaded'",
    "Properties": {
      "WorldAsset": {
        "AssetPathName": "/Game/Creative/Maps/UserGeneratedContent/Blocks/Block_25x25_TropicalTreetops.Block_25x25_TropicalTreetops",
        "SubPathString": ""
      },
      "LevelColor": {
        "R": 0.31886148,
        "G": 0.5024484,
        "B": 0.0,
        "A": 1.0,
        "Hex": "99BC00"
      }
    }
  },
  {
    "Type": "LevelStreamingAlwaysLoaded",
    "Name": "LevelStreamingAlwaysLoaded_1",
    "Outer": "POI_Block_Blank",
    "Class": "UScriptClass'LevelStreamingAlwaysLoaded'",
    "Properties": {
      "WorldAsset": {
        "AssetPathName": "/Game/Athena/Maps/Block/8_10/Block_25x25_HarmonyHotel.Block_25x25_HarmonyHotel",
        "SubPathString": ""
      },
      "LevelColor": {
        "R": 0.55076075,
        "G": 0.0,
        "B": 0.27376997,
        "A": 1.0,
        "Hex": "C4008F"
      }
    }
  },
  {
    "Type": "LODActor",
    "Name": "LODActor_0",
    "Outer": "PersistentLevel",
    "Class": "UScriptClass'LODActor'",
    "Properties": {
      "StaticMeshComponent": {
        "ObjectName": "StaticMeshComponent'POI_Block_Blank:PersistentLevel.LODActor_0.StaticMeshComponent0'",
        "ObjectPath": "FortniteGame/Content/Athena/Maps/Block/POI_Block_Blank.24"
      },
      "Proxy": {
        "ObjectName": "HLODProxy'POI_Block_Blank_0_HLOD'",
        "ObjectPath": "FortniteGame/Content/Athena/Maps/Block/HLOD/POI_Block_Blank_0_HLOD.1"
      },
      "Key": "76927B120C6645ACB9200E7FB8896AC3_E66B99E2416FFA59280443868D9B8BF4_02E6679E_C2759979_584F7C43_ProxyLODMeshReduction",
      "LODDrawDistance": 33563.0,
      "LODLevel": 1,
      "SubActors": [
        {
          "ObjectName": "FortStaticMeshActor'POI_Block_Blank:PersistentLevel.BP_SlabMesh_2'",
          "ObjectPath": "FortniteGame/Content/Athena/Maps/Block/POI_Block_Blank.7"
        }
      ],
      "RootComponent": {
        "ObjectName": "StaticMeshComponent'POI_Block_Blank:PersistentLevel.LODActor_0.StaticMeshComponent0'",
        "ObjectPath": "FortniteGame/Content/Athena/Maps/Block/POI_Block_Blank.24"
      }
    }
  },
  {
    "Type": "Model",
    "Name": "Model_0",
    "Outer": "PersistentLevel",
    "Class": "UScriptClass'Model'",
    "Bounds": {
      "Origin": {
        "X": 0.0,
        "Y": 0.0,
        "Z": 0.0
      },
      "BoxExtent": {
        "X": 0.0,
        "Y": 0.0,
        "Z": 0.0
      },
      "SphereRadius": 0.0
    },
    "Vectors": [],
    "Points": [],
    "Nodes": [],
    "Surfs": [],
    "NumSharedSides": 4,
    "VertexBuffer": {
      "Vertices": []
    },
    "LightingGuid": "96FB0618-423824E7-98089382-320EDED1",
    "LightmassSettings": []
  },
  {
    "Type": "NavigationSystemModuleConfig",
    "Name": "NavigationSystemModuleConfig_0",
    "Outer": "FortWorldSettings",
    "Class": "UScriptClass'NavigationSystemModuleConfig'",
    "Properties": {
      "bAutoSpawnMissingNavData": true,
      "NavigationSystemClass": {
        "AssetPathName": "/Script/FortniteGame.FortNavSystem",
        "SubPathString": ""
      }
    }
  },
  {
    "Type": "ParticleSystemComponent",
    "Name": "P_Loot_Chest_Aura_Athena",
    "Outer": "Tiered_Chest_Athena21_0",
    "Class": "UScriptClass'ParticleSystemComponent'",
    "Template": {
      "ObjectName": "ParticleSystemComponent'Tiered_Chest_Athena_C:P_Loot_Chest_Aura_Athena_GEN_VARIABLE'",
      "ObjectPath": "FortniteGame/Content/Building/ActorBlueprints/Containers/Tiered_Chest_Athena.155"
    },
    "Properties": {
      "CachedMaxDrawDistance": 8915.371,
      "AttachParent": {
        "ObjectName": "StaticMeshComponent'POI_Block_Blank:PersistentLevel.Tiered_Chest_Athena21_0.S_Chest_SmokeSheet'",
        "ObjectPath": "FortniteGame/Content/Athena/Maps/Block/POI_Block_Blank.29"
      },
      "bNetAddressable": true,
      "CreationMethod": "EComponentCreationMethod::SimpleConstructionScript"
    }
  },
  {
    "Type": "ParticleSystemComponent",
    "Name": "P_Loot_Chest_Aura_Athena",
    "Outer": "Tiered_Chest_Athena31",
    "Class": "UScriptClass'ParticleSystemComponent'",
    "Template": {
      "ObjectName": "ParticleSystemComponent'Tiered_Chest_Athena_C:P_Loot_Chest_Aura_Athena_GEN_VARIABLE'",
      "ObjectPath": "FortniteGame/Content/Building/ActorBlueprints/Containers/Tiered_Chest_Athena.155"
    },
    "Properties": {
      "CachedMaxDrawDistance": 8915.371,
      "AttachParent": {
        "ObjectName": "StaticMeshComponent'POI_Block_Blank:PersistentLevel.Tiered_Chest_Athena31.S_Chest_SmokeSheet'",
        "ObjectPath": "FortniteGame/Content/Athena/Maps/Block/POI_Block_Blank.31"
      },
      "bNetAddressable": true,
      "CreationMethod": "EComponentCreationMethod::SimpleConstructionScript"
    }
  },
  {
    "Type": "POI_Block_Blank_C",
    "Name": "POI_Block_Blank_C_0",
    "Outer": "PersistentLevel",
    "Class": "BlueprintGeneratedClass'FortniteGame/Content/Athena/Maps/Block/POI_Block_Blank.POI_Block_Blank_C'",
    "Template": {
      "ObjectName": "POI_Block_Blank_C'Default__POI_Block_Blank_C'",
      "ObjectPath": "FortniteGame/Content/Athena/Maps/Block/POI_Block_Blank.1"
    }
  },
  {
    "Type": "PointLightComponent",
    "Name": "TrasureLight",
    "Outer": "Tiered_Chest_Athena21_0",
    "Class": "UScriptClass'PointLightComponent'",
    "Template": {
      "ObjectName": "PointLightComponent'Tiered_Chest_Athena_C:TrasureLight_GEN_VARIABLE'",
      "ObjectPath": "FortniteGame/Content/Building/ActorBlueprints/Containers/Tiered_Chest_Athena.156"
    },
    "Properties": {
      "MaxDrawDistance": 8915.371,
      "MaxDistanceFadeRange": 2048.0,
      "LightGuid": "9730D079-4E6A9BE8-A378FB98-15359EA3",
      "VolumetricScatteringIntensity": 1.0,
      "AttachParent": {
        "ObjectName": "StaticMeshComponent'POI_Block_Blank:PersistentLevel.Tiered_Chest_Athena21_0.StaticMeshComponent0'",
        "ObjectPath": "FortniteGame/Content/Athena/Maps/Block/POI_Block_Blank.30"
      },
      "bVisible": false,
      "bNetAddressable": true,
      "CreationMethod": "EComponentCreationMethod::SimpleConstructionScript"
    }
  },
  {
    "Type": "PointLightComponent",
    "Name": "TrasureLight",
    "Outer": "Tiered_Chest_Athena31",
    "Class": "UScriptClass'PointLightComponent'",
    "Template": {
      "ObjectName": "PointLightComponent'Tiered_Chest_Athena_C:TrasureLight_GEN_VARIABLE'",
      "ObjectPath": "FortniteGame/Content/Building/ActorBlueprints/Containers/Tiered_Chest_Athena.156"
    },
    "Properties": {
      "MaxDrawDistance": 8915.371,
      "MaxDistanceFadeRange": 2048.0,
      "LightGuid": "255CF671-4248EA08-89D73A97-137EEE04",
      "VolumetricScatteringIntensity": 1.0,
      "AttachParent": {
        "ObjectName": "StaticMeshComponent'POI_Block_Blank:PersistentLevel.Tiered_Chest_Athena31.StaticMeshComponent0'",
        "ObjectPath": "FortniteGame/Content/Athena/Maps/Block/POI_Block_Blank.32"
      },
      "bVisible": false,
      "bNetAddressable": true,
      "CreationMethod": "EComponentCreationMethod::SimpleConstructionScript"
    }
  },
  {
    "Type": "StaticMeshComponent",
    "Name": "StaticMeshComponent0",
    "Outer": "BP_BlockSign5",
    "Class": "UScriptClass'StaticMeshComponent'",
    "Template": {
      "ObjectName": "StaticMeshComponent'Default__BP_BlockSign_C:StaticMeshComponent0'",
      "ObjectPath": "FortniteGame/Content/Athena/Prototype/Blueprints/Slab/BP_BlockSign.8"
    },
    "Properties": {
      "OverrideMaterials": [
        null
      ],
      "bGenerateOverlapEvents": true,
      "RelativeLocation": {
        "X": 6974.2285,
        "Y": 2396.2861,
        "Z": -385.0
      },
      "RelativeRotation": {
        "Pitch": 0.0,
        "Yaw": -90.000046,
        "Roll": 0.0
      }
    }
  },
  {
    "Type": "StaticMeshComponent",
    "Name": "StaticMeshComponent0",
    "Outer": "BP_BlockSign6",
    "Class": "UScriptClass'StaticMeshComponent'",
    "Template": {
      "ObjectName": "StaticMeshComponent'Default__BP_BlockSign_C:StaticMeshComponent0'",
      "ObjectPath": "FortniteGame/Content/Athena/Prototype/Blueprints/Slab/BP_BlockSign.8"
    },
    "Properties": {
      "OverrideMaterials": [
        null
      ],
      "bGenerateOverlapEvents": true,
      "RelativeLocation": {
        "X": 2474.7642,
        "Y": 6810.9814,
        "Z": -385.0
      },
      "RelativeRotation": {
        "Pitch": 0.0,
        "Yaw": 3E-06,
        "Roll": 0.0
      }
    }
  },
  {
    "Type": "StaticMeshComponent",
    "Name": "StaticMeshComponent0",
    "Outer": "BP_SlabMesh_2",
    "Class": "UScriptClass'StaticMeshComponent'",
    "Properties": {
      "StaticMesh": {
        "ObjectName": "StaticMesh'S_ConcreteSlab'",
        "ObjectPath": "FortniteGame/Content/Environments/Props/DriveIn/Meshes/S_ConcreteSlab.1"
      },
      "LODParentPrimitive": {
        "ObjectName": "StaticMeshComponent'POI_Block_Blank:PersistentLevel.LODActor_0.StaticMeshComponent0'",
        "ObjectPath": "FortniteGame/Content/Athena/Maps/Block/POI_Block_Blank.24"
      },
      "RelativeLocation": {
        "X": 0.0,
        "Y": 0.0,
        "Z": -400.0
      },
      "RelativeScale3D": {
        "X": 1.17,
        "Y": 1.17,
        "Z": 1.0
      },
      "bCanEverAffectNavigation": true
    }
  },
  {
    "Type": "StaticMeshComponent",
    "Name": "StaticMeshComponent0",
    "Outer": "LODActor_0",
    "Class": "UScriptClass'StaticMeshComponent'",
    "Properties": {
      "StaticMesh": {
        "ObjectName": "StaticMesh'SM_POI_Block_Blank_0_BP_SlabMesh_2'",
        "ObjectPath": "FortniteGame/Content/Athena/Maps/Block/HLOD/POI_Block_Blank_0_HLOD.3"
      },
      "MinDrawDistance": 35000.0,
      "CastShadow": true,
      "bCastStaticShadow": true
    }
  },
  {
    "Type": "StaticMeshComponent",
    "Name": "StaticMeshComponent0",
    "Outer": "Tiered_Athena_FloorLoot_100",
    "Class": "UScriptClass'StaticMeshComponent'",
    "Template": {
      "ObjectName": "StaticMeshComponent'Default__Tiered_Athena_FloorLoot_01_C:StaticMeshComponent0'",
      "ObjectPath": "FortniteGame/Content/Athena/Environments/Blueprints/Tiered_Athena_FloorLoot_01.5"
    },
    "Properties": {
      "OverrideMaterials": [
        null
      ],
      "CachedMaxDrawDistance": 10643.375,
      "RelativeLocation": {
        "X": 7158.437,
        "Y": 2773.6465,
        "Z": -385.00073
      },
      "RelativeRotation": {
        "Pitch": 0.0,
        "Yaw": 3E-06,
        "Roll": 0.0
      }
    }
  },
  {
    "Type": "StaticMeshComponent",
    "Name": "StaticMeshComponent0",
    "Outer": "Tiered_Athena_FloorLoot_101",
    "Class": "UScriptClass'StaticMeshComponent'",
    "Template": {
      "ObjectName": "StaticMeshComponent'Default__Tiered_Athena_FloorLoot_01_C:StaticMeshComponent0'",
      "ObjectPath": "FortniteGame/Content/Athena/Environments/Blueprints/Tiered_Athena_FloorLoot_01.5"
    },
    "Properties": {
      "OverrideMaterials": [
        null
      ],
      "CachedMaxDrawDistance": 10643.375,
      "RelativeLocation": {
        "X": 7167.894,
        "Y": 2112.775,
        "Z": -385.00073
      },
      "RelativeRotation": {
        "Pitch": 0.0,
        "Yaw": 3E-06,
        "Roll": 0.0
      }
    }
  },
  {
    "Type": "StaticMeshComponent",
    "Name": "StaticMeshComponent0",
    "Outer": "Tiered_Athena_FloorLoot_98",
    "Class": "UScriptClass'StaticMeshComponent'",
    "Template": {
      "ObjectName": "StaticMeshComponent'Default__Tiered_Athena_FloorLoot_01_C:StaticMeshComponent0'",
      "ObjectPath": "FortniteGame/Content/Athena/Environments/Blueprints/Tiered_Athena_FloorLoot_01.5"
    },
    "Properties": {
      "OverrideMaterials": [
        null
      ],
      "CachedMaxDrawDistance": 10643.375,
      "RelativeLocation": {
        "X": 2717.1938,
        "Y": 6995.8643,
        "Z": -385.00073
      },
      "RelativeRotation": {
        "Pitch": 0.0,
        "Yaw": 3E-06,
        "Roll": 0.0
      }
    }
  },
  {
    "Type": "StaticMeshComponent",
    "Name": "StaticMeshComponent0",
    "Outer": "Tiered_Athena_FloorLoot_99",
    "Class": "UScriptClass'StaticMeshComponent'",
    "Template": {
      "ObjectName": "StaticMeshComponent'Default__Tiered_Athena_FloorLoot_01_C:StaticMeshComponent0'",
      "ObjectPath": "FortniteGame/Content/Athena/Environments/Blueprints/Tiered_Athena_FloorLoot_01.5"
    },
    "Properties": {
      "OverrideMaterials": [
        null
      ],
      "CachedMaxDrawDistance": 10643.375,
      "RelativeLocation": {
        "X": 2103.8271,
        "Y": 7000.717,
        "Z": -385.00073
      },
      "RelativeRotation": {
        "Pitch": 0.0,
        "Yaw": 3E-06,
        "Roll": 0.0
      }
    }
  },
  {
    "Type": "StaticMeshComponent",
    "Name": "S_Chest_SmokeSheet",
    "Outer": "Tiered_Chest_Athena21_0",
    "Class": "UScriptClass'StaticMeshComponent'",
    "Template": {
      "ObjectName": "StaticMeshComponent'Tiered_Chest_Athena_C:S_Chest_SmokeSheet_GEN_VARIABLE'",
      "ObjectPath": "FortniteGame/Content/Building/ActorBlueprints/Containers/Tiered_Chest_Athena.166"
    },
    "Properties": {
      "CachedMaxDrawDistance": 8915.371,
      "AttachParent": {
        "ObjectName": "StaticMeshComponent'POI_Block_Blank:PersistentLevel.Tiered_Chest_Athena21_0.StaticMeshComponent0'",
        "ObjectPath": "FortniteGame/Content/Athena/Maps/Block/POI_Block_Blank.30"
      },
      "bNetAddressable": true,
      "CreationMethod": "EComponentCreationMethod::SimpleConstructionScript"
    }
  },
  {
    "Type": "StaticMeshComponent",
    "Name": "StaticMeshComponent0",
    "Outer": "Tiered_Chest_Athena21_0",
    "Class": "UScriptClass'StaticMeshComponent'",
    "Template": {
      "ObjectName": "StaticMeshComponent'Default__Tiered_Chest_Athena_C:StaticMeshComponent0'",
      "ObjectPath": "FortniteGame/Content/Building/ActorBlueprints/Containers/Tiered_Chest_Athena.164"
    },
    "Properties": {
      "OverrideMaterials": [
        null
      ],
      "LDMaxDrawDistance": 0.0,
      "CachedMaxDrawDistance": 8915.371,
      "RelativeLocation": {
        "X": 2418.6846,
        "Y": 6913.6924,
        "Z": -385.0
      },
      "RelativeRotation": {
        "Pitch": 0.0,
        "Yaw": 3E-06,
        "Roll": 0.0
      }
    }
  },
  {
    "Type": "StaticMeshComponent",
    "Name": "S_Chest_SmokeSheet",
    "Outer": "Tiered_Chest_Athena31",
    "Class": "UScriptClass'StaticMeshComponent'",
    "Template": {
      "ObjectName": "StaticMeshComponent'Tiered_Chest_Athena_C:S_Chest_SmokeSheet_GEN_VARIABLE'",
      "ObjectPath": "FortniteGame/Content/Building/ActorBlueprints/Containers/Tiered_Chest_Athena.166"
    },
    "Properties": {
      "CachedMaxDrawDistance": 8915.371,
      "AttachParent": {
        "ObjectName": "StaticMeshComponent'POI_Block_Blank:PersistentLevel.Tiered_Chest_Athena31.StaticMeshComponent0'",
        "ObjectPath": "FortniteGame/Content/Athena/Maps/Block/POI_Block_Blank.32"
      },
      "bNetAddressable": true,
      "CreationMethod": "EComponentCreationMethod::SimpleConstructionScript"
    }
  },
  {
    "Type": "StaticMeshComponent",
    "Name": "StaticMeshComponent0",
    "Outer": "Tiered_Chest_Athena31",
    "Class": "UScriptClass'StaticMeshComponent'",
    "Template": {
      "ObjectName": "StaticMeshComponent'Default__Tiered_Chest_Athena_C:StaticMeshComponent0'",
      "ObjectPath": "FortniteGame/Content/Building/ActorBlueprints/Containers/Tiered_Chest_Athena.164"
    },
    "Properties": {
      "OverrideMaterials": [
        null
      ],
      "LDMaxDrawDistance": 0.0,
      "CachedMaxDrawDistance": 8915.371,
      "RelativeLocation": {
        "X": 7094.9463,
        "Y": 2455.1167,
        "Z": -385.0
      },
      "RelativeRotation": {
        "Pitch": 0.0,
        "Yaw": -89.999954,
        "Roll": 0.0
      }
    }
  },
  {
    "Type": "TextRenderComponent",
    "Name": "TextRender",
    "Outer": "BP_BlockSign5",
    "Class": "UScriptClass'TextRenderComponent'",
    "Template": {
      "ObjectName": "TextRenderComponent'BP_BlockSign_C:TextRender_GEN_VARIABLE'",
      "ObjectPath": "FortniteGame/Content/Athena/Prototype/Blueprints/Slab/BP_BlockSign.10"
    },
    "Properties": {
      "Text": {
        "Namespace": "",
        "Key": "517D877A4B05EA7DA56901B32EAD6B1E",
        "SourceString": "By GingerJay91",
        "LocalizedString": "By GingerJay91"
      },
      "CachedMaxDrawDistance": 40000.0,
      "AttachParent": {
        "ObjectName": "StaticMeshComponent'POI_Block_Blank:PersistentLevel.BP_BlockSign5.StaticMeshComponent0'",
        "ObjectPath": "FortniteGame/Content/Athena/Maps/Block/POI_Block_Blank.21"
      },
      "bNetAddressable": true,
      "CreationMethod": "EComponentCreationMethod::SimpleConstructionScript",
      "UCSModifiedProperties": [
        {
          "MemberParent": {
            "ObjectName": "Class'TextRenderComponent'",
            "ObjectPath": "/Script/Engine"
          },
          "MemberName": "Text",
          "MemberGuid": "00000000-00000000-00000000-00000000"
        }
      ]
    }
  },
  {
    "Type": "TextRenderComponent",
    "Name": "TextRender",
    "Outer": "BP_BlockSign6",
    "Class": "UScriptClass'TextRenderComponent'",
    "Template": {
      "ObjectName": "TextRenderComponent'BP_BlockSign_C:TextRender_GEN_VARIABLE'",
      "ObjectPath": "FortniteGame/Content/Athena/Prototype/Blueprints/Slab/BP_BlockSign.10"
    },
    "Properties": {
      "Text": {
        "Namespace": "",
        "Key": "F0F1E315430BB5A2D30BF48A66F6F51D",
        "SourceString": "By TTV Dabbing",
        "LocalizedString": "By TTV Dabbing"
      },
      "CachedMaxDrawDistance": 40000.0,
      "AttachParent": {
        "ObjectName": "StaticMeshComponent'POI_Block_Blank:PersistentLevel.BP_BlockSign6.StaticMeshComponent0'",
        "ObjectPath": "FortniteGame/Content/Athena/Maps/Block/POI_Block_Blank.22"
      },
      "bNetAddressable": true,
      "CreationMethod": "EComponentCreationMethod::SimpleConstructionScript",
      "UCSModifiedProperties": [
        {
          "MemberParent": {
            "ObjectName": "Class'TextRenderComponent'",
            "ObjectPath": "/Script/Engine"
          },
          "MemberName": "Text",
          "MemberGuid": "00000000-00000000-00000000-00000000"
        }
      ]
    }
  },
  {
    "Type": "Tiered_Athena_FloorLoot_01_C",
    "Name": "Tiered_Athena_FloorLoot_100",
    "Outer": "PersistentLevel",
    "Class": "BlueprintGeneratedClass'FortniteGame/Content/Athena/Environments/Blueprints/Tiered_Athena_FloorLoot_01.Tiered_Athena_FloorLoot_01_C'",
    "Template": {
      "ObjectName": "Tiered_Athena_FloorLoot_01_C'Default__Tiered_Athena_FloorLoot_01_C'",
      "ObjectPath": "FortniteGame/Content/Athena/Environments/Blueprints/Tiered_Athena_FloorLoot_01.1"
    },
    "Properties": {
      "StaticMeshComponent": {
        "ObjectName": "StaticMeshComponent'POI_Block_Blank:PersistentLevel.Tiered_Athena_FloorLoot_100.StaticMeshComponent0'",
        "ObjectPath": "FortniteGame/Content/Athena/Maps/Block/POI_Block_Blank.25"
      },
      "MyGuid": "6167F16B-46054778-77A6ACBC-4FEF1359",
      "DataVersion": 1,
      "CullDistance": 10643.375,
      "RootComponent": {
        "ObjectName": "StaticMeshComponent'POI_Block_Blank:PersistentLevel.Tiered_Athena_FloorLoot_100.StaticMeshComponent0'",
        "ObjectPath": "FortniteGame/Content/Athena/Maps/Block/POI_Block_Blank.25"
      }
    }
  },
  {
    "Type": "Tiered_Athena_FloorLoot_01_C",
    "Name": "Tiered_Athena_FloorLoot_101",
    "Outer": "PersistentLevel",
    "Class": "BlueprintGeneratedClass'FortniteGame/Content/Athena/Environments/Blueprints/Tiered_Athena_FloorLoot_01.Tiered_Athena_FloorLoot_01_C'",
    "Template": {
      "ObjectName": "Tiered_Athena_FloorLoot_01_C'Default__Tiered_Athena_FloorLoot_01_C'",
      "ObjectPath": "FortniteGame/Content/Athena/Environments/Blueprints/Tiered_Athena_FloorLoot_01.1"
    },
    "Properties": {
      "StaticMeshComponent": {
        "ObjectName": "StaticMeshComponent'POI_Block_Blank:PersistentLevel.Tiered_Athena_FloorLoot_101.StaticMeshComponent0'",
        "ObjectPath": "FortniteGame/Content/Athena/Maps/Block/POI_Block_Blank.26"
      },
      "MyGuid": "AB1CC207-4BB3A652-38F121AD-8DBF4E3B",
      "DataVersion": 1,
      "CullDistance": 10643.375,
      "RootComponent": {
        "ObjectName": "StaticMeshComponent'POI_Block_Blank:PersistentLevel.Tiered_Athena_FloorLoot_101.StaticMeshComponent0'",
        "ObjectPath": "FortniteGame/Content/Athena/Maps/Block/POI_Block_Blank.26"
      }
    }
  },
  {
    "Type": "Tiered_Athena_FloorLoot_01_C",
    "Name": "Tiered_Athena_FloorLoot_98",
    "Outer": "PersistentLevel",
    "Class": "BlueprintGeneratedClass'FortniteGame/Content/Athena/Environments/Blueprints/Tiered_Athena_FloorLoot_01.Tiered_Athena_FloorLoot_01_C'",
    "Template": {
      "ObjectName": "Tiered_Athena_FloorLoot_01_C'Default__Tiered_Athena_FloorLoot_01_C'",
      "ObjectPath": "FortniteGame/Content/Athena/Environments/Blueprints/Tiered_Athena_FloorLoot_01.1"
    },
    "Properties": {
      "StaticMeshComponent": {
        "ObjectName": "StaticMeshComponent'POI_Block_Blank:PersistentLevel.Tiered_Athena_FloorLoot_98.StaticMeshComponent0'",
        "ObjectPath": "FortniteGame/Content/Athena/Maps/Block/POI_Block_Blank.27"
      },
      "MyGuid": "7E362EA9-4DCF8C84-39220F8D-B148686D",
      "DataVersion": 1,
      "CullDistance": 10643.375,
      "RootComponent": {
        "ObjectName": "StaticMeshComponent'POI_Block_Blank:PersistentLevel.Tiered_Athena_FloorLoot_98.StaticMeshComponent0'",
        "ObjectPath": "FortniteGame/Content/Athena/Maps/Block/POI_Block_Blank.27"
      }
    }
  },
  {
    "Type": "Tiered_Athena_FloorLoot_01_C",
    "Name": "Tiered_Athena_FloorLoot_99",
    "Outer": "PersistentLevel",
    "Class": "BlueprintGeneratedClass'FortniteGame/Content/Athena/Environments/Blueprints/Tiered_Athena_FloorLoot_01.Tiered_Athena_FloorLoot_01_C'",
    "Template": {
      "ObjectName": "Tiered_Athena_FloorLoot_01_C'Default__Tiered_Athena_FloorLoot_01_C'",
      "ObjectPath": "FortniteGame/Content/Athena/Environments/Blueprints/Tiered_Athena_FloorLoot_01.1"
    },
    "Properties": {
      "StaticMeshComponent": {
        "ObjectName": "StaticMeshComponent'POI_Block_Blank:PersistentLevel.Tiered_Athena_FloorLoot_99.StaticMeshComponent0'",
        "ObjectPath": "FortniteGame/Content/Athena/Maps/Block/POI_Block_Blank.28"
      },
      "MyGuid": "67808899-4F1C22EF-1C0EA39F-655F46C0",
      "DataVersion": 1,
      "CullDistance": 10643.375,
      "RootComponent": {
        "ObjectName": "StaticMeshComponent'POI_Block_Blank:PersistentLevel.Tiered_Athena_FloorLoot_99.StaticMeshComponent0'",
        "ObjectPath": "FortniteGame/Content/Athena/Maps/Block/POI_Block_Blank.28"
      }
    }
  },
  {
    "Type": "Tiered_Chest_Athena_C",
    "Name": "Tiered_Chest_Athena21_0",
    "Outer": "PersistentLevel",
    "Class": "BlueprintGeneratedClass'FortniteGame/Content/Building/ActorBlueprints/Containers/Tiered_Chest_Athena.Tiered_Chest_Athena_C'",
    "Template": {
      "ObjectName": "Tiered_Chest_Athena_C'Default__Tiered_Chest_Athena_C'",
      "ObjectPath": "FortniteGame/Content/Building/ActorBlueprints/Containers/Tiered_Chest_Athena.2"
    },
    "Properties": {
      "P_Loot_Chest_Aura_Athena": {
        "ObjectName": "ParticleSystemComponent'POI_Block_Blank:PersistentLevel.Tiered_Chest_Athena21_0.P_Loot_Chest_Aura_Athena'",
        "ObjectPath": "FortniteGame/Content/Athena/Maps/Block/POI_Block_Blank.16"
      },
      "S_Chest_SmokeSheet": {
        "ObjectName": "StaticMeshComponent'POI_Block_Blank:PersistentLevel.Tiered_Chest_Athena21_0.S_Chest_SmokeSheet'",
        "ObjectPath": "FortniteGame/Content/Athena/Maps/Block/POI_Block_Blank.29"
      },
      "TrasureLight": {
        "ObjectName": "PointLightComponent'POI_Block_Blank:PersistentLevel.Tiered_Chest_Athena21_0.TrasureLight'",
        "ObjectPath": "FortniteGame/Content/Athena/Maps/Block/POI_Block_Blank.19"
      },
      "Chest_Ambient_Sound": {
        "ObjectName": "AudioComponent'POI_Block_Blank:PersistentLevel.Tiered_Chest_Athena21_0.Chest_Ambient_Sound'",
        "ObjectPath": "FortniteGame/Content/Athena/Maps/Block/POI_Block_Blank.2"
      },
      "MobileSelectedTL": {
        "ObjectName": "TimelineComponent'POI_Block_Blank:PersistentLevel.Tiered_Chest_Athena21_0.MobileSelectedTL'",
        "ObjectPath": "FortniteGame/Content/Athena/Maps/Block/POI_Block_Blank.42"
      },
      "MobileOnInteractTL": {
        "ObjectName": "TimelineComponent'POI_Block_Blank:PersistentLevel.Tiered_Chest_Athena21_0.MobileOnInteractTL'",
        "ObjectPath": "FortniteGame/Content/Athena/Maps/Block/POI_Block_Blank.41"
      },
      "TimeOfDayControlledLights": [
        {
          "ObjectName": "PointLightComponent'POI_Block_Blank:PersistentLevel.Tiered_Chest_Athena21_0.TrasureLight'",
          "ObjectPath": "FortniteGame/Content/Athena/Maps/Block/POI_Block_Blank.19"
        }
      ],
      "StaticMeshComponent": {
        "ObjectName": "StaticMeshComponent'POI_Block_Blank:PersistentLevel.Tiered_Chest_Athena21_0.StaticMeshComponent0'",
        "ObjectPath": "FortniteGame/Content/Athena/Maps/Block/POI_Block_Blank.30"
      },
      "MyGuid": "E218962A-4D0591D7-420716B4-C969B9C2",
      "DataVersion": 1,
      "CullDistance": 8915.371,
      "RootComponent": {
        "ObjectName": "StaticMeshComponent'POI_Block_Blank:PersistentLevel.Tiered_Chest_Athena21_0.StaticMeshComponent0'",
        "ObjectPath": "FortniteGame/Content/Athena/Maps/Block/POI_Block_Blank.30"
      },
      "BlueprintCreatedComponents": [
        {
          "ObjectName": "AudioComponent'POI_Block_Blank:PersistentLevel.Tiered_Chest_Athena21_0.Chest_Ambient_Sound'",
          "ObjectPath": "FortniteGame/Content/Athena/Maps/Block/POI_Block_Blank.2"
        },
        {
          "ObjectName": "PointLightComponent'POI_Block_Blank:PersistentLevel.Tiered_Chest_Athena21_0.TrasureLight'",
          "ObjectPath": "FortniteGame/Content/Athena/Maps/Block/POI_Block_Blank.19"
        },
        {
          "ObjectName": "StaticMeshComponent'POI_Block_Blank:PersistentLevel.Tiered_Chest_Athena21_0.S_Chest_SmokeSheet'",
          "ObjectPath": "FortniteGame/Content/Athena/Maps/Block/POI_Block_Blank.29"
        },
        {
          "ObjectName": "ParticleSystemComponent'POI_Block_Blank:PersistentLevel.Tiered_Chest_Athena21_0.P_Loot_Chest_Aura_Athena'",
          "ObjectPath": "FortniteGame/Content/Athena/Maps/Block/POI_Block_Blank.16"
        },
        {
          "ObjectName": "TimelineComponent'POI_Block_Blank:PersistentLevel.Tiered_Chest_Athena21_0.MobileOnInteractTL'",
          "ObjectPath": "FortniteGame/Content/Athena/Maps/Block/POI_Block_Blank.41"
        },
        {
          "ObjectName": "TimelineComponent'POI_Block_Blank:PersistentLevel.Tiered_Chest_Athena21_0.MobileSelectedTL'",
          "ObjectPath": "FortniteGame/Content/Athena/Maps/Block/POI_Block_Blank.42"
        }
      ]
    }
  },
  {
    "Type": "Tiered_Chest_Athena_C",
    "Name": "Tiered_Chest_Athena31",
    "Outer": "PersistentLevel",
    "Class": "BlueprintGeneratedClass'FortniteGame/Content/Building/ActorBlueprints/Containers/Tiered_Chest_Athena.Tiered_Chest_Athena_C'",
    "Template": {
      "ObjectName": "Tiered_Chest_Athena_C'Default__Tiered_Chest_Athena_C'",
      "ObjectPath": "FortniteGame/Content/Building/ActorBlueprints/Containers/Tiered_Chest_Athena.2"
    },
    "Properties": {
      "P_Loot_Chest_Aura_Athena": {
        "ObjectName": "ParticleSystemComponent'POI_Block_Blank:PersistentLevel.Tiered_Chest_Athena31.P_Loot_Chest_Aura_Athena'",
        "ObjectPath": "FortniteGame/Content/Athena/Maps/Block/POI_Block_Blank.17"
      },
      "S_Chest_SmokeSheet": {
        "ObjectName": "StaticMeshComponent'POI_Block_Blank:PersistentLevel.Tiered_Chest_Athena31.S_Chest_SmokeSheet'",
        "ObjectPath": "FortniteGame/Content/Athena/Maps/Block/POI_Block_Blank.31"
      },
      "TrasureLight": {
        "ObjectName": "PointLightComponent'POI_Block_Blank:PersistentLevel.Tiered_Chest_Athena31.TrasureLight'",
        "ObjectPath": "FortniteGame/Content/Athena/Maps/Block/POI_Block_Blank.20"
      },
      "Chest_Ambient_Sound": {
        "ObjectName": "AudioComponent'POI_Block_Blank:PersistentLevel.Tiered_Chest_Athena31.Chest_Ambient_Sound'",
        "ObjectPath": "FortniteGame/Content/Athena/Maps/Block/POI_Block_Blank.3"
      },
      "MobileSelectedTL": {
        "ObjectName": "TimelineComponent'POI_Block_Blank:PersistentLevel.Tiered_Chest_Athena31.MobileSelectedTL'",
        "ObjectPath": "FortniteGame/Content/Athena/Maps/Block/POI_Block_Blank.44"
      },
      "MobileOnInteractTL": {
        "ObjectName": "TimelineComponent'POI_Block_Blank:PersistentLevel.Tiered_Chest_Athena31.MobileOnInteractTL'",
        "ObjectPath": "FortniteGame/Content/Athena/Maps/Block/POI_Block_Blank.43"
      },
      "TimeOfDayControlledLights": [
        {
          "ObjectName": "PointLightComponent'POI_Block_Blank:PersistentLevel.Tiered_Chest_Athena31.TrasureLight'",
          "ObjectPath": "FortniteGame/Content/Athena/Maps/Block/POI_Block_Blank.20"
        }
      ],
      "StaticMeshComponent": {
        "ObjectName": "StaticMeshComponent'POI_Block_Blank:PersistentLevel.Tiered_Chest_Athena31.StaticMeshComponent0'",
        "ObjectPath": "FortniteGame/Content/Athena/Maps/Block/POI_Block_Blank.32"
      },
      "MyGuid": "C7206B41-405F1501-1A6D2397-E651041B",
      "DataVersion": 1,
      "CullDistance": 8915.371,
      "RootComponent": {
        "ObjectName": "StaticMeshComponent'POI_Block_Blank:PersistentLevel.Tiered_Chest_Athena31.StaticMeshComponent0'",
        "ObjectPath": "FortniteGame/Content/Athena/Maps/Block/POI_Block_Blank.32"
      },
      "BlueprintCreatedComponents": [
        {
          "ObjectName": "AudioComponent'POI_Block_Blank:PersistentLevel.Tiered_Chest_Athena31.Chest_Ambient_Sound'",
          "ObjectPath": "FortniteGame/Content/Athena/Maps/Block/POI_Block_Blank.3"
        },
        {
          "ObjectName": "PointLightComponent'POI_Block_Blank:PersistentLevel.Tiered_Chest_Athena31.TrasureLight'",
          "ObjectPath": "FortniteGame/Content/Athena/Maps/Block/POI_Block_Blank.20"
        },
        {
          "ObjectName": "StaticMeshComponent'POI_Block_Blank:PersistentLevel.Tiered_Chest_Athena31.S_Chest_SmokeSheet'",
          "ObjectPath": "FortniteGame/Content/Athena/Maps/Block/POI_Block_Blank.31"
        },
        {
          "ObjectName": "ParticleSystemComponent'POI_Block_Blank:PersistentLevel.Tiered_Chest_Athena31.P_Loot_Chest_Aura_Athena'",
          "ObjectPath": "FortniteGame/Content/Athena/Maps/Block/POI_Block_Blank.17"
        },
        {
          "ObjectName": "TimelineComponent'POI_Block_Blank:PersistentLevel.Tiered_Chest_Athena31.MobileOnInteractTL'",
          "ObjectPath": "FortniteGame/Content/Athena/Maps/Block/POI_Block_Blank.43"
        },
        {
          "ObjectName": "TimelineComponent'POI_Block_Blank:PersistentLevel.Tiered_Chest_Athena31.MobileSelectedTL'",
          "ObjectPath": "FortniteGame/Content/Athena/Maps/Block/POI_Block_Blank.44"
        }
      ]
    }
  },
  {
    "Type": "TimelineComponent",
    "Name": "MobileOnInteractTL",
    "Outer": "Tiered_Chest_Athena21_0",
    "Class": "UScriptClass'TimelineComponent'",
    "Properties": {
      "TheTimeline": {
        "LengthMode": "TL_TimelineLength",
        "Length": 0.25,
        "InterpFloats": [
          {
            "FloatCurve": {
              "ObjectName": "CurveFloat'Tiered_Chest_Athena_C:CurveFloat_0'",
              "ObjectPath": "FortniteGame/Content/Building/ActorBlueprints/Containers/Tiered_Chest_Athena.85"
            },
            "InterpFunc": {
              "Num": 0,
              "Name": "None"
            },
            "TrackName": "LERP",
            "FloatPropertyName": "MobileOnInteractTL_LERP_9BD788A146DACD005BAF94BEBEDAB584"
          }
        ],
        "TimelinePostUpdateFunc": {
          "Num": 40,
          "Name": "MobileOnInteractTL__UpdateFunc"
        },
        "TimelineFinishedFunc": {
          "Num": 40,
          "Name": "MobileOnInteractTL__FinishedFunc"
        },
        "PropertySetObject": {
          "ObjectName": "Tiered_Chest_Athena_C'POI_Block_Blank:PersistentLevel.Tiered_Chest_Athena21_0'",
          "ObjectPath": "FortniteGame/Content/Athena/Maps/Block/POI_Block_Blank.39"
        },
        "DirectionPropertyName": "MobileOnInteractTL__Direction_9BD788A146DACD005BAF94BEBEDAB584"
      },
      "bNetAddressable": true,
      "CreationMethod": "EComponentCreationMethod::UserConstructionScript"
    }
  },
  {
    "Type": "TimelineComponent",
    "Name": "MobileSelectedTL",
    "Outer": "Tiered_Chest_Athena21_0",
    "Class": "UScriptClass'TimelineComponent'",
    "Properties": {
      "TheTimeline": {
        "LengthMode": "TL_TimelineLength",
        "Length": 0.21,
        "InterpFloats": [
          {
            "FloatCurve": {
              "ObjectName": "CurveFloat'Tiered_Chest_Athena_C:CurveFloat_0_1'",
              "ObjectPath": "FortniteGame/Content/Building/ActorBlueprints/Containers/Tiered_Chest_Athena.86"
            },
            "InterpFunc": {
              "Num": 0,
              "Name": "None"
            },
            "TrackName": "LerpObject",
            "FloatPropertyName": "MobileSelectedTL_LerpObject_EEB30EBE433E8977EDA63DB381EAF0C8"
          },
          {
            "FloatCurve": {
              "ObjectName": "CurveFloat'Tiered_Chest_Athena_C:CurveFloat_1'",
              "ObjectPath": "FortniteGame/Content/Building/ActorBlueprints/Containers/Tiered_Chest_Athena.87"
            },
            "InterpFunc": {
              "Num": 0,
              "Name": "None"
            },
            "TrackName": "LerpInteactoIcon",
            "FloatPropertyName": "MobileSelectedTL_LerpInteactoIcon_EEB30EBE433E8977EDA63DB381EAF0C8"
          }
        ],
        "TimelinePostUpdateFunc": {
          "Num": 40,
          "Name": "MobileSelectedTL__UpdateFunc"
        },
        "TimelineFinishedFunc": {
          "Num": 40,
          "Name": "MobileSelectedTL__FinishedFunc"
        },
        "PropertySetObject": {
          "ObjectName": "Tiered_Chest_Athena_C'POI_Block_Blank:PersistentLevel.Tiered_Chest_Athena21_0'",
          "ObjectPath": "FortniteGame/Content/Athena/Maps/Block/POI_Block_Blank.39"
        },
        "DirectionPropertyName": "MobileSelectedTL__Direction_EEB30EBE433E8977EDA63DB381EAF0C8"
      },
      "bNetAddressable": true,
      "CreationMethod": "EComponentCreationMethod::UserConstructionScript"
    }
  },
  {
    "Type": "TimelineComponent",
    "Name": "MobileOnInteractTL",
    "Outer": "Tiered_Chest_Athena31",
    "Class": "UScriptClass'TimelineComponent'",
    "Properties": {
      "TheTimeline": {
        "LengthMode": "TL_TimelineLength",
        "Length": 0.25,
        "InterpFloats": [
          {
            "FloatCurve": {
              "ObjectName": "CurveFloat'Tiered_Chest_Athena_C:CurveFloat_0'",
              "ObjectPath": "FortniteGame/Content/Building/ActorBlueprints/Containers/Tiered_Chest_Athena.85"
            },
            "InterpFunc": {
              "Num": 0,
              "Name": "None"
            },
            "TrackName": "LERP",
            "FloatPropertyName": "MobileOnInteractTL_LERP_9BD788A146DACD005BAF94BEBEDAB584"
          }
        ],
        "TimelinePostUpdateFunc": {
          "Num": 41,
          "Name": "MobileOnInteractTL__UpdateFunc"
        },
        "TimelineFinishedFunc": {
          "Num": 41,
          "Name": "MobileOnInteractTL__FinishedFunc"
        },
        "PropertySetObject": {
          "ObjectName": "Tiered_Chest_Athena_C'POI_Block_Blank:PersistentLevel.Tiered_Chest_Athena31'",
          "ObjectPath": "FortniteGame/Content/Athena/Maps/Block/POI_Block_Blank.40"
        },
        "DirectionPropertyName": "MobileOnInteractTL__Direction_9BD788A146DACD005BAF94BEBEDAB584"
      },
      "bNetAddressable": true,
      "CreationMethod": "EComponentCreationMethod::UserConstructionScript"
    }
  },
  {
    "Type": "TimelineComponent",
    "Name": "MobileSelectedTL",
    "Outer": "Tiered_Chest_Athena31",
    "Class": "UScriptClass'TimelineComponent'",
    "Properties": {
      "TheTimeline": {
        "LengthMode": "TL_TimelineLength",
        "Length": 0.21,
        "InterpFloats": [
          {
            "FloatCurve": {
              "ObjectName": "CurveFloat'Tiered_Chest_Athena_C:CurveFloat_0_1'",
              "ObjectPath": "FortniteGame/Content/Building/ActorBlueprints/Containers/Tiered_Chest_Athena.86"
            },
            "InterpFunc": {
              "Num": 0,
              "Name": "None"
            },
            "TrackName": "LerpObject",
            "FloatPropertyName": "MobileSelectedTL_LerpObject_EEB30EBE433E8977EDA63DB381EAF0C8"
          },
          {
            "FloatCurve": {
              "ObjectName": "CurveFloat'Tiered_Chest_Athena_C:CurveFloat_1'",
              "ObjectPath": "FortniteGame/Content/Building/ActorBlueprints/Containers/Tiered_Chest_Athena.87"
            },
            "InterpFunc": {
              "Num": 0,
              "Name": "None"
            },
            "TrackName": "LerpInteactoIcon",
            "FloatPropertyName": "MobileSelectedTL_LerpInteactoIcon_EEB30EBE433E8977EDA63DB381EAF0C8"
          }
        ],
        "TimelinePostUpdateFunc": {
          "Num": 41,
          "Name": "MobileSelectedTL__UpdateFunc"
        },
        "TimelineFinishedFunc": {
          "Num": 41,
          "Name": "MobileSelectedTL__FinishedFunc"
        },
        "PropertySetObject": {
          "ObjectName": "Tiered_Chest_Athena_C'POI_Block_Blank:PersistentLevel.Tiered_Chest_Athena31'",
          "ObjectPath": "FortniteGame/Content/Athena/Maps/Block/POI_Block_Blank.40"
        },
        "DirectionPropertyName": "MobileSelectedTL__Direction_EEB30EBE433E8977EDA63DB381EAF0C8"
      },
      "bNetAddressable": true,
      "CreationMethod": "EComponentCreationMethod::UserConstructionScript"
    }
  },
  {
    "Type": "World",
    "Name": "POI_Block_Blank",
    "Class": "UScriptClass'World'",
    "Properties": {
      "DefaultPhysicsVolume": null
    },
    "PersistentLevel": {
      "ObjectName": "Level'POI_Block_Blank:PersistentLevel'",
      "ObjectPath": "FortniteGame/Content/Athena/Maps/Block/POI_Block_Blank.9"
    },
    "ExtraReferencedObjects": [],
    "StreamingLevels": [
      {
        "ObjectName": "LevelStreamingAlwaysLoaded'POI_Block_Blank:LevelStreamingAlwaysLoaded_0'",
        "ObjectPath": "FortniteGame/Content/Athena/Maps/Block/POI_Block_Blank.11"
      },
      {
        "ObjectName": "LevelStreamingAlwaysLoaded'POI_Block_Blank:LevelStreamingAlwaysLoaded_1'",
        "ObjectPath": "FortniteGame/Content/Athena/Maps/Block/POI_Block_Blank.12"
      }
    ]
  }
]