[
  {
    "Type": "BlueprintGeneratedClass",
    "Name": "Apollo_Boardwalk_Roof_C",
    "Class": "UScriptClass'BlueprintGeneratedClass'",
    "Properties": {
      "SimpleConstructionScript": {
        "ObjectName": "SimpleConstructionScript'Apollo_Boardwalk_Roof_C:SimpleConstructionScript_809__C8720ACB'",
        "ObjectPath": "FortniteGame/Content/Athena/Apollo/Environments/BuildingActors/Wood/Boardwalk/Roofs/Apollo_Boardwalk_Roof.4"
      }
    },
    "SuperStruct": {
      "ObjectName": "Class'BuildingRoof'",
      "ObjectPath": "/Script/FortniteGame"
    }
  },
  {
    "Type": "Apollo_Boardwalk_Roof_C",
    "Name": "Default__Apollo_Boardwalk_Roof_C",
    "Class": "BlueprintGeneratedClass'FortniteGame/Content/Athena/Apollo/Environments/BuildingActors/Wood/Boardwalk/Roofs/Apollo_Boardwalk_Roof.Apollo_Boardwalk_Roof_C'",
    "Properties": {
      "StaticMesh": {
        "ObjectName": "StaticMesh'Apollo_Boardwalk_Roof'",
        "ObjectPath": "FortniteGame/Content/Environments/Apollo/Wood/Boardwalk/Meshes/Apollo_Boardwalk_Roof.1"
      },
      "ResourceType": "EFortResourceType::Wood",
      "StaticMeshComponent": {
        "ObjectName": "StaticMeshComponent'Default__Apollo_Boardwalk_Roof_C:StaticMeshComponent0'",
        "ObjectPath": "FortniteGame/Content/Athena/Apollo/Environments/BuildingActors/Wood/Boardwalk/Roofs/Apollo_Boardwalk_Roof.5"
      },
      "BuildingResourceAmountOverride": {
        "CurveTable": {
          "ObjectName": "CurveTable'AthenaResourceRates'",
          "ObjectPath": "FortniteGame/Content/Athena/Balance/DataTables/AthenaResourceRates.0"
        },
        "RowName": "LDBuildingNormal"
      },
      "EditModePatternData": {
        "ObjectName": "BuildingEditModeMetadata_Roof'EMP_Roof_RoofC'",
        "ObjectPath": "FortniteGame/Content/Building/EditModePatterns/Roof/EMP_Roof_RoofC.0"
      },
      "CurrentBuildingLevel": 1,
      "AttributeInitKeys": {
        "AttributeInitCategory": "BuildingWood",
        "AttributeInitSubCategory": "2"
      },
      "AttributeInitKeys": {
        "AttributeInitCategory": "BuildingWood",
        "AttributeInitSubCategory": "2"
      },
      "RootComponent": {
        "ObjectName": "StaticMeshComponent'Default__Apollo_Boardwalk_Roof_C:StaticMeshComponent0'",
        "ObjectPath": "FortniteGame/Content/Athena/Apollo/Environments/BuildingActors/Wood/Boardwalk/Roofs/Apollo_Boardwalk_Roof.5"
      }
    }
  },
  {
    "Type": "SceneComponent",
    "Name": "SceneComponent_2232",
    "Outer": "Apollo_Boardwalk_Roof_C",
    "Class": "UScriptClass'SceneComponent'"
  },
  {
    "Type": "SCS_Node",
    "Name": "SCS_Node_2236",
    "Outer": "SimpleConstructionScript_809__C8720ACB",
    "Class": "UScriptClass'SCS_Node'",
    "Properties": {
      "ComponentClass": {
        "ObjectName": "Class'SceneComponent'",
        "ObjectPath": "/Script/Engine"
      },
      "ComponentTemplate": {
        "ObjectName": "SceneComponent'Apollo_Boardwalk_Roof_C:SceneComponent_2232'",
        "ObjectPath": "FortniteGame/Content/Athena/Apollo/Environments/BuildingActors/Wood/Boardwalk/Roofs/Apollo_Boardwalk_Roof.2"
      },
      "VariableGuid": "56BC9799-C494E6E6-321D4295-7D5EB316",
      "InternalVariableName": "DefaultSceneRoot"
    }
  },
  {
    "Type": "SimpleConstructionScript",
    "Name": "SimpleConstructionScript_809__C8720ACB",
    "Outer": "Apollo_Boardwalk_Roof_C",
    "Class": "UScriptClass'SimpleConstructionScript'",
    "Properties": {
      "DefaultSceneRootNode": {
        "ObjectName": "SCS_Node'Apollo_Boardwalk_Roof_C:SimpleConstructionScript_809__C8720ACB.SCS_Node_2236'",
        "ObjectPath": "FortniteGame/Content/Athena/Apollo/Environments/BuildingActors/Wood/Boardwalk/Roofs/Apollo_Boardwalk_Roof.3"
      }
    }
  },
  {
    "Type": "StaticMeshComponent",
    "Name": "StaticMeshComponent0",
    "Outer": "Default__Apollo_Boardwalk_Roof_C",
    "Class": "UScriptClass'StaticMeshComponent'",
    "Properties": {
      "StaticMesh": {
        "ObjectName": "StaticMesh'Apollo_Boardwalk_Roof'",
        "ObjectPath": "FortniteGame/Content/Environments/Apollo/Wood/Boardwalk/Meshes/Apollo_Boardwalk_Roof.1"
      },
      "CanCharacterStepUpOn": "ECB_Yes",
      "BodyInstance": {
        "bAutoWeld": false
      },
      "bCanEverAffectNavigation": true
    }
  }
]