[
  {
    "Type": "BlueprintGeneratedClass",
    "Name": "Athena_SS_1x1_Shrine_003_C",
    "Class": "UScriptClass'BlueprintGeneratedClass'",
    "SuperStruct": {
      "ObjectName": "Class'FortLevelScriptActor'",
      "ObjectPath": "/Script/FortniteGame"
    },
    "ClassFlags": "CLASS_Optional | CLASS_NotPlaceable | CLASS_ReplicationDataIsSetUp | CLASS_CompiledFromBlueprint | CLASS_HasInstancedReference",
    "ClassWithin": {
      "ObjectName": "Class'Object'",
      "ObjectPath": "/Script/CoreUObject"
    },
    "ClassConfigName": "Engine",
    "bCooked": true,
    "ClassDefaultObject": {
      "ObjectName": "Athena_SS_1x1_Shrine_003_C'Default__Athena_SS_1x1_Shrine_003_C'",
      "ObjectPath": "FortniteGame/Content/Athena/Maps/Buildings/1x1/Shrines/Athena_SS_1x1_Shrine_003.1"
    }
  },
  {
    "Type": "Athena_SS_1x1_Shrine_003_C",
    "Name": "Default__Athena_SS_1x1_Shrine_003_C",
    "Class": "BlueprintGeneratedClass'FortniteGame/Content/Athena/Maps/Buildings/1x1/Shrines/Athena_SS_1x1_Shrine_003.Athena_SS_1x1_Shrine_003_C'"
  },
  {
    "Type": "Athena_SS_1x1_Shrine_003_C",
    "Name": "Athena_SS_1x1_Shrine_003_C_0",
    "Outer": "PersistentLevel",
    "Class": "BlueprintGeneratedClass'FortniteGame/Content/Athena/Maps/Buildings/1x1/Shrines/Athena_SS_1x1_Shrine_003.Athena_SS_1x1_Shrine_003_C'",
    "Template": {
      "ObjectName": "Athena_SS_1x1_Shrine_003_C'Default__Athena_SS_1x1_Shrine_003_C'",
      "ObjectPath": "FortniteGame/Content/Athena/Maps/Buildings/1x1/Shrines/Athena_SS_1x1_Shrine_003.1"
    }
  },
  {
    "Type": "AudioComponent",
    "Name": "Chest_Ambient_Sound",
    "Outer": "Tiered_Chest_6_Parent_612",
    "Class": "UScriptClass'AudioComponent'",
    "Template": {
      "ObjectName": "AudioComponent'Tiered_Chest_Athena_C:AudioComponent_1'",
      "ObjectPath": "FortniteGame/Content/Building/ActorBlueprints/Containers/Tiered_Chest_Athena.49"
    },
    "Properties": {
      "AttachParent": {
        "ObjectName": "StaticMeshComponent'Athena_SS_1x1_Shrine_003:PersistentLevel.Tiered_Chest_6_Parent_612.StaticMeshComponent0'",
        "ObjectPath": "FortniteGame/Content/Athena/Maps/Buildings/1x1/Shrines/Athena_SS_1x1_Shrine_003.49"
      },
      "bNetAddressable": true,
      "CreationMethod": "EComponentCreationMethod::SimpleConstructionScript"
    }
  },
  {
    "Type": "Boardwalk_Floor_C",
    "Name": "SM_FORT_Floors_Generic_BasicTile_5",
    "Outer": "PersistentLevel",
    "Class": "BlueprintGeneratedClass'FortniteGame/Content/Building/ActorBlueprints/Floor/Boardwalk_Floor.Boardwalk_Floor_C'",
    "Template": {
      "ObjectName": "Boardwalk_Floor_C'Default__Boardwalk_Floor_C'",
      "ObjectPath": "FortniteGame/Content/Building/ActorBlueprints/Floor/Boardwalk_Floor.1"
    },
    "Properties": {
      "StaticMeshComponent": {
        "ObjectName": "StaticMeshComponent'Athena_SS_1x1_Shrine_003:PersistentLevel.SM_FORT_Floors_Generic_BasicTile_5.StaticMeshComponent0'",
        "ObjectPath": "FortniteGame/Content/Athena/Maps/Buildings/1x1/Shrines/Athena_SS_1x1_Shrine_003.46"
      },
      "MyGuid": "FDEA8DF4-4A13218C-89DF3589-D1DFB050",
      "DataVersion": 1,
      "CullDistance": 0.0,
      "RootComponent": {
        "ObjectName": "StaticMeshComponent'Athena_SS_1x1_Shrine_003:PersistentLevel.SM_FORT_Floors_Generic_BasicTile_5.StaticMeshComponent0'",
        "ObjectPath": "FortniteGame/Content/Athena/Maps/Buildings/1x1/Shrines/Athena_SS_1x1_Shrine_003.46"
      }
    }
  },
  {
    "Type": "BoxComponent",
    "Name": "BoxComponent0",
    "Outer": "LevelBounds_0",
    "Class": "UScriptClass'BoxComponent'",
    "Properties": {
      "AreaClass": {
        "ObjectName": "Class'FortMetaNavArea_Obstacles'",
        "ObjectPath": "/Script/FortniteGame"
      },
      "BodyInstance": {
        "MaxAngularVelocity": 3599.9998
      },
      "RelativeLocation": {
        "X": 3.5,
        "Y": -6.2370453,
        "Z": 143.92981
      },
      "RelativeScale3D": {
        "X": 895.0,
        "Y": 825.5259,
        "Z": 1056.0933
      }
    }
  },
  {
    "Type": "Chinatown_Frame_02_C",
    "Name": "Chinatown_Frame_11",
    "Outer": "PersistentLevel",
    "Class": "BlueprintGeneratedClass'FortniteGame/Content/Building/ActorBlueprints/Chinatown/Sets/Shrines/Chinatown_Frame_02.Chinatown_Frame_02_C'",
    "Template": {
      "ObjectName": "Chinatown_Frame_02_C'Default__Chinatown_Frame_02_C'",
      "ObjectPath": "FortniteGame/Content/Building/ActorBlueprints/Chinatown/Sets/Shrines/Chinatown_Frame_02.1"
    },
    "Properties": {
      "TextureData": {
        "ObjectName": "BuildingTextureData'Chinatown_Trim_Brnw'",
        "ObjectPath": "FortniteGame/Content/Building/TextureData/Trim/Chinatown_Trim_Brnw.0"
      },
      "StaticMeshComponent": {
        "ObjectName": "StaticMeshComponent'Athena_SS_1x1_Shrine_003:PersistentLevel.Chinatown_Frame_11.StaticMeshComponent0'",
        "ObjectPath": "FortniteGame/Content/Athena/Maps/Buildings/1x1/Shrines/Athena_SS_1x1_Shrine_003.31"
      },
      "BaseMaterial": {
        "ObjectName": "MaterialInstanceConstant'MI_Chinatown_PlasterWall'",
        "ObjectPath": "FortniteGame/Content/Environments/Chinatown/Shrine/Sets/Textures_Materials/MI_Chinatown_PlasterWall.0"
      },
      "MyGuid": "9B5F2DC7-4944CBD8-07260BA4-3B3FF6BB",
      "DataVersion": 1,
      "CullDistance": 0.0,
      "RootComponent": {
        "ObjectName": "StaticMeshComponent'Athena_SS_1x1_Shrine_003:PersistentLevel.Chinatown_Frame_11.StaticMeshComponent0'",
        "ObjectPath": "FortniteGame/Content/Athena/Maps/Buildings/1x1/Shrines/Athena_SS_1x1_Shrine_003.31"
      }
    }
  },
  {
    "Type": "Chinatown_Frame_02_C",
    "Name": "Chinatown_Frame_12",
    "Outer": "PersistentLevel",
    "Class": "BlueprintGeneratedClass'FortniteGame/Content/Building/ActorBlueprints/Chinatown/Sets/Shrines/Chinatown_Frame_02.Chinatown_Frame_02_C'",
    "Template": {
      "ObjectName": "Chinatown_Frame_02_C'Default__Chinatown_Frame_02_C'",
      "ObjectPath": "FortniteGame/Content/Building/ActorBlueprints/Chinatown/Sets/Shrines/Chinatown_Frame_02.1"
    },
    "Properties": {
      "TextureData": {
        "ObjectName": "BuildingTextureData'Chinatown_Trim_Brnw'",
        "ObjectPath": "FortniteGame/Content/Building/TextureData/Trim/Chinatown_Trim_Brnw.0"
      },
      "StaticMeshComponent": {
        "ObjectName": "StaticMeshComponent'Athena_SS_1x1_Shrine_003:PersistentLevel.Chinatown_Frame_12.StaticMeshComponent0'",
        "ObjectPath": "FortniteGame/Content/Athena/Maps/Buildings/1x1/Shrines/Athena_SS_1x1_Shrine_003.32"
      },
      "BaseMaterial": {
        "ObjectName": "MaterialInstanceConstant'MI_Chinatown_PlasterWall'",
        "ObjectPath": "FortniteGame/Content/Environments/Chinatown/Shrine/Sets/Textures_Materials/MI_Chinatown_PlasterWall.0"
      },
      "MyGuid": "451440E9-40AAA1A6-63C409BE-DB39A8EB",
      "DataVersion": 1,
      "CullDistance": 0.0,
      "RootComponent": {
        "ObjectName": "StaticMeshComponent'Athena_SS_1x1_Shrine_003:PersistentLevel.Chinatown_Frame_12.StaticMeshComponent0'",
        "ObjectPath": "FortniteGame/Content/Athena/Maps/Buildings/1x1/Shrines/Athena_SS_1x1_Shrine_003.32"
      }
    }
  },
  {
    "Type": "Chinatown_Frame_02_C",
    "Name": "Chinatown_Frame_13",
    "Outer": "PersistentLevel",
    "Class": "BlueprintGeneratedClass'FortniteGame/Content/Building/ActorBlueprints/Chinatown/Sets/Shrines/Chinatown_Frame_02.Chinatown_Frame_02_C'",
    "Template": {
      "ObjectName": "Chinatown_Frame_02_C'Default__Chinatown_Frame_02_C'",
      "ObjectPath": "FortniteGame/Content/Building/ActorBlueprints/Chinatown/Sets/Shrines/Chinatown_Frame_02.1"
    },
    "Properties": {
      "TextureData": {
        "ObjectName": "BuildingTextureData'Chinatown_Trim_Brnw'",
        "ObjectPath": "FortniteGame/Content/Building/TextureData/Trim/Chinatown_Trim_Brnw.0"
      },
      "StaticMeshComponent": {
        "ObjectName": "StaticMeshComponent'Athena_SS_1x1_Shrine_003:PersistentLevel.Chinatown_Frame_13.StaticMeshComponent0'",
        "ObjectPath": "FortniteGame/Content/Athena/Maps/Buildings/1x1/Shrines/Athena_SS_1x1_Shrine_003.33"
      },
      "BaseMaterial": {
        "ObjectName": "MaterialInstanceConstant'MI_Chinatown_PlasterWall'",
        "ObjectPath": "FortniteGame/Content/Environments/Chinatown/Shrine/Sets/Textures_Materials/MI_Chinatown_PlasterWall.0"
      },
      "MyGuid": "D8934252-4EAF938E-638B32AA-8EEC7611",
      "DataVersion": 1,
      "CullDistance": 0.0,
      "RootComponent": {
        "ObjectName": "StaticMeshComponent'Athena_SS_1x1_Shrine_003:PersistentLevel.Chinatown_Frame_13.StaticMeshComponent0'",
        "ObjectPath": "FortniteGame/Content/Athena/Maps/Buildings/1x1/Shrines/Athena_SS_1x1_Shrine_003.33"
      }
    }
  },
  {
    "Type": "Chinatown_Frame_02_C",
    "Name": "Chinatown_Frame_3",
    "Outer": "PersistentLevel",
    "Class": "BlueprintGeneratedClass'FortniteGame/Content/Building/ActorBlueprints/Chinatown/Sets/Shrines/Chinatown_Frame_02.Chinatown_Frame_02_C'",
    "Template": {
      "ObjectName": "Chinatown_Frame_02_C'Default__Chinatown_Frame_02_C'",
      "ObjectPath": "FortniteGame/Content/Building/ActorBlueprints/Chinatown/Sets/Shrines/Chinatown_Frame_02.1"
    },
    "Properties": {
      "TextureData": {
        "ObjectName": "BuildingTextureData'Chinatown_Trim_Brnw'",
        "ObjectPath": "FortniteGame/Content/Building/TextureData/Trim/Chinatown_Trim_Brnw.0"
      },
      "StaticMeshComponent": {
        "ObjectName": "StaticMeshComponent'Athena_SS_1x1_Shrine_003:PersistentLevel.Chinatown_Frame_3.StaticMeshComponent0'",
        "ObjectPath": "FortniteGame/Content/Athena/Maps/Buildings/1x1/Shrines/Athena_SS_1x1_Shrine_003.34"
      },
      "BaseMaterial": {
        "ObjectName": "MaterialInstanceConstant'MI_Chinatown_PlasterWall'",
        "ObjectPath": "FortniteGame/Content/Environments/Chinatown/Shrine/Sets/Textures_Materials/MI_Chinatown_PlasterWall.0"
      },
      "MyGuid": "DFA16F8E-4C3236C5-4C86CA87-3B9E5884",
      "DataVersion": 1,
      "CullDistance": 0.0,
      "RootComponent": {
        "ObjectName": "StaticMeshComponent'Athena_SS_1x1_Shrine_003:PersistentLevel.Chinatown_Frame_3.StaticMeshComponent0'",
        "ObjectPath": "FortniteGame/Content/Athena/Maps/Buildings/1x1/Shrines/Athena_SS_1x1_Shrine_003.34"
      }
    }
  },
  {
    "Type": "ChinaTown_Lantern_Single_C",
    "Name": "ChinaTown_Lantern_Single7",
    "Outer": "PersistentLevel",
    "Class": "BlueprintGeneratedClass'FortniteGame/Content/Building/ActorBlueprints/Prop/ChinaTown_Lantern_Single.ChinaTown_Lantern_Single_C'",
    "Template": {
      "ObjectName": "ChinaTown_Lantern_Single_C'Default__ChinaTown_Lantern_Single_C'",
      "ObjectPath": "FortniteGame/Content/Building/ActorBlueprints/Prop/ChinaTown_Lantern_Single.2"
    },
    "Properties": {
      "PointLight": {
        "ObjectName": "PointLightComponent'Athena_SS_1x1_Shrine_003:PersistentLevel.ChinaTown_Lantern_Single7.PointLight'",
        "ObjectPath": "FortniteGame/Content/Athena/Maps/Buildings/1x1/Shrines/Athena_SS_1x1_Shrine_003.26"
      },
      "CodeControlled_NumberOfMaterials": 1,
      "TimeOfDayControlledLights": [
        {
          "ObjectName": "PointLightComponent'Athena_SS_1x1_Shrine_003:PersistentLevel.ChinaTown_Lantern_Single7.PointLight'",
          "ObjectPath": "FortniteGame/Content/Athena/Maps/Buildings/1x1/Shrines/Athena_SS_1x1_Shrine_003.26"
        }
      ],
      "StaticMeshComponent": {
        "ObjectName": "StaticMeshComponent'Athena_SS_1x1_Shrine_003:PersistentLevel.ChinaTown_Lantern_Single7.StaticMeshComponent0'",
        "ObjectPath": "FortniteGame/Content/Athena/Maps/Buildings/1x1/Shrines/Athena_SS_1x1_Shrine_003.38"
      },
      "ParentActorToAttachTo": {
        "ObjectName": "Chinatown_Roof_02_EndCap_C'Athena_SS_1x1_Shrine_003:PersistentLevel.Chinatown_Roof_02_EndCap_7'",
        "ObjectPath": "FortniteGame/Content/Athena/Maps/Buildings/1x1/Shrines/Athena_SS_1x1_Shrine_003.13"
      },
      "MyGuid": "8FC2FE52-4854DD16-FE59EEAB-FDFA9042",
      "DataVersion": 1,
      "CullDistance": 3336.4707,
      "RootComponent": {
        "ObjectName": "StaticMeshComponent'Athena_SS_1x1_Shrine_003:PersistentLevel.ChinaTown_Lantern_Single7.StaticMeshComponent0'",
        "ObjectPath": "FortniteGame/Content/Athena/Maps/Buildings/1x1/Shrines/Athena_SS_1x1_Shrine_003.38"
      },
      "BlueprintCreatedComponents": [
        {
          "ObjectName": "PointLightComponent'Athena_SS_1x1_Shrine_003:PersistentLevel.ChinaTown_Lantern_Single7.PointLight'",
          "ObjectPath": "FortniteGame/Content/Athena/Maps/Buildings/1x1/Shrines/Athena_SS_1x1_Shrine_003.26"
        }
      ]
    }
  },
  {
    "Type": "ChinaTown_Lantern_Single_C",
    "Name": "ChinaTown_Lantern_Single8",
    "Outer": "PersistentLevel",
    "Class": "BlueprintGeneratedClass'FortniteGame/Content/Building/ActorBlueprints/Prop/ChinaTown_Lantern_Single.ChinaTown_Lantern_Single_C'",
    "Template": {
      "ObjectName": "ChinaTown_Lantern_Single_C'Default__ChinaTown_Lantern_Single_C'",
      "ObjectPath": "FortniteGame/Content/Building/ActorBlueprints/Prop/ChinaTown_Lantern_Single.2"
    },
    "Properties": {
      "PointLight": {
        "ObjectName": "PointLightComponent'Athena_SS_1x1_Shrine_003:PersistentLevel.ChinaTown_Lantern_Single8.PointLight'",
        "ObjectPath": "FortniteGame/Content/Athena/Maps/Buildings/1x1/Shrines/Athena_SS_1x1_Shrine_003.27"
      },
      "CodeControlled_NumberOfMaterials": 1,
      "TimeOfDayControlledLights": [
        {
          "ObjectName": "PointLightComponent'Athena_SS_1x1_Shrine_003:PersistentLevel.ChinaTown_Lantern_Single8.PointLight'",
          "ObjectPath": "FortniteGame/Content/Athena/Maps/Buildings/1x1/Shrines/Athena_SS_1x1_Shrine_003.27"
        }
      ],
      "StaticMeshComponent": {
        "ObjectName": "StaticMeshComponent'Athena_SS_1x1_Shrine_003:PersistentLevel.ChinaTown_Lantern_Single8.StaticMeshComponent0'",
        "ObjectPath": "FortniteGame/Content/Athena/Maps/Buildings/1x1/Shrines/Athena_SS_1x1_Shrine_003.39"
      },
      "ParentActorToAttachTo": {
        "ObjectName": "Chinatown_Roof_02_EndCap_C'Athena_SS_1x1_Shrine_003:PersistentLevel.Chinatown_Roof_02_EndCap_7'",
        "ObjectPath": "FortniteGame/Content/Athena/Maps/Buildings/1x1/Shrines/Athena_SS_1x1_Shrine_003.13"
      },
      "MyGuid": "1C85A3EC-4214AE98-C05F8B9B-7EE82639",
      "DataVersion": 1,
      "CullDistance": 3336.4707,
      "RootComponent": {
        "ObjectName": "StaticMeshComponent'Athena_SS_1x1_Shrine_003:PersistentLevel.ChinaTown_Lantern_Single8.StaticMeshComponent0'",
        "ObjectPath": "FortniteGame/Content/Athena/Maps/Buildings/1x1/Shrines/Athena_SS_1x1_Shrine_003.39"
      },
      "BlueprintCreatedComponents": [
        {
          "ObjectName": "PointLightComponent'Athena_SS_1x1_Shrine_003:PersistentLevel.ChinaTown_Lantern_Single8.PointLight'",
          "ObjectPath": "FortniteGame/Content/Athena/Maps/Buildings/1x1/Shrines/Athena_SS_1x1_Shrine_003.27"
        }
      ]
    }
  },
  {
    "Type": "Chinatown_Roof_02_EndCap_C",
    "Name": "Chinatown_Roof_02_EndCap2",
    "Outer": "PersistentLevel",
    "Class": "BlueprintGeneratedClass'FortniteGame/Content/Building/ActorBlueprints/Chinatown/Sets/Shrines/Chinatown_Roof_02_EndCap.Chinatown_Roof_02_EndCap_C'",
    "Template": {
      "ObjectName": "Chinatown_Roof_02_EndCap_C'Default__Chinatown_Roof_02_EndCap_C'",
      "ObjectPath": "FortniteGame/Content/Building/ActorBlueprints/Chinatown/Sets/Shrines/Chinatown_Roof_02_EndCap.1"
    },
    "Properties": {
      "StaticMeshComponent": {
        "ObjectName": "StaticMeshComponent'Athena_SS_1x1_Shrine_003:PersistentLevel.Chinatown_Roof_02_EndCap2.StaticMeshComponent0'",
        "ObjectPath": "FortniteGame/Content/Athena/Maps/Buildings/1x1/Shrines/Athena_SS_1x1_Shrine_003.40"
      },
      "BaseMaterial": {
        "ObjectName": "MaterialInstanceConstant'MI_Chinatown_PlasterWall'",
        "ObjectPath": "FortniteGame/Content/Environments/Chinatown/Shrine/Sets/Textures_Materials/MI_Chinatown_PlasterWall.0"
      },
      "MyGuid": "22F726F2-461363B7-007AA499-BB24EF06",
      "DataVersion": 1,
      "CullDistance": 0.0,
      "RootComponent": {
        "ObjectName": "StaticMeshComponent'Athena_SS_1x1_Shrine_003:PersistentLevel.Chinatown_Roof_02_EndCap2.StaticMeshComponent0'",
        "ObjectPath": "FortniteGame/Content/Athena/Maps/Buildings/1x1/Shrines/Athena_SS_1x1_Shrine_003.40"
      }
    }
  },
  {
    "Type": "Chinatown_Roof_02_EndCap_C",
    "Name": "Chinatown_Roof_02_EndCap_7",
    "Outer": "PersistentLevel",
    "Class": "BlueprintGeneratedClass'FortniteGame/Content/Building/ActorBlueprints/Chinatown/Sets/Shrines/Chinatown_Roof_02_EndCap.Chinatown_Roof_02_EndCap_C'",
    "Template": {
      "ObjectName": "Chinatown_Roof_02_EndCap_C'Default__Chinatown_Roof_02_EndCap_C'",
      "ObjectPath": "FortniteGame/Content/Building/ActorBlueprints/Chinatown/Sets/Shrines/Chinatown_Roof_02_EndCap.1"
    },
    "Properties": {
      "StaticMeshComponent": {
        "ObjectName": "StaticMeshComponent'Athena_SS_1x1_Shrine_003:PersistentLevel.Chinatown_Roof_02_EndCap_7.StaticMeshComponent0'",
        "ObjectPath": "FortniteGame/Content/Athena/Maps/Buildings/1x1/Shrines/Athena_SS_1x1_Shrine_003.41"
      },
      "BaseMaterial": {
        "ObjectName": "MaterialInstanceConstant'MI_Chinatown_PlasterWall'",
        "ObjectPath": "FortniteGame/Content/Environments/Chinatown/Shrine/Sets/Textures_Materials/MI_Chinatown_PlasterWall.0"
      },
      "MyGuid": "10519CAC-4A8E2E5A-55B513A7-12DC2CAF",
      "DataVersion": 1,
      "CullDistance": 0.0,
      "RootComponent": {
        "ObjectName": "StaticMeshComponent'Athena_SS_1x1_Shrine_003:PersistentLevel.Chinatown_Roof_02_EndCap_7.StaticMeshComponent0'",
        "ObjectPath": "FortniteGame/Content/Athena/Maps/Buildings/1x1/Shrines/Athena_SS_1x1_Shrine_003.41"
      }
    }
  },
  {
    "Type": "Chinatown_Roof_02a_C",
    "Name": "Chinatown_Roof_1",
    "Outer": "PersistentLevel",
    "Class": "BlueprintGeneratedClass'FortniteGame/Content/Building/ActorBlueprints/Chinatown/Sets/Shrines/Chinatown_Roof_02a.Chinatown_Roof_02a_C'",
    "Template": {
      "ObjectName": "Chinatown_Roof_02a_C'Default__Chinatown_Roof_02a_C'",
      "ObjectPath": "FortniteGame/Content/Building/ActorBlueprints/Chinatown/Sets/Shrines/Chinatown_Roof_02a.1"
    },
    "Properties": {
      "StaticMeshComponent": {
        "ObjectName": "StaticMeshComponent'Athena_SS_1x1_Shrine_003:PersistentLevel.Chinatown_Roof_1.StaticMeshComponent0'",
        "ObjectPath": "FortniteGame/Content/Athena/Maps/Buildings/1x1/Shrines/Athena_SS_1x1_Shrine_003.42"
      },
      "MyGuid": "42E96766-440129DE-C36425B3-4C13CE07",
      "DataVersion": 1,
      "CullDistance": 0.0,
      "RootComponent": {
        "ObjectName": "StaticMeshComponent'Athena_SS_1x1_Shrine_003:PersistentLevel.Chinatown_Roof_1.StaticMeshComponent0'",
        "ObjectPath": "FortniteGame/Content/Athena/Maps/Buildings/1x1/Shrines/Athena_SS_1x1_Shrine_003.42"
      }
    }
  },
  {
    "Type": "Chinatown_Wall_C",
    "Name": "Chinatown_Wall_2",
    "Outer": "PersistentLevel",
    "Class": "BlueprintGeneratedClass'FortniteGame/Content/Building/ActorBlueprints/Chinatown/Sets/Shrines/Chinatown_Wall.Chinatown_Wall_C'",
    "Template": {
      "ObjectName": "Chinatown_Wall_C'Default__Chinatown_Wall_C'",
      "ObjectPath": "FortniteGame/Content/Building/ActorBlueprints/Chinatown/Sets/Shrines/Chinatown_Wall.1"
    },
    "Properties": {
      "StaticMeshComponent": {
        "ObjectName": "StaticMeshComponent'Athena_SS_1x1_Shrine_003:PersistentLevel.Chinatown_Wall_2.StaticMeshComponent0'",
        "ObjectPath": "FortniteGame/Content/Athena/Maps/Buildings/1x1/Shrines/Athena_SS_1x1_Shrine_003.43"
      },
      "BaseMaterial": {
        "ObjectName": "MaterialInstanceConstant'MI_Chinatown_PlasterWall'",
        "ObjectPath": "FortniteGame/Content/Environments/Chinatown/Shrine/Sets/Textures_Materials/MI_Chinatown_PlasterWall.0"
      },
      "MyGuid": "FDE3DAF1-4933BAC6-FB0BFFA0-FCA15AB8",
      "DataVersion": 1,
      "CullDistance": 0.0,
      "RootComponent": {
        "ObjectName": "StaticMeshComponent'Athena_SS_1x1_Shrine_003:PersistentLevel.Chinatown_Wall_2.StaticMeshComponent0'",
        "ObjectPath": "FortniteGame/Content/Athena/Maps/Buildings/1x1/Shrines/Athena_SS_1x1_Shrine_003.43"
      }
    }
  },
  {
    "Type": "Chinatown_Wall_Lrg_DoorWay_C",
    "Name": "Chinatown_Frame_4",
    "Outer": "PersistentLevel",
    "Class": "BlueprintGeneratedClass'FortniteGame/Content/Building/ActorBlueprints/Chinatown/Sets/Shrines/Chinatown_Wall_Lrg_DoorWay.Chinatown_Wall_Lrg_DoorWay_C'",
    "Template": {
      "ObjectName": "Chinatown_Wall_Lrg_DoorWay_C'Default__Chinatown_Wall_Lrg_DoorWay_C'",
      "ObjectPath": "FortniteGame/Content/Building/ActorBlueprints/Chinatown/Sets/Shrines/Chinatown_Wall_Lrg_DoorWay.1"
    },
    "Properties": {
      "StaticMeshComponent": {
        "ObjectName": "StaticMeshComponent'Athena_SS_1x1_Shrine_003:PersistentLevel.Chinatown_Frame_4.StaticMeshComponent0'",
        "ObjectPath": "FortniteGame/Content/Athena/Maps/Buildings/1x1/Shrines/Athena_SS_1x1_Shrine_003.35"
      },
      "BaseMaterial": {
        "ObjectName": "MaterialInstanceConstant'MI_Chinatown_PlasterWall'",
        "ObjectPath": "FortniteGame/Content/Environments/Chinatown/Shrine/Sets/Textures_Materials/MI_Chinatown_PlasterWall.0"
      },
      "MyGuid": "83DF0FD4-4D55EAC0-9E60E094-89B76B18",
      "DataVersion": 1,
      "CullDistance": 0.0,
      "RootComponent": {
        "ObjectName": "StaticMeshComponent'Athena_SS_1x1_Shrine_003:PersistentLevel.Chinatown_Frame_4.StaticMeshComponent0'",
        "ObjectPath": "FortniteGame/Content/Athena/Maps/Buildings/1x1/Shrines/Athena_SS_1x1_Shrine_003.35"
      }
    }
  },
  {
    "Type": "Chinatown_Wall_Lrg_DoorWay_C",
    "Name": "Chinatown_Frame_5",
    "Outer": "PersistentLevel",
    "Class": "BlueprintGeneratedClass'FortniteGame/Content/Building/ActorBlueprints/Chinatown/Sets/Shrines/Chinatown_Wall_Lrg_DoorWay.Chinatown_Wall_Lrg_DoorWay_C'",
    "Template": {
      "ObjectName": "Chinatown_Wall_Lrg_DoorWay_C'Default__Chinatown_Wall_Lrg_DoorWay_C'",
      "ObjectPath": "FortniteGame/Content/Building/ActorBlueprints/Chinatown/Sets/Shrines/Chinatown_Wall_Lrg_DoorWay.1"
    },
    "Properties": {
      "StaticMeshComponent": {
        "ObjectName": "StaticMeshComponent'Athena_SS_1x1_Shrine_003:PersistentLevel.Chinatown_Frame_5.StaticMeshComponent0'",
        "ObjectPath": "FortniteGame/Content/Athena/Maps/Buildings/1x1/Shrines/Athena_SS_1x1_Shrine_003.36"
      },
      "BaseMaterial": {
        "ObjectName": "MaterialInstanceConstant'MI_Chinatown_PlasterWall'",
        "ObjectPath": "FortniteGame/Content/Environments/Chinatown/Shrine/Sets/Textures_Materials/MI_Chinatown_PlasterWall.0"
      },
      "MyGuid": "1793096B-4DFD6CE1-B041D1BA-5229EE5C",
      "DataVersion": 1,
      "CullDistance": 0.0,
      "RootComponent": {
        "ObjectName": "StaticMeshComponent'Athena_SS_1x1_Shrine_003:PersistentLevel.Chinatown_Frame_5.StaticMeshComponent0'",
        "ObjectPath": "FortniteGame/Content/Athena/Maps/Buildings/1x1/Shrines/Athena_SS_1x1_Shrine_003.36"
      }
    }
  },
  {
    "Type": "Chinatown_Wall_Lrg_DoorWay_C",
    "Name": "Chinatown_Frame_6",
    "Outer": "PersistentLevel",
    "Class": "BlueprintGeneratedClass'FortniteGame/Content/Building/ActorBlueprints/Chinatown/Sets/Shrines/Chinatown_Wall_Lrg_DoorWay.Chinatown_Wall_Lrg_DoorWay_C'",
    "Template": {
      "ObjectName": "Chinatown_Wall_Lrg_DoorWay_C'Default__Chinatown_Wall_Lrg_DoorWay_C'",
      "ObjectPath": "FortniteGame/Content/Building/ActorBlueprints/Chinatown/Sets/Shrines/Chinatown_Wall_Lrg_DoorWay.1"
    },
    "Properties": {
      "StaticMeshComponent": {
        "ObjectName": "StaticMeshComponent'Athena_SS_1x1_Shrine_003:PersistentLevel.Chinatown_Frame_6.StaticMeshComponent0'",
        "ObjectPath": "FortniteGame/Content/Athena/Maps/Buildings/1x1/Shrines/Athena_SS_1x1_Shrine_003.37"
      },
      "BaseMaterial": {
        "ObjectName": "MaterialInstanceConstant'MI_Chinatown_PlasterWall'",
        "ObjectPath": "FortniteGame/Content/Environments/Chinatown/Shrine/Sets/Textures_Materials/MI_Chinatown_PlasterWall.0"
      },
      "MyGuid": "8D66B5FA-45E01F46-AF50E1A6-3CEB574C",
      "DataVersion": 1,
      "CullDistance": 0.0,
      "RootComponent": {
        "ObjectName": "StaticMeshComponent'Athena_SS_1x1_Shrine_003:PersistentLevel.Chinatown_Frame_6.StaticMeshComponent0'",
        "ObjectPath": "FortniteGame/Content/Athena/Maps/Buildings/1x1/Shrines/Athena_SS_1x1_Shrine_003.37"
      }
    }
  },
  {
    "Type": "FortWorldSettings",
    "Name": "FortWorldSettings",
    "Outer": "PersistentLevel",
    "Class": "UScriptClass'FortWorldSettings'",
    "Properties": {
      "WorldCells": [
        2147483647,
        1
      ],
      "WorldCellsOrigin": {
        "X": 512.0,
        "Y": 512.0,
        "Z": 0.0
      },
      "MinCullObjectSize": 64.0,
      "MinCullDistance": 2800.0,
      "MaxCullObjectSize": 1000.0,
      "MaxCullDistance": 40000.0,
      "bEnableNavigationSystem": false,
      "NavigationSystemConfig": {
        "ObjectName": "NavigationSystemModuleConfig'Athena_SS_1x1_Shrine_003:PersistentLevel.FortWorldSettings.NavigationSystemConfig_0'",
        "ObjectPath": "FortniteGame/Content/Athena/Maps/Buildings/1x1/Shrines/Athena_SS_1x1_Shrine_003.24"
      },
      "BookmarkArray": [
        null,
        null,
        null,
        null,
        null,
        null,
        null,
        null,
        null,
        null
      ]
    }
  },
  {
    "Type": "Level",
    "Name": "PersistentLevel",
    "Outer": "Athena_SS_1x1_Shrine_003",
    "Class": "UScriptClass'Level'",
    "Properties": {
      "Model": {
        "ObjectName": "Model'Athena_SS_1x1_Shrine_003:PersistentLevel.Model_0'",
        "ObjectPath": "FortniteGame/Content/Athena/Maps/Buildings/1x1/Shrines/Athena_SS_1x1_Shrine_003.23"
      },
      "LevelScriptActor": {
        "ObjectName": "Athena_SS_1x1_Shrine_003_C'Athena_SS_1x1_Shrine_003:PersistentLevel.Athena_SS_1x1_Shrine_003_C_0'",
        "ObjectPath": "FortniteGame/Content/Athena/Maps/Buildings/1x1/Shrines/Athena_SS_1x1_Shrine_003.2"
      },
      "LevelBuildDataId": "1B9FE51D-4CBEE860-28F78DA5-D7D0C81F",
      "WorldSettings": {
        "ObjectName": "FortWorldSettings'Athena_SS_1x1_Shrine_003:PersistentLevel.FortWorldSettings'",
        "ObjectPath": "FortniteGame/Content/Athena/Maps/Buildings/1x1/Shrines/Athena_SS_1x1_Shrine_003.19"
      }
    },
    "Actors": [
      {
        "ObjectName": "FortWorldSettings'Athena_SS_1x1_Shrine_003:PersistentLevel.FortWorldSettings'",
        "ObjectPath": "FortniteGame/Content/Athena/Maps/Buildings/1x1/Shrines/Athena_SS_1x1_Shrine_003.19"
      },
      null,
      {
        "ObjectName": "LevelBounds'Athena_SS_1x1_Shrine_003:PersistentLevel.LevelBounds_0'",
        "ObjectPath": "FortniteGame/Content/Athena/Maps/Buildings/1x1/Shrines/Athena_SS_1x1_Shrine_003.21"
      },
      {
        "ObjectName": "LODActor'Athena_SS_1x1_Shrine_003:PersistentLevel.LODActor_0'",
        "ObjectPath": "FortniteGame/Content/Athena/Maps/Buildings/1x1/Shrines/Athena_SS_1x1_Shrine_003.22"
      },
      {
        "ObjectName": "Boardwalk_Floor_C'Athena_SS_1x1_Shrine_003:PersistentLevel.SM_FORT_Floors_Generic_BasicTile_5'",
        "ObjectPath": "FortniteGame/Content/Athena/Maps/Buildings/1x1/Shrines/Athena_SS_1x1_Shrine_003.4"
      },
      {
        "ObjectName": "Recreation_ParkBench_01_C'Athena_SS_1x1_Shrine_003:PersistentLevel.Recreation_ParkBench_01_2'",
        "ObjectPath": "FortniteGame/Content/Athena/Maps/Buildings/1x1/Shrines/Athena_SS_1x1_Shrine_003.29"
      },
      {
        "ObjectName": "ChinaTown_Lantern_Single_C'Athena_SS_1x1_Shrine_003:PersistentLevel.ChinaTown_Lantern_Single7'",
        "ObjectPath": "FortniteGame/Content/Athena/Maps/Buildings/1x1/Shrines/Athena_SS_1x1_Shrine_003.10"
      },
      {
        "ObjectName": "ChinaTown_Lantern_Single_C'Athena_SS_1x1_Shrine_003:PersistentLevel.ChinaTown_Lantern_Single8'",
        "ObjectPath": "FortniteGame/Content/Athena/Maps/Buildings/1x1/Shrines/Athena_SS_1x1_Shrine_003.11"
      },
      {
        "ObjectName": "Chinatown_Frame_02_C'Athena_SS_1x1_Shrine_003:PersistentLevel.Chinatown_Frame_11'",
        "ObjectPath": "FortniteGame/Content/Athena/Maps/Buildings/1x1/Shrines/Athena_SS_1x1_Shrine_003.6"
      },
      {
        "ObjectName": "Chinatown_Frame_02_C'Athena_SS_1x1_Shrine_003:PersistentLevel.Chinatown_Frame_12'",
        "ObjectPath": "FortniteGame/Content/Athena/Maps/Buildings/1x1/Shrines/Athena_SS_1x1_Shrine_003.7"
      },
      {
        "ObjectName": "Chinatown_Frame_02_C'Athena_SS_1x1_Shrine_003:PersistentLevel.Chinatown_Frame_13'",
        "ObjectPath": "FortniteGame/Content/Athena/Maps/Buildings/1x1/Shrines/Athena_SS_1x1_Shrine_003.8"
      },
      {
        "ObjectName": "Chinatown_Frame_02_C'Athena_SS_1x1_Shrine_003:PersistentLevel.Chinatown_Frame_3'",
        "ObjectPath": "FortniteGame/Content/Athena/Maps/Buildings/1x1/Shrines/Athena_SS_1x1_Shrine_003.9"
      },
      {
        "ObjectName": "Chinatown_Wall_Lrg_DoorWay_C'Athena_SS_1x1_Shrine_003:PersistentLevel.Chinatown_Frame_6'",
        "ObjectPath": "FortniteGame/Content/Athena/Maps/Buildings/1x1/Shrines/Athena_SS_1x1_Shrine_003.18"
      },
      {
        "ObjectName": "Chinatown_Wall_Lrg_DoorWay_C'Athena_SS_1x1_Shrine_003:PersistentLevel.Chinatown_Frame_4'",
        "ObjectPath": "FortniteGame/Content/Athena/Maps/Buildings/1x1/Shrines/Athena_SS_1x1_Shrine_003.16"
      },
      {
        "ObjectName": "Chinatown_Wall_Lrg_DoorWay_C'Athena_SS_1x1_Shrine_003:PersistentLevel.Chinatown_Frame_5'",
        "ObjectPath": "FortniteGame/Content/Athena/Maps/Buildings/1x1/Shrines/Athena_SS_1x1_Shrine_003.17"
      },
      {
        "ObjectName": "Chinatown_Wall_C'Athena_SS_1x1_Shrine_003:PersistentLevel.Chinatown_Wall_2'",
        "ObjectPath": "FortniteGame/Content/Athena/Maps/Buildings/1x1/Shrines/Athena_SS_1x1_Shrine_003.15"
      },
      {
        "ObjectName": "Chinatown_Roof_02_EndCap_C'Athena_SS_1x1_Shrine_003:PersistentLevel.Chinatown_Roof_02_EndCap_7'",
        "ObjectPath": "FortniteGame/Content/Athena/Maps/Buildings/1x1/Shrines/Athena_SS_1x1_Shrine_003.13"
      },
      {
        "ObjectName": "Chinatown_Roof_02_EndCap_C'Athena_SS_1x1_Shrine_003:PersistentLevel.Chinatown_Roof_02_EndCap2'",
        "ObjectPath": "FortniteGame/Content/Athena/Maps/Buildings/1x1/Shrines/Athena_SS_1x1_Shrine_003.12"
      },
      {
        "ObjectName": "Chinatown_Roof_02a_C'Athena_SS_1x1_Shrine_003:PersistentLevel.Chinatown_Roof_1'",
        "ObjectPath": "FortniteGame/Content/Athena/Maps/Buildings/1x1/Shrines/Athena_SS_1x1_Shrine_003.14"
      },
      {
        "ObjectName": "SM_FORT_Floors_Generic_BasicTileBeams_C'Athena_SS_1x1_Shrine_003:PersistentLevel.SM_FORT_Floors_Generic_BasicTile_9'",
        "ObjectPath": "FortniteGame/Content/Athena/Maps/Buildings/1x1/Shrines/Athena_SS_1x1_Shrine_003.30"
      },
      {
        "ObjectName": "Tiered_Chest_Athena_C'Athena_SS_1x1_Shrine_003:PersistentLevel.Tiered_Chest_6_Parent_612'",
        "ObjectPath": "FortniteGame/Content/Athena/Maps/Buildings/1x1/Shrines/Athena_SS_1x1_Shrine_003.50"
      },
      {
        "ObjectName": "Athena_SS_1x1_Shrine_003_C'Athena_SS_1x1_Shrine_003:PersistentLevel.Athena_SS_1x1_Shrine_003_C_0'",
        "ObjectPath": "FortniteGame/Content/Athena/Maps/Buildings/1x1/Shrines/Athena_SS_1x1_Shrine_003.2"
      }
    ],
    "URL": {
      "Protocol": "unreal",
      "Host": "",
      "Port": 7777,
      "Valid": true,
      "Map": "/Game/Maps/FortniteEntry",
      "Op": [],
      "Portal": ""
    },
    "Model": {
      "ObjectName": "Model'Athena_SS_1x1_Shrine_003:PersistentLevel.Model_0'",
      "ObjectPath": "FortniteGame/Content/Athena/Maps/Buildings/1x1/Shrines/Athena_SS_1x1_Shrine_003.23"
    },
    "ModelComponents": [],
    "LevelScriptActor": {
      "ObjectName": "Athena_SS_1x1_Shrine_003_C'Athena_SS_1x1_Shrine_003:PersistentLevel.Athena_SS_1x1_Shrine_003_C_0'",
      "ObjectPath": "FortniteGame/Content/Athena/Maps/Buildings/1x1/Shrines/Athena_SS_1x1_Shrine_003.2"
    },
    "NavListStart": null,
    "NavListEnd": null,
    "PrecomputedVisibilityHandler": {
      "PrecomputedVisibilityCellBucketOriginXY": {
        "X": 0.0,
        "Y": 0.0
      },
      "PrecomputedVisibilityCellSizeXY": 0.0,
      "PrecomputedVisibilityCellSizeZ": 0.0,
      "PrecomputedVisibilityCellBucketSizeXY": 0,
      "PrecomputedVisibilityNumCellBuckets": 0,
      "PrecomputedVisibilityCellBuckets": []
    },
    "PrecomputedVolumeDistanceField": {
      "VolumeMaxDistance": 0.0,
      "VolumeBox": {
        "Min": {
          "X": 0.0,
          "Y": 0.0,
          "Z": 0.0
        },
        "Max": {
          "X": 0.0,
          "Y": 0.0,
          "Z": 0.0
        },
        "IsValid": 0
      },
      "VolumeSizeX": 0,
      "VolumeSizeY": 0,
      "VolumeSizeZ": 0,
      "Data": []
    }
  },
  {
    "Type": "LevelBounds",
    "Name": "LevelBounds_0",
    "Outer": "PersistentLevel",
    "Class": "UScriptClass'LevelBounds'",
    "Properties": {
      "RootComponent": {
        "ObjectName": "BoxComponent'Athena_SS_1x1_Shrine_003:PersistentLevel.LevelBounds_0.BoxComponent0'",
        "ObjectPath": "FortniteGame/Content/Athena/Maps/Buildings/1x1/Shrines/Athena_SS_1x1_Shrine_003.5"
      }
    }
  },
  {
    "Type": "LODActor",
    "Name": "LODActor_0",
    "Outer": "PersistentLevel",
    "Class": "UScriptClass'LODActor'",
    "Properties": {
      "StaticMeshComponent": {
        "ObjectName": "StaticMeshComponent'Athena_SS_1x1_Shrine_003:PersistentLevel.LODActor_0.StaticMeshComponent0'",
        "ObjectPath": "FortniteGame/Content/Athena/Maps/Buildings/1x1/Shrines/Athena_SS_1x1_Shrine_003.44"
      },
      "Proxy": {
        "ObjectName": "HLODProxy'Athena_SS_1x1_Shrine_003_0_HLOD'",
        "ObjectPath": "FortniteGame/Content/Athena/Maps/Buildings/1x1/Shrines/HLOD/Athena_SS_1x1_Shrine_003_0_HLOD.1"
      },
      "Key": "76927B120C6645ACB9200E7FB8896AC3_2B39DD5A4932E16FAADF22BFFA18D985_B6397B6E_1B864DD1_DC2B235A_ProxyLODMeshReduction",
      "LODDrawDistance": 23727.363,
      "LODLevel": 1,
      "SubActors": [
        {
          "ObjectName": "Boardwalk_Floor_C'Athena_SS_1x1_Shrine_003:PersistentLevel.SM_FORT_Floors_Generic_BasicTile_5'",
          "ObjectPath": "FortniteGame/Content/Athena/Maps/Buildings/1x1/Shrines/Athena_SS_1x1_Shrine_003.4"
        },
        {
          "ObjectName": "Chinatown_Frame_02_C'Athena_SS_1x1_Shrine_003:PersistentLevel.Chinatown_Frame_11'",
          "ObjectPath": "FortniteGame/Content/Athena/Maps/Buildings/1x1/Shrines/Athena_SS_1x1_Shrine_003.6"
        },
        {
          "ObjectName": "Chinatown_Frame_02_C'Athena_SS_1x1_Shrine_003:PersistentLevel.Chinatown_Frame_12'",
          "ObjectPath": "FortniteGame/Content/Athena/Maps/Buildings/1x1/Shrines/Athena_SS_1x1_Shrine_003.7"
        },
        {
          "ObjectName": "Chinatown_Frame_02_C'Athena_SS_1x1_Shrine_003:PersistentLevel.Chinatown_Frame_13'",
          "ObjectPath": "FortniteGame/Content/Athena/Maps/Buildings/1x1/Shrines/Athena_SS_1x1_Shrine_003.8"
        },
        {
          "ObjectName": "Chinatown_Frame_02_C'Athena_SS_1x1_Shrine_003:PersistentLevel.Chinatown_Frame_3'",
          "ObjectPath": "FortniteGame/Content/Athena/Maps/Buildings/1x1/Shrines/Athena_SS_1x1_Shrine_003.9"
        },
        {
          "ObjectName": "Chinatown_Wall_Lrg_DoorWay_C'Athena_SS_1x1_Shrine_003:PersistentLevel.Chinatown_Frame_6'",
          "ObjectPath": "FortniteGame/Content/Athena/Maps/Buildings/1x1/Shrines/Athena_SS_1x1_Shrine_003.18"
        },
        {
          "ObjectName": "Chinatown_Wall_Lrg_DoorWay_C'Athena_SS_1x1_Shrine_003:PersistentLevel.Chinatown_Frame_4'",
          "ObjectPath": "FortniteGame/Content/Athena/Maps/Buildings/1x1/Shrines/Athena_SS_1x1_Shrine_003.16"
        },
        {
          "ObjectName": "Chinatown_Wall_Lrg_DoorWay_C'Athena_SS_1x1_Shrine_003:PersistentLevel.Chinatown_Frame_5'",
          "ObjectPath": "FortniteGame/Content/Athena/Maps/Buildings/1x1/Shrines/Athena_SS_1x1_Shrine_003.17"
        },
        {
          "ObjectName": "Chinatown_Wall_C'Athena_SS_1x1_Shrine_003:PersistentLevel.Chinatown_Wall_2'",
          "ObjectPath": "FortniteGame/Content/Athena/Maps/Buildings/1x1/Shrines/Athena_SS_1x1_Shrine_003.15"
        },
        {
          "ObjectName": "Chinatown_Roof_02_EndCap_C'Athena_SS_1x1_Shrine_003:PersistentLevel.Chinatown_Roof_02_EndCap_7'",
          "ObjectPath": "FortniteGame/Content/Athena/Maps/Buildings/1x1/Shrines/Athena_SS_1x1_Shrine_003.13"
        },
        {
          "ObjectName": "Chinatown_Roof_02_EndCap_C'Athena_SS_1x1_Shrine_003:PersistentLevel.Chinatown_Roof_02_EndCap2'",
          "ObjectPath": "FortniteGame/Content/Athena/Maps/Buildings/1x1/Shrines/Athena_SS_1x1_Shrine_003.12"
        },
        {
          "ObjectName": "Chinatown_Roof_02a_C'Athena_SS_1x1_Shrine_003:PersistentLevel.Chinatown_Roof_1'",
          "ObjectPath": "FortniteGame/Content/Athena/Maps/Buildings/1x1/Shrines/Athena_SS_1x1_Shrine_003.14"
        },
        {
          "ObjectName": "SM_FORT_Floors_Generic_BasicTileBeams_C'Athena_SS_1x1_Shrine_003:PersistentLevel.SM_FORT_Floors_Generic_BasicTile_9'",
          "ObjectPath": "FortniteGame/Content/Athena/Maps/Buildings/1x1/Shrines/Athena_SS_1x1_Shrine_003.30"
        }
      ],
      "RootComponent": {
        "ObjectName": "StaticMeshComponent'Athena_SS_1x1_Shrine_003:PersistentLevel.LODActor_0.StaticMeshComponent0'",
        "ObjectPath": "FortniteGame/Content/Athena/Maps/Buildings/1x1/Shrines/Athena_SS_1x1_Shrine_003.44"
      }
    }
  },
  {
    "Type": "Model",
    "Name": "Model_0",
    "Outer": "PersistentLevel",
    "Class": "UScriptClass'Model'",
    "Bounds": {
      "Origin": {
        "X": 0.0,
        "Y": 0.0,
        "Z": 0.0
      },
      "BoxExtent": {
        "X": 0.0,
        "Y": 0.0,
        "Z": 0.0
      },
      "SphereRadius": 0.0
    },
    "Vectors": [],
    "Points": [],
    "Nodes": [],
    "Surfs": [],
    "NumSharedSides": 4,
    "VertexBuffer": {
      "Vertices": []
    },
    "LightingGuid": "E5264C19-49BB2F26-681C4FAA-1EDB8CE2",
    "LightmassSettings": []
  },
  {
    "Type": "NavigationSystemModuleConfig",
    "Name": "NavigationSystemConfig_0",
    "Outer": "FortWorldSettings",
    "Class": "UScriptClass'NavigationSystemModuleConfig'",
    "Properties": {
      "bAutoSpawnMissingNavData": true,
      "NavigationSystemClass": {
        "AssetPathName": "/Script/FortniteGame.FortNavSystem",
        "SubPathString": ""
      }
    }
  },
  {
    "Type": "ParticleSystemComponent",
    "Name": "P_Loot_Chest_Aura_Athena",
    "Outer": "Tiered_Chest_6_Parent_612",
    "Class": "UScriptClass'ParticleSystemComponent'",
    "Template": {
      "ObjectName": "ParticleSystemComponent'Tiered_Chest_Athena_C:P_Loot_Chest_Aura_Athena_GEN_VARIABLE'",
      "ObjectPath": "FortniteGame/Content/Building/ActorBlueprints/Containers/Tiered_Chest_Athena.155"
    },
    "Properties": {
      "CachedMaxDrawDistance": 8915.371,
      "AttachParent": {
        "ObjectName": "StaticMeshComponent'Athena_SS_1x1_Shrine_003:PersistentLevel.Tiered_Chest_6_Parent_612.S_Chest_SmokeSheet'",
        "ObjectPath": "FortniteGame/Content/Athena/Maps/Buildings/1x1/Shrines/Athena_SS_1x1_Shrine_003.48"
      },
      "bNetAddressable": true,
      "CreationMethod": "EComponentCreationMethod::SimpleConstructionScript"
    }
  },
  {
    "Type": "PointLightComponent",
    "Name": "PointLight",
    "Outer": "ChinaTown_Lantern_Single7",
    "Class": "UScriptClass'PointLightComponent'",
    "Template": {
      "ObjectName": "PointLightComponent'ChinaTown_Lantern_Single_C:PointLight_GEN_VARIABLE'",
      "ObjectPath": "FortniteGame/Content/Building/ActorBlueprints/Prop/ChinaTown_Lantern_Single.3"
    },
    "Properties": {
      "MaxDrawDistance": 3336.4707,
      "MaxDistanceFadeRange": 2048.0,
      "LightGuid": "C7135586-4B6CD8F4-350D5484-F9CAFC46",
      "VolumetricScatteringIntensity": 0.0,
      "AttachParent": {
        "ObjectName": "StaticMeshComponent'Athena_SS_1x1_Shrine_003:PersistentLevel.ChinaTown_Lantern_Single7.StaticMeshComponent0'",
        "ObjectPath": "FortniteGame/Content/Athena/Maps/Buildings/1x1/Shrines/Athena_SS_1x1_Shrine_003.38"
      },
      "bNetAddressable": true,
      "CreationMethod": "EComponentCreationMethod::SimpleConstructionScript"
    }
  },
  {
    "Type": "PointLightComponent",
    "Name": "PointLight",
    "Outer": "ChinaTown_Lantern_Single8",
    "Class": "UScriptClass'PointLightComponent'",
    "Template": {
      "ObjectName": "PointLightComponent'ChinaTown_Lantern_Single_C:PointLight_GEN_VARIABLE'",
      "ObjectPath": "FortniteGame/Content/Building/ActorBlueprints/Prop/ChinaTown_Lantern_Single.3"
    },
    "Properties": {
      "MaxDrawDistance": 3336.4707,
      "MaxDistanceFadeRange": 2048.0,
      "LightGuid": "77D1C806-44ABBD08-CEB5EBB9-C1C6C8DE",
      "VolumetricScatteringIntensity": 0.0,
      "AttachParent": {
        "ObjectName": "StaticMeshComponent'Athena_SS_1x1_Shrine_003:PersistentLevel.ChinaTown_Lantern_Single8.StaticMeshComponent0'",
        "ObjectPath": "FortniteGame/Content/Athena/Maps/Buildings/1x1/Shrines/Athena_SS_1x1_Shrine_003.39"
      },
      "bNetAddressable": true,
      "CreationMethod": "EComponentCreationMethod::SimpleConstructionScript"
    }
  },
  {
    "Type": "PointLightComponent",
    "Name": "TrasureLight",
    "Outer": "Tiered_Chest_6_Parent_612",
    "Class": "UScriptClass'PointLightComponent'",
    "Template": {
      "ObjectName": "PointLightComponent'Tiered_Chest_Athena_C:TrasureLight_GEN_VARIABLE'",
      "ObjectPath": "FortniteGame/Content/Building/ActorBlueprints/Containers/Tiered_Chest_Athena.156"
    },
    "Properties": {
      "MaxDrawDistance": 8915.371,
      "MaxDistanceFadeRange": 2048.0,
      "LightGuid": "BED66319-44038E1C-718B1BAA-453CD91C",
      "VolumetricScatteringIntensity": 1.0,
      "AttachParent": {
        "ObjectName": "StaticMeshComponent'Athena_SS_1x1_Shrine_003:PersistentLevel.Tiered_Chest_6_Parent_612.StaticMeshComponent0'",
        "ObjectPath": "FortniteGame/Content/Athena/Maps/Buildings/1x1/Shrines/Athena_SS_1x1_Shrine_003.49"
      },
      "bVisible": false,
      "bNetAddressable": true,
      "CreationMethod": "EComponentCreationMethod::SimpleConstructionScript"
    }
  },
  {
    "Type": "Recreation_ParkBench_01_C",
    "Name": "Recreation_ParkBench_01_2",
    "Outer": "PersistentLevel",
    "Class": "BlueprintGeneratedClass'FortniteGame/Content/Building/ActorBlueprints/Prop/Recreation_ParkBench_01.Recreation_ParkBench_01_C'",
    "Template": {
      "ObjectName": "Recreation_ParkBench_01_C'Default__Recreation_ParkBench_01_C'",
      "ObjectPath": "FortniteGame/Content/Building/ActorBlueprints/Prop/Recreation_ParkBench_01.1"
    },
    "Properties": {
      "StaticMeshComponent": {
        "ObjectName": "StaticMeshComponent'Athena_SS_1x1_Shrine_003:PersistentLevel.Recreation_ParkBench_01_2.StaticMeshComponent0'",
        "ObjectPath": "FortniteGame/Content/Athena/Maps/Buildings/1x1/Shrines/Athena_SS_1x1_Shrine_003.45"
      },
      "MyGuid": "F294160A-4E9C4C9C-2D6FE1AE-618EFE3C",
      "DataVersion": 1,
      "CullDistance": 11357.692,
      "RootComponent": {
        "ObjectName": "StaticMeshComponent'Athena_SS_1x1_Shrine_003:PersistentLevel.Recreation_ParkBench_01_2.StaticMeshComponent0'",
        "ObjectPath": "FortniteGame/Content/Athena/Maps/Buildings/1x1/Shrines/Athena_SS_1x1_Shrine_003.45"
      }
    }
  },
  {
    "Type": "SM_FORT_Floors_Generic_BasicTileBeams_C",
    "Name": "SM_FORT_Floors_Generic_BasicTile_9",
    "Outer": "PersistentLevel",
    "Class": "BlueprintGeneratedClass'FortniteGame/Content/Building/ActorBlueprints/Floor/SM_FORT_Floors_Generic_BasicTileBeams.SM_FORT_Floors_Generic_BasicTileBeams_C'",
    "Template": {
      "ObjectName": "SM_FORT_Floors_Generic_BasicTileBeams_C'Default__SM_FORT_Floors_Generic_BasicTileBeams_C'",
      "ObjectPath": "FortniteGame/Content/Building/ActorBlueprints/Floor/SM_FORT_Floors_Generic_BasicTileBeams.1"
    },
    "Properties": {
      "TextureData": {
        "ObjectName": "BuildingTextureData'PlasterCeiling_06'",
        "ObjectPath": "FortniteGame/Content/Building/TextureData/Ceiling/PlasterCeiling_06.0"
      },
      "TextureData": {
        "ObjectName": "BuildingTextureData'PlasterCeiling_06'",
        "ObjectPath": "FortniteGame/Content/Building/TextureData/Ceiling/PlasterCeiling_06.0"
      },
      "ResourceType": "EFortResourceType::Stone",
      "StaticMeshComponent": {
        "ObjectName": "StaticMeshComponent'Athena_SS_1x1_Shrine_003:PersistentLevel.SM_FORT_Floors_Generic_BasicTile_9.StaticMeshComponent0'",
        "ObjectPath": "FortniteGame/Content/Athena/Maps/Buildings/1x1/Shrines/Athena_SS_1x1_Shrine_003.47"
      },
      "BaseMaterial": {
        "ObjectName": "MaterialInstanceConstant'MI_Fort_Floors_Generic_TilesClean'",
        "ObjectPath": "FortniteGame/Content/Packages/Fortress_Floors_Generic/SM/Materials/MI_Fort_Floors_Generic_TilesClean.0"
      },
      "MyGuid": "6BE27E01-4E5F66C2-65D67ABD-22D95124",
      "DataVersion": 1,
      "CullDistance": 0.0,
      "RootComponent": {
        "ObjectName": "StaticMeshComponent'Athena_SS_1x1_Shrine_003:PersistentLevel.SM_FORT_Floors_Generic_BasicTile_9.StaticMeshComponent0'",
        "ObjectPath": "FortniteGame/Content/Athena/Maps/Buildings/1x1/Shrines/Athena_SS_1x1_Shrine_003.47"
      }
    }
  },
  {
    "Type": "StaticMeshComponent",
    "Name": "StaticMeshComponent0",
    "Outer": "Chinatown_Frame_11",
    "Class": "UScriptClass'StaticMeshComponent'",
    "Template": {
      "ObjectName": "StaticMeshComponent'Default__Chinatown_Frame_02_C:StaticMeshComponent0'",
      "ObjectPath": "FortniteGame/Content/Building/ActorBlueprints/Chinatown/Sets/Shrines/Chinatown_Frame_02.5"
    },
    "Properties": {
      "OverrideMaterials": [
        null
      ],
      "LODParentPrimitive": {
        "ObjectName": "StaticMeshComponent'Athena_SS_1x1_Shrine_003:PersistentLevel.LODActor_0.StaticMeshComponent0'",
        "ObjectPath": "FortniteGame/Content/Athena/Maps/Buildings/1x1/Shrines/Athena_SS_1x1_Shrine_003.44"
      },
      "RelativeLocation": {
        "X": 256.0,
        "Y": 0.0,
        "Z": -384.0
      },
      "RelativeRotation": {
        "Pitch": 0.0,
        "Yaw": -89.999954,
        "Roll": 0.0
      }
    }
  },
  {
    "Type": "StaticMeshComponent",
    "Name": "StaticMeshComponent0",
    "Outer": "Chinatown_Frame_12",
    "Class": "UScriptClass'StaticMeshComponent'",
    "Template": {
      "ObjectName": "StaticMeshComponent'Default__Chinatown_Frame_02_C:StaticMeshComponent0'",
      "ObjectPath": "FortniteGame/Content/Building/ActorBlueprints/Chinatown/Sets/Shrines/Chinatown_Frame_02.5"
    },
    "Properties": {
      "OverrideMaterials": [
        null
      ],
      "LODParentPrimitive": {
        "ObjectName": "StaticMeshComponent'Athena_SS_1x1_Shrine_003:PersistentLevel.LODActor_0.StaticMeshComponent0'",
        "ObjectPath": "FortniteGame/Content/Athena/Maps/Buildings/1x1/Shrines/Athena_SS_1x1_Shrine_003.44"
      },
      "RelativeLocation": {
        "X": 0.0,
        "Y": 256.0,
        "Z": -384.0
      },
      "RelativeRotation": {
        "Pitch": 0.0,
        "Yaw": 1.0999997E-05,
        "Roll": 0.0
      }
    }
  },
  {
    "Type": "StaticMeshComponent",
    "Name": "StaticMeshComponent0",
    "Outer": "Chinatown_Frame_13",
    "Class": "UScriptClass'StaticMeshComponent'",
    "Template": {
      "ObjectName": "StaticMeshComponent'Default__Chinatown_Frame_02_C:StaticMeshComponent0'",
      "ObjectPath": "FortniteGame/Content/Building/ActorBlueprints/Chinatown/Sets/Shrines/Chinatown_Frame_02.5"
    },
    "Properties": {
      "OverrideMaterials": [
        null
      ],
      "LODParentPrimitive": {
        "ObjectName": "StaticMeshComponent'Athena_SS_1x1_Shrine_003:PersistentLevel.LODActor_0.StaticMeshComponent0'",
        "ObjectPath": "FortniteGame/Content/Athena/Maps/Buildings/1x1/Shrines/Athena_SS_1x1_Shrine_003.44"
      },
      "RelativeLocation": {
        "X": -256.0,
        "Y": 0.0,
        "Z": -384.0
      },
      "RelativeRotation": {
        "Pitch": 0.0,
        "Yaw": -89.999954,
        "Roll": 0.0
      }
    }
  },
  {
    "Type": "StaticMeshComponent",
    "Name": "StaticMeshComponent0",
    "Outer": "Chinatown_Frame_3",
    "Class": "UScriptClass'StaticMeshComponent'",
    "Template": {
      "ObjectName": "StaticMeshComponent'Default__Chinatown_Frame_02_C:StaticMeshComponent0'",
      "ObjectPath": "FortniteGame/Content/Building/ActorBlueprints/Chinatown/Sets/Shrines/Chinatown_Frame_02.5"
    },
    "Properties": {
      "OverrideMaterials": [
        null
      ],
      "LODParentPrimitive": {
        "ObjectName": "StaticMeshComponent'Athena_SS_1x1_Shrine_003:PersistentLevel.LODActor_0.StaticMeshComponent0'",
        "ObjectPath": "FortniteGame/Content/Athena/Maps/Buildings/1x1/Shrines/Athena_SS_1x1_Shrine_003.44"
      },
      "RelativeLocation": {
        "X": 0.0,
        "Y": -256.0,
        "Z": -384.0
      },
      "RelativeRotation": {
        "Pitch": 0.0,
        "Yaw": 179.99995,
        "Roll": 0.0
      }
    }
  },
  {
    "Type": "StaticMeshComponent",
    "Name": "StaticMeshComponent0",
    "Outer": "Chinatown_Frame_4",
    "Class": "UScriptClass'StaticMeshComponent'",
    "Template": {
      "ObjectName": "StaticMeshComponent'Default__Chinatown_Wall_Lrg_DoorWay_C:StaticMeshComponent0'",
      "ObjectPath": "FortniteGame/Content/Building/ActorBlueprints/Chinatown/Sets/Shrines/Chinatown_Wall_Lrg_DoorWay.5"
    },
    "Properties": {
      "OverrideMaterials": [
        {
          "ObjectName": "MaterialInstanceConstant'MI_Chinatown_PlasterWall'",
          "ObjectPath": "FortniteGame/Content/Environments/Chinatown/Shrine/Sets/Textures_Materials/MI_Chinatown_PlasterWall.0"
        }
      ],
      "LODParentPrimitive": {
        "ObjectName": "StaticMeshComponent'Athena_SS_1x1_Shrine_003:PersistentLevel.LODActor_0.StaticMeshComponent0'",
        "ObjectPath": "FortniteGame/Content/Athena/Maps/Buildings/1x1/Shrines/Athena_SS_1x1_Shrine_003.44"
      },
      "RelativeLocation": {
        "X": 0.0,
        "Y": -256.0,
        "Z": 0.0
      },
      "RelativeRotation": {
        "Pitch": 0.0,
        "Yaw": 179.99995,
        "Roll": 0.0
      }
    }
  },
  {
    "Type": "StaticMeshComponent",
    "Name": "StaticMeshComponent0",
    "Outer": "Chinatown_Frame_5",
    "Class": "UScriptClass'StaticMeshComponent'",
    "Template": {
      "ObjectName": "StaticMeshComponent'Default__Chinatown_Wall_Lrg_DoorWay_C:StaticMeshComponent0'",
      "ObjectPath": "FortniteGame/Content/Building/ActorBlueprints/Chinatown/Sets/Shrines/Chinatown_Wall_Lrg_DoorWay.5"
    },
    "Properties": {
      "OverrideMaterials": [
        {
          "ObjectName": "MaterialInstanceConstant'MI_Chinatown_PlasterWall'",
          "ObjectPath": "FortniteGame/Content/Environments/Chinatown/Shrine/Sets/Textures_Materials/MI_Chinatown_PlasterWall.0"
        }
      ],
      "LODParentPrimitive": {
        "ObjectName": "StaticMeshComponent'Athena_SS_1x1_Shrine_003:PersistentLevel.LODActor_0.StaticMeshComponent0'",
        "ObjectPath": "FortniteGame/Content/Athena/Maps/Buildings/1x1/Shrines/Athena_SS_1x1_Shrine_003.44"
      },
      "RelativeLocation": {
        "X": -256.0,
        "Y": 0.0,
        "Z": 0.0
      },
      "RelativeRotation": {
        "Pitch": 0.0,
        "Yaw": 89.99996,
        "Roll": 0.0
      }
    }
  },
  {
    "Type": "StaticMeshComponent",
    "Name": "StaticMeshComponent0",
    "Outer": "Chinatown_Frame_6",
    "Class": "UScriptClass'StaticMeshComponent'",
    "Template": {
      "ObjectName": "StaticMeshComponent'Default__Chinatown_Wall_Lrg_DoorWay_C:StaticMeshComponent0'",
      "ObjectPath": "FortniteGame/Content/Building/ActorBlueprints/Chinatown/Sets/Shrines/Chinatown_Wall_Lrg_DoorWay.5"
    },
    "Properties": {
      "OverrideMaterials": [
        {
          "ObjectName": "MaterialInstanceConstant'MI_Chinatown_PlasterWall'",
          "ObjectPath": "FortniteGame/Content/Environments/Chinatown/Shrine/Sets/Textures_Materials/MI_Chinatown_PlasterWall.0"
        }
      ],
      "LODParentPrimitive": {
        "ObjectName": "StaticMeshComponent'Athena_SS_1x1_Shrine_003:PersistentLevel.LODActor_0.StaticMeshComponent0'",
        "ObjectPath": "FortniteGame/Content/Athena/Maps/Buildings/1x1/Shrines/Athena_SS_1x1_Shrine_003.44"
      },
      "RelativeLocation": {
        "X": 256.0,
        "Y": 0.0,
        "Z": 0.0
      },
      "RelativeRotation": {
        "Pitch": 0.0,
        "Yaw": -89.999954,
        "Roll": 0.0
      }
    }
  },
  {
    "Type": "StaticMeshComponent",
    "Name": "StaticMeshComponent0",
    "Outer": "ChinaTown_Lantern_Single7",
    "Class": "UScriptClass'StaticMeshComponent'",
    "Template": {
      "ObjectName": "StaticMeshComponent'Default__ChinaTown_Lantern_Single_C:StaticMeshComponent0'",
      "ObjectPath": "FortniteGame/Content/Building/ActorBlueprints/Prop/ChinaTown_Lantern_Single.8"
    },
    "Properties": {
      "OverrideMaterials": [
        null
      ],
      "CachedMaxDrawDistance": 3336.4707,
      "CastShadow": true,
      "RelativeLocation": {
        "X": 323.0,
        "Y": -291.0,
        "Z": 352.0
      },
      "RelativeRotation": {
        "Pitch": 0.0,
        "Yaw": -100.69005,
        "Roll": 0.0
      }
    }
  },
  {
    "Type": "StaticMeshComponent",
    "Name": "StaticMeshComponent0",
    "Outer": "ChinaTown_Lantern_Single8",
    "Class": "UScriptClass'StaticMeshComponent'",
    "Template": {
      "ObjectName": "StaticMeshComponent'Default__ChinaTown_Lantern_Single_C:StaticMeshComponent0'",
      "ObjectPath": "FortniteGame/Content/Building/ActorBlueprints/Prop/ChinaTown_Lantern_Single.8"
    },
    "Properties": {
      "OverrideMaterials": [
        null
      ],
      "CachedMaxDrawDistance": 3336.4707,
      "CastShadow": true,
      "RelativeLocation": {
        "X": -316.0,
        "Y": -291.0,
        "Z": 352.0
      },
      "RelativeRotation": {
        "Pitch": 0.0,
        "Yaw": -100.69005,
        "Roll": 0.0
      }
    }
  },
  {
    "Type": "StaticMeshComponent",
    "Name": "StaticMeshComponent0",
    "Outer": "Chinatown_Roof_02_EndCap2",
    "Class": "UScriptClass'StaticMeshComponent'",
    "Template": {
      "ObjectName": "StaticMeshComponent'Default__Chinatown_Roof_02_EndCap_C:StaticMeshComponent0'",
      "ObjectPath": "FortniteGame/Content/Building/ActorBlueprints/Chinatown/Sets/Shrines/Chinatown_Roof_02_EndCap.5"
    },
    "Properties": {
      "OverrideMaterials": [
        {
          "ObjectName": "MaterialInstanceConstant'MI_Chinatown_PlasterWall'",
          "ObjectPath": "FortniteGame/Content/Environments/Chinatown/Shrine/Sets/Textures_Materials/MI_Chinatown_PlasterWall.0"
        }
      ],
      "LODParentPrimitive": {
        "ObjectName": "StaticMeshComponent'Athena_SS_1x1_Shrine_003:PersistentLevel.LODActor_0.StaticMeshComponent0'",
        "ObjectPath": "FortniteGame/Content/Athena/Maps/Buildings/1x1/Shrines/Athena_SS_1x1_Shrine_003.44"
      },
      "RelativeLocation": {
        "X": 0.0,
        "Y": 256.0,
        "Z": 384.0
      }
    }
  },
  {
    "Type": "StaticMeshComponent",
    "Name": "StaticMeshComponent0",
    "Outer": "Chinatown_Roof_02_EndCap_7",
    "Class": "UScriptClass'StaticMeshComponent'",
    "Template": {
      "ObjectName": "StaticMeshComponent'Default__Chinatown_Roof_02_EndCap_C:StaticMeshComponent0'",
      "ObjectPath": "FortniteGame/Content/Building/ActorBlueprints/Chinatown/Sets/Shrines/Chinatown_Roof_02_EndCap.5"
    },
    "Properties": {
      "OverrideMaterials": [
        {
          "ObjectName": "MaterialInstanceConstant'MI_Chinatown_PlasterWall'",
          "ObjectPath": "FortniteGame/Content/Environments/Chinatown/Shrine/Sets/Textures_Materials/MI_Chinatown_PlasterWall.0"
        }
      ],
      "LODParentPrimitive": {
        "ObjectName": "StaticMeshComponent'Athena_SS_1x1_Shrine_003:PersistentLevel.LODActor_0.StaticMeshComponent0'",
        "ObjectPath": "FortniteGame/Content/Athena/Maps/Buildings/1x1/Shrines/Athena_SS_1x1_Shrine_003.44"
      },
      "RelativeLocation": {
        "X": 0.0,
        "Y": -256.0,
        "Z": 384.0
      },
      "RelativeRotation": {
        "Pitch": 0.0,
        "Yaw": -179.99995,
        "Roll": 0.0
      }
    }
  },
  {
    "Type": "StaticMeshComponent",
    "Name": "StaticMeshComponent0",
    "Outer": "Chinatown_Roof_1",
    "Class": "UScriptClass'StaticMeshComponent'",
    "Template": {
      "ObjectName": "StaticMeshComponent'Default__Chinatown_Roof_02a_C:StaticMeshComponent0'",
      "ObjectPath": "FortniteGame/Content/Building/ActorBlueprints/Chinatown/Sets/Shrines/Chinatown_Roof_02a.5"
    },
    "Properties": {
      "OverrideMaterials": [
        null
      ],
      "LODParentPrimitive": {
        "ObjectName": "StaticMeshComponent'Athena_SS_1x1_Shrine_003:PersistentLevel.LODActor_0.StaticMeshComponent0'",
        "ObjectPath": "FortniteGame/Content/Athena/Maps/Buildings/1x1/Shrines/Athena_SS_1x1_Shrine_003.44"
      },
      "RelativeLocation": {
        "X": 255.99998,
        "Y": -0.00024414062,
        "Z": 384.0
      },
      "RelativeRotation": {
        "Pitch": 0.0,
        "Yaw": 89.999954,
        "Roll": 0.0
      }
    }
  },
  {
    "Type": "StaticMeshComponent",
    "Name": "StaticMeshComponent0",
    "Outer": "Chinatown_Wall_2",
    "Class": "UScriptClass'StaticMeshComponent'",
    "Template": {
      "ObjectName": "StaticMeshComponent'Default__Chinatown_Wall_C:StaticMeshComponent0'",
      "ObjectPath": "FortniteGame/Content/Building/ActorBlueprints/Chinatown/Sets/Shrines/Chinatown_Wall.5"
    },
    "Properties": {
      "OverrideMaterials": [
        {
          "ObjectName": "MaterialInstanceConstant'MI_Chinatown_PlasterWall'",
          "ObjectPath": "FortniteGame/Content/Environments/Chinatown/Shrine/Sets/Textures_Materials/MI_Chinatown_PlasterWall.0"
        }
      ],
      "LODParentPrimitive": {
        "ObjectName": "StaticMeshComponent'Athena_SS_1x1_Shrine_003:PersistentLevel.LODActor_0.StaticMeshComponent0'",
        "ObjectPath": "FortniteGame/Content/Athena/Maps/Buildings/1x1/Shrines/Athena_SS_1x1_Shrine_003.44"
      },
      "RelativeLocation": {
        "X": 0.0,
        "Y": 256.0,
        "Z": 0.0
      }
    }
  },
  {
    "Type": "StaticMeshComponent",
    "Name": "StaticMeshComponent0",
    "Outer": "LODActor_0",
    "Class": "UScriptClass'StaticMeshComponent'",
    "Properties": {
      "StaticMesh": {
        "ObjectName": "StaticMesh'SM_Athena_SS_1x1_Shrine_003_0_SM_FORT_Floors_Generic_BasicTile_5'",
        "ObjectPath": "FortniteGame/Content/Athena/Maps/Buildings/1x1/Shrines/HLOD/Athena_SS_1x1_Shrine_003_0_HLOD.3"
      },
      "MinDrawDistance": 35000.0,
      "CastShadow": true,
      "bCastStaticShadow": true
    }
  },
  {
    "Type": "StaticMeshComponent",
    "Name": "StaticMeshComponent0",
    "Outer": "Recreation_ParkBench_01_2",
    "Class": "UScriptClass'StaticMeshComponent'",
    "Template": {
      "ObjectName": "StaticMeshComponent'Default__Recreation_ParkBench_01_C:StaticMeshComponent0'",
      "ObjectPath": "FortniteGame/Content/Building/ActorBlueprints/Prop/Recreation_ParkBench_01.4"
    },
    "Properties": {
      "OverrideMaterials": [
        null
      ],
      "CachedMaxDrawDistance": 11357.692,
      "RelativeLocation": {
        "X": 0.0,
        "Y": 188.0,
        "Z": 8.0
      },
      "RelativeRotation": {
        "Pitch": 0.0,
        "Yaw": -179.99988,
        "Roll": 0.0
      }
    }
  },
  {
    "Type": "StaticMeshComponent",
    "Name": "StaticMeshComponent0",
    "Outer": "SM_FORT_Floors_Generic_BasicTile_5",
    "Class": "UScriptClass'StaticMeshComponent'",
    "Template": {
      "ObjectName": "StaticMeshComponent'Default__Boardwalk_Floor_C:StaticMeshComponent0'",
      "ObjectPath": "FortniteGame/Content/Building/ActorBlueprints/Floor/Boardwalk_Floor.4"
    },
    "Properties": {
      "OverrideMaterials": [
        null
      ],
      "LODParentPrimitive": {
        "ObjectName": "StaticMeshComponent'Athena_SS_1x1_Shrine_003:PersistentLevel.LODActor_0.StaticMeshComponent0'",
        "ObjectPath": "FortniteGame/Content/Athena/Maps/Buildings/1x1/Shrines/Athena_SS_1x1_Shrine_003.44"
      },
      "RelativeLocation": {
        "X": 255.99998,
        "Y": -0.0012207031,
        "Z": 0.0
      },
      "RelativeRotation": {
        "Pitch": 0.0,
        "Yaw": 89.99968,
        "Roll": 0.0
      }
    }
  },
  {
    "Type": "StaticMeshComponent",
    "Name": "StaticMeshComponent0",
    "Outer": "SM_FORT_Floors_Generic_BasicTile_9",
    "Class": "UScriptClass'StaticMeshComponent'",
    "Template": {
      "ObjectName": "StaticMeshComponent'Default__SM_FORT_Floors_Generic_BasicTileBeams_C:StaticMeshComponent0'",
      "ObjectPath": "FortniteGame/Content/Building/ActorBlueprints/Floor/SM_FORT_Floors_Generic_BasicTileBeams.4"
    },
    "Properties": {
      "OverrideMaterials": [
        null
      ],
      "LODParentPrimitive": {
        "ObjectName": "StaticMeshComponent'Athena_SS_1x1_Shrine_003:PersistentLevel.LODActor_0.StaticMeshComponent0'",
        "ObjectPath": "FortniteGame/Content/Athena/Maps/Buildings/1x1/Shrines/Athena_SS_1x1_Shrine_003.44"
      },
      "RelativeLocation": {
        "X": -256.0,
        "Y": 0.0014648438,
        "Z": 384.0
      },
      "RelativeRotation": {
        "Pitch": 0.0,
        "Yaw": -90.00035,
        "Roll": 0.0
      }
    }
  },
  {
    "Type": "StaticMeshComponent",
    "Name": "S_Chest_SmokeSheet",
    "Outer": "Tiered_Chest_6_Parent_612",
    "Class": "UScriptClass'StaticMeshComponent'",
    "Template": {
      "ObjectName": "StaticMeshComponent'Tiered_Chest_Athena_C:S_Chest_SmokeSheet_GEN_VARIABLE'",
      "ObjectPath": "FortniteGame/Content/Building/ActorBlueprints/Containers/Tiered_Chest_Athena.166"
    },
    "Properties": {
      "CachedMaxDrawDistance": 8915.371,
      "AttachParent": {
        "ObjectName": "StaticMeshComponent'Athena_SS_1x1_Shrine_003:PersistentLevel.Tiered_Chest_6_Parent_612.StaticMeshComponent0'",
        "ObjectPath": "FortniteGame/Content/Athena/Maps/Buildings/1x1/Shrines/Athena_SS_1x1_Shrine_003.49"
      },
      "bNetAddressable": true,
      "CreationMethod": "EComponentCreationMethod::SimpleConstructionScript"
    }
  },
  {
    "Type": "StaticMeshComponent",
    "Name": "StaticMeshComponent0",
    "Outer": "Tiered_Chest_6_Parent_612",
    "Class": "UScriptClass'StaticMeshComponent'",
    "Template": {
      "ObjectName": "StaticMeshComponent'Default__Tiered_Chest_Athena_C:StaticMeshComponent0'",
      "ObjectPath": "FortniteGame/Content/Building/ActorBlueprints/Containers/Tiered_Chest_Athena.164"
    },
    "Properties": {
      "OverrideMaterials": [
        null
      ],
      "LDMaxDrawDistance": 0.0,
      "CachedMaxDrawDistance": 8915.371,
      "RelativeLocation": {
        "X": 3.9999895,
        "Y": 188.0,
        "Z": 64.0
      },
      "RelativeRotation": {
        "Pitch": 0.0,
        "Yaw": -179.99988,
        "Roll": 0.0
      }
    }
  },
  {
    "Type": "Tiered_Chest_Athena_C",
    "Name": "Tiered_Chest_6_Parent_612",
    "Outer": "PersistentLevel",
    "Class": "BlueprintGeneratedClass'FortniteGame/Content/Building/ActorBlueprints/Containers/Tiered_Chest_Athena.Tiered_Chest_Athena_C'",
    "Template": {
      "ObjectName": "Tiered_Chest_Athena_C'Default__Tiered_Chest_Athena_C'",
      "ObjectPath": "FortniteGame/Content/Building/ActorBlueprints/Containers/Tiered_Chest_Athena.2"
    },
    "Properties": {
      "P_Loot_Chest_Aura_Athena": {
        "ObjectName": "ParticleSystemComponent'Athena_SS_1x1_Shrine_003:PersistentLevel.Tiered_Chest_6_Parent_612.P_Loot_Chest_Aura_Athena'",
        "ObjectPath": "FortniteGame/Content/Athena/Maps/Buildings/1x1/Shrines/Athena_SS_1x1_Shrine_003.25"
      },
      "S_Chest_SmokeSheet": {
        "ObjectName": "StaticMeshComponent'Athena_SS_1x1_Shrine_003:PersistentLevel.Tiered_Chest_6_Parent_612.S_Chest_SmokeSheet'",
        "ObjectPath": "FortniteGame/Content/Athena/Maps/Buildings/1x1/Shrines/Athena_SS_1x1_Shrine_003.48"
      },
      "TrasureLight": {
        "ObjectName": "PointLightComponent'Athena_SS_1x1_Shrine_003:PersistentLevel.Tiered_Chest_6_Parent_612.TrasureLight'",
        "ObjectPath": "FortniteGame/Content/Athena/Maps/Buildings/1x1/Shrines/Athena_SS_1x1_Shrine_003.28"
      },
      "Chest_Ambient_Sound": {
        "ObjectName": "AudioComponent'Athena_SS_1x1_Shrine_003:PersistentLevel.Tiered_Chest_6_Parent_612.Chest_Ambient_Sound'",
        "ObjectPath": "FortniteGame/Content/Athena/Maps/Buildings/1x1/Shrines/Athena_SS_1x1_Shrine_003.3"
      },
      "MobileSelectedTL": {
        "ObjectName": "TimelineComponent'Athena_SS_1x1_Shrine_003:PersistentLevel.Tiered_Chest_6_Parent_612.MobileSelectedTL'",
        "ObjectPath": "FortniteGame/Content/Athena/Maps/Buildings/1x1/Shrines/Athena_SS_1x1_Shrine_003.52"
      },
      "MobileOnInteractTL": {
        "ObjectName": "TimelineComponent'Athena_SS_1x1_Shrine_003:PersistentLevel.Tiered_Chest_6_Parent_612.MobileOnInteractTL'",
        "ObjectPath": "FortniteGame/Content/Athena/Maps/Buildings/1x1/Shrines/Athena_SS_1x1_Shrine_003.51"
      },
      "TimeOfDayControlledLights": [
        {
          "ObjectName": "PointLightComponent'Athena_SS_1x1_Shrine_003:PersistentLevel.Tiered_Chest_6_Parent_612.TrasureLight'",
          "ObjectPath": "FortniteGame/Content/Athena/Maps/Buildings/1x1/Shrines/Athena_SS_1x1_Shrine_003.28"
        }
      ],
      "StaticMeshComponent": {
        "ObjectName": "StaticMeshComponent'Athena_SS_1x1_Shrine_003:PersistentLevel.Tiered_Chest_6_Parent_612.StaticMeshComponent0'",
        "ObjectPath": "FortniteGame/Content/Athena/Maps/Buildings/1x1/Shrines/Athena_SS_1x1_Shrine_003.49"
      },
      "MyGuid": "88716313-47F7FF5C-46EC86B9-1B5B13A2",
      "DataVersion": 1,
      "CullDistance": 8915.371,
      "RootComponent": {
        "ObjectName": "StaticMeshComponent'Athena_SS_1x1_Shrine_003:PersistentLevel.Tiered_Chest_6_Parent_612.StaticMeshComponent0'",
        "ObjectPath": "FortniteGame/Content/Athena/Maps/Buildings/1x1/Shrines/Athena_SS_1x1_Shrine_003.49"
      },
      "BlueprintCreatedComponents": [
        {
          "ObjectName": "AudioComponent'Athena_SS_1x1_Shrine_003:PersistentLevel.Tiered_Chest_6_Parent_612.Chest_Ambient_Sound'",
          "ObjectPath": "FortniteGame/Content/Athena/Maps/Buildings/1x1/Shrines/Athena_SS_1x1_Shrine_003.3"
        },
        {
          "ObjectName": "PointLightComponent'Athena_SS_1x1_Shrine_003:PersistentLevel.Tiered_Chest_6_Parent_612.TrasureLight'",
          "ObjectPath": "FortniteGame/Content/Athena/Maps/Buildings/1x1/Shrines/Athena_SS_1x1_Shrine_003.28"
        },
        {
          "ObjectName": "StaticMeshComponent'Athena_SS_1x1_Shrine_003:PersistentLevel.Tiered_Chest_6_Parent_612.S_Chest_SmokeSheet'",
          "ObjectPath": "FortniteGame/Content/Athena/Maps/Buildings/1x1/Shrines/Athena_SS_1x1_Shrine_003.48"
        },
        {
          "ObjectName": "ParticleSystemComponent'Athena_SS_1x1_Shrine_003:PersistentLevel.Tiered_Chest_6_Parent_612.P_Loot_Chest_Aura_Athena'",
          "ObjectPath": "FortniteGame/Content/Athena/Maps/Buildings/1x1/Shrines/Athena_SS_1x1_Shrine_003.25"
        },
        {
          "ObjectName": "TimelineComponent'Athena_SS_1x1_Shrine_003:PersistentLevel.Tiered_Chest_6_Parent_612.MobileOnInteractTL'",
          "ObjectPath": "FortniteGame/Content/Athena/Maps/Buildings/1x1/Shrines/Athena_SS_1x1_Shrine_003.51"
        },
        {
          "ObjectName": "TimelineComponent'Athena_SS_1x1_Shrine_003:PersistentLevel.Tiered_Chest_6_Parent_612.MobileSelectedTL'",
          "ObjectPath": "FortniteGame/Content/Athena/Maps/Buildings/1x1/Shrines/Athena_SS_1x1_Shrine_003.52"
        }
      ]
    }
  },
  {
    "Type": "TimelineComponent",
    "Name": "MobileOnInteractTL",
    "Outer": "Tiered_Chest_6_Parent_612",
    "Class": "UScriptClass'TimelineComponent'",
    "Properties": {
      "TheTimeline": {
        "LengthMode": "TL_TimelineLength",
        "Length": 0.25,
        "InterpFloats": [
          {
            "FloatCurve": {
              "ObjectName": "CurveFloat'Tiered_Chest_Athena_C:CurveFloat_0'",
              "ObjectPath": "FortniteGame/Content/Building/ActorBlueprints/Containers/Tiered_Chest_Athena.85"
            },
            "InterpFunc": {
              "Num": 0,
              "Name": "None"
            },
            "TrackName": "LERP",
            "FloatPropertyName": "MobileOnInteractTL_LERP_9BD788A146DACD005BAF94BEBEDAB584"
          }
        ],
        "TimelinePostUpdateFunc": {
          "Num": 51,
          "Name": "MobileOnInteractTL__UpdateFunc"
        },
        "TimelineFinishedFunc": {
          "Num": 51,
          "Name": "MobileOnInteractTL__FinishedFunc"
        },
        "PropertySetObject": {
          "ObjectName": "Tiered_Chest_Athena_C'Athena_SS_1x1_Shrine_003:PersistentLevel.Tiered_Chest_6_Parent_612'",
          "ObjectPath": "FortniteGame/Content/Athena/Maps/Buildings/1x1/Shrines/Athena_SS_1x1_Shrine_003.50"
        },
        "DirectionPropertyName": "MobileOnInteractTL__Direction_9BD788A146DACD005BAF94BEBEDAB584"
      },
      "bNetAddressable": true,
      "CreationMethod": "EComponentCreationMethod::UserConstructionScript"
    }
  },
  {
    "Type": "TimelineComponent",
    "Name": "MobileSelectedTL",
    "Outer": "Tiered_Chest_6_Parent_612",
    "Class": "UScriptClass'TimelineComponent'",
    "Properties": {
      "TheTimeline": {
        "LengthMode": "TL_TimelineLength",
        "Length": 0.21,
        "InterpFloats": [
          {
            "FloatCurve": {
              "ObjectName": "CurveFloat'Tiered_Chest_Athena_C:CurveFloat_0_1'",
              "ObjectPath": "FortniteGame/Content/Building/ActorBlueprints/Containers/Tiered_Chest_Athena.86"
            },
            "InterpFunc": {
              "Num": 0,
              "Name": "None"
            },
            "TrackName": "LerpObject",
            "FloatPropertyName": "MobileSelectedTL_LerpObject_EEB30EBE433E8977EDA63DB381EAF0C8"
          },
          {
            "FloatCurve": {
              "ObjectName": "CurveFloat'Tiered_Chest_Athena_C:CurveFloat_1'",
              "ObjectPath": "FortniteGame/Content/Building/ActorBlueprints/Containers/Tiered_Chest_Athena.87"
            },
            "InterpFunc": {
              "Num": 0,
              "Name": "None"
            },
            "TrackName": "LerpInteactoIcon",
            "FloatPropertyName": "MobileSelectedTL_LerpInteactoIcon_EEB30EBE433E8977EDA63DB381EAF0C8"
          }
        ],
        "TimelinePostUpdateFunc": {
          "Num": 51,
          "Name": "MobileSelectedTL__UpdateFunc"
        },
        "TimelineFinishedFunc": {
          "Num": 51,
          "Name": "MobileSelectedTL__FinishedFunc"
        },
        "PropertySetObject": {
          "ObjectName": "Tiered_Chest_Athena_C'Athena_SS_1x1_Shrine_003:PersistentLevel.Tiered_Chest_6_Parent_612'",
          "ObjectPath": "FortniteGame/Content/Athena/Maps/Buildings/1x1/Shrines/Athena_SS_1x1_Shrine_003.50"
        },
        "DirectionPropertyName": "MobileSelectedTL__Direction_EEB30EBE433E8977EDA63DB381EAF0C8"
      },
      "bNetAddressable": true,
      "CreationMethod": "EComponentCreationMethod::UserConstructionScript"
    }
  },
  {
    "Type": "World",
    "Name": "Athena_SS_1x1_Shrine_003",
    "Class": "UScriptClass'World'",
    "Properties": {
      "DefaultPhysicsVolume": null
    },
    "PersistentLevel": {
      "ObjectName": "Level'Athena_SS_1x1_Shrine_003:PersistentLevel'",
      "ObjectPath": "FortniteGame/Content/Athena/Maps/Buildings/1x1/Shrines/Athena_SS_1x1_Shrine_003.20"
    },
    "ExtraReferencedObjects": [],
    "StreamingLevels": []
  }
]