[
  {
    "Type": "BodySetup",
    "Name": "BodySetup_0",
    "Outer": "SM_Athena_POI_ContainerTown_0_S_Elevation_Ground_Z377",
    "Class": "UScriptClass'BodySetup'",
    "Properties": {
      "DefaultInstance": {
        "ObjectType": "ECC_WorldStatic",
        "CollisionEnabled": "ECollisionEnabled::QueryOnly",
        "CollisionProfileName": "BlockAll",
        "CollisionResponses": {
          "ResponseArray": [
            {
              "Channel": "FCC_Trace_WeaponCapsule",
              "Response": "ECR_Block"
            },
            {
              "Channel": "FCC_Object_PawnAI",
              "Response": "ECR_Block"
            },
            {
              "Channel": "FCC_Trace_WeaponMulti",
              "Response": "ECR_Block"
            },
            {
              "Channel": "FCC_Trace_Weapon",
              "Response": "ECR_Block"
            },
            {
              "Channel": "FCC_Object_Projectile",
              "Response": "ECR_Block"
            },
            {
              "Channel": "FCC_Object_ProjectileIgnoreAI",
              "Response": "ECR_Block"
            },
            {
              "Channel": "FCC_Object_ProjectileMesh",
              "Response": "ECR_Block"
            },
            {
              "Channel": "FCC_Object_SpectatorDroneCamera",
              "Response": "ECR_Block"
            },
            {
              "Channel": "FCC_Trace_WeaponPawnAndWorldMulti",
              "Response": "ECR_Block"
            }
          ]
        }
      }
    },
    "BodySetupGuid": "ED52CA4F4D3ADDF695B9B58E77F04269"
  },
  {
    "Type": "HLODProxy",
    "Name": "Athena_POI_ContainerTown_0_HLOD",
    "Class": "UScriptClass'HLODProxy'",
    "Properties": {
      "ProxyMeshes": [
        {
          "LODActor": {
            "Guid": "41D7F636-4ED1D9DB-871140AF-C39AB95E"
          },
          "StaticMesh": {
            "ObjectName": "StaticMesh'SM_Athena_POI_ContainerTown_0_S_Elevation_Ground_Z377'",
            "ObjectPath": "FortniteGame/Content/Athena/Maps/POI/HLOD/Athena_POI_ContainerTown_0_HLOD.4"
          },
          "Key": "76927B120C6645ACB9200E7FB8896AC3_41D7F6364ED1D9DB871140AFC39AB95E_6961D96E_C8CFF814_F5954731_ProxyLODMeshReduction"
        }
      ]
    }
  },
  {
    "Type": "MaterialInstanceConstant",
    "Name": "M_Athena_POI_ContainerTown_0_S_Elevation_Ground_Z377",
    "Class": "UScriptClass'MaterialInstanceConstant'",
    "Properties": {
      "Parent": {
        "ObjectName": "MaterialInstanceConstant'BaseFlattenMaterialAthena_GrassReplacement'",
        "ObjectPath": "FortniteGame/Content/Athena/HLODSetup/Materials/BaseFlattenMaterialAthena_GrassReplacement.0"
      },
      "bHasStaticPermutationResource": true,
      "ScalarParameterValues": [
        {
          "ParameterInfo": {
            "Name": "MetallicConst",
            "Association": "GlobalParameter",
            "Index": -1
          },
          "ParameterValue": 0.0,
          "ExpressionGUID": "16B059D0-44221A3F-374E1891-C270FC15"
        },
        {
          "ParameterInfo": {
            "Name": "RoughnessConst",
            "Association": "GlobalParameter",
            "Index": -1
          },
          "ParameterValue": 1.0,
          "ExpressionGUID": "D267A77E-41FA7EC1-5E9D5BAE-BBF80B38"
        },
        {
          "ParameterInfo": {
            "Name": "SpecularConst",
            "Association": "GlobalParameter",
            "Index": -1
          },
          "ParameterValue": 0.075,
          "ExpressionGUID": "28B5BE19-4FC55461-751117AD-2CD30525"
        },
        {
          "ParameterInfo": {
            "Name": "OpacityConst",
            "Association": "GlobalParameter",
            "Index": -1
          },
          "ParameterValue": 1.0,
          "ExpressionGUID": "54F848F8-429DCBC2-7FFE98BC-6B68D0FF"
        },
        {
          "ParameterInfo": {
            "Name": "OpacityMaskConst",
            "Association": "GlobalParameter",
            "Index": -1
          },
          "ParameterValue": 1.0,
          "ExpressionGUID": "E97FC7E1-48654DF8-73D2E8A2-879E06C7"
        },
        {
          "ParameterInfo": {
            "Name": "AmbientOcclusionConst",
            "Association": "GlobalParameter",
            "Index": -1
          },
          "ParameterValue": 1.0,
          "ExpressionGUID": "423DC731-407F9562-94B756BF-6321AC88"
        }
      ],
      "TextureParameterValues": [
        {
          "ParameterInfo": {
            "Name": "DiffuseTexture",
            "Association": "GlobalParameter",
            "Index": -1
          },
          "ParameterValue": {
            "ObjectName": "Texture2D'T_Athena_POI_ContainerTown_0_S_Elevation_Ground_Z377_Diffuse'",
            "ObjectPath": "FortniteGame/Content/Athena/Maps/POI/HLOD/Athena_POI_ContainerTown_0_HLOD.5"
          },
          "ExpressionGUID": "FA983522-483B48DB-7302F694-A9E59879"
        }
      ],
      "BasePropertyOverrides": {
        "bOverride_DitheredLODTransition": true,
        "DitheredLODTransition": true
      },
      "StaticParameters": {
        "StaticSwitchParameters": [
          {
            "ParameterInfo": {
              "Name": "UseDiffuse",
              "Association": "GlobalParameter",
              "Index": -1
            },
            "Value": true,
            "bOverride": true,
            "ExpressionGUID": "99BA8635-4EAA882F-9D4136AF-958BF760"
          }
        ]
      }
    }
  },
  {
    "Type": "NavCollision",
    "Name": "NavCollision_0",
    "Outer": "SM_Athena_POI_ContainerTown_0_S_Elevation_Ground_Z377",
    "Class": "UScriptClass'NavCollision'",
    "CookedFormatData": {
      "NavCollision_X": {
        "BulkDataFlags": "BULKDATA_SingleUse | BULKDATA_ForceInlinePayload",
        "ElementCount": 21,
        "SizeOnDisk": 21,
        "OffsetInFile": "0x45C69"
      }
    }
  },
  {
    "Type": "StaticMesh",
    "Name": "SM_Athena_POI_ContainerTown_0_S_Elevation_Ground_Z377",
    "Class": "UScriptClass'StaticMesh'",
    "Properties": {
      "StaticMaterials": [
        {
          "MaterialInterface": {
            "ObjectName": "MaterialInstanceConstant'M_Athena_POI_ContainerTown_0_S_Elevation_Ground_Z377'",
            "ObjectPath": "FortniteGame/Content/Athena/Maps/POI/HLOD/Athena_POI_ContainerTown_0_HLOD.2"
          },
          "MaterialSlotName": "M_Athena_POI_ContainerTown_0_S_Elevation_Ground_Z377",
          "ImportedMaterialSlotName": "M_Athena_POI_ContainerTown_0_S_Elevation_Ground_Z377",
          "UVChannelData": {
            "bInitialized": true,
            "bOverrideDensities": false,
            "LocalUVDensities": 32314.527,
            "LocalUVDensities": 32314.527,
            "LocalUVDensities": 0.0,
            "LocalUVDensities": 0.0
          }
        },
        {
          "MaterialInterface": {
            "ObjectName": "MaterialInstanceConstant'MI_AthenaTreeXmasPine_01_Impostor'",
            "ObjectPath": "FortniteGame/Content/ImpostorBaker/ImpostorLODs/AthenaTreeXmasPine_02/MI_AthenaTreeXmasPine_01_Impostor.0"
          },
          "MaterialSlotName": "MI_AthenaTreeXmasPine_01_Impostor",
          "ImportedMaterialSlotName": "MI_AthenaTreeXmasPine_01_Impostor",
          "UVChannelData": {
            "bInitialized": true,
            "bOverrideDensities": false,
            "LocalUVDensities": 17920.416,
            "LocalUVDensities": 119.890785,
            "LocalUVDensities": 0.0,
            "LocalUVDensities": 0.0
          }
        },
        {
          "MaterialInterface": {
            "ObjectName": "MaterialInstanceConstant'MI_AthenaTreeXmasPine_02_Impostor'",
            "ObjectPath": "FortniteGame/Content/ImpostorBaker/ImpostorLODs/AthenaTreeXmasPine_02/MI_AthenaTreeXmasPine_02_Impostor.0"
          },
          "MaterialSlotName": "MI_AthenaTreeXmasPine_02_Impostor",
          "ImportedMaterialSlotName": "MI_AthenaTreeXmasPine_02_Impostor",
          "UVChannelData": {
            "bInitialized": true,
            "bOverrideDensities": false,
            "LocalUVDensities": 17837.05,
            "LocalUVDensities": 126.29614,
            "LocalUVDensities": 0.0,
            "LocalUVDensities": 0.0
          }
        }
      ],
      "LightmapUVDensity": 32282.424,
      "PositiveBoundsExtension": {
        "X": 0.0,
        "Y": 0.0,
        "Z": 57.26355
      },
      "ExtendedBounds": {
        "Origin": {
          "X": 258.54053,
          "Y": 8.649902,
          "Z": 984.8207
        },
        "BoxExtent": {
          "X": 5387.259,
          "Y": 6160.5347,
          "Z": 1014.22766
        },
        "SphereRadius": 8246.417
      }
    },
    "BodySetup": {
      "ObjectName": "BodySetup'SM_Athena_POI_ContainerTown_0_S_Elevation_Ground_Z377:BodySetup_0'",
      "ObjectPath": "FortniteGame/Content/Athena/Maps/POI/HLOD/Athena_POI_ContainerTown_0_HLOD.0"
    },
    "NavCollision": {
      "ObjectName": "NavCollision'SM_Athena_POI_ContainerTown_0_S_Elevation_Ground_Z377:NavCollision_0'",
      "ObjectPath": "FortniteGame/Content/Athena/Maps/POI/HLOD/Athena_POI_ContainerTown_0_HLOD.3"
    },
    "LightingGuid": "6D8039E8-430AD5F3-DDED9090-078019BF",
    "RenderData": null
  },
  {
    "Type": "Texture2D",
    "Name": "T_Athena_POI_ContainerTown_0_S_Elevation_Ground_Z377_Diffuse",
    "Class": "UScriptClass'Texture2D'",
    "Properties": {
      "ImportedSize": {
        "X": 256,
        "Y": 256
      },
      "LightingGuid": "5D11D086-448F11B8-99F972A9-0AD18A93",
      "LODGroup": "TEXTUREGROUP_HierarchicalLOD"
    },
    "SizeX": 0,
    "SizeY": 0,
    "PackedData": 0,
    "PixelFormat": "PF_Unknown",
    "FirstMipToSerialize": -1
  }
]