[
  {
    "Type": "BodySetup",
    "Name": "BodySetup_0",
    "Outer": "SM_Athena_POI_GolfCourse_001_0_S_Elevation_Ground_Z_High21_1",
    "Class": "UScriptClass'BodySetup'",
    "Properties": {
      "DefaultInstance": {
        "ObjectType": "ECC_WorldStatic",
        "CollisionEnabled": "ECollisionEnabled::QueryOnly",
        "CollisionProfileName": "BlockAll",
        "CollisionResponses": {
          "ResponseArray": [
            {
              "Channel": "FCC_Trace_WeaponCapsule",
              "Response": "ECR_Block"
            },
            {
              "Channel": "FCC_Object_PawnAI",
              "Response": "ECR_Block"
            },
            {
              "Channel": "FCC_Trace_WeaponMulti",
              "Response": "ECR_Block"
            },
            {
              "Channel": "FCC_Trace_Weapon",
              "Response": "ECR_Block"
            },
            {
              "Channel": "FCC_Object_Projectile",
              "Response": "ECR_Block"
            },
            {
              "Channel": "FCC_Object_ProjectileIgnoreAI",
              "Response": "ECR_Block"
            },
            {
              "Channel": "FCC_Object_ProjectileMesh",
              "Response": "ECR_Block"
            },
            {
              "Channel": "FCC_Object_SpectatorDroneCamera",
              "Response": "ECR_Block"
            },
            {
              "Channel": "FCC_Trace_WeaponPawnAndWorldMulti",
              "Response": "ECR_Block"
            }
          ]
        }
      }
    },
    "BodySetupGuid": "9A12C21A4A95DF0DA5C3FF93F7C9B795"
  },
  {
    "Type": "HLODProxy",
    "Name": "Athena_POI_GolfCourse_001_0_HLOD",
    "Class": "UScriptClass'HLODProxy'",
    "Properties": {
      "ProxyMeshes": [
        {
          "LODActor": {
            "Guid": "44DEC7B5-460969AC-1DDE9EBF-66C36E80"
          },
          "StaticMesh": {
            "ObjectName": "StaticMesh'SM_Athena_POI_GolfCourse_001_0_S_Elevation_Ground_Z_High21_1'",
            "ObjectPath": "FortniteGame/Content/Athena/Maps/POI/HLOD/Athena_POI_GolfCourse_001_0_HLOD.4"
          },
          "Key": "76927B120C6645ACB9200E7FB8896AC3_44DEC7B5460969AC1DDE9EBF66C36E80_6961D96E_C8CFF814_7CB9A764_ProxyLODMeshReduction"
        }
      ]
    }
  },
  {
    "Type": "MaterialInstanceConstant",
    "Name": "M_Athena_POI_GolfCourse_001_0_S_Elevation_Ground_Z_High21_1",
    "Class": "UScriptClass'MaterialInstanceConstant'",
    "Properties": {
      "Parent": {
        "ObjectName": "MaterialInstanceConstant'BaseFlattenMaterialAthena_GrassReplacement'",
        "ObjectPath": "FortniteGame/Content/Athena/HLODSetup/Materials/BaseFlattenMaterialAthena_GrassReplacement.0"
      },
      "bHasStaticPermutationResource": true,
      "ScalarParameterValues": [
        {
          "ParameterInfo": {
            "Name": "MetallicConst",
            "Association": "GlobalParameter",
            "Index": -1
          },
          "ParameterValue": 0.0,
          "ExpressionGUID": "16B059D0-44221A3F-374E1891-C270FC15"
        },
        {
          "ParameterInfo": {
            "Name": "RoughnessConst",
            "Association": "GlobalParameter",
            "Index": -1
          },
          "ParameterValue": 1.0,
          "ExpressionGUID": "D267A77E-41FA7EC1-5E9D5BAE-BBF80B38"
        },
        {
          "ParameterInfo": {
            "Name": "SpecularConst",
            "Association": "GlobalParameter",
            "Index": -1
          },
          "ParameterValue": 0.075,
          "ExpressionGUID": "28B5BE19-4FC55461-751117AD-2CD30525"
        },
        {
          "ParameterInfo": {
            "Name": "OpacityConst",
            "Association": "GlobalParameter",
            "Index": -1
          },
          "ParameterValue": 1.0,
          "ExpressionGUID": "54F848F8-429DCBC2-7FFE98BC-6B68D0FF"
        },
        {
          "ParameterInfo": {
            "Name": "OpacityMaskConst",
            "Association": "GlobalParameter",
            "Index": -1
          },
          "ParameterValue": 1.0,
          "ExpressionGUID": "E97FC7E1-48654DF8-73D2E8A2-879E06C7"
        },
        {
          "ParameterInfo": {
            "Name": "AmbientOcclusionConst",
            "Association": "GlobalParameter",
            "Index": -1
          },
          "ParameterValue": 1.0,
          "ExpressionGUID": "423DC731-407F9562-94B756BF-6321AC88"
        }
      ],
      "TextureParameterValues": [
        {
          "ParameterInfo": {
            "Name": "DiffuseTexture",
            "Association": "GlobalParameter",
            "Index": -1
          },
          "ParameterValue": {
            "ObjectName": "Texture2D'T_Athena_POI_GolfCourse_001_0_S_Elevation_Ground_Z_High21_1_Diffuse'",
            "ObjectPath": "FortniteGame/Content/Athena/Maps/POI/HLOD/Athena_POI_GolfCourse_001_0_HLOD.5"
          },
          "ExpressionGUID": "FA983522-483B48DB-7302F694-A9E59879"
        }
      ],
      "BasePropertyOverrides": {
        "bOverride_DitheredLODTransition": true,
        "DitheredLODTransition": true
      },
      "StaticParameters": {
        "StaticSwitchParameters": [
          {
            "ParameterInfo": {
              "Name": "UseDiffuse",
              "Association": "GlobalParameter",
              "Index": -1
            },
            "Value": true,
            "bOverride": true,
            "ExpressionGUID": "99BA8635-4EAA882F-9D4136AF-958BF760"
          }
        ]
      }
    }
  },
  {
    "Type": "NavCollision",
    "Name": "NavCollision_0",
    "Outer": "SM_Athena_POI_GolfCourse_001_0_S_Elevation_Ground_Z_High21_1",
    "Class": "UScriptClass'NavCollision'",
    "CookedFormatData": {
      "NavCollision_X": {
        "BulkDataFlags": "BULKDATA_SingleUse | BULKDATA_ForceInlinePayload",
        "ElementCount": 21,
        "SizeOnDisk": 21,
        "OffsetInFile": "0x2C764"
      }
    }
  },
  {
    "Type": "StaticMesh",
    "Name": "SM_Athena_POI_GolfCourse_001_0_S_Elevation_Ground_Z_High21_1",
    "Class": "UScriptClass'StaticMesh'",
    "Properties": {
      "StaticMaterials": [
        {
          "MaterialInterface": {
            "ObjectName": "MaterialInstanceConstant'M_Athena_POI_GolfCourse_001_0_S_Elevation_Ground_Z_High21_1'",
            "ObjectPath": "FortniteGame/Content/Athena/Maps/POI/HLOD/Athena_POI_GolfCourse_001_0_HLOD.2"
          },
          "MaterialSlotName": "M_Athena_POI_GolfCourse_001_0_S_Elevation_Ground_Z_High21_1",
          "ImportedMaterialSlotName": "M_Athena_POI_GolfCourse_001_0_S_Elevation_Ground_Z_High21_1",
          "UVChannelData": {
            "bInitialized": true,
            "bOverrideDensities": false,
            "LocalUVDensities": 22472.53,
            "LocalUVDensities": 22472.53,
            "LocalUVDensities": 0.0,
            "LocalUVDensities": 0.0
          }
        },
        {
          "MaterialInterface": {
            "ObjectName": "MaterialInstanceConstant'MI_AthenaTreeWillow_01_Impostor'",
            "ObjectPath": "FortniteGame/Content/ImpostorBaker/ImpostorLODs/AthenaTreeWillow_01/MI_AthenaTreeWillow_01_Impostor.0"
          },
          "MaterialSlotName": "MI_AthenaTreeWillow_01_Impostor",
          "ImportedMaterialSlotName": "MI_AthenaTreeWillow_01_Impostor",
          "UVChannelData": {
            "bInitialized": true,
            "bOverrideDensities": false,
            "LocalUVDensities": 26460.324,
            "LocalUVDensities": 223.94806,
            "LocalUVDensities": 0.0,
            "LocalUVDensities": 0.0
          }
        },
        {
          "MaterialInterface": {
            "ObjectName": "MaterialInstanceConstant'MI_AthenaTreeXmasPine_01_Impostor'",
            "ObjectPath": "FortniteGame/Content/ImpostorBaker/ImpostorLODs/AthenaTreeXmasPine_02/MI_AthenaTreeXmasPine_01_Impostor.0"
          },
          "MaterialSlotName": "MI_AthenaTreeXmasPine_01_Impostor",
          "ImportedMaterialSlotName": "MI_AthenaTreeXmasPine_01_Impostor",
          "UVChannelData": {
            "bInitialized": true,
            "bOverrideDensities": false,
            "LocalUVDensities": 19283.676,
            "LocalUVDensities": 128.67436,
            "LocalUVDensities": 0.0,
            "LocalUVDensities": 0.0
          }
        }
      ],
      "LightmapUVDensity": 22491.617,
      "PositiveBoundsExtension": {
        "X": 0.0,
        "Y": 0.0,
        "Z": 1022.7562
      },
      "NegativeBoundsExtension": {
        "X": 118.50244,
        "Y": 0.0,
        "Z": 0.0
      },
      "ExtendedBounds": {
        "Origin": {
          "X": 202.04468,
          "Y": 646.8618,
          "Z": 830.92285
        },
        "BoxExtent": {
          "X": 7054.873,
          "Y": 6553.29,
          "Z": 1289.8687
        },
        "SphereRadius": 9714.968
      }
    },
    "BodySetup": {
      "ObjectName": "BodySetup'SM_Athena_POI_GolfCourse_001_0_S_Elevation_Ground_Z_High21_1:BodySetup_0'",
      "ObjectPath": "FortniteGame/Content/Athena/Maps/POI/HLOD/Athena_POI_GolfCourse_001_0_HLOD.0"
    },
    "NavCollision": {
      "ObjectName": "NavCollision'SM_Athena_POI_GolfCourse_001_0_S_Elevation_Ground_Z_High21_1:NavCollision_0'",
      "ObjectPath": "FortniteGame/Content/Athena/Maps/POI/HLOD/Athena_POI_GolfCourse_001_0_HLOD.3"
    },
    "LightingGuid": "6CDB42E9-4D4266F4-4F646DA4-1B25D7BE",
    "RenderData": null
  },
  {
    "Type": "Texture2D",
    "Name": "T_Athena_POI_GolfCourse_001_0_S_Elevation_Ground_Z_High21_1_Diffuse",
    "Class": "UScriptClass'Texture2D'",
    "Properties": {
      "ImportedSize": {
        "X": 256,
        "Y": 256
      },
      "LightingGuid": "33EEB677-4EE4C621-6ED27496-1BFFA9A4",
      "LODGroup": "TEXTUREGROUP_HierarchicalLOD"
    },
    "SizeX": 0,
    "SizeY": 0,
    "PackedData": 0,
    "PixelFormat": "PF_Unknown",
    "FirstMipToSerialize": -1
  }
]