[
  {
    "Type": "BodySetup",
    "Name": "BodySetup_1",
    "Outer": "SM_Athena_POI_ToiletFactory_001_1_StaticMeshActor191_293",
    "Class": "UScriptClass'BodySetup'",
    "Properties": {
      "DefaultInstance": {
        "ObjectType": "ECC_WorldStatic",
        "CollisionEnabled": "ECollisionEnabled::QueryOnly",
        "CollisionProfileName": "BlockAll",
        "CollisionResponses": {
          "ResponseArray": [
            {
              "Channel": "FCC_Trace_WeaponCapsule",
              "Response": "ECR_Block"
            },
            {
              "Channel": "FCC_Object_PawnAI",
              "Response": "ECR_Block"
            },
            {
              "Channel": "FCC_Trace_WeaponMulti",
              "Response": "ECR_Block"
            },
            {
              "Channel": "FCC_Trace_Weapon",
              "Response": "ECR_Block"
            },
            {
              "Channel": "FCC_Object_Projectile",
              "Response": "ECR_Block"
            },
            {
              "Channel": "FCC_Object_ProjectileIgnoreAI",
              "Response": "ECR_Block"
            },
            {
              "Channel": "FCC_Object_ProjectileMesh",
              "Response": "ECR_Block"
            },
            {
              "Channel": "FCC_Object_SpectatorDroneCamera",
              "Response": "ECR_Block"
            },
            {
              "Channel": "FCC_Trace_WeaponPawnAndWorldMulti",
              "Response": "ECR_Block"
            }
          ]
        }
      }
    },
    "BodySetupGuid": "F82C858A4E8D258A94B38CB869DD148A"
  },
  {
    "Type": "HLODProxy",
    "Name": "Athena_POI_ToiletFactory_001_1_HLOD",
    "Class": "UScriptClass'HLODProxy'",
    "Properties": {
      "ProxyMeshes": [
        {
          "LODActor": {
            "Guid": "9603071D-4C19AE7B-F874219D-C890A199"
          },
          "StaticMesh": {
            "ObjectName": "StaticMesh'SM_Athena_POI_ToiletFactory_001_1_StaticMeshActor191_293'",
            "ObjectPath": "FortniteGame/Content/Athena/Maps/POI/HLOD/Athena_POI_ToiletFactory_001_1_HLOD.4"
          },
          "Key": "76927B120C6645ACB9200E7FB8896AC3_9603071D4C19AE7BF874219DC890A199_E940830D_576CAF7D_29B6AE1B_ProxyLODMeshReduction"
        }
      ]
    }
  },
  {
    "Type": "MaterialInstanceConstant",
    "Name": "M_Athena_POI_ToiletFactory_001_1_StaticMeshActor191_293",
    "Class": "UScriptClass'MaterialInstanceConstant'",
    "Properties": {
      "Parent": {
        "ObjectName": "Material'BaseFlattenMaterialAthena_MedHLOD'",
        "ObjectPath": "FortniteGame/Content/Athena/HLODSetup/Materials/BaseFlattenMaterialAthena_MedHLOD.0"
      },
      "bHasStaticPermutationResource": true,
      "ScalarParameterValues": [
        {
          "ParameterInfo": {
            "Name": "MetallicConst",
            "Association": "GlobalParameter",
            "Index": -1
          },
          "ParameterValue": 0.0,
          "ExpressionGUID": "DF762E36-47C779AB-3231ABBC-84920D01"
        },
        {
          "ParameterInfo": {
            "Name": "RoughnessConst",
            "Association": "GlobalParameter",
            "Index": -1
          },
          "ParameterValue": 1.0,
          "ExpressionGUID": "67948A44-4E72B482-DC859C95-1C1BEB62"
        },
        {
          "ParameterInfo": {
            "Name": "SpecularConst",
            "Association": "GlobalParameter",
            "Index": -1
          },
          "ParameterValue": 0.075,
          "ExpressionGUID": "F223E3CB-45C3161C-A86098BD-0550F837"
        },
        {
          "ParameterInfo": {
            "Name": "OpacityConst",
            "Association": "GlobalParameter",
            "Index": -1
          },
          "ParameterValue": 1.0,
          "ExpressionGUID": "5CD49B72-46AFD6EA-081F26B9-DF50808B"
        },
        {
          "ParameterInfo": {
            "Name": "OpacityMaskConst",
            "Association": "GlobalParameter",
            "Index": -1
          },
          "ParameterValue": 1.0,
          "ExpressionGUID": "C019A35E-469F1FBE-A5FA559C-9B07F150"
        },
        {
          "ParameterInfo": {
            "Name": "AmbientOcclusionConst",
            "Association": "GlobalParameter",
            "Index": -1
          },
          "ParameterValue": 1.0,
          "ExpressionGUID": "A4B0120B-45121C51-549CB6AE-11CBEC3D"
        }
      ],
      "TextureParameterValues": [
        {
          "ParameterInfo": {
            "Name": "DiffuseTexture",
            "Association": "GlobalParameter",
            "Index": -1
          },
          "ParameterValue": {
            "ObjectName": "Texture2D'T_Athena_POI_ToiletFactory_001_1_StaticMeshActor191_293_Diffuse'",
            "ObjectPath": "FortniteGame/Content/Athena/Maps/POI/HLOD/Athena_POI_ToiletFactory_001_1_HLOD.5"
          },
          "ExpressionGUID": "4E7AD77A-43D375BA-CEB77C86-73756268"
        }
      ],
      "BasePropertyOverrides": {
        "bOverride_DitheredLODTransition": true,
        "DitheredLODTransition": true
      },
      "StaticParameters": {
        "StaticSwitchParameters": [
          {
            "ParameterInfo": {
              "Name": "UseDiffuse",
              "Association": "GlobalParameter",
              "Index": -1
            },
            "Value": true,
            "bOverride": true,
            "ExpressionGUID": "99BA8635-4EAA882F-9D4136AF-958BF760"
          }
        ]
      }
    }
  },
  {
    "Type": "NavCollision",
    "Name": "NavCollision_1",
    "Outer": "SM_Athena_POI_ToiletFactory_001_1_StaticMeshActor191_293",
    "Class": "UScriptClass'NavCollision'",
    "CookedFormatData": {
      "NavCollision_X": {
        "BulkDataFlags": "BULKDATA_SingleUse | BULKDATA_ForceInlinePayload",
        "ElementCount": 21,
        "SizeOnDisk": 21,
        "OffsetInFile": "0x94968"
      }
    }
  },
  {
    "Type": "StaticMesh",
    "Name": "SM_Athena_POI_ToiletFactory_001_1_StaticMeshActor191_293",
    "Class": "UScriptClass'StaticMesh'",
    "Properties": {
      "StaticMaterials": [
        {
          "MaterialInterface": {
            "ObjectName": "MaterialInstanceConstant'M_Athena_POI_ToiletFactory_001_1_StaticMeshActor191_293'",
            "ObjectPath": "FortniteGame/Content/Athena/Maps/POI/HLOD/Athena_POI_ToiletFactory_001_1_HLOD.2"
          },
          "MaterialSlotName": "M_Athena_POI_ToiletFactory_001_1_StaticMeshActor191_293",
          "ImportedMaterialSlotName": "M_Athena_POI_ToiletFactory_001_1_StaticMeshActor191_293",
          "UVChannelData": {
            "bInitialized": true,
            "bOverrideDensities": false,
            "LocalUVDensities": 32460.6,
            "LocalUVDensities": 32460.6,
            "LocalUVDensities": 0.0,
            "LocalUVDensities": 0.0
          }
        },
        {
          "MaterialInterface": {
            "ObjectName": "MaterialInstanceConstant'MI_AthenaTreeXmasPine_01_Impostor'",
            "ObjectPath": "FortniteGame/Content/ImpostorBaker/ImpostorLODs/AthenaTreeXmasPine_02/MI_AthenaTreeXmasPine_01_Impostor.0"
          },
          "MaterialSlotName": "MI_AthenaTreeXmasPine_01_Impostor",
          "ImportedMaterialSlotName": "MI_AthenaTreeXmasPine_01_Impostor",
          "UVChannelData": {
            "bInitialized": true,
            "bOverrideDensities": false,
            "LocalUVDensities": 19552.469,
            "LocalUVDensities": 130.77888,
            "LocalUVDensities": 0.0,
            "LocalUVDensities": 0.0
          }
        },
        {
          "MaterialInterface": {
            "ObjectName": "MaterialInstanceConstant'MI_AthenaTreeLarge_01_Impostor_02'",
            "ObjectPath": "FortniteGame/Content/ImpostorBaker/ImpostorLODs/AthenaTreeLarge_01/MI_AthenaTreeLarge_01_Impostor_02.0"
          },
          "MaterialSlotName": "MI_AthenaTreeLarge_01_Impostor_02",
          "ImportedMaterialSlotName": "MI_AthenaTreeLarge_01_Impostor_02",
          "UVChannelData": {
            "bInitialized": true,
            "bOverrideDensities": false,
            "LocalUVDensities": 51504.707,
            "LocalUVDensities": 326.93417,
            "LocalUVDensities": 0.0,
            "LocalUVDensities": 0.0
          }
        },
        {
          "MaterialInterface": {
            "ObjectName": "MaterialInstanceConstant'MI_AthenaTreeXmasPine_02_Impostor'",
            "ObjectPath": "FortniteGame/Content/ImpostorBaker/ImpostorLODs/AthenaTreeXmasPine_02/MI_AthenaTreeXmasPine_02_Impostor.0"
          },
          "MaterialSlotName": "MI_AthenaTreeXmasPine_02_Impostor",
          "ImportedMaterialSlotName": "MI_AthenaTreeXmasPine_02_Impostor",
          "UVChannelData": {
            "bInitialized": true,
            "bOverrideDensities": false,
            "LocalUVDensities": 18117.346,
            "LocalUVDensities": 128.41594,
            "LocalUVDensities": 0.0,
            "LocalUVDensities": 0.0
          }
        }
      ],
      "LightmapUVDensity": 32446.383,
      "PositiveBoundsExtension": {
        "X": 658.40234,
        "Y": 1175.7822,
        "Z": 0.0
      },
      "NegativeBoundsExtension": {
        "X": 1513.8657,
        "Y": 180.3169,
        "Z": 0.0
      },
      "ExtendedBounds": {
        "Origin": {
          "X": 387.74365,
          "Y": 243.37134,
          "Z": 1169.8108
        },
        "BoxExtent": {
          "X": 8858.355,
          "Y": 7343.8193,
          "Z": 2818.9949
        },
        "SphereRadius": 11846.894
      }
    },
    "BodySetup": {
      "ObjectName": "BodySetup'SM_Athena_POI_ToiletFactory_001_1_StaticMeshActor191_293:BodySetup_1'",
      "ObjectPath": "FortniteGame/Content/Athena/Maps/POI/HLOD/Athena_POI_ToiletFactory_001_1_HLOD.0"
    },
    "NavCollision": {
      "ObjectName": "NavCollision'SM_Athena_POI_ToiletFactory_001_1_StaticMeshActor191_293:NavCollision_1'",
      "ObjectPath": "FortniteGame/Content/Athena/Maps/POI/HLOD/Athena_POI_ToiletFactory_001_1_HLOD.3"
    },
    "LightingGuid": "742AA03D-494F9555-0B8D3591-627A5990",
    "RenderData": null
  },
  {
    "Type": "Texture2D",
    "Name": "T_Athena_POI_ToiletFactory_001_1_StaticMeshActor191_293_Diffuse",
    "Class": "UScriptClass'Texture2D'",
    "Properties": {
      "ImportedSize": {
        "X": 512,
        "Y": 512
      },
      "LightingGuid": "6CF2B06B-4EE1237C-F3E923B7-1B5F105B",
      "LODGroup": "TEXTUREGROUP_HierarchicalLOD"
    },
    "SizeX": 0,
    "SizeY": 0,
    "PackedData": 0,
    "PixelFormat": "PF_Unknown",
    "FirstMipToSerialize": -1
  }
]