[
  {
    "Type": "BlueprintGeneratedClass",
    "Name": "Apollo_StandardCar_Cab_01_C",
    "Class": "UScriptClass'BlueprintGeneratedClass'",
    "Super": {
      "ObjectName": "BlueprintGeneratedClass'Car_DEFAULT_C'",
      "ObjectPath": "FortniteGame/Content/Building/ActorBlueprints/Prop/Car_DEFAULT.1"
    },
    "Properties": {
      "SimpleConstructionScript": {
        "ObjectName": "SimpleConstructionScript'Apollo_StandardCar_Cab_01_C:SimpleConstructionScript_339'",
        "ObjectPath": "FortniteGame/Content/Athena/Apollo/Environments/BuildingActors/Vehicles/Apollo_StandardCar_Cab_01.4"
      }
    },
    "SuperStruct": {
      "ObjectName": "BlueprintGeneratedClass'Car_DEFAULT_C'",
      "ObjectPath": "FortniteGame/Content/Building/ActorBlueprints/Prop/Car_DEFAULT.1"
    }
  },
  {
    "Type": "Apollo_StandardCar_Cab_01_C",
    "Name": "Default__Apollo_StandardCar_Cab_01_C",
    "Class": "BlueprintGeneratedClass'FortniteGame/Content/Athena/Apollo/Environments/BuildingActors/Vehicles/Apollo_StandardCar_Cab_01.Apollo_StandardCar_Cab_01_C'",
    "Template": {
      "ObjectName": "Car_DEFAULT_C'Default__Car_DEFAULT_C'",
      "ObjectPath": "FortniteGame/Content/Building/ActorBlueprints/Prop/Car_DEFAULT.2"
    },
    "Properties": {
      "InitialEmissiveMultiplier": {
        "R": 1.5,
        "G": 1.5,
        "B": 1.5,
        "A": 0.0,
        "Hex": "FFFFFF"
      },
      "InitialEmissiveMultiplier2": {
        "R": 1.5,
        "G": 1.5,
        "B": 1.5,
        "A": 0.0,
        "Hex": "FFFFFF"
      },
      "Sound - HitAlarm": {
        "ObjectName": "SoundCue'Generic_Auto_Alarm_01_Cue'",
        "ObjectPath": "FortniteGame/Content/Sounds/Fort_Vehicles/Generic_Auto/Generic_Auto_Alarm_01_Cue.0"
      },
      "Sound - Hit AutoBody": {
        "ObjectName": "SoundCue'Generic_Auto_Impacts_Cue'",
        "ObjectPath": "FortniteGame/Content/Sounds/Fort_Vehicles/Generic_Auto/Generic_Auto_Impacts_Cue.0"
      },
      "RandomlyDisableSomeCarAlarms": true,
      "Randomly start with some cars lights on": true,
      "Percentage chance of lights being left off": 0.6,
      "StaticMesh": {
        "ObjectName": "StaticMesh'S_StandardCar_Cab_01'",
        "ObjectPath": "FortniteGame/Content/Environments/Apollo/Vehicles/Standard/Standard_Car_Cab/Meshes/S_StandardCar_Cab_01.1"
      },
      "StaticMeshComponent": {
        "ObjectName": "StaticMeshComponent'Default__Apollo_StandardCar_Cab_01_C:StaticMeshComponent0'",
        "ObjectPath": "FortniteGame/Content/Athena/Apollo/Environments/BuildingActors/Vehicles/Apollo_StandardCar_Cab_01.5"
      },
      "BuildingResourceAmountOverride": {
        "CurveTable": {
          "ObjectName": "CurveTable'AthenaResourceRates'",
          "ObjectPath": "FortniteGame/Content/Athena/Balance/DataTables/AthenaResourceRates.0"
        },
        "RowName": "ResourceMetalHigh"
      },
      "DeathParticles": {
        "ObjectName": "ParticleSystem'P_Car_Explosion_Wheels_Rat'",
        "ObjectPath": "FortniteGame/Content/Effects/Fort_Effects/World/Destruction/Cars/P_Car_Explosion_Wheels_Rat.171"
      },
      "DeathSound": {
        "ObjectName": "SoundCue'Generic_Auto_Destroyed_Cue'",
        "ObjectPath": "FortniteGame/Content/Sounds/Fort_Vehicles/Generic_Auto/Generic_Auto_Destroyed_Cue.0"
      },
      "StaticGameplayTags": [
        "Building.Type.Prop.Vehicle.MuscleCar",
        "Building.Type.Prop"
      ],
      "RootComponent": {
        "ObjectName": "StaticMeshComponent'Default__Apollo_StandardCar_Cab_01_C:StaticMeshComponent0'",
        "ObjectPath": "FortniteGame/Content/Athena/Apollo/Environments/BuildingActors/Vehicles/Apollo_StandardCar_Cab_01.5"
      }
    }
  },
  {
    "Type": "SceneComponent",
    "Name": "SceneComponent_439",
    "Outer": "Apollo_StandardCar_Cab_01_C",
    "Class": "UScriptClass'SceneComponent'"
  },
  {
    "Type": "SCS_Node",
    "Name": "SCS_Node_449",
    "Outer": "SimpleConstructionScript_339",
    "Class": "UScriptClass'SCS_Node'",
    "Properties": {
      "ComponentClass": {
        "ObjectName": "Class'SceneComponent'",
        "ObjectPath": "/Script/Engine"
      },
      "ComponentTemplate": {
        "ObjectName": "SceneComponent'Apollo_StandardCar_Cab_01_C:SceneComponent_439'",
        "ObjectPath": "FortniteGame/Content/Athena/Apollo/Environments/BuildingActors/Vehicles/Apollo_StandardCar_Cab_01.2"
      },
      "VariableGuid": "56BC9799-C494E6E6-321D4295-7D5EB316",
      "InternalVariableName": "DefaultSceneRoot"
    }
  },
  {
    "Type": "SimpleConstructionScript",
    "Name": "SimpleConstructionScript_339",
    "Outer": "Apollo_StandardCar_Cab_01_C",
    "Class": "UScriptClass'SimpleConstructionScript'",
    "Properties": {
      "DefaultSceneRootNode": {
        "ObjectName": "SCS_Node'Apollo_StandardCar_Cab_01_C:SimpleConstructionScript_339.SCS_Node_449'",
        "ObjectPath": "FortniteGame/Content/Athena/Apollo/Environments/BuildingActors/Vehicles/Apollo_StandardCar_Cab_01.3"
      }
    }
  },
  {
    "Type": "StaticMeshComponent",
    "Name": "StaticMeshComponent0",
    "Outer": "Default__Apollo_StandardCar_Cab_01_C",
    "Class": "UScriptClass'StaticMeshComponent'",
    "Template": {
      "ObjectName": "StaticMeshComponent'Default__Car_DEFAULT_C:StaticMeshComponent0'",
      "ObjectPath": "FortniteGame/Content/Building/ActorBlueprints/Prop/Car_DEFAULT.470"
    },
    "Properties": {
      "StaticMesh": {
        "ObjectName": "StaticMesh'S_StandardCar_Cab_01'",
        "ObjectPath": "FortniteGame/Content/Environments/Apollo/Vehicles/Standard/Standard_Car_Cab/Meshes/S_StandardCar_Cab_01.1"
      },
      "CanCharacterStepUpOn": "ECB_Yes"
    }
  }
]