[
  {
    "Type": "BlueprintGeneratedClass",
    "Name": "Apollo_StandardCar_Junker_C",
    "Class": "UScriptClass'BlueprintGeneratedClass'",
    "Super": {
      "ObjectName": "BlueprintGeneratedClass'Car_DEFAULT_C'",
      "ObjectPath": "FortniteGame/Content/Building/ActorBlueprints/Prop/Car_DEFAULT.1"
    },
    "Properties": {
      "SimpleConstructionScript": {
        "ObjectName": "SimpleConstructionScript'Apollo_StandardCar_Junker_C:SimpleConstructionScript_339'",
        "ObjectPath": "FortniteGame/Content/Athena/Apollo/Environments/BuildingActors/Vehicles/Apollo_StandardCar_Junker.4"
      }
    },
    "SuperStruct": {
      "ObjectName": "BlueprintGeneratedClass'Car_DEFAULT_C'",
      "ObjectPath": "FortniteGame/Content/Building/ActorBlueprints/Prop/Car_DEFAULT.1"
    }
  },
  {
    "Type": "Apollo_StandardCar_Junker_C",
    "Name": "Default__Apollo_StandardCar_Junker_C",
    "Class": "BlueprintGeneratedClass'FortniteGame/Content/Athena/Apollo/Environments/BuildingActors/Vehicles/Apollo_StandardCar_Junker.Apollo_StandardCar_Junker_C'",
    "Template": {
      "ObjectName": "Car_DEFAULT_C'Default__Car_DEFAULT_C'",
      "ObjectPath": "FortniteGame/Content/Building/ActorBlueprints/Prop/Car_DEFAULT.2"
    },
    "Properties": {
      "Sound - HitAlarm": null,
      "Sound - Hit AutoBody": {
        "ObjectName": "SoundCue'Generic_Auto_Impacts_Cue'",
        "ObjectPath": "FortniteGame/Content/Sounds/Fort_Vehicles/Generic_Auto/Generic_Auto_Impacts_Cue.0"
      },
      "RandomlyDisableSomeCarAlarms": true,
      "Headlight Emissive Brightness": 20.0,
      "TailLightBrightness": 1000.0,
      "HeadLightLightBrightness": 3000.0,
      "Randomly start with some cars lights on": true,
      "Percentage chance of lights being left off": 0.6,
      "StaticMesh": {
        "ObjectName": "StaticMesh'Standard_Car_Junker'",
        "ObjectPath": "FortniteGame/Content/Environments/Apollo/Props/Vehicles/Standard_Car_Junker/Meshes/Standard_Car_Junker.1"
      },
      "StaticMeshComponent": {
        "ObjectName": "StaticMeshComponent'Default__Apollo_StandardCar_Junker_C:StaticMeshComponent0'",
        "ObjectPath": "FortniteGame/Content/Athena/Apollo/Environments/BuildingActors/Vehicles/Apollo_StandardCar_Junker.5"
      },
      "BuildingResourceAmountOverride": {
        "CurveTable": {
          "ObjectName": "CurveTable'AthenaResourceRates'",
          "ObjectPath": "FortniteGame/Content/Athena/Balance/DataTables/AthenaResourceRates.0"
        },
        "RowName": "ResourceMetalHigh"
      },
      "DeathParticles": {
        "ObjectName": "ParticleSystem'P_General_Deco_Destruction_Large'",
        "ObjectPath": "FortniteGame/Content/Effects/Fort_Effects/World/Destruction/Base_Effects/P_General_Deco_Destruction_Large.100"
      },
      "DeathParticleSocketName": "DeathParticle",
      "DeathSound": {
        "ObjectName": "SoundCue'Generic_Auto_Destroyed_Cue'",
        "ObjectPath": "FortniteGame/Content/Sounds/Fort_Vehicles/Generic_Auto/Generic_Auto_Destroyed_Cue.0"
      },
      "StaticGameplayTags": [
        "Building.Type.Prop.Vehicle.MuscleCar",
        "Building.Type.Prop"
      ],
      "RootComponent": {
        "ObjectName": "StaticMeshComponent'Default__Apollo_StandardCar_Junker_C:StaticMeshComponent0'",
        "ObjectPath": "FortniteGame/Content/Athena/Apollo/Environments/BuildingActors/Vehicles/Apollo_StandardCar_Junker.5"
      }
    }
  },
  {
    "Type": "SceneComponent",
    "Name": "SceneComponent_439",
    "Outer": "Apollo_StandardCar_Junker_C",
    "Class": "UScriptClass'SceneComponent'"
  },
  {
    "Type": "SCS_Node",
    "Name": "SCS_Node_449",
    "Outer": "SimpleConstructionScript_339",
    "Class": "UScriptClass'SCS_Node'",
    "Properties": {
      "ComponentClass": {
        "ObjectName": "Class'SceneComponent'",
        "ObjectPath": "/Script/Engine"
      },
      "ComponentTemplate": {
        "ObjectName": "SceneComponent'Apollo_StandardCar_Junker_C:SceneComponent_439'",
        "ObjectPath": "FortniteGame/Content/Athena/Apollo/Environments/BuildingActors/Vehicles/Apollo_StandardCar_Junker.2"
      },
      "VariableGuid": "56BC9799-C494E6E6-321D4295-7D5EB316",
      "InternalVariableName": "DefaultSceneRoot"
    }
  },
  {
    "Type": "SimpleConstructionScript",
    "Name": "SimpleConstructionScript_339",
    "Outer": "Apollo_StandardCar_Junker_C",
    "Class": "UScriptClass'SimpleConstructionScript'",
    "Properties": {
      "DefaultSceneRootNode": {
        "ObjectName": "SCS_Node'Apollo_StandardCar_Junker_C:SimpleConstructionScript_339.SCS_Node_449'",
        "ObjectPath": "FortniteGame/Content/Athena/Apollo/Environments/BuildingActors/Vehicles/Apollo_StandardCar_Junker.3"
      }
    }
  },
  {
    "Type": "StaticMeshComponent",
    "Name": "StaticMeshComponent0",
    "Outer": "Default__Apollo_StandardCar_Junker_C",
    "Class": "UScriptClass'StaticMeshComponent'",
    "Template": {
      "ObjectName": "StaticMeshComponent'Default__Car_DEFAULT_C:StaticMeshComponent0'",
      "ObjectPath": "FortniteGame/Content/Building/ActorBlueprints/Prop/Car_DEFAULT.470"
    },
    "Properties": {
      "StaticMesh": {
        "ObjectName": "StaticMesh'Standard_Car_Junker'",
        "ObjectPath": "FortniteGame/Content/Environments/Apollo/Props/Vehicles/Standard_Car_Junker/Meshes/Standard_Car_Junker.1"
      },
      "CanCharacterStepUpOn": "ECB_Yes"
    }
  }
]