[
  {
    "Type": "BlueprintGeneratedClass",
    "Name": "Apollo_Standard_CityBus_C",
    "Class": "UScriptClass'BlueprintGeneratedClass'",
    "Super": {
      "ObjectName": "BlueprintGeneratedClass'Car_DEFAULT_C'",
      "ObjectPath": "FortniteGame/Content/Building/ActorBlueprints/Prop/Car_DEFAULT.1"
    },
    "Properties": {
      "SimpleConstructionScript": {
        "ObjectName": "SimpleConstructionScript'Apollo_Standard_CityBus_C:SimpleConstructionScript_1032'",
        "ObjectPath": "FortniteGame/Content/Athena/Apollo/Environments/BuildingActors/Vehicles/Apollo_Standard_CityBus.4"
      }
    },
    "SuperStruct": {
      "ObjectName": "BlueprintGeneratedClass'Car_DEFAULT_C'",
      "ObjectPath": "FortniteGame/Content/Building/ActorBlueprints/Prop/Car_DEFAULT.1"
    }
  },
  {
    "Type": "Apollo_Standard_CityBus_C",
    "Name": "Default__Apollo_Standard_CityBus_C",
    "Class": "BlueprintGeneratedClass'FortniteGame/Content/Athena/Apollo/Environments/BuildingActors/Vehicles/Apollo_Standard_CityBus.Apollo_Standard_CityBus_C'",
    "Template": {
      "ObjectName": "Car_DEFAULT_C'Default__Car_DEFAULT_C'",
      "ObjectPath": "FortniteGame/Content/Building/ActorBlueprints/Prop/Car_DEFAULT.2"
    },
    "Properties": {
      "InitialEmissiveMultiplier": {
        "R": 8.0,
        "G": 8.0,
        "B": 8.0,
        "A": 0.0,
        "Hex": "FFFFFF"
      },
      "Sound - HitAlarm": {
        "ObjectName": "SoundCue'Bus_Auto_Alarm_02_Cue'",
        "ObjectPath": "FortniteGame/Content/Sounds/Fort_Vehicles/Honks_Alarms/Bus_Auto_Alarm_02_Cue.0"
      },
      "RandomlyDisableSomeCarAlarms": true,
      "Headlight Emissive Brightness": 20.0,
      "TailLightBrightness": 1000.0,
      "HeadLightLightBrightness": 6000.0,
      "StaticMesh": {
        "ObjectName": "StaticMesh'S_City_Bus_01'",
        "ObjectPath": "FortniteGame/Content/Environments/Apollo/Vehicles/City_Bus/Meshes/S_City_Bus_01.1"
      },
      "StaticMeshComponent": {
        "ObjectName": "StaticMeshComponent'Default__Apollo_Standard_CityBus_C:StaticMeshComponent0'",
        "ObjectPath": "FortniteGame/Content/Athena/Apollo/Environments/BuildingActors/Vehicles/Apollo_Standard_CityBus.5"
      },
      "BuildingResourceAmountOverride": {
        "CurveTable": {
          "ObjectName": "CurveTable'AthenaResourceRates'",
          "ObjectPath": "FortniteGame/Content/Athena/Balance/DataTables/AthenaResourceRates.0"
        },
        "RowName": "ResourceMetalHigh"
      },
      "DeathParticles": {
        "ObjectName": "ParticleSystem'P_CityBus_01Destruction'",
        "ObjectPath": "FortniteGame/Content/Effects/Fort_Effects/World/Destruction/Cars/P_CityBus_01Destruction.279"
      },
      "DeathParticleSocketName": "FX_DestructSpawn",
      "DeathSound": {
        "ObjectName": "SoundCue'Bus_Destroyed_02_Cue'",
        "ObjectPath": "FortniteGame/Content/Sounds/Fort_Vehicles/Generic_Auto/Bus_Destroyed_02_Cue.0"
      },
      "AttributeInitKeys": {
        "AttributeInitSubCategory": "3"
      },
      "AttributeInitKeys": {
        "AttributeInitSubCategory": "3"
      },
      "StaticGameplayTags": [
        "Building.Type.Prop.Vehicle.CityBus",
        "Building.Type.Prop"
      ],
      "CentroidOffset": {
        "X": 0.0,
        "Y": 0.0,
        "Z": 120.0
      },
      "RootComponent": {
        "ObjectName": "StaticMeshComponent'Default__Apollo_Standard_CityBus_C:StaticMeshComponent0'",
        "ObjectPath": "FortniteGame/Content/Athena/Apollo/Environments/BuildingActors/Vehicles/Apollo_Standard_CityBus.5"
      }
    }
  },
  {
    "Type": "SceneComponent",
    "Name": "SceneComponent_808",
    "Outer": "Apollo_Standard_CityBus_C",
    "Class": "UScriptClass'SceneComponent'"
  },
  {
    "Type": "SCS_Node",
    "Name": "SCS_Node_818",
    "Outer": "SimpleConstructionScript_1032",
    "Class": "UScriptClass'SCS_Node'",
    "Properties": {
      "ComponentClass": {
        "ObjectName": "Class'SceneComponent'",
        "ObjectPath": "/Script/Engine"
      },
      "ComponentTemplate": {
        "ObjectName": "SceneComponent'Apollo_Standard_CityBus_C:SceneComponent_808'",
        "ObjectPath": "FortniteGame/Content/Athena/Apollo/Environments/BuildingActors/Vehicles/Apollo_Standard_CityBus.2"
      },
      "VariableGuid": "56BC9799-C494E6E6-321D4295-7D5EB316",
      "InternalVariableName": "DefaultSceneRoot"
    }
  },
  {
    "Type": "SimpleConstructionScript",
    "Name": "SimpleConstructionScript_1032",
    "Outer": "Apollo_Standard_CityBus_C",
    "Class": "UScriptClass'SimpleConstructionScript'",
    "Properties": {
      "DefaultSceneRootNode": {
        "ObjectName": "SCS_Node'Apollo_Standard_CityBus_C:SimpleConstructionScript_1032.SCS_Node_818'",
        "ObjectPath": "FortniteGame/Content/Athena/Apollo/Environments/BuildingActors/Vehicles/Apollo_Standard_CityBus.3"
      }
    }
  },
  {
    "Type": "StaticMeshComponent",
    "Name": "StaticMeshComponent0",
    "Outer": "Default__Apollo_Standard_CityBus_C",
    "Class": "UScriptClass'StaticMeshComponent'",
    "Template": {
      "ObjectName": "StaticMeshComponent'Default__Car_DEFAULT_C:StaticMeshComponent0'",
      "ObjectPath": "FortniteGame/Content/Building/ActorBlueprints/Prop/Car_DEFAULT.470"
    },
    "Properties": {
      "StaticMesh": {
        "ObjectName": "StaticMesh'S_City_Bus_01'",
        "ObjectPath": "FortniteGame/Content/Environments/Apollo/Vehicles/City_Bus/Meshes/S_City_Bus_01.1"
      },
      "CanCharacterStepUpOn": "ECB_Yes"
    }
  }
]