[
  {
    "Type": "BlueprintGeneratedClass",
    "Name": "Apollo_Barn_Roof_Metal_Floor_C",
    "Class": "UScriptClass'BlueprintGeneratedClass'",
    "Properties": {
      "SimpleConstructionScript": {
        "ObjectName": "SimpleConstructionScript'Apollo_Barn_Roof_Metal_Floor_C:SimpleConstructionScript_415'",
        "ObjectPath": "FortniteGame/Content/Athena/Apollo/Environments/BuildingActors/Farm/Floors/Apollo_Barn_Roof_Metal_Floor.4"
      }
    },
    "SuperStruct": {
      "ObjectName": "Class'BuildingFloor'",
      "ObjectPath": "/Script/FortniteGame"
    }
  },
  {
    "Type": "Apollo_Barn_Roof_Metal_Floor_C",
    "Name": "Default__Apollo_Barn_Roof_Metal_Floor_C",
    "Class": "BlueprintGeneratedClass'FortniteGame/Content/Athena/Apollo/Environments/BuildingActors/Farm/Floors/Apollo_Barn_Roof_Metal_Floor.Apollo_Barn_Roof_Metal_Floor_C'",
    "Properties": {
      "StaticMesh": {
        "ObjectName": "StaticMesh'SM_Apollo_Barn_Roof_Metal_Floor_A'",
        "ObjectPath": "FortniteGame/Content/Environments/Apollo/Sets/Barn/Meshes/SM_Apollo_Barn_Roof_Metal_Floor_A.1"
      },
      "ResourceType": "EFortResourceType::Metal",
      "StaticMeshComponent": {
        "ObjectName": "StaticMeshComponent'Default__Apollo_Barn_Roof_Metal_Floor_C:StaticMeshComponent0'",
        "ObjectPath": "FortniteGame/Content/Athena/Apollo/Environments/BuildingActors/Farm/Floors/Apollo_Barn_Roof_Metal_Floor.5"
      },
      "BuildingResourceAmountOverride": {
        "CurveTable": {
          "ObjectName": "CurveTable'AthenaResourceRates'",
          "ObjectPath": "FortniteGame/Content/Athena/Balance/DataTables/AthenaResourceRates.0"
        },
        "RowName": "LDBuildingNormal"
      },
      "DeathParticles": {
        "ObjectName": "ParticleSystem'P_General_Deco_Destruction_Medium'",
        "ObjectPath": "FortniteGame/Content/Effects/Fort_Effects/World/Destruction/Base_Effects/P_General_Deco_Destruction_Medium.100"
      },
      "DeathParticleSocketName": "DeathParticle",
      "EditModePatternData": {
        "ObjectName": "BuildingEditModeMetadata_Floor'EMP_Floor_Floor'",
        "ObjectPath": "FortniteGame/Content/Building/EditModePatterns/Floor/EMP_Floor_Floor.0"
      },
      "AttributeInitKeys": {
        "AttributeInitCategory": "BuildingMetal",
        "AttributeInitSubCategory": "1"
      },
      "AttributeInitKeys": {
        "AttributeInitCategory": "BuildingMetal",
        "AttributeInitSubCategory": "1"
      },
      "HotSpotConfig": {
        "ObjectName": "BuildingActorHotSpotConfig'BuildingActorHotSpot_Floor'",
        "ObjectPath": "FortniteGame/Content/AI/HotSpots/BuildingActorHotSpot_Floor.0"
      },
      "RootComponent": {
        "ObjectName": "StaticMeshComponent'Default__Apollo_Barn_Roof_Metal_Floor_C:StaticMeshComponent0'",
        "ObjectPath": "FortniteGame/Content/Athena/Apollo/Environments/BuildingActors/Farm/Floors/Apollo_Barn_Roof_Metal_Floor.5"
      }
    }
  },
  {
    "Type": "SceneComponent",
    "Name": "SceneComponent_1458",
    "Outer": "Apollo_Barn_Roof_Metal_Floor_C",
    "Class": "UScriptClass'SceneComponent'"
  },
  {
    "Type": "SCS_Node",
    "Name": "SCS_Node_1462",
    "Outer": "SimpleConstructionScript_415",
    "Class": "UScriptClass'SCS_Node'",
    "Properties": {
      "ComponentClass": {
        "ObjectName": "Class'SceneComponent'",
        "ObjectPath": "/Script/Engine"
      },
      "ComponentTemplate": {
        "ObjectName": "SceneComponent'Apollo_Barn_Roof_Metal_Floor_C:SceneComponent_1458'",
        "ObjectPath": "FortniteGame/Content/Athena/Apollo/Environments/BuildingActors/Farm/Floors/Apollo_Barn_Roof_Metal_Floor.2"
      },
      "VariableGuid": "56BC9799-C494E6E6-321D4295-7D5EB316",
      "InternalVariableName": "DefaultSceneRoot"
    }
  },
  {
    "Type": "SimpleConstructionScript",
    "Name": "SimpleConstructionScript_415",
    "Outer": "Apollo_Barn_Roof_Metal_Floor_C",
    "Class": "UScriptClass'SimpleConstructionScript'",
    "Properties": {
      "DefaultSceneRootNode": {
        "ObjectName": "SCS_Node'Apollo_Barn_Roof_Metal_Floor_C:SimpleConstructionScript_415.SCS_Node_1462'",
        "ObjectPath": "FortniteGame/Content/Athena/Apollo/Environments/BuildingActors/Farm/Floors/Apollo_Barn_Roof_Metal_Floor.3"
      }
    }
  },
  {
    "Type": "StaticMeshComponent",
    "Name": "StaticMeshComponent0",
    "Outer": "Default__Apollo_Barn_Roof_Metal_Floor_C",
    "Class": "UScriptClass'StaticMeshComponent'",
    "Properties": {
      "StaticMesh": {
        "ObjectName": "StaticMesh'SM_Apollo_Barn_Roof_Metal_Floor_A'",
        "ObjectPath": "FortniteGame/Content/Environments/Apollo/Sets/Barn/Meshes/SM_Apollo_Barn_Roof_Metal_Floor_A.1"
      },
      "CanCharacterStepUpOn": "ECB_Yes",
      "BodyInstance": {
        "bAutoWeld": false
      },
      "bCanEverAffectNavigation": true
    }
  }
]