[
  {
    "Type": "BlueprintGeneratedClass",
    "Name": "Apollo_Barriers_WindowBoards_02_C",
    "Class": "UScriptClass'BlueprintGeneratedClass'",
    "Properties": {
      "SimpleConstructionScript": {
        "ObjectName": "SimpleConstructionScript'Apollo_Barriers_WindowBoards_02_C:SimpleConstructionScript_299'",
        "ObjectPath": "FortniteGame/Content/Athena/Apollo/Environments/BuildingActors/Wood/Barriers/Apollo_Barriers_WindowBoards_02.4"
      }
    },
    "SuperStruct": {
      "ObjectName": "Class'BuildingProp'",
      "ObjectPath": "/Script/FortniteGame"
    }
  },
  {
    "Type": "Apollo_Barriers_WindowBoards_02_C",
    "Name": "Default__Apollo_Barriers_WindowBoards_02_C",
    "Class": "BlueprintGeneratedClass'FortniteGame/Content/Athena/Apollo/Environments/BuildingActors/Wood/Barriers/Apollo_Barriers_WindowBoards_02.Apollo_Barriers_WindowBoards_02_C'",
    "Properties": {
      "StaticMesh": {
        "ObjectName": "StaticMesh'Apollo_WindowBoards_02'",
        "ObjectPath": "FortniteGame/Content/Environments/Apollo/Wood/Barriers/Meshes/Apollo_WindowBoards_02.1"
      },
      "ResourceType": "EFortResourceType::Wood",
      "StaticMeshComponent": {
        "ObjectName": "StaticMeshComponent'Default__Apollo_Barriers_WindowBoards_02_C:StaticMeshComponent0'",
        "ObjectPath": "FortniteGame/Content/Athena/Apollo/Environments/BuildingActors/Wood/Barriers/Apollo_Barriers_WindowBoards_02.5"
      },
      "BuildingResourceAmountOverride": {
        "CurveTable": {
          "ObjectName": "CurveTable'AthenaResourceRates'",
          "ObjectPath": "FortniteGame/Content/Athena/Balance/DataTables/AthenaResourceRates.0"
        },
        "RowName": "PropWoodHigh"
      },
      "DeathParticles": {
        "ObjectName": "ParticleSystem'P_General_Deco_Destruction_Medium'",
        "ObjectPath": "FortniteGame/Content/Effects/Fort_Effects/World/Destruction/Base_Effects/P_General_Deco_Destruction_Medium.100"
      },
      "DeathSound": {
        "ObjectName": "SoundCue'Demo_WoodFence_ImpactFinal_Cue'",
        "ObjectPath": "FortniteGame/Content/Sounds/Fort_Impact_Sounds/Demolition/Wood/Demo_WoodFence_ImpactFinal_Cue.0"
      },
      "BuildingAttachmentType": "ATTACH_All",
      "AttributeInitKeys": {
        "AttributeInitCategory": "PropWood",
        "AttributeInitSubCategory": "3"
      },
      "AttributeInitKeys": {
        "AttributeInitCategory": "PropWood",
        "AttributeInitSubCategory": "3"
      },
      "NavigationObstacleOverride": "ENavigationObstacleOverride::ForceEnabled",
      "bIsNavigationModifier": true,
      "bCanExportNavigationCollisions": true,
      "bDestroyOnPlayerBuildingPlacement": true,
      "StaticGameplayTags": [
        "Building.Type.Prop"
      ],
      "BRMaxDrawDistance": 18000.0,
      "PlayHitSound": {
        "ObjectName": "SoundCue'Demo_WoodFence_Impact_Cue'",
        "ObjectPath": "FortniteGame/Content/Sounds/Fort_Impact_Sounds/Demolition/Wood/Demo_WoodFence_Impact_Cue.0"
      },
      "bEnableAutoLODGeneration": false,
      "RootComponent": {
        "ObjectName": "StaticMeshComponent'Default__Apollo_Barriers_WindowBoards_02_C:StaticMeshComponent0'",
        "ObjectPath": "FortniteGame/Content/Athena/Apollo/Environments/BuildingActors/Wood/Barriers/Apollo_Barriers_WindowBoards_02.5"
      }
    }
  },
  {
    "Type": "SceneComponent",
    "Name": "SceneComponent_1757",
    "Outer": "Apollo_Barriers_WindowBoards_02_C",
    "Class": "UScriptClass'SceneComponent'"
  },
  {
    "Type": "SCS_Node",
    "Name": "SCS_Node_1761",
    "Outer": "SimpleConstructionScript_299",
    "Class": "UScriptClass'SCS_Node'",
    "Properties": {
      "ComponentClass": {
        "ObjectName": "Class'SceneComponent'",
        "ObjectPath": "/Script/Engine"
      },
      "ComponentTemplate": {
        "ObjectName": "SceneComponent'Apollo_Barriers_WindowBoards_02_C:SceneComponent_1757'",
        "ObjectPath": "FortniteGame/Content/Athena/Apollo/Environments/BuildingActors/Wood/Barriers/Apollo_Barriers_WindowBoards_02.2"
      },
      "VariableGuid": "56BC9799-C494E6E6-321D4295-7D5EB316",
      "InternalVariableName": "DefaultSceneRoot"
    }
  },
  {
    "Type": "SimpleConstructionScript",
    "Name": "SimpleConstructionScript_299",
    "Outer": "Apollo_Barriers_WindowBoards_02_C",
    "Class": "UScriptClass'SimpleConstructionScript'",
    "Properties": {
      "DefaultSceneRootNode": {
        "ObjectName": "SCS_Node'Apollo_Barriers_WindowBoards_02_C:SimpleConstructionScript_299.SCS_Node_1761'",
        "ObjectPath": "FortniteGame/Content/Athena/Apollo/Environments/BuildingActors/Wood/Barriers/Apollo_Barriers_WindowBoards_02.3"
      }
    }
  },
  {
    "Type": "StaticMeshComponent",
    "Name": "StaticMeshComponent0",
    "Outer": "Default__Apollo_Barriers_WindowBoards_02_C",
    "Class": "UScriptClass'StaticMeshComponent'",
    "Properties": {
      "StaticMesh": {
        "ObjectName": "StaticMesh'Apollo_WindowBoards_02'",
        "ObjectPath": "FortniteGame/Content/Environments/Apollo/Wood/Barriers/Meshes/Apollo_WindowBoards_02.1"
      },
      "bAllowCullDistanceVolume": false,
      "CanCharacterStepUpOn": "ECB_Yes",
      "BodyInstance": {
        "bAutoWeld": false
      },
      "bCanEverAffectNavigation": true
    }
  }
]