[
  {
    "Type": "MaterialInstanceConstant",
    "Name": "MI_ConcreteDeck",
    "Class": "UScriptClass'MaterialInstanceConstant'",
    "Properties": {
      "Parent": {
        "ObjectName": "Material'M_BaseSimple_4Layers'",
        "ObjectPath": "FortniteGame/Content/Athena/WinterArt/Materials/M_BaseSimple_4Layers.0"
      },
      "bHasStaticPermutationResource": true,
      "ScalarParameterValues": [
        {
          "ParameterInfo": {
            "Name": "Decal_TileX",
            "Association": "GlobalParameter",
            "Index": -1
          },
          "ParameterValue": 1.0,
          "ExpressionGUID": "C3DC2BAE-49146883-8E25E5AB-CD8644D9"
        },
        {
          "ParameterInfo": {
            "Name": "Decal_TileY",
            "Association": "GlobalParameter",
            "Index": -1
          },
          "ParameterValue": 1.0,
          "ExpressionGUID": "CB42E245-43AD0060-286B9C9C-177F3CB4"
        },
        {
          "ParameterInfo": {
            "Name": "L4_DecalMask",
            "Association": "GlobalParameter",
            "Index": -1
          },
          "ParameterValue": 1.0,
          "ExpressionGUID": "FF26A8F1-4882F76D-D73D5196-7A240E59"
        },
        {
          "ParameterInfo": {
            "Name": "GradientFloors",
            "Association": "GlobalParameter",
            "Index": -1
          },
          "ParameterValue": 3.944537,
          "ExpressionGUID": "4697CF8C-4C43639F-3F0B62AF-C54AD8E1"
        },
        {
          "ParameterInfo": {
            "Name": "BasementHeightWS",
            "Association": "GlobalParameter",
            "Index": -1
          },
          "ParameterValue": 0.0,
          "ExpressionGUID": "49B26B85-47D11351-0D617BB6-B37F2676"
        },
        {
          "ParameterInfo": {
            "Name": "L1 Transition To Metal",
            "Association": "GlobalParameter",
            "Index": -1
          },
          "ParameterValue": 0.6,
          "ExpressionGUID": "1815318D-48C07685-38991FB9-952585F6"
        },
        {
          "ParameterInfo": {
            "Name": "L1_TintContrast",
            "Association": "GlobalParameter",
            "Index": -1
          },
          "ParameterValue": 1.0,
          "ExpressionGUID": "F5527CF3-49D73455-F33D41A4-6EDC5285"
        },
        {
          "ParameterInfo": {
            "Name": "L1_TintTransition",
            "Association": "GlobalParameter",
            "Index": -1
          },
          "ParameterValue": 0.4,
          "ExpressionGUID": "C1425959-4B2D4B1A-A0071398-503D3DF9"
        },
        {
          "ParameterInfo": {
            "Name": "Story Mask1",
            "Association": "GlobalParameter",
            "Index": -1
          },
          "ParameterValue": 1.0,
          "ExpressionGUID": "48D3B50E-4D316E73-34821296-79F666B0"
        },
        {
          "ParameterInfo": {
            "Name": "Story Mask2",
            "Association": "GlobalParameter",
            "Index": -1
          },
          "ParameterValue": 6.0,
          "ExpressionGUID": "0AEB2A68-4C2E3608-F462BFA0-49B68CBF"
        },
        {
          "ParameterInfo": {
            "Name": "L2 Transition To Metal",
            "Association": "GlobalParameter",
            "Index": -1
          },
          "ParameterValue": 0.2,
          "ExpressionGUID": "AA0DA7C0-4DF1162B-46E25E9D-2DE8445D"
        },
        {
          "ParameterInfo": {
            "Name": "L2_TintContrast",
            "Association": "GlobalParameter",
            "Index": -1
          },
          "ParameterValue": 2.0,
          "ExpressionGUID": "7F234CF8-485B28B0-D8D12C84-C790459E"
        },
        {
          "ParameterInfo": {
            "Name": "L2_TintTransition",
            "Association": "GlobalParameter",
            "Index": -1
          },
          "ParameterValue": 0.35,
          "ExpressionGUID": "3264080E-4F45BAD3-A2D6E9BC-B0B9EAA4"
        },
        {
          "ParameterInfo": {
            "Name": "L3 Transition To Metal",
            "Association": "GlobalParameter",
            "Index": -1
          },
          "ParameterValue": 0.2,
          "ExpressionGUID": "88A5C4D0-4EA2A8BD-39EFDB8C-390250D8"
        },
        {
          "ParameterInfo": {
            "Name": "L3_TintContrast",
            "Association": "GlobalParameter",
            "Index": -1
          },
          "ParameterValue": 0.5,
          "ExpressionGUID": "FDEDA22D-410CF295-7130ECBE-E34F005A"
        },
        {
          "ParameterInfo": {
            "Name": "L3_TintTransition",
            "Association": "GlobalParameter",
            "Index": -1
          },
          "ParameterValue": 0.3,
          "ExpressionGUID": "71B0503E-48BBE436-14952B8E-5D4567B4"
        },
        {
          "ParameterInfo": {
            "Name": "Mat 4 Offset X",
            "Association": "GlobalParameter",
            "Index": -1
          },
          "ParameterValue": 1.0,
          "ExpressionGUID": "96B0DDDF-45FD56A3-CF4BB6BA-CBEFF1A9"
        },
        {
          "ParameterInfo": {
            "Name": "Mat 4 Offset Y",
            "Association": "GlobalParameter",
            "Index": -1
          },
          "ParameterValue": 1.0,
          "ExpressionGUID": "B9229936-4E0E23E9-833425A9-34103B76"
        },
        {
          "ParameterInfo": {
            "Name": "VP_TextureHeightMax",
            "Association": "GlobalParameter",
            "Index": -1
          },
          "ParameterValue": 1.0,
          "ExpressionGUID": "A7AF6210-45648FB9-DE65A882-A87D7449"
        },
        {
          "ParameterInfo": {
            "Name": "OutlineDistance",
            "Association": "GlobalParameter",
            "Index": -1
          },
          "ParameterValue": 0.1,
          "ExpressionGUID": "E7E4C17F-4FD5C611-4FD26080-E95E6DDE"
        },
        {
          "ParameterInfo": {
            "Name": "VP_Contrast",
            "Association": "GlobalParameter",
            "Index": -1
          },
          "ParameterValue": 5.0,
          "ExpressionGUID": "11DD42A2-4E4918C4-06C34687-512E8CF7"
        },
        {
          "ParameterInfo": {
            "Name": "VP_Outline_Contrast",
            "Association": "GlobalParameter",
            "Index": -1
          },
          "ParameterValue": 3.0,
          "ExpressionGUID": "5D216C3C-404A4DE8-A73A74A0-C4FCF378"
        },
        {
          "ParameterInfo": {
            "Name": "VP_OutlineR_Mod",
            "Association": "GlobalParameter",
            "Index": -1
          },
          "ParameterValue": 0.8,
          "ExpressionGUID": "2A7D69F5-4372B8E9-A889A2A8-2AD654B0"
        },
        {
          "ParameterInfo": {
            "Name": "VPTexture_R_Min",
            "Association": "GlobalParameter",
            "Index": -1
          },
          "ParameterValue": 0.9,
          "ExpressionGUID": "BE61CB6E-4B21AF8E-8909F9BA-12D1922C"
        },
        {
          "ParameterInfo": {
            "Name": "VPTexture_R_Max",
            "Association": "GlobalParameter",
            "Index": -1
          },
          "ParameterValue": 0.721763,
          "ExpressionGUID": "F7CAC782-4E337B0F-16CAA382-9237D551"
        },
        {
          "ParameterInfo": {
            "Name": "WS Paint Mask Size",
            "Association": "GlobalParameter",
            "Index": -1
          },
          "ParameterValue": 512.0,
          "ExpressionGUID": "E22B3EC0-48C8646A-2844B78A-5439C891"
        },
        {
          "ParameterInfo": {
            "Name": "WSPaintMask Min",
            "Association": "GlobalParameter",
            "Index": -1
          },
          "ParameterValue": 0.147619,
          "ExpressionGUID": "5B684DEE-46481806-13393CBA-A8A14E51"
        },
        {
          "ParameterInfo": {
            "Name": "WSPaintMask Max",
            "Association": "GlobalParameter",
            "Index": -1
          },
          "ParameterValue": 0.783684,
          "ExpressionGUID": "DE4E655E-43061FCF-F56FA993-C6BF546C"
        },
        {
          "ParameterInfo": {
            "Name": "ProxyHLODOffset",
            "Association": "GlobalParameter",
            "Index": -1
          },
          "ParameterValue": 5376.0,
          "ExpressionGUID": "EFB0459E-46BE0BDC-ECDAB98A-547D03CD"
        },
        {
          "ParameterInfo": {
            "Name": "RefractionDepthBias",
            "Association": "GlobalParameter",
            "Index": -1
          },
          "ParameterValue": 0.0,
          "ExpressionGUID": "00000000-00000000-00000000-00000000"
        }
      ],
      "VectorParameterValues": [
        {
          "ParameterInfo": {
            "Name": "WS GradientBottom",
            "Association": "GlobalParameter",
            "Index": -1
          },
          "ParameterValue": {
            "R": 0.219486,
            "G": 0.302083,
            "B": 0.233754,
            "A": 1.0,
            "Hex": "819585"
          },
          "ExpressionGUID": "657720C7-4333B03D-15209BAB-FD74AB6E"
        },
        {
          "ParameterInfo": {
            "Name": "WS GradientTop",
            "Association": "GlobalParameter",
            "Index": -1
          },
          "ParameterValue": {
            "R": 0.922294,
            "G": 1.0,
            "B": 0.498916,
            "A": 1.0,
            "Hex": "F7FFBC"
          },
          "ExpressionGUID": "945C699A-449326A8-B4AD9F80-7C7C72DF"
        },
        {
          "ParameterInfo": {
            "Name": "M3_TintColor",
            "Association": "GlobalParameter",
            "Index": -1
          },
          "ParameterValue": {
            "R": 1.0,
            "G": 1.0,
            "B": 1.0,
            "A": 0.0,
            "Hex": "FFFFFF"
          },
          "ExpressionGUID": "B4111A21-4E438B00-F5B6AF80-F24A4755"
        },
        {
          "ParameterInfo": {
            "Name": "M4_TintColor",
            "Association": "GlobalParameter",
            "Index": -1
          },
          "ParameterValue": {
            "R": 0.75,
            "G": 0.75,
            "B": 0.75,
            "A": 0.0,
            "Hex": "E1E1E1"
          },
          "ExpressionGUID": "95FD42E6-4DBFB15F-32CCDB86-3C36FD0D"
        }
      ],
      "TextureParameterValues": [
        {
          "ParameterInfo": {
            "Name": "Decal",
            "Association": "GlobalParameter",
            "Index": -1
          },
          "ParameterValue": {
            "ObjectName": "Texture2D'T_CementBridge_Decal1'",
            "ObjectPath": "FortniteGame/Content/Athena/Apollo/Environments/BuildingActors/Bridges/Walls/Textures/T_CementBridge_Decal1.0"
          },
          "ExpressionGUID": "F50D30BE-4418EC54-FBCFE484-3C10306F"
        },
        {
          "ParameterInfo": {
            "Name": "Diffuse",
            "Association": "GlobalParameter",
            "Index": -1
          },
          "ParameterValue": {
            "ObjectName": "Texture2D'T_ConcreteDeck_D'",
            "ObjectPath": "FortniteGame/Content/Athena/Apollo/Environments/BuildingActors/Bridges/Floors/Textures/T_ConcreteDeck_D.0"
          },
          "ExpressionGUID": "8ACC7C77-407678D2-EA8F66BC-BF1F1080"
        },
        {
          "ParameterInfo": {
            "Name": "SpecularMasks",
            "Association": "GlobalParameter",
            "Index": -1
          },
          "ParameterValue": {
            "ObjectName": "Texture2D'T_ConcretetDeck_S'",
            "ObjectPath": "FortniteGame/Content/Athena/Apollo/Environments/BuildingActors/Bridges/Floors/Textures/T_ConcretetDeck_S.0"
          },
          "ExpressionGUID": "8999B59B-4BA029AB-3F567E85-A145D0C5"
        },
        {
          "ParameterInfo": {
            "Name": "Normals",
            "Association": "GlobalParameter",
            "Index": -1
          },
          "ParameterValue": {
            "ObjectName": "Texture2D'T_ConcreteDeck_N'",
            "ObjectPath": "FortniteGame/Content/Athena/Apollo/Environments/BuildingActors/Bridges/Floors/Textures/T_ConcreteDeck_N.0"
          },
          "ExpressionGUID": "57304FA6-48859FE7-FA22D38D-5F1E0282"
        },
        {
          "ParameterInfo": {
            "Name": "Diffuse_Texture_2",
            "Association": "GlobalParameter",
            "Index": -1
          },
          "ParameterValue": {
            "ObjectName": "Texture2D'T_Cement_Tile1_D'",
            "ObjectPath": "FortniteGame/Content/Athena/Apollo/Environments/BuildingActors/Bridges/Walls/Textures/T_Cement_Tile1_D.0"
          },
          "ExpressionGUID": "92D699FB-4D76EEA3-9F35C18B-0E38E754"
        },
        {
          "ParameterInfo": {
            "Name": "SpecularMasks_2",
            "Association": "GlobalParameter",
            "Index": -1
          },
          "ParameterValue": {
            "ObjectName": "Texture2D'T_Cement_Tile1_S'",
            "ObjectPath": "FortniteGame/Content/Athena/Apollo/Environments/BuildingActors/Bridges/Walls/Textures/T_Cement_Tile1_S.0"
          },
          "ExpressionGUID": "30BA8471-47F5D66B-9E252FA4-3A0993F0"
        },
        {
          "ParameterInfo": {
            "Name": "Normals_Texture_2",
            "Association": "GlobalParameter",
            "Index": -1
          },
          "ParameterValue": {
            "ObjectName": "Texture2D'T_Cement_Tile1_N'",
            "ObjectPath": "FortniteGame/Content/Athena/Apollo/Environments/BuildingActors/Bridges/Walls/Textures/T_Cement_Tile1_N.0"
          },
          "ExpressionGUID": "F3747893-430BE132-A1CC5691-AF74D10D"
        },
        {
          "ParameterInfo": {
            "Name": "Background Diffuse 3",
            "Association": "GlobalParameter",
            "Index": -1
          },
          "ParameterValue": {
            "ObjectName": "Texture2D'T_Catwalks_floors_01_D'",
            "ObjectPath": "FortniteGame/Content/Environments/Apollo/Sets/Catwalks/Textures/T_Catwalks_floors_01_D.0"
          },
          "ExpressionGUID": "77349060-475A56F0-5ED182B7-936DA1B7"
        },
        {
          "ParameterInfo": {
            "Name": "Diffuse_Texture_3",
            "Association": "GlobalParameter",
            "Index": -1
          },
          "ParameterValue": {
            "ObjectName": "Texture2D'T_Catwalks_floors_01_D'",
            "ObjectPath": "FortniteGame/Content/Environments/Apollo/Sets/Catwalks/Textures/T_Catwalks_floors_01_D.0"
          },
          "ExpressionGUID": "24FCE113-4765032B-9D43AEA4-4F143C5B"
        },
        {
          "ParameterInfo": {
            "Name": "SpecularMasks_3",
            "Association": "GlobalParameter",
            "Index": -1
          },
          "ParameterValue": {
            "ObjectName": "Texture2D'T_Catwalks_floors_01_S'",
            "ObjectPath": "FortniteGame/Content/Environments/Apollo/Sets/Catwalks/Textures/T_Catwalks_floors_01_S.0"
          },
          "ExpressionGUID": "F1DEC357-467F6780-E3C39487-1188DB9B"
        },
        {
          "ParameterInfo": {
            "Name": "Normals_Texture_3",
            "Association": "GlobalParameter",
            "Index": -1
          },
          "ParameterValue": {
            "ObjectName": "Texture2D'T_Catwalks_floors_01_N'",
            "ObjectPath": "FortniteGame/Content/Environments/Apollo/Sets/Catwalks/Textures/T_Catwalks_floors_01_N.0"
          },
          "ExpressionGUID": "DD52075B-470D6571-D36E74A8-A1C6EBD3"
        },
        {
          "ParameterInfo": {
            "Name": "Background Diffuse 4",
            "Association": "GlobalParameter",
            "Index": -1
          },
          "ParameterValue": {
            "ObjectName": "Texture2D'T_Catwalks_floors_01_D'",
            "ObjectPath": "FortniteGame/Content/Environments/Apollo/Sets/Catwalks/Textures/T_Catwalks_floors_01_D.0"
          },
          "ExpressionGUID": "FA9968DC-4F0C5A54-0B6A2FAF-4A02791B"
        },
        {
          "ParameterInfo": {
            "Name": "Diffuse_Texture_4",
            "Association": "GlobalParameter",
            "Index": -1
          },
          "ParameterValue": {
            "ObjectName": "Texture2D'T_Catwalks_floors_01_D'",
            "ObjectPath": "FortniteGame/Content/Environments/Apollo/Sets/Catwalks/Textures/T_Catwalks_floors_01_D.0"
          },
          "ExpressionGUID": "6B08E94C-40A88D5B-670409A0-450BE8EB"
        },
        {
          "ParameterInfo": {
            "Name": "SpecularMasks_4",
            "Association": "GlobalParameter",
            "Index": -1
          },
          "ParameterValue": {
            "ObjectName": "Texture2D'T_Catwalks_floors_01_S'",
            "ObjectPath": "FortniteGame/Content/Environments/Apollo/Sets/Catwalks/Textures/T_Catwalks_floors_01_S.0"
          },
          "ExpressionGUID": "26A806A1-4F0993D5-5A448093-2D168993"
        },
        {
          "ParameterInfo": {
            "Name": "Normals_Texture_4",
            "Association": "GlobalParameter",
            "Index": -1
          },
          "ParameterValue": {
            "ObjectName": "Texture2D'T_Catwalks_floors_01_N'",
            "ObjectPath": "FortniteGame/Content/Environments/Apollo/Sets/Catwalks/Textures/T_Catwalks_floors_01_N.0"
          },
          "ExpressionGUID": "2F4A3AA4-43EAEC77-5596E29B-D38AC332"
        },
        {
          "ParameterInfo": {
            "Name": "WSPaintMask",
            "Association": "GlobalParameter",
            "Index": -1
          },
          "ParameterValue": {
            "ObjectName": "Texture2D'T_SwirlNoise_H2'",
            "ObjectPath": "FortniteGame/Content/Athena/WinterArt/Textures/T_SwirlNoise_H2.0"
          },
          "ExpressionGUID": "9CA58FC9-449992F0-6B670FA0-00B54965"
        }
      ],
      "BasePropertyOverrides": {
        "DitheredLODTransition": true,
        "OpacityMaskClipValue": 0.3333
      },
      "StaticParameters": {
        "StaticSwitchParameters": [
          {
            "ParameterInfo": {
              "Name": "Use Decal",
              "Association": "GlobalParameter",
              "Index": -1
            },
            "Value": true,
            "bOverride": true,
            "ExpressionGUID": "BD6E6A5F-48302BFC-965536B5-C7831E2D"
          },
          {
            "ParameterInfo": {
              "Name": "Use Mod Simple",
              "Association": "GlobalParameter",
              "Index": -1
            },
            "Value": true,
            "bOverride": true,
            "ExpressionGUID": "BFBCFF5E-4087435E-AC672BBC-F6CE46BB"
          },
          {
            "ParameterInfo": {
              "Name": "Use Decal UV 0",
              "Association": "GlobalParameter",
              "Index": -1
            },
            "Value": true,
            "bOverride": true,
            "ExpressionGUID": "2DFA0B30-408DD656-D611598A-A1864611"
          },
          {
            "ParameterInfo": {
              "Name": "Use 2 Materials",
              "Association": "GlobalParameter",
              "Index": -1
            },
            "Value": true,
            "bOverride": true,
            "ExpressionGUID": "D769E7B1-480B706B-58992488-7EDA8555"
          },
          {
            "ParameterInfo": {
              "Name": "L3 Use Color Swatch",
              "Association": "GlobalParameter",
              "Index": -1
            },
            "Value": true,
            "bOverride": true,
            "ExpressionGUID": "F5E3C571-41C5CC1D-965D0484-53068F01"
          },
          {
            "ParameterInfo": {
              "Name": "L3_UseTintColorAsDiffuse",
              "Association": "GlobalParameter",
              "Index": -1
            },
            "Value": true,
            "bOverride": true,
            "ExpressionGUID": "BD015C01-4C029914-F0762F81-CDE12D26"
          },
          {
            "ParameterInfo": {
              "Name": "L4 Use Color Swatch",
              "Association": "GlobalParameter",
              "Index": -1
            },
            "Value": true,
            "bOverride": true,
            "ExpressionGUID": "AA8DA6EC-413C3380-48EC929D-E6F0CF9A"
          },
          {
            "ParameterInfo": {
              "Name": "L4_UseTintColorAsDiffuse",
              "Association": "GlobalParameter",
              "Index": -1
            },
            "Value": true,
            "bOverride": true,
            "ExpressionGUID": "13CD9E30-41936583-8CDC428E-A2EEAAA5"
          }
        ]
      }
    }
  }
]