[
  {
    "Type": "BlueprintGeneratedClass",
    "Name": "Apollo_Fac_Pipe_Twist_01_C",
    "Class": "UScriptClass'BlueprintGeneratedClass'",
    "Properties": {
      "SimpleConstructionScript": {
        "ObjectName": "SimpleConstructionScript'Apollo_Fac_Pipe_Twist_01_C:SimpleConstructionScript_356'",
        "ObjectPath": "FortniteGame/Content/Athena/Apollo/Environments/BuildingActors/SlurpySwamp/Props/FactoryPipes/Apollo_Fac_Pipe_Twist_01.4"
      }
    },
    "SuperStruct": {
      "ObjectName": "Class'BuildingProp'",
      "ObjectPath": "/Script/FortniteGame"
    }
  },
  {
    "Type": "Apollo_Fac_Pipe_Twist_01_C",
    "Name": "Default__Apollo_Fac_Pipe_Twist_01_C",
    "Class": "BlueprintGeneratedClass'FortniteGame/Content/Athena/Apollo/Environments/BuildingActors/SlurpySwamp/Props/FactoryPipes/Apollo_Fac_Pipe_Twist_01.Apollo_Fac_Pipe_Twist_01_C'",
    "Properties": {
      "StaticMesh": {
        "ObjectName": "StaticMesh'sm_apollo_fac_pipe_twist_01'",
        "ObjectPath": "FortniteGame/Content/Environments/Apollo/Props/FactoryPipes/Meshes/sm_apollo_fac_pipe_twist_01.1"
      },
      "ResourceType": "EFortResourceType::Metal",
      "StaticMeshComponent": {
        "ObjectName": "StaticMeshComponent'Default__Apollo_Fac_Pipe_Twist_01_C:StaticMeshComponent0'",
        "ObjectPath": "FortniteGame/Content/Athena/Apollo/Environments/BuildingActors/SlurpySwamp/Props/FactoryPipes/Apollo_Fac_Pipe_Twist_01.5"
      },
      "BuildingResourceAmountOverride": {
        "CurveTable": {
          "ObjectName": "CurveTable'AthenaResourceRates'",
          "ObjectPath": "FortniteGame/Content/Athena/Balance/DataTables/AthenaResourceRates.0"
        },
        "RowName": "PropMetalHigh"
      },
      "DeathParticles": {
        "ObjectName": "ParticleSystem'P_General_Deco_Destruction_Large'",
        "ObjectPath": "FortniteGame/Content/Effects/Fort_Effects/World/Destruction/Base_Effects/P_General_Deco_Destruction_Large.100"
      },
      "DeathParticleSocketName": "DeathParticle",
      "DeathSound": {
        "ObjectName": "SoundCue'Demo_MetalHollowSmall_ImpactFinal_Cue'",
        "ObjectPath": "FortniteGame/Content/Sounds/Fort_Impact_Sounds/Demolition/Exterior_Props/Demo_MetalHollowSmall_ImpactFinal_Cue.0"
      },
      "BuildingAttachmentType": "ATTACH_Floor",
      "AttributeInitKeys": {
        "AttributeInitCategory": "PropMetal",
        "AttributeInitSubCategory": "3"
      },
      "AttributeInitKeys": {
        "AttributeInitCategory": "PropMetal",
        "AttributeInitSubCategory": "3"
      },
      "NavigationObstacleOverride": "ENavigationObstacleOverride::ForceEnabled",
      "bCanExportNavigationCollisions": true,
      "bDestroyOnPlayerBuildingPlacement": true,
      "StaticGameplayTags": [
        "Building.Type.Prop"
      ],
      "PlayHitSound": {
        "ObjectName": "SoundCue'Demo_MetalHollowSmall_Impact_Cue'",
        "ObjectPath": "FortniteGame/Content/Sounds/Fort_Impact_Sounds/Demolition/Exterior_Props/Demo_MetalHollowSmall_Impact_Cue.0"
      },
      "RootComponent": {
        "ObjectName": "StaticMeshComponent'Default__Apollo_Fac_Pipe_Twist_01_C:StaticMeshComponent0'",
        "ObjectPath": "FortniteGame/Content/Athena/Apollo/Environments/BuildingActors/SlurpySwamp/Props/FactoryPipes/Apollo_Fac_Pipe_Twist_01.5"
      }
    }
  },
  {
    "Type": "SceneComponent",
    "Name": "SceneComponent_1943",
    "Outer": "Apollo_Fac_Pipe_Twist_01_C",
    "Class": "UScriptClass'SceneComponent'"
  },
  {
    "Type": "SCS_Node",
    "Name": "SCS_Node_1947",
    "Outer": "SimpleConstructionScript_356",
    "Class": "UScriptClass'SCS_Node'",
    "Properties": {
      "ComponentClass": {
        "ObjectName": "Class'SceneComponent'",
        "ObjectPath": "/Script/Engine"
      },
      "ComponentTemplate": {
        "ObjectName": "SceneComponent'Apollo_Fac_Pipe_Twist_01_C:SceneComponent_1943'",
        "ObjectPath": "FortniteGame/Content/Athena/Apollo/Environments/BuildingActors/SlurpySwamp/Props/FactoryPipes/Apollo_Fac_Pipe_Twist_01.2"
      },
      "VariableGuid": "56BC9799-C494E6E6-321D4295-7D5EB316",
      "InternalVariableName": "DefaultSceneRoot"
    }
  },
  {
    "Type": "SimpleConstructionScript",
    "Name": "SimpleConstructionScript_356",
    "Outer": "Apollo_Fac_Pipe_Twist_01_C",
    "Class": "UScriptClass'SimpleConstructionScript'",
    "Properties": {
      "DefaultSceneRootNode": {
        "ObjectName": "SCS_Node'Apollo_Fac_Pipe_Twist_01_C:SimpleConstructionScript_356.SCS_Node_1947'",
        "ObjectPath": "FortniteGame/Content/Athena/Apollo/Environments/BuildingActors/SlurpySwamp/Props/FactoryPipes/Apollo_Fac_Pipe_Twist_01.3"
      }
    }
  },
  {
    "Type": "StaticMeshComponent",
    "Name": "StaticMeshComponent0",
    "Outer": "Default__Apollo_Fac_Pipe_Twist_01_C",
    "Class": "UScriptClass'StaticMeshComponent'",
    "Properties": {
      "StaticMesh": {
        "ObjectName": "StaticMesh'sm_apollo_fac_pipe_twist_01'",
        "ObjectPath": "FortniteGame/Content/Environments/Apollo/Props/FactoryPipes/Meshes/sm_apollo_fac_pipe_twist_01.1"
      },
      "CanCharacterStepUpOn": "ECB_Yes",
      "BodyInstance": {
        "bAutoWeld": false
      },
      "bCanEverAffectNavigation": true
    }
  }
]