[
  {
    "Type": "BodySetup",
    "Name": "BodySetup_0",
    "Outer": "SM_Sublevel_X5Y5_0_S_Athena_Foundation2Landscape_3x3_2",
    "Class": "UScriptClass'BodySetup'",
    "Properties": {
      "DefaultInstance": {
        "ObjectType": "ECC_WorldStatic",
        "CollisionEnabled": "ECollisionEnabled::QueryOnly",
        "CollisionProfileName": "BlockAll",
        "CollisionResponses": {
          "ResponseArray": [
            {
              "Channel": "FCC_Trace_WeaponCapsule",
              "Response": "ECR_Block"
            },
            {
              "Channel": "FCC_Object_PawnAI",
              "Response": "ECR_Block"
            },
            {
              "Channel": "FCC_Trace_WeaponMulti",
              "Response": "ECR_Block"
            },
            {
              "Channel": "FCC_Trace_Weapon",
              "Response": "ECR_Block"
            },
            {
              "Channel": "FCC_Object_Projectile",
              "Response": "ECR_Block"
            },
            {
              "Channel": "FCC_Object_ProjectileIgnoreAI",
              "Response": "ECR_Block"
            },
            {
              "Channel": "FCC_Object_ProjectileMesh",
              "Response": "ECR_Block"
            },
            {
              "Channel": "FCC_Object_SpectatorDroneCamera",
              "Response": "ECR_Block"
            },
            {
              "Channel": "FCC_Trace_WeaponPawnAndWorldMulti",
              "Response": "ECR_Block"
            }
          ]
        }
      }
    },
    "BodySetupGuid": "9654EC2E41EE2949FF8D4E955197BF22"
  },
  {
    "Type": "HLODProxy",
    "Name": "Sublevel_X5Y5_0_HLOD",
    "Class": "UScriptClass'HLODProxy'",
    "Properties": {
      "ProxyMeshes": [
        {
          "LODActor": {
            "Guid": "915EB39F-48367522-90AC2C99-A25A0FBA"
          },
          "StaticMesh": {
            "ObjectName": "StaticMesh'SM_Sublevel_X5Y5_0_S_Athena_Foundation2Landscape_3x3_2'",
            "ObjectPath": "FortniteGame/Content/Athena/Maps/Streaming/HLOD/Sublevel_X5Y5_0_HLOD.4"
          },
          "Key": "76927B120C6645ACB9200E7FB8896AC3_915EB39F4836752290AC2C99A25A0FBA_C7CF813B_C8CFF814_4C74380F_ProxyLODMeshReduction"
        }
      ]
    }
  },
  {
    "Type": "MaterialInstanceConstant",
    "Name": "M_Sublevel_X5Y5_0_S_Athena_Foundation2Landscape_3x3_2",
    "Class": "UScriptClass'MaterialInstanceConstant'",
    "Properties": {
      "Parent": {
        "ObjectName": "MaterialInstanceConstant'BaseFlattenMaterialAthena_GrassReplacement'",
        "ObjectPath": "FortniteGame/Content/Athena/HLODSetup/Materials/BaseFlattenMaterialAthena_GrassReplacement.0"
      },
      "bHasStaticPermutationResource": true,
      "ScalarParameterValues": [
        {
          "ParameterInfo": {
            "Name": "MetallicConst",
            "Association": "GlobalParameter",
            "Index": -1
          },
          "ParameterValue": 0.0,
          "ExpressionGUID": "16B059D0-44221A3F-374E1891-C270FC15"
        },
        {
          "ParameterInfo": {
            "Name": "RoughnessConst",
            "Association": "GlobalParameter",
            "Index": -1
          },
          "ParameterValue": 1.0,
          "ExpressionGUID": "D267A77E-41FA7EC1-5E9D5BAE-BBF80B38"
        },
        {
          "ParameterInfo": {
            "Name": "SpecularConst",
            "Association": "GlobalParameter",
            "Index": -1
          },
          "ParameterValue": 0.075,
          "ExpressionGUID": "28B5BE19-4FC55461-751117AD-2CD30525"
        },
        {
          "ParameterInfo": {
            "Name": "OpacityConst",
            "Association": "GlobalParameter",
            "Index": -1
          },
          "ParameterValue": 1.0,
          "ExpressionGUID": "54F848F8-429DCBC2-7FFE98BC-6B68D0FF"
        },
        {
          "ParameterInfo": {
            "Name": "OpacityMaskConst",
            "Association": "GlobalParameter",
            "Index": -1
          },
          "ParameterValue": 1.0,
          "ExpressionGUID": "E97FC7E1-48654DF8-73D2E8A2-879E06C7"
        },
        {
          "ParameterInfo": {
            "Name": "AmbientOcclusionConst",
            "Association": "GlobalParameter",
            "Index": -1
          },
          "ParameterValue": 1.0,
          "ExpressionGUID": "423DC731-407F9562-94B756BF-6321AC88"
        }
      ],
      "TextureParameterValues": [
        {
          "ParameterInfo": {
            "Name": "DiffuseTexture",
            "Association": "GlobalParameter",
            "Index": -1
          },
          "ParameterValue": {
            "ObjectName": "Texture2D'T_Sublevel_X5Y5_0_S_Athena_Foundation2Landscape_3x3_2_Diffuse'",
            "ObjectPath": "FortniteGame/Content/Athena/Maps/Streaming/HLOD/Sublevel_X5Y5_0_HLOD.5"
          },
          "ExpressionGUID": "FA983522-483B48DB-7302F694-A9E59879"
        }
      ],
      "BasePropertyOverrides": {
        "bOverride_DitheredLODTransition": true,
        "DitheredLODTransition": true
      },
      "StaticParameters": {
        "StaticSwitchParameters": [
          {
            "ParameterInfo": {
              "Name": "UseDiffuse",
              "Association": "GlobalParameter",
              "Index": -1
            },
            "Value": true,
            "bOverride": true,
            "ExpressionGUID": "99BA8635-4EAA882F-9D4136AF-958BF760"
          }
        ]
      }
    }
  },
  {
    "Type": "NavCollision",
    "Name": "NavCollision_0",
    "Outer": "SM_Sublevel_X5Y5_0_S_Athena_Foundation2Landscape_3x3_2",
    "Class": "UScriptClass'NavCollision'",
    "CookedFormatData": {
      "NavCollision_X": {
        "BulkDataFlags": "BULKDATA_SingleUse | BULKDATA_ForceInlinePayload",
        "ElementCount": 21,
        "SizeOnDisk": 21,
        "OffsetInFile": "0x20518"
      }
    }
  },
  {
    "Type": "StaticMesh",
    "Name": "SM_Sublevel_X5Y5_0_S_Athena_Foundation2Landscape_3x3_2",
    "Class": "UScriptClass'StaticMesh'",
    "Properties": {
      "StaticMaterials": [
        {
          "MaterialInterface": {
            "ObjectName": "MaterialInstanceConstant'M_Sublevel_X5Y5_0_S_Athena_Foundation2Landscape_3x3_2'",
            "ObjectPath": "FortniteGame/Content/Athena/Maps/Streaming/HLOD/Sublevel_X5Y5_0_HLOD.2"
          },
          "MaterialSlotName": "M_Sublevel_X5Y5_0_S_Athena_Foundation2Landscape_3x3_2",
          "ImportedMaterialSlotName": "M_Sublevel_X5Y5_0_S_Athena_Foundation2Landscape_3x3_2",
          "UVChannelData": {
            "bInitialized": true,
            "bOverrideDensities": false,
            "LocalUVDensities": 4374.07,
            "LocalUVDensities": 4374.07,
            "LocalUVDensities": 0.0,
            "LocalUVDensities": 0.0
          }
        },
        {
          "MaterialInterface": {
            "ObjectName": "MaterialInstanceConstant'MI_AthenaTreeXmasPine_01_Impostor'",
            "ObjectPath": "FortniteGame/Content/ImpostorBaker/ImpostorLODs/AthenaTreeXmasPine_02/MI_AthenaTreeXmasPine_01_Impostor.0"
          },
          "MaterialSlotName": "MI_AthenaTreeXmasPine_01_Impostor",
          "ImportedMaterialSlotName": "MI_AthenaTreeXmasPine_01_Impostor",
          "UVChannelData": {
            "bInitialized": true,
            "bOverrideDensities": false,
            "LocalUVDensities": 19217.652,
            "LocalUVDensities": 128.55014,
            "LocalUVDensities": 0.0,
            "LocalUVDensities": 0.0
          }
        },
        {
          "MaterialInterface": {
            "ObjectName": "MaterialInstanceConstant'MI_AthenaTreeXmasPine_02_Impostor'",
            "ObjectPath": "FortniteGame/Content/ImpostorBaker/ImpostorLODs/AthenaTreeXmasPine_02/MI_AthenaTreeXmasPine_02_Impostor.0"
          },
          "MaterialSlotName": "MI_AthenaTreeXmasPine_02_Impostor",
          "ImportedMaterialSlotName": "MI_AthenaTreeXmasPine_02_Impostor",
          "UVChannelData": {
            "bInitialized": true,
            "bOverrideDensities": false,
            "LocalUVDensities": 17428.49,
            "LocalUVDensities": 123.403305,
            "LocalUVDensities": 0.0,
            "LocalUVDensities": 0.0
          }
        }
      ],
      "LightmapUVDensity": 6700.025,
      "PositiveBoundsExtension": {
        "X": 173.04736,
        "Y": 457.09326,
        "Z": 278.76685
      },
      "NegativeBoundsExtension": {
        "X": 189.7168,
        "Y": 0.0,
        "Z": 292.82944
      },
      "ExtendedBounds": {
        "Origin": {
          "X": -13486.855,
          "Y": -13878.566,
          "Z": 919.3416
        },
        "BoxExtent": {
          "X": 6660.0547,
          "Y": 6010.955,
          "Z": 1229.2185
        },
        "SphereRadius": 9055.323
      }
    },
    "BodySetup": {
      "ObjectName": "BodySetup'SM_Sublevel_X5Y5_0_S_Athena_Foundation2Landscape_3x3_2:BodySetup_0'",
      "ObjectPath": "FortniteGame/Content/Athena/Maps/Streaming/HLOD/Sublevel_X5Y5_0_HLOD.0"
    },
    "NavCollision": {
      "ObjectName": "NavCollision'SM_Sublevel_X5Y5_0_S_Athena_Foundation2Landscape_3x3_2:NavCollision_0'",
      "ObjectPath": "FortniteGame/Content/Athena/Maps/Streaming/HLOD/Sublevel_X5Y5_0_HLOD.3"
    },
    "LightingGuid": "E59ED431-43C7FC92-A408539D-D704BA4A",
    "RenderData": null
  },
  {
    "Type": "Texture2D",
    "Name": "T_Sublevel_X5Y5_0_S_Athena_Foundation2Landscape_3x3_2_Diffuse",
    "Class": "UScriptClass'Texture2D'",
    "Properties": {
      "ImportedSize": {
        "X": 256,
        "Y": 256
      },
      "LightingGuid": "5A329CAB-4BF3EFC0-FFA81E81-F4CDF70E",
      "LODGroup": "TEXTUREGROUP_HierarchicalLOD"
    },
    "SizeX": 0,
    "SizeY": 0,
    "PackedData": 0,
    "PixelFormat": "PF_Unknown",
    "FirstMipToSerialize": -1
  }
]