[
  {
    "Type": "BodySetup",
    "Name": "BodySetup_1",
    "Outer": "SM_Sublevel_X0Y2_0_S_Elevation_Ground_Z564",
    "Class": "UScriptClass'BodySetup'",
    "Properties": {
      "DefaultInstance": {
        "ObjectType": "ECC_WorldStatic",
        "CollisionEnabled": "ECollisionEnabled::QueryOnly",
        "CollisionProfileName": "BlockAll",
        "CollisionResponses": {
          "ResponseArray": [
            {
              "Channel": "FCC_Trace_WeaponCapsule",
              "Response": "ECR_Block"
            },
            {
              "Channel": "FCC_Object_PawnAI",
              "Response": "ECR_Block"
            },
            {
              "Channel": "FCC_Trace_WeaponMulti",
              "Response": "ECR_Block"
            },
            {
              "Channel": "FCC_Trace_Weapon",
              "Response": "ECR_Block"
            },
            {
              "Channel": "FCC_Object_Projectile",
              "Response": "ECR_Block"
            },
            {
              "Channel": "FCC_Object_ProjectileIgnoreAI",
              "Response": "ECR_Block"
            },
            {
              "Channel": "FCC_Object_ProjectileMesh",
              "Response": "ECR_Block"
            },
            {
              "Channel": "FCC_Object_SpectatorDroneCamera",
              "Response": "ECR_Block"
            },
            {
              "Channel": "FCC_Trace_WeaponPawnAndWorldMulti",
              "Response": "ECR_Block"
            }
          ]
        }
      }
    },
    "BodySetupGuid": "ACCBEA5D41E3DAD1CA02678325DEA0FC"
  },
  {
    "Type": "HLODProxy",
    "Name": "Sublevel_X0Y2_0_HLOD",
    "Class": "UScriptClass'HLODProxy'",
    "Properties": {
      "ProxyMeshes": [
        {
          "LODActor": {
            "Guid": "20A03D69-4DC5098B-F0044C84-D529983B"
          },
          "StaticMesh": {
            "ObjectName": "StaticMesh'SM_Sublevel_X0Y2_0_S_Elevation_Ground_Z564'",
            "ObjectPath": "FortniteGame/Content/Athena/Maps/Streaming/HLOD/Sublevel_X0Y2_0_HLOD.4"
          },
          "Key": "76927B120C6645ACB9200E7FB8896AC3_20A03D694DC5098BF0044C84D529983B_C7CF813B_C8CFF814_EAB72277_ProxyLODMeshReduction"
        }
      ]
    }
  },
  {
    "Type": "MaterialInstanceConstant",
    "Name": "M_Sublevel_X0Y2_0_S_Elevation_Ground_Z564",
    "Class": "UScriptClass'MaterialInstanceConstant'",
    "Properties": {
      "Parent": {
        "ObjectName": "MaterialInstanceConstant'BaseFlattenMaterialAthena_GrassReplacement'",
        "ObjectPath": "FortniteGame/Content/Athena/HLODSetup/Materials/BaseFlattenMaterialAthena_GrassReplacement.0"
      },
      "bHasStaticPermutationResource": true,
      "ScalarParameterValues": [
        {
          "ParameterInfo": {
            "Name": "MetallicConst",
            "Association": "GlobalParameter",
            "Index": -1
          },
          "ParameterValue": 0.0,
          "ExpressionGUID": "16B059D0-44221A3F-374E1891-C270FC15"
        },
        {
          "ParameterInfo": {
            "Name": "RoughnessConst",
            "Association": "GlobalParameter",
            "Index": -1
          },
          "ParameterValue": 1.0,
          "ExpressionGUID": "D267A77E-41FA7EC1-5E9D5BAE-BBF80B38"
        },
        {
          "ParameterInfo": {
            "Name": "SpecularConst",
            "Association": "GlobalParameter",
            "Index": -1
          },
          "ParameterValue": 0.075,
          "ExpressionGUID": "28B5BE19-4FC55461-751117AD-2CD30525"
        },
        {
          "ParameterInfo": {
            "Name": "OpacityConst",
            "Association": "GlobalParameter",
            "Index": -1
          },
          "ParameterValue": 1.0,
          "ExpressionGUID": "54F848F8-429DCBC2-7FFE98BC-6B68D0FF"
        },
        {
          "ParameterInfo": {
            "Name": "OpacityMaskConst",
            "Association": "GlobalParameter",
            "Index": -1
          },
          "ParameterValue": 1.0,
          "ExpressionGUID": "E97FC7E1-48654DF8-73D2E8A2-879E06C7"
        },
        {
          "ParameterInfo": {
            "Name": "AmbientOcclusionConst",
            "Association": "GlobalParameter",
            "Index": -1
          },
          "ParameterValue": 1.0,
          "ExpressionGUID": "423DC731-407F9562-94B756BF-6321AC88"
        }
      ],
      "TextureParameterValues": [
        {
          "ParameterInfo": {
            "Name": "DiffuseTexture",
            "Association": "GlobalParameter",
            "Index": -1
          },
          "ParameterValue": {
            "ObjectName": "Texture2D'T_Sublevel_X0Y2_0_S_Elevation_Ground_Z564_Diffuse'",
            "ObjectPath": "FortniteGame/Content/Athena/Maps/Streaming/HLOD/Sublevel_X0Y2_0_HLOD.5"
          },
          "ExpressionGUID": "FA983522-483B48DB-7302F694-A9E59879"
        }
      ],
      "BasePropertyOverrides": {
        "bOverride_DitheredLODTransition": true,
        "DitheredLODTransition": true
      },
      "StaticParameters": {
        "StaticSwitchParameters": [
          {
            "ParameterInfo": {
              "Name": "UseDiffuse",
              "Association": "GlobalParameter",
              "Index": -1
            },
            "Value": true,
            "bOverride": true,
            "ExpressionGUID": "99BA8635-4EAA882F-9D4136AF-958BF760"
          }
        ]
      }
    }
  },
  {
    "Type": "NavCollision",
    "Name": "NavCollision_1",
    "Outer": "SM_Sublevel_X0Y2_0_S_Elevation_Ground_Z564",
    "Class": "UScriptClass'NavCollision'",
    "CookedFormatData": {
      "NavCollision_X": {
        "BulkDataFlags": "BULKDATA_SingleUse | BULKDATA_ForceInlinePayload",
        "ElementCount": 21,
        "SizeOnDisk": 21,
        "OffsetInFile": "0x27ED2"
      }
    }
  },
  {
    "Type": "StaticMesh",
    "Name": "SM_Sublevel_X0Y2_0_S_Elevation_Ground_Z564",
    "Class": "UScriptClass'StaticMesh'",
    "Properties": {
      "StaticMaterials": [
        {
          "MaterialInterface": {
            "ObjectName": "MaterialInstanceConstant'M_Sublevel_X0Y2_0_S_Elevation_Ground_Z564'",
            "ObjectPath": "FortniteGame/Content/Athena/Maps/Streaming/HLOD/Sublevel_X0Y2_0_HLOD.2"
          },
          "MaterialSlotName": "M_Sublevel_X0Y2_0_S_Elevation_Ground_Z564",
          "ImportedMaterialSlotName": "M_Sublevel_X0Y2_0_S_Elevation_Ground_Z564",
          "UVChannelData": {
            "bInitialized": true,
            "bOverrideDensities": false,
            "LocalUVDensities": 25318.326,
            "LocalUVDensities": 25318.326,
            "LocalUVDensities": 0.0,
            "LocalUVDensities": 0.0
          }
        },
        {
          "MaterialInterface": {
            "ObjectName": "MaterialInstanceConstant'MI_AthenaTreeXmasPine_02_Impostor'",
            "ObjectPath": "FortniteGame/Content/ImpostorBaker/ImpostorLODs/AthenaTreeXmasPine_02/MI_AthenaTreeXmasPine_02_Impostor.0"
          },
          "MaterialSlotName": "MI_AthenaTreeXmasPine_02_Impostor",
          "ImportedMaterialSlotName": "MI_AthenaTreeXmasPine_02_Impostor",
          "UVChannelData": {
            "bInitialized": true,
            "bOverrideDensities": false,
            "LocalUVDensities": 20463.818,
            "LocalUVDensities": 144.89542,
            "LocalUVDensities": 0.0,
            "LocalUVDensities": 0.0
          }
        },
        {
          "MaterialInterface": {
            "ObjectName": "MaterialInstanceConstant'MI_AthenaTreePine_02_Impostor'",
            "ObjectPath": "FortniteGame/Content/ImpostorBaker/ImpostorLODs/AthenaTreePine_02/MI_AthenaTreePine_02_Impostor.0"
          },
          "MaterialSlotName": "MI_AthenaTreePine_02_Impostor",
          "ImportedMaterialSlotName": "MI_AthenaTreePine_02_Impostor",
          "UVChannelData": {
            "bInitialized": true,
            "bOverrideDensities": false,
            "LocalUVDensities": 56271.113,
            "LocalUVDensities": 445.527,
            "LocalUVDensities": 0.0,
            "LocalUVDensities": 0.0
          }
        },
        {
          "MaterialInterface": {
            "ObjectName": "MaterialInstanceConstant'MI_AthenaTreeLarge_01_Impostor_02'",
            "ObjectPath": "FortniteGame/Content/ImpostorBaker/ImpostorLODs/AthenaTreeLarge_01/MI_AthenaTreeLarge_01_Impostor_02.0"
          },
          "MaterialSlotName": "MI_AthenaTreeLarge_01_Impostor_02",
          "ImportedMaterialSlotName": "MI_AthenaTreeLarge_01_Impostor_02",
          "UVChannelData": {
            "bInitialized": true,
            "bOverrideDensities": false,
            "LocalUVDensities": 49016.77,
            "LocalUVDensities": 311.14157,
            "LocalUVDensities": 0.0,
            "LocalUVDensities": 0.0
          }
        },
        {
          "MaterialInterface": {
            "ObjectName": "MaterialInstanceConstant'MI_AthenaTreeXmasPine_01_Impostor'",
            "ObjectPath": "FortniteGame/Content/ImpostorBaker/ImpostorLODs/AthenaTreeXmasPine_02/MI_AthenaTreeXmasPine_01_Impostor.0"
          },
          "MaterialSlotName": "MI_AthenaTreeXmasPine_01_Impostor",
          "ImportedMaterialSlotName": "MI_AthenaTreeXmasPine_01_Impostor",
          "UVChannelData": {
            "bInitialized": true,
            "bOverrideDensities": false,
            "LocalUVDensities": 20543.785,
            "LocalUVDensities": 137.38754,
            "LocalUVDensities": 0.0,
            "LocalUVDensities": 0.0
          }
        },
        {
          "MaterialInterface": {
            "ObjectName": "MaterialInstanceConstant'MI_AthenaTreeXmasPine_01_Impostor_MT'",
            "ObjectPath": "FortniteGame/Content/ImpostorBaker/ImpostorLODs/AthenaTreeXmasPine_02/MI_AthenaTreeXmasPine_01_Impostor_MT.0"
          },
          "MaterialSlotName": "MI_AthenaTreeXmasPine_01_Impostor_MT",
          "ImportedMaterialSlotName": "MI_AthenaTreeXmasPine_01_Impostor_MT",
          "UVChannelData": {
            "bInitialized": true,
            "bOverrideDensities": false,
            "LocalUVDensities": 21788.246,
            "LocalUVDensities": 145.23654,
            "LocalUVDensities": 0.0,
            "LocalUVDensities": 0.0
          }
        },
        {
          "MaterialInterface": {
            "ObjectName": "MaterialInstanceConstant'MI_AthenaTreeXmasPine_02_Impostor_MT'",
            "ObjectPath": "FortniteGame/Content/ImpostorBaker/ImpostorLODs/AthenaTreeXmasPine_02/MI_AthenaTreeXmasPine_02_Impostor_MT.0"
          },
          "MaterialSlotName": "MI_AthenaTreeXmasPine_02_Impostor_MT",
          "ImportedMaterialSlotName": "MI_AthenaTreeXmasPine_02_Impostor_MT",
          "UVChannelData": {
            "bInitialized": true,
            "bOverrideDensities": false,
            "LocalUVDensities": 17529.492,
            "LocalUVDensities": 124.11846,
            "LocalUVDensities": 0.0,
            "LocalUVDensities": 0.0
          }
        },
        {
          "MaterialInterface": {
            "ObjectName": "MaterialInstanceConstant'MI_AthenaTreeLarge_01_Impostor'",
            "ObjectPath": "FortniteGame/Content/ImpostorBaker/ImpostorLODs/AthenaTreeLarge_01/MI_AthenaTreeLarge_01_Impostor.0"
          },
          "MaterialSlotName": "MI_AthenaTreeLarge_01_Impostor",
          "ImportedMaterialSlotName": "MI_AthenaTreeLarge_01_Impostor",
          "UVChannelData": {
            "bInitialized": true,
            "bOverrideDensities": false,
            "LocalUVDensities": 65661.52,
            "LocalUVDensities": 416.79678,
            "LocalUVDensities": 0.0,
            "LocalUVDensities": 0.0
          }
        }
      ],
      "LightmapUVDensity": 26089.771,
      "PositiveBoundsExtension": {
        "X": 0.0,
        "Y": 0.0,
        "Z": 1799.3799
      },
      "NegativeBoundsExtension": {
        "X": 0.0,
        "Y": 1146.0293,
        "Z": 0.0
      },
      "ExtendedBounds": {
        "Origin": {
          "X": 2320.9375,
          "Y": 1377.6201,
          "Z": 3063.1177
        },
        "BoxExtent": {
          "X": 19520.89,
          "Y": 22722.832,
          "Z": 8375.785
        },
        "SphereRadius": 31105.402
      }
    },
    "BodySetup": {
      "ObjectName": "BodySetup'SM_Sublevel_X0Y2_0_S_Elevation_Ground_Z564:BodySetup_1'",
      "ObjectPath": "FortniteGame/Content/Athena/Maps/Streaming/HLOD/Sublevel_X0Y2_0_HLOD.0"
    },
    "NavCollision": {
      "ObjectName": "NavCollision'SM_Sublevel_X0Y2_0_S_Elevation_Ground_Z564:NavCollision_1'",
      "ObjectPath": "FortniteGame/Content/Athena/Maps/Streaming/HLOD/Sublevel_X0Y2_0_HLOD.3"
    },
    "LightingGuid": "3C2CB9A6-49B93928-99F808A2-85904391",
    "RenderData": null
  },
  {
    "Type": "Texture2D",
    "Name": "T_Sublevel_X0Y2_0_S_Elevation_Ground_Z564_Diffuse",
    "Class": "UScriptClass'Texture2D'",
    "Properties": {
      "ImportedSize": {
        "X": 256,
        "Y": 256
      },
      "LightingGuid": "0D40DBEC-4F7776FD-D2F36DB5-09110D87",
      "LODGroup": "TEXTUREGROUP_HierarchicalLOD"
    },
    "SizeX": 0,
    "SizeY": 0,
    "PackedData": 0,
    "PixelFormat": "PF_Unknown",
    "FirstMipToSerialize": -1
  }
]