[
  {
    "Type": "BodySetup",
    "Name": "BodySetup_0",
    "Outer": "SM_Sublevel_X3Y1_0_S_Elevation_Ground_Z190",
    "Class": "UScriptClass'BodySetup'",
    "Properties": {
      "DefaultInstance": {
        "ObjectType": "ECC_WorldStatic",
        "CollisionEnabled": "ECollisionEnabled::QueryOnly",
        "CollisionProfileName": "BlockAll",
        "CollisionResponses": {
          "ResponseArray": [
            {
              "Channel": "FCC_Trace_WeaponCapsule",
              "Response": "ECR_Block"
            },
            {
              "Channel": "FCC_Object_PawnAI",
              "Response": "ECR_Block"
            },
            {
              "Channel": "FCC_Trace_WeaponMulti",
              "Response": "ECR_Block"
            },
            {
              "Channel": "FCC_Trace_Weapon",
              "Response": "ECR_Block"
            },
            {
              "Channel": "FCC_Object_Projectile",
              "Response": "ECR_Block"
            },
            {
              "Channel": "FCC_Object_ProjectileIgnoreAI",
              "Response": "ECR_Block"
            },
            {
              "Channel": "FCC_Object_ProjectileMesh",
              "Response": "ECR_Block"
            },
            {
              "Channel": "FCC_Object_SpectatorDroneCamera",
              "Response": "ECR_Block"
            },
            {
              "Channel": "FCC_Trace_WeaponPawnAndWorldMulti",
              "Response": "ECR_Block"
            }
          ]
        }
      }
    },
    "BodySetupGuid": "B9A596D844450146557C39AE4BFEA457"
  },
  {
    "Type": "HLODProxy",
    "Name": "Sublevel_X3Y1_0_HLOD",
    "Class": "UScriptClass'HLODProxy'",
    "Properties": {
      "ProxyMeshes": [
        {
          "LODActor": {
            "Guid": "65F69744-4E56D8DC-EF6F65BE-50FCCC80"
          },
          "StaticMesh": {
            "ObjectName": "StaticMesh'SM_Sublevel_X3Y1_0_S_Elevation_Ground_Z190'",
            "ObjectPath": "FortniteGame/Content/Athena/Maps/Streaming/HLOD/Sublevel_X3Y1_0_HLOD.4"
          },
          "Key": "76927B120C6645ACB9200E7FB8896AC3_65F697444E56D8DCEF6F65BE50FCCC80_C7CF813B_C8CFF814_8D0F787A_ProxyLODMeshReduction"
        }
      ]
    }
  },
  {
    "Type": "MaterialInstanceConstant",
    "Name": "M_Sublevel_X3Y1_0_S_Elevation_Ground_Z190",
    "Class": "UScriptClass'MaterialInstanceConstant'",
    "Properties": {
      "Parent": {
        "ObjectName": "MaterialInstanceConstant'BaseFlattenMaterialAthena_GrassReplacement'",
        "ObjectPath": "FortniteGame/Content/Athena/HLODSetup/Materials/BaseFlattenMaterialAthena_GrassReplacement.0"
      },
      "bHasStaticPermutationResource": true,
      "ScalarParameterValues": [
        {
          "ParameterInfo": {
            "Name": "MetallicConst",
            "Association": "GlobalParameter",
            "Index": -1
          },
          "ParameterValue": 0.0,
          "ExpressionGUID": "16B059D0-44221A3F-374E1891-C270FC15"
        },
        {
          "ParameterInfo": {
            "Name": "RoughnessConst",
            "Association": "GlobalParameter",
            "Index": -1
          },
          "ParameterValue": 1.0,
          "ExpressionGUID": "D267A77E-41FA7EC1-5E9D5BAE-BBF80B38"
        },
        {
          "ParameterInfo": {
            "Name": "SpecularConst",
            "Association": "GlobalParameter",
            "Index": -1
          },
          "ParameterValue": 0.075,
          "ExpressionGUID": "28B5BE19-4FC55461-751117AD-2CD30525"
        },
        {
          "ParameterInfo": {
            "Name": "OpacityConst",
            "Association": "GlobalParameter",
            "Index": -1
          },
          "ParameterValue": 1.0,
          "ExpressionGUID": "54F848F8-429DCBC2-7FFE98BC-6B68D0FF"
        },
        {
          "ParameterInfo": {
            "Name": "OpacityMaskConst",
            "Association": "GlobalParameter",
            "Index": -1
          },
          "ParameterValue": 1.0,
          "ExpressionGUID": "E97FC7E1-48654DF8-73D2E8A2-879E06C7"
        },
        {
          "ParameterInfo": {
            "Name": "AmbientOcclusionConst",
            "Association": "GlobalParameter",
            "Index": -1
          },
          "ParameterValue": 1.0,
          "ExpressionGUID": "423DC731-407F9562-94B756BF-6321AC88"
        }
      ],
      "TextureParameterValues": [
        {
          "ParameterInfo": {
            "Name": "DiffuseTexture",
            "Association": "GlobalParameter",
            "Index": -1
          },
          "ParameterValue": {
            "ObjectName": "Texture2D'T_Sublevel_X3Y1_0_S_Elevation_Ground_Z190_Diffuse'",
            "ObjectPath": "FortniteGame/Content/Athena/Maps/Streaming/HLOD/Sublevel_X3Y1_0_HLOD.5"
          },
          "ExpressionGUID": "FA983522-483B48DB-7302F694-A9E59879"
        }
      ],
      "BasePropertyOverrides": {
        "bOverride_DitheredLODTransition": true,
        "DitheredLODTransition": true
      },
      "StaticParameters": {
        "StaticSwitchParameters": [
          {
            "ParameterInfo": {
              "Name": "UseDiffuse",
              "Association": "GlobalParameter",
              "Index": -1
            },
            "Value": true,
            "bOverride": true,
            "ExpressionGUID": "99BA8635-4EAA882F-9D4136AF-958BF760"
          }
        ]
      }
    }
  },
  {
    "Type": "NavCollision",
    "Name": "NavCollision_0",
    "Outer": "SM_Sublevel_X3Y1_0_S_Elevation_Ground_Z190",
    "Class": "UScriptClass'NavCollision'",
    "CookedFormatData": {
      "NavCollision_X": {
        "BulkDataFlags": "BULKDATA_SingleUse | BULKDATA_ForceInlinePayload",
        "ElementCount": 21,
        "SizeOnDisk": 21,
        "OffsetInFile": "0x2B440"
      }
    }
  },
  {
    "Type": "StaticMesh",
    "Name": "SM_Sublevel_X3Y1_0_S_Elevation_Ground_Z190",
    "Class": "UScriptClass'StaticMesh'",
    "Properties": {
      "StaticMaterials": [
        {
          "MaterialInterface": {
            "ObjectName": "MaterialInstanceConstant'M_Sublevel_X3Y1_0_S_Elevation_Ground_Z190'",
            "ObjectPath": "FortniteGame/Content/Athena/Maps/Streaming/HLOD/Sublevel_X3Y1_0_HLOD.2"
          },
          "MaterialSlotName": "M_Sublevel_X3Y1_0_S_Elevation_Ground_Z190",
          "ImportedMaterialSlotName": "M_Sublevel_X3Y1_0_S_Elevation_Ground_Z190",
          "UVChannelData": {
            "bInitialized": true,
            "bOverrideDensities": false,
            "LocalUVDensities": 13020.474,
            "LocalUVDensities": 13020.474,
            "LocalUVDensities": 0.0,
            "LocalUVDensities": 0.0
          }
        },
        {
          "MaterialInterface": {
            "ObjectName": "MaterialInstanceConstant'MI_Tree_02b_Impostor'",
            "ObjectPath": "FortniteGame/Content/ImpostorBaker/ImpostorLODs/Tree_02b/MI_Tree_02b_Impostor.0"
          },
          "MaterialSlotName": "MI_Tree_02b_Impostor",
          "ImportedMaterialSlotName": "MI_Tree_02b_Impostor",
          "UVChannelData": {
            "bInitialized": true,
            "bOverrideDensities": false,
            "LocalUVDensities": 8019.9937,
            "LocalUVDensities": 78.78911,
            "LocalUVDensities": 0.0,
            "LocalUVDensities": 0.0
          }
        },
        {
          "MaterialInterface": {
            "ObjectName": "MaterialInstanceConstant'MI_AthenaTreeXmasPine_01_Impostor'",
            "ObjectPath": "FortniteGame/Content/ImpostorBaker/ImpostorLODs/AthenaTreeXmasPine_02/MI_AthenaTreeXmasPine_01_Impostor.0"
          },
          "MaterialSlotName": "MI_AthenaTreeXmasPine_01_Impostor",
          "ImportedMaterialSlotName": "MI_AthenaTreeXmasPine_01_Impostor",
          "UVChannelData": {
            "bInitialized": true,
            "bOverrideDensities": false,
            "LocalUVDensities": 17579.021,
            "LocalUVDensities": 117.60891,
            "LocalUVDensities": 0.0,
            "LocalUVDensities": 0.0
          }
        },
        {
          "MaterialInterface": {
            "ObjectName": "MaterialInstanceConstant'MI_AthenaTreeXmasPine_01_Impostor_MT'",
            "ObjectPath": "FortniteGame/Content/ImpostorBaker/ImpostorLODs/AthenaTreeXmasPine_02/MI_AthenaTreeXmasPine_01_Impostor_MT.0"
          },
          "MaterialSlotName": "MI_AthenaTreeXmasPine_01_Impostor_MT",
          "ImportedMaterialSlotName": "MI_AthenaTreeXmasPine_01_Impostor_MT",
          "UVChannelData": {
            "bInitialized": true,
            "bOverrideDensities": false,
            "LocalUVDensities": 19612.39,
            "LocalUVDensities": 131.17892,
            "LocalUVDensities": 0.0,
            "LocalUVDensities": 0.0
          }
        },
        {
          "MaterialInterface": {
            "ObjectName": "MaterialInstanceConstant'MI_AthenaTreeXmasPine_02_Impostor_MT'",
            "ObjectPath": "FortniteGame/Content/ImpostorBaker/ImpostorLODs/AthenaTreeXmasPine_02/MI_AthenaTreeXmasPine_02_Impostor_MT.0"
          },
          "MaterialSlotName": "MI_AthenaTreeXmasPine_02_Impostor_MT",
          "ImportedMaterialSlotName": "MI_AthenaTreeXmasPine_02_Impostor_MT",
          "UVChannelData": {
            "bInitialized": true,
            "bOverrideDensities": false,
            "LocalUVDensities": 17501.959,
            "LocalUVDensities": 123.97549,
            "LocalUVDensities": 0.0,
            "LocalUVDensities": 0.0
          }
        },
        {
          "MaterialInterface": {
            "ObjectName": "MaterialInstanceConstant'MI_AthenaTreePine_01_Impostor'",
            "ObjectPath": "FortniteGame/Content/ImpostorBaker/ImpostorLODs/AthenaTreePine_01/MI_AthenaTreePine_01_Impostor.0"
          },
          "MaterialSlotName": "MI_AthenaTreePine_01_Impostor",
          "ImportedMaterialSlotName": "MI_AthenaTreePine_01_Impostor",
          "UVChannelData": {
            "bInitialized": true,
            "bOverrideDensities": false,
            "LocalUVDensities": 36308.12,
            "LocalUVDensities": 273.90533,
            "LocalUVDensities": 0.0,
            "LocalUVDensities": 0.0
          }
        },
        {
          "MaterialInterface": {
            "ObjectName": "MaterialInstanceConstant'MI_AthenaTreePine_02_Impostor'",
            "ObjectPath": "FortniteGame/Content/ImpostorBaker/ImpostorLODs/AthenaTreePine_02/MI_AthenaTreePine_02_Impostor.0"
          },
          "MaterialSlotName": "MI_AthenaTreePine_02_Impostor",
          "ImportedMaterialSlotName": "MI_AthenaTreePine_02_Impostor",
          "UVChannelData": {
            "bInitialized": true,
            "bOverrideDensities": false,
            "LocalUVDensities": 57500.895,
            "LocalUVDensities": 455.1014,
            "LocalUVDensities": 0.0,
            "LocalUVDensities": 0.0
          }
        },
        {
          "MaterialInterface": {
            "ObjectName": "MaterialInstanceConstant'MI_AthenaTreeLarge_01_Impostor'",
            "ObjectPath": "FortniteGame/Content/ImpostorBaker/ImpostorLODs/AthenaTreeLarge_01/MI_AthenaTreeLarge_01_Impostor.0"
          },
          "MaterialSlotName": "MI_AthenaTreeLarge_01_Impostor",
          "ImportedMaterialSlotName": "MI_AthenaTreeLarge_01_Impostor",
          "UVChannelData": {
            "bInitialized": true,
            "bOverrideDensities": false,
            "LocalUVDensities": 43248.387,
            "LocalUVDensities": 274.52588,
            "LocalUVDensities": 0.0,
            "LocalUVDensities": 0.0
          }
        },
        {
          "MaterialInterface": {
            "ObjectName": "MaterialInstanceConstant'MI_AthenaTreeXmasPine_02_Impostor'",
            "ObjectPath": "FortniteGame/Content/ImpostorBaker/ImpostorLODs/AthenaTreeXmasPine_02/MI_AthenaTreeXmasPine_02_Impostor.0"
          },
          "MaterialSlotName": "MI_AthenaTreeXmasPine_02_Impostor",
          "ImportedMaterialSlotName": "MI_AthenaTreeXmasPine_02_Impostor",
          "UVChannelData": {
            "bInitialized": true,
            "bOverrideDensities": false,
            "LocalUVDensities": 17837.004,
            "LocalUVDensities": 126.29583,
            "LocalUVDensities": 0.0,
            "LocalUVDensities": 0.0
          }
        }
      ],
      "LightmapUVDensity": 16768.5,
      "PositiveBoundsExtension": {
        "X": 1026.1113,
        "Y": 457.73438,
        "Z": 534.2783
      },
      "NegativeBoundsExtension": {
        "X": 235.16211,
        "Y": 1739.0449,
        "Z": 465.4745
      },
      "ExtendedBounds": {
        "Origin": {
          "X": 437.4453,
          "Y": -802.792,
          "Z": 5892.553
        },
        "BoxExtent": {
          "X": 20598.547,
          "Y": 21107.0,
          "Z": 6273.0337
        },
        "SphereRadius": 30152.223
      }
    },
    "BodySetup": {
      "ObjectName": "BodySetup'SM_Sublevel_X3Y1_0_S_Elevation_Ground_Z190:BodySetup_0'",
      "ObjectPath": "FortniteGame/Content/Athena/Maps/Streaming/HLOD/Sublevel_X3Y1_0_HLOD.0"
    },
    "NavCollision": {
      "ObjectName": "NavCollision'SM_Sublevel_X3Y1_0_S_Elevation_Ground_Z190:NavCollision_0'",
      "ObjectPath": "FortniteGame/Content/Athena/Maps/Streaming/HLOD/Sublevel_X3Y1_0_HLOD.3"
    },
    "LightingGuid": "314EE8D6-48A7AF33-AAFED688-4E3ED320",
    "RenderData": null
  },
  {
    "Type": "Texture2D",
    "Name": "T_Sublevel_X3Y1_0_S_Elevation_Ground_Z190_Diffuse",
    "Class": "UScriptClass'Texture2D'",
    "Properties": {
      "ImportedSize": {
        "X": 256,
        "Y": 256
      },
      "LightingGuid": "80E88B90-44B25A2D-919AB697-B0DEFAAD",
      "LODGroup": "TEXTUREGROUP_HierarchicalLOD"
    },
    "SizeX": 0,
    "SizeY": 0,
    "PackedData": 0,
    "PixelFormat": "PF_Unknown",
    "FirstMipToSerialize": -1
  }
]