[
  {
    "Type": "BodySetup",
    "Name": "BodySetup_1",
    "Outer": "SM_Sublevel_X4Y5_0_S_Elevation_Ground_Z760",
    "Class": "UScriptClass'BodySetup'",
    "Properties": {
      "DefaultInstance": {
        "ObjectType": "ECC_WorldStatic",
        "CollisionEnabled": "ECollisionEnabled::QueryOnly",
        "CollisionProfileName": "BlockAll",
        "CollisionResponses": {
          "ResponseArray": [
            {
              "Channel": "FCC_Trace_WeaponCapsule",
              "Response": "ECR_Block"
            },
            {
              "Channel": "FCC_Object_PawnAI",
              "Response": "ECR_Block"
            },
            {
              "Channel": "FCC_Trace_WeaponMulti",
              "Response": "ECR_Block"
            },
            {
              "Channel": "FCC_Trace_Weapon",
              "Response": "ECR_Block"
            },
            {
              "Channel": "FCC_Object_Projectile",
              "Response": "ECR_Block"
            },
            {
              "Channel": "FCC_Object_ProjectileIgnoreAI",
              "Response": "ECR_Block"
            },
            {
              "Channel": "FCC_Object_ProjectileMesh",
              "Response": "ECR_Block"
            },
            {
              "Channel": "FCC_Object_SpectatorDroneCamera",
              "Response": "ECR_Block"
            },
            {
              "Channel": "FCC_Trace_WeaponPawnAndWorldMulti",
              "Response": "ECR_Block"
            }
          ]
        }
      }
    },
    "BodySetupGuid": "D2E4E1034F7FFB2A690A9CB3FB0EE368"
  },
  {
    "Type": "HLODProxy",
    "Name": "Sublevel_X4Y5_0_HLOD",
    "Class": "UScriptClass'HLODProxy'",
    "Properties": {
      "ProxyMeshes": [
        {
          "LODActor": {
            "Guid": "BAC22B46-47378316-36308B9F-EBAF503B"
          },
          "StaticMesh": {
            "ObjectName": "StaticMesh'SM_Sublevel_X4Y5_0_S_Elevation_Ground_Z760'",
            "ObjectPath": "FortniteGame/Content/Athena/Maps/Streaming/HLOD/Sublevel_X4Y5_0_HLOD.4"
          },
          "Key": "76927B120C6645ACB9200E7FB8896AC3_BAC22B464737831636308B9FEBAF503B_C7CF813B_C8CFF814_458AFDCA_ProxyLODMeshReduction"
        }
      ]
    }
  },
  {
    "Type": "MaterialInstanceConstant",
    "Name": "M_Sublevel_X4Y5_0_S_Elevation_Ground_Z760",
    "Class": "UScriptClass'MaterialInstanceConstant'",
    "Properties": {
      "Parent": {
        "ObjectName": "MaterialInstanceConstant'BaseFlattenMaterialAthena_GrassReplacement'",
        "ObjectPath": "FortniteGame/Content/Athena/HLODSetup/Materials/BaseFlattenMaterialAthena_GrassReplacement.0"
      },
      "bHasStaticPermutationResource": true,
      "ScalarParameterValues": [
        {
          "ParameterInfo": {
            "Name": "MetallicConst",
            "Association": "GlobalParameter",
            "Index": -1
          },
          "ParameterValue": 0.0,
          "ExpressionGUID": "16B059D0-44221A3F-374E1891-C270FC15"
        },
        {
          "ParameterInfo": {
            "Name": "RoughnessConst",
            "Association": "GlobalParameter",
            "Index": -1
          },
          "ParameterValue": 1.0,
          "ExpressionGUID": "D267A77E-41FA7EC1-5E9D5BAE-BBF80B38"
        },
        {
          "ParameterInfo": {
            "Name": "SpecularConst",
            "Association": "GlobalParameter",
            "Index": -1
          },
          "ParameterValue": 0.075,
          "ExpressionGUID": "28B5BE19-4FC55461-751117AD-2CD30525"
        },
        {
          "ParameterInfo": {
            "Name": "OpacityConst",
            "Association": "GlobalParameter",
            "Index": -1
          },
          "ParameterValue": 1.0,
          "ExpressionGUID": "54F848F8-429DCBC2-7FFE98BC-6B68D0FF"
        },
        {
          "ParameterInfo": {
            "Name": "OpacityMaskConst",
            "Association": "GlobalParameter",
            "Index": -1
          },
          "ParameterValue": 1.0,
          "ExpressionGUID": "E97FC7E1-48654DF8-73D2E8A2-879E06C7"
        },
        {
          "ParameterInfo": {
            "Name": "AmbientOcclusionConst",
            "Association": "GlobalParameter",
            "Index": -1
          },
          "ParameterValue": 1.0,
          "ExpressionGUID": "423DC731-407F9562-94B756BF-6321AC88"
        }
      ],
      "TextureParameterValues": [
        {
          "ParameterInfo": {
            "Name": "DiffuseTexture",
            "Association": "GlobalParameter",
            "Index": -1
          },
          "ParameterValue": {
            "ObjectName": "Texture2D'T_Sublevel_X4Y5_0_S_Elevation_Ground_Z760_Diffuse'",
            "ObjectPath": "FortniteGame/Content/Athena/Maps/Streaming/HLOD/Sublevel_X4Y5_0_HLOD.5"
          },
          "ExpressionGUID": "FA983522-483B48DB-7302F694-A9E59879"
        }
      ],
      "BasePropertyOverrides": {
        "bOverride_DitheredLODTransition": true,
        "DitheredLODTransition": true
      },
      "StaticParameters": {
        "StaticSwitchParameters": [
          {
            "ParameterInfo": {
              "Name": "UseDiffuse",
              "Association": "GlobalParameter",
              "Index": -1
            },
            "Value": true,
            "bOverride": true,
            "ExpressionGUID": "99BA8635-4EAA882F-9D4136AF-958BF760"
          }
        ]
      }
    }
  },
  {
    "Type": "NavCollision",
    "Name": "NavCollision_1",
    "Outer": "SM_Sublevel_X4Y5_0_S_Elevation_Ground_Z760",
    "Class": "UScriptClass'NavCollision'",
    "CookedFormatData": {
      "NavCollision_X": {
        "BulkDataFlags": "BULKDATA_SingleUse | BULKDATA_ForceInlinePayload",
        "ElementCount": 21,
        "SizeOnDisk": 21,
        "OffsetInFile": "0x2FD0C"
      }
    }
  },
  {
    "Type": "StaticMesh",
    "Name": "SM_Sublevel_X4Y5_0_S_Elevation_Ground_Z760",
    "Class": "UScriptClass'StaticMesh'",
    "Properties": {
      "StaticMaterials": [
        {
          "MaterialInterface": {
            "ObjectName": "MaterialInstanceConstant'M_Sublevel_X4Y5_0_S_Elevation_Ground_Z760'",
            "ObjectPath": "FortniteGame/Content/Athena/Maps/Streaming/HLOD/Sublevel_X4Y5_0_HLOD.2"
          },
          "MaterialSlotName": "M_Sublevel_X4Y5_0_S_Elevation_Ground_Z760",
          "ImportedMaterialSlotName": "M_Sublevel_X4Y5_0_S_Elevation_Ground_Z760",
          "UVChannelData": {
            "bInitialized": true,
            "bOverrideDensities": false,
            "LocalUVDensities": 18249.74,
            "LocalUVDensities": 18249.74,
            "LocalUVDensities": 0.0,
            "LocalUVDensities": 0.0
          }
        },
        {
          "MaterialInterface": {
            "ObjectName": "MaterialInstanceConstant'MI_AthenaTreeLarge_01_Impostor'",
            "ObjectPath": "FortniteGame/Content/ImpostorBaker/ImpostorLODs/AthenaTreeLarge_01/MI_AthenaTreeLarge_01_Impostor.0"
          },
          "MaterialSlotName": "MI_AthenaTreeLarge_01_Impostor",
          "ImportedMaterialSlotName": "MI_AthenaTreeLarge_01_Impostor",
          "UVChannelData": {
            "bInitialized": true,
            "bOverrideDensities": false,
            "LocalUVDensities": 45534.5,
            "LocalUVDensities": 289.0372,
            "LocalUVDensities": 0.0,
            "LocalUVDensities": 0.0
          }
        },
        {
          "MaterialInterface": {
            "ObjectName": "MaterialInstanceConstant'MI_AthenaTreeXmasPine_01_Impostor'",
            "ObjectPath": "FortniteGame/Content/ImpostorBaker/ImpostorLODs/AthenaTreeXmasPine_02/MI_AthenaTreeXmasPine_01_Impostor.0"
          },
          "MaterialSlotName": "MI_AthenaTreeXmasPine_01_Impostor",
          "ImportedMaterialSlotName": "MI_AthenaTreeXmasPine_01_Impostor",
          "UVChannelData": {
            "bInitialized": true,
            "bOverrideDensities": false,
            "LocalUVDensities": 19743.6,
            "LocalUVDensities": 132.103,
            "LocalUVDensities": 0.0,
            "LocalUVDensities": 0.0
          }
        },
        {
          "MaterialInterface": {
            "ObjectName": "MaterialInstanceConstant'MI_AthenaTreeMedium_01_Impostor'",
            "ObjectPath": "FortniteGame/Content/ImpostorBaker/ImpostorLODs/AthenaTreeMedium_01/MI_AthenaTreeMedium_01_Impostor.0"
          },
          "MaterialSlotName": "MI_AthenaTreeMedium_01_Impostor",
          "ImportedMaterialSlotName": "MI_AthenaTreeMedium_01_Impostor",
          "UVChannelData": {
            "bInitialized": true,
            "bOverrideDensities": false,
            "LocalUVDensities": 14923.648,
            "LocalUVDensities": 126.44192,
            "LocalUVDensities": 0.0,
            "LocalUVDensities": 0.0
          }
        },
        {
          "MaterialInterface": {
            "ObjectName": "MaterialInstanceConstant'MI_AthenaTreeMedium_03_01_Impostor'",
            "ObjectPath": "FortniteGame/Content/ImpostorBaker/ImpostorLODs/AthenaTreeMedium_03/MI_AthenaTreeMedium_03_01_Impostor.0"
          },
          "MaterialSlotName": "MI_AthenaTreeMedium_03_01_Impostor",
          "ImportedMaterialSlotName": "MI_AthenaTreeMedium_03_01_Impostor",
          "UVChannelData": {
            "bInitialized": true,
            "bOverrideDensities": false,
            "LocalUVDensities": 9181.905,
            "LocalUVDensities": 116.56752,
            "LocalUVDensities": 0.0,
            "LocalUVDensities": 0.0
          }
        },
        {
          "MaterialInterface": {
            "ObjectName": "MaterialInstanceConstant'MI_AthenaTreeXmasPine_02_Impostor'",
            "ObjectPath": "FortniteGame/Content/ImpostorBaker/ImpostorLODs/AthenaTreeXmasPine_02/MI_AthenaTreeXmasPine_02_Impostor.0"
          },
          "MaterialSlotName": "MI_AthenaTreeXmasPine_02_Impostor",
          "ImportedMaterialSlotName": "MI_AthenaTreeXmasPine_02_Impostor",
          "UVChannelData": {
            "bInitialized": true,
            "bOverrideDensities": false,
            "LocalUVDensities": 17612.475,
            "LocalUVDensities": 124.75423,
            "LocalUVDensities": 0.0,
            "LocalUVDensities": 0.0
          }
        }
      ],
      "LightmapUVDensity": 20955.639,
      "PositiveBoundsExtension": {
        "X": 372.2793,
        "Y": 0.0,
        "Z": 1375.3589
      },
      "NegativeBoundsExtension": {
        "X": 1175.5273,
        "Y": 1490.8691,
        "Z": 0.0
      },
      "ExtendedBounds": {
        "Origin": {
          "X": -536.23926,
          "Y": -5366.088,
          "Z": 2053.578
        },
        "BoxExtent": {
          "X": 20906.672,
          "Y": 16300.5,
          "Z": 2197.1306
        },
        "SphereRadius": 26601.178
      }
    },
    "BodySetup": {
      "ObjectName": "BodySetup'SM_Sublevel_X4Y5_0_S_Elevation_Ground_Z760:BodySetup_1'",
      "ObjectPath": "FortniteGame/Content/Athena/Maps/Streaming/HLOD/Sublevel_X4Y5_0_HLOD.0"
    },
    "NavCollision": {
      "ObjectName": "NavCollision'SM_Sublevel_X4Y5_0_S_Elevation_Ground_Z760:NavCollision_1'",
      "ObjectPath": "FortniteGame/Content/Athena/Maps/Streaming/HLOD/Sublevel_X4Y5_0_HLOD.3"
    },
    "LightingGuid": "E25FB81A-4B7B5EDE-75E6D6AD-86D0E6D8",
    "RenderData": null
  },
  {
    "Type": "Texture2D",
    "Name": "T_Sublevel_X4Y5_0_S_Elevation_Ground_Z760_Diffuse",
    "Class": "UScriptClass'Texture2D'",
    "Properties": {
      "ImportedSize": {
        "X": 256,
        "Y": 256
      },
      "LightingGuid": "D32EB047-4449AF80-F1EBECB4-99AABDF0",
      "LODGroup": "TEXTUREGROUP_HierarchicalLOD"
    },
    "SizeX": 0,
    "SizeY": 0,
    "PackedData": 0,
    "PixelFormat": "PF_Unknown",
    "FirstMipToSerialize": -1
  }
]