[
  {
    "Type": "BodySetup",
    "Name": "BodySetup_1",
    "Outer": "SM_Sublevel_X0Y5_0_S_Cliff_Inner126_8",
    "Class": "UScriptClass'BodySetup'",
    "Properties": {
      "DefaultInstance": {
        "ObjectType": "ECC_WorldStatic",
        "CollisionEnabled": "ECollisionEnabled::QueryOnly",
        "CollisionProfileName": "BlockAll",
        "CollisionResponses": {
          "ResponseArray": [
            {
              "Channel": "FCC_Trace_WeaponCapsule",
              "Response": "ECR_Block"
            },
            {
              "Channel": "FCC_Object_PawnAI",
              "Response": "ECR_Block"
            },
            {
              "Channel": "FCC_Trace_WeaponMulti",
              "Response": "ECR_Block"
            },
            {
              "Channel": "FCC_Trace_Weapon",
              "Response": "ECR_Block"
            },
            {
              "Channel": "FCC_Object_Projectile",
              "Response": "ECR_Block"
            },
            {
              "Channel": "FCC_Object_ProjectileIgnoreAI",
              "Response": "ECR_Block"
            },
            {
              "Channel": "FCC_Object_ProjectileMesh",
              "Response": "ECR_Block"
            },
            {
              "Channel": "FCC_Object_SpectatorDroneCamera",
              "Response": "ECR_Block"
            },
            {
              "Channel": "FCC_Trace_WeaponPawnAndWorldMulti",
              "Response": "ECR_Block"
            }
          ]
        }
      }
    },
    "BodySetupGuid": "BCEB445445A7BCBCF124EB9AA7060F68"
  },
  {
    "Type": "HLODProxy",
    "Name": "Sublevel_X0Y5_0_HLOD",
    "Class": "UScriptClass'HLODProxy'",
    "Properties": {
      "ProxyMeshes": [
        {
          "LODActor": {
            "Guid": "833BABE4-4201E909-577F7781-E3570D5E"
          },
          "StaticMesh": {
            "ObjectName": "StaticMesh'SM_Sublevel_X0Y5_0_S_Cliff_Inner126_8'",
            "ObjectPath": "FortniteGame/Content/Athena/Maps/Streaming/HLOD/Sublevel_X0Y5_0_HLOD.4"
          },
          "Key": "76927B120C6645ACB9200E7FB8896AC3_833BABE44201E909577F7781E3570D5E_C7CF813B_C8CFF814_06D20185_ProxyLODMeshReduction"
        }
      ]
    }
  },
  {
    "Type": "MaterialInstanceConstant",
    "Name": "M_Sublevel_X0Y5_0_S_Cliff_Inner126_8",
    "Class": "UScriptClass'MaterialInstanceConstant'",
    "Properties": {
      "Parent": {
        "ObjectName": "MaterialInstanceConstant'BaseFlattenMaterialAthena_GrassReplacement'",
        "ObjectPath": "FortniteGame/Content/Athena/HLODSetup/Materials/BaseFlattenMaterialAthena_GrassReplacement.0"
      },
      "bHasStaticPermutationResource": true,
      "ScalarParameterValues": [
        {
          "ParameterInfo": {
            "Name": "MetallicConst",
            "Association": "GlobalParameter",
            "Index": -1
          },
          "ParameterValue": 0.0,
          "ExpressionGUID": "16B059D0-44221A3F-374E1891-C270FC15"
        },
        {
          "ParameterInfo": {
            "Name": "RoughnessConst",
            "Association": "GlobalParameter",
            "Index": -1
          },
          "ParameterValue": 1.0,
          "ExpressionGUID": "D267A77E-41FA7EC1-5E9D5BAE-BBF80B38"
        },
        {
          "ParameterInfo": {
            "Name": "SpecularConst",
            "Association": "GlobalParameter",
            "Index": -1
          },
          "ParameterValue": 0.075,
          "ExpressionGUID": "28B5BE19-4FC55461-751117AD-2CD30525"
        },
        {
          "ParameterInfo": {
            "Name": "OpacityConst",
            "Association": "GlobalParameter",
            "Index": -1
          },
          "ParameterValue": 1.0,
          "ExpressionGUID": "54F848F8-429DCBC2-7FFE98BC-6B68D0FF"
        },
        {
          "ParameterInfo": {
            "Name": "OpacityMaskConst",
            "Association": "GlobalParameter",
            "Index": -1
          },
          "ParameterValue": 1.0,
          "ExpressionGUID": "E97FC7E1-48654DF8-73D2E8A2-879E06C7"
        },
        {
          "ParameterInfo": {
            "Name": "AmbientOcclusionConst",
            "Association": "GlobalParameter",
            "Index": -1
          },
          "ParameterValue": 1.0,
          "ExpressionGUID": "423DC731-407F9562-94B756BF-6321AC88"
        }
      ],
      "TextureParameterValues": [
        {
          "ParameterInfo": {
            "Name": "DiffuseTexture",
            "Association": "GlobalParameter",
            "Index": -1
          },
          "ParameterValue": {
            "ObjectName": "Texture2D'T_Sublevel_X0Y5_0_S_Cliff_Inner126_8_Diffuse'",
            "ObjectPath": "FortniteGame/Content/Athena/Maps/Streaming/HLOD/Sublevel_X0Y5_0_HLOD.5"
          },
          "ExpressionGUID": "FA983522-483B48DB-7302F694-A9E59879"
        }
      ],
      "BasePropertyOverrides": {
        "bOverride_DitheredLODTransition": true,
        "DitheredLODTransition": true
      },
      "StaticParameters": {
        "StaticSwitchParameters": [
          {
            "ParameterInfo": {
              "Name": "UseDiffuse",
              "Association": "GlobalParameter",
              "Index": -1
            },
            "Value": true,
            "bOverride": true,
            "ExpressionGUID": "99BA8635-4EAA882F-9D4136AF-958BF760"
          }
        ]
      }
    }
  },
  {
    "Type": "NavCollision",
    "Name": "NavCollision_1",
    "Outer": "SM_Sublevel_X0Y5_0_S_Cliff_Inner126_8",
    "Class": "UScriptClass'NavCollision'",
    "CookedFormatData": {
      "NavCollision_X": {
        "BulkDataFlags": "BULKDATA_SingleUse | BULKDATA_ForceInlinePayload",
        "ElementCount": 21,
        "SizeOnDisk": 21,
        "OffsetInFile": "0x2489E"
      }
    }
  },
  {
    "Type": "StaticMesh",
    "Name": "SM_Sublevel_X0Y5_0_S_Cliff_Inner126_8",
    "Class": "UScriptClass'StaticMesh'",
    "Properties": {
      "StaticMaterials": [
        {
          "MaterialInterface": {
            "ObjectName": "MaterialInstanceConstant'M_Sublevel_X0Y5_0_S_Cliff_Inner126_8'",
            "ObjectPath": "FortniteGame/Content/Athena/Maps/Streaming/HLOD/Sublevel_X0Y5_0_HLOD.2"
          },
          "MaterialSlotName": "M_Sublevel_X0Y5_0_S_Cliff_Inner126_8",
          "ImportedMaterialSlotName": "M_Sublevel_X0Y5_0_S_Cliff_Inner126_8",
          "UVChannelData": {
            "bInitialized": true,
            "bOverrideDensities": false,
            "LocalUVDensities": 11501.449,
            "LocalUVDensities": 11501.449,
            "LocalUVDensities": 0.0,
            "LocalUVDensities": 0.0
          }
        },
        {
          "MaterialInterface": {
            "ObjectName": "MaterialInstanceConstant'MI_JoshuaTree_01'",
            "ObjectPath": "FortniteGame/Content/ImpostorBaker/ImpostorLODs/JoshuaTree_01/MI_JoshuaTree_01.0"
          },
          "MaterialSlotName": "MI_JoshuaTree_01",
          "ImportedMaterialSlotName": "MI_JoshuaTree_01",
          "UVChannelData": {
            "bInitialized": true,
            "bOverrideDensities": false,
            "LocalUVDensities": 27980.678,
            "LocalUVDensities": 166.16391,
            "LocalUVDensities": 0.0,
            "LocalUVDensities": 0.0
          }
        },
        {
          "MaterialInterface": {
            "ObjectName": "MaterialInstanceConstant'MI_DES_Cactus_02_Impostor'",
            "ObjectPath": "FortniteGame/Content/ImpostorBaker/ImpostorLODs/DES_Cactus_02/MI_DES_Cactus_02_Impostor.0"
          },
          "MaterialSlotName": "MI_DES_Cactus_02_Impostor",
          "ImportedMaterialSlotName": "MI_DES_Cactus_02_Impostor",
          "UVChannelData": {
            "bInitialized": true,
            "bOverrideDensities": false,
            "LocalUVDensities": 3816.1316,
            "LocalUVDensities": 41.850185,
            "LocalUVDensities": 0.0,
            "LocalUVDensities": 0.0
          }
        }
      ],
      "LightmapUVDensity": 11835.24,
      "PositiveBoundsExtension": {
        "X": 0.0,
        "Y": 114.865234,
        "Z": 0.0
      },
      "NegativeBoundsExtension": {
        "X": 0.0,
        "Y": 125.06836,
        "Z": 0.0
      },
      "ExtendedBounds": {
        "Origin": {
          "X": 6620.1914,
          "Y": -17336.955,
          "Z": -590.1328
        },
        "BoxExtent": {
          "X": 13030.723,
          "Y": 6236.4004,
          "Z": 4764.166
        },
        "SphereRadius": 15211.499
      }
    },
    "BodySetup": {
      "ObjectName": "BodySetup'SM_Sublevel_X0Y5_0_S_Cliff_Inner126_8:BodySetup_1'",
      "ObjectPath": "FortniteGame/Content/Athena/Maps/Streaming/HLOD/Sublevel_X0Y5_0_HLOD.0"
    },
    "NavCollision": {
      "ObjectName": "NavCollision'SM_Sublevel_X0Y5_0_S_Cliff_Inner126_8:NavCollision_1'",
      "ObjectPath": "FortniteGame/Content/Athena/Maps/Streaming/HLOD/Sublevel_X0Y5_0_HLOD.3"
    },
    "LightingGuid": "75852CE8-464C8596-84EABD8F-03ACB49E",
    "RenderData": null
  },
  {
    "Type": "Texture2D",
    "Name": "T_Sublevel_X0Y5_0_S_Cliff_Inner126_8_Diffuse",
    "Class": "UScriptClass'Texture2D'",
    "Properties": {
      "ImportedSize": {
        "X": 256,
        "Y": 256
      },
      "LightingGuid": "A051CE37-4F4DC58D-86241394-C05B2F22",
      "LODGroup": "TEXTUREGROUP_HierarchicalLOD"
    },
    "SizeX": 0,
    "SizeY": 0,
    "PackedData": 0,
    "PixelFormat": "PF_Unknown",
    "FirstMipToSerialize": -1
  }
]