[
  {
    "Type": "BlueprintGeneratedClass",
    "Name": "Lighthouse_Wall_Base_Corner_C",
    "Class": "UScriptClass'BlueprintGeneratedClass'",
    "Properties": {
      "SimpleConstructionScript": {
        "ObjectName": "SimpleConstructionScript'Lighthouse_Wall_Base_Corner_C:SimpleConstructionScript_17__D9D9AB43'",
        "ObjectPath": "FortniteGame/Content/Athena/Apollo/Environments/BuildingActors/BeachyBluffs/Walls/Lighthouse_Wall_Base_Corner.4"
      }
    },
    "SuperStruct": {
      "ObjectName": "Class'BuildingPropCorner'",
      "ObjectPath": "/Script/FortniteGame"
    }
  },
  {
    "Type": "Lighthouse_Wall_Base_Corner_C",
    "Name": "Default__Lighthouse_Wall_Base_Corner_C",
    "Class": "BlueprintGeneratedClass'FortniteGame/Content/Athena/Apollo/Environments/BuildingActors/BeachyBluffs/Walls/Lighthouse_Wall_Base_Corner.Lighthouse_Wall_Base_Corner_C'",
    "Properties": {
      "StaticMesh": {
        "ObjectName": "StaticMesh'S_Lighthouse_WallBase_Corner'",
        "ObjectPath": "FortniteGame/Content/Environments/Apollo/Sets/BeachyBluffs/Meshes/S_Lighthouse_WallBase_Corner.1"
      },
      "ResourceType": "EFortResourceType::Stone",
      "bNoCameraCollision": false,
      "StaticMeshComponent": {
        "ObjectName": "StaticMeshComponent'Default__Lighthouse_Wall_Base_Corner_C:StaticMeshComponent0'",
        "ObjectPath": "FortniteGame/Content/Athena/Apollo/Environments/BuildingActors/BeachyBluffs/Walls/Lighthouse_Wall_Base_Corner.5"
      },
      "BuildingResourceAmountOverride": {
        "CurveTable": {
          "ObjectName": "CurveTable'ResourceRates'",
          "ObjectPath": "FortniteGame/Content/Balance/DataTables/ResourceRates.0"
        },
        "RowName": "LDBuildingNormal"
      },
      "BuildingAttachmentPointOffset": {
        "X": 0.0,
        "Y": 0.0,
        "Z": 128.0
      },
      "AttributeInitKeys": {
        "AttributeInitCategory": "BuildingStone",
        "AttributeInitSubCategory": "1"
      },
      "AttributeInitKeys": {
        "AttributeInitCategory": "BuildingStone",
        "AttributeInitSubCategory": "1"
      },
      "NavigationObstacleOverride": "ENavigationObstacleOverride::ForceEnabled",
      "bCanExportNavigationCollisions": true,
      "RootComponent": {
        "ObjectName": "StaticMeshComponent'Default__Lighthouse_Wall_Base_Corner_C:StaticMeshComponent0'",
        "ObjectPath": "FortniteGame/Content/Athena/Apollo/Environments/BuildingActors/BeachyBluffs/Walls/Lighthouse_Wall_Base_Corner.5"
      }
    }
  },
  {
    "Type": "SceneComponent",
    "Name": "SceneComponent_85",
    "Outer": "Lighthouse_Wall_Base_Corner_C",
    "Class": "UScriptClass'SceneComponent'"
  },
  {
    "Type": "SCS_Node",
    "Name": "SCS_Node_99",
    "Outer": "SimpleConstructionScript_17__D9D9AB43",
    "Class": "UScriptClass'SCS_Node'",
    "Properties": {
      "ComponentClass": {
        "ObjectName": "Class'SceneComponent'",
        "ObjectPath": "/Script/Engine"
      },
      "ComponentTemplate": {
        "ObjectName": "SceneComponent'Lighthouse_Wall_Base_Corner_C:SceneComponent_85'",
        "ObjectPath": "FortniteGame/Content/Athena/Apollo/Environments/BuildingActors/BeachyBluffs/Walls/Lighthouse_Wall_Base_Corner.2"
      },
      "VariableGuid": "56BC9799-C494E6E6-321D4295-7D5EB316",
      "InternalVariableName": "DefaultSceneRoot"
    }
  },
  {
    "Type": "SimpleConstructionScript",
    "Name": "SimpleConstructionScript_17__D9D9AB43",
    "Outer": "Lighthouse_Wall_Base_Corner_C",
    "Class": "UScriptClass'SimpleConstructionScript'",
    "Properties": {
      "DefaultSceneRootNode": {
        "ObjectName": "SCS_Node'Lighthouse_Wall_Base_Corner_C:SimpleConstructionScript_17__D9D9AB43.SCS_Node_99'",
        "ObjectPath": "FortniteGame/Content/Athena/Apollo/Environments/BuildingActors/BeachyBluffs/Walls/Lighthouse_Wall_Base_Corner.3"
      }
    }
  },
  {
    "Type": "StaticMeshComponent",
    "Name": "StaticMeshComponent0",
    "Outer": "Default__Lighthouse_Wall_Base_Corner_C",
    "Class": "UScriptClass'StaticMeshComponent'",
    "Properties": {
      "StaticMesh": {
        "ObjectName": "StaticMesh'S_Lighthouse_WallBase_Corner'",
        "ObjectPath": "FortniteGame/Content/Environments/Apollo/Sets/BeachyBluffs/Meshes/S_Lighthouse_WallBase_Corner.1"
      },
      "BodyInstance": {
        "CollisionEnabled": "ECollisionEnabled::QueryAndPhysics",
        "bAutoWeld": false,
        "CollisionProfileName": "FortBuildingMeshPhysics",
        "CollisionResponses": {
          "ResponseArray": [
            {
              "Channel": "FCC_Trace_Interaction",
              "Response": "ECR_Block"
            },
            {
              "Channel": "FCC_Trace_WeakSpot",
              "Response": "ECR_Overlap"
            },
            {
              "Channel": "FCC_Trace_WeaponCapsule",
              "Response": "ECR_Block"
            },
            {
              "Channel": "FCC_Object_PawnAI",
              "Response": "ECR_Block"
            },
            {
              "Channel": "FCC_Trace_WeaponMulti",
              "Response": "ECR_Block"
            },
            {
              "Channel": "FCC_Trace_Weapon",
              "Response": "ECR_Block"
            },
            {
              "Channel": "FCC_Object_Projectile",
              "Response": "ECR_Block"
            },
            {
              "Channel": "FCC_Object_ProjectileIgnoreAI",
              "Response": "ECR_Block"
            },
            {
              "Channel": "FCC_Trace_World",
              "Response": "ECR_Block"
            },
            {
              "Channel": "FCC_Object_ProjectileMesh",
              "Response": "ECR_Block"
            },
            {
              "Channel": "FCC_Trace_WeaponPawnAndWorldMulti",
              "Response": "ECR_Block"
            }
          ]
        }
      },
      "bCanEverAffectNavigation": true
    }
  }
]