[
  {
    "Type": "BlueprintGeneratedClass",
    "Name": "Lighthouse_WallBase_Door_C",
    "Class": "UScriptClass'BlueprintGeneratedClass'",
    "Super": {
      "ObjectName": "BlueprintGeneratedClass'Parent_BuildingWall_C'",
      "ObjectPath": "FortniteGame/Content/Building/ActorBlueprints/Wall/Parent_BuildingWall.1"
    },
    "Properties": {
      "SimpleConstructionScript": {
        "ObjectName": "SimpleConstructionScript'Lighthouse_WallBase_Door_C:SimpleConstructionScript_182'",
        "ObjectPath": "FortniteGame/Content/Athena/Apollo/Environments/BuildingActors/BeachyBluffs/Walls/Lighthouse_WallBase_Door.4"
      }
    },
    "SuperStruct": {
      "ObjectName": "BlueprintGeneratedClass'Parent_BuildingWall_C'",
      "ObjectPath": "FortniteGame/Content/Building/ActorBlueprints/Wall/Parent_BuildingWall.1"
    }
  },
  {
    "Type": "Lighthouse_WallBase_Door_C",
    "Name": "Default__Lighthouse_WallBase_Door_C",
    "Class": "BlueprintGeneratedClass'FortniteGame/Content/Athena/Apollo/Environments/BuildingActors/BeachyBluffs/Walls/Lighthouse_WallBase_Door.Lighthouse_WallBase_Door_C'",
    "Template": {
      "ObjectName": "Parent_BuildingWall_C'Default__Parent_BuildingWall_C'",
      "ObjectPath": "FortniteGame/Content/Building/ActorBlueprints/Wall/Parent_BuildingWall.2"
    },
    "Properties": {
      "DoorOffset": {
        "X": -81.0,
        "Y": 217.262,
        "Z": 16.0
      },
      "DoorOpeningSound": {
        "ObjectName": "SoundCue'door_residential_open_F_Cue'",
        "ObjectPath": "FortniteGame/Content/Sounds/Fort_Doors/World/door_residential_open_F_Cue.0"
      },
      "DoorClosingSound": {
        "ObjectName": "SoundCue'door_residential_close_F_Cue'",
        "ObjectPath": "FortniteGame/Content/Sounds/Fort_Doors/World/door_residential_close_F_Cue.0"
      },
      "DoorMesh": {
        "ObjectName": "StaticMesh'S_Lighthouse_Door'",
        "ObjectPath": "FortniteGame/Content/Environments/Apollo/Sets/BeachyBluffs/Meshes/S_Lighthouse_Door.1"
      },
      "StaticMesh": {
        "ObjectName": "StaticMesh'S_Lighthouse_WallBase_Door'",
        "ObjectPath": "FortniteGame/Content/Environments/Apollo/Sets/BeachyBluffs/Meshes/S_Lighthouse_WallBase_Door.1"
      },
      "ResourceType": "EFortResourceType::Stone",
      "StaticMeshComponent": {
        "ObjectName": "StaticMeshComponent'Default__Lighthouse_WallBase_Door_C:StaticMeshComponent0'",
        "ObjectPath": "FortniteGame/Content/Athena/Apollo/Environments/BuildingActors/BeachyBluffs/Walls/Lighthouse_WallBase_Door.5"
      },
      "BuildingResourceAmountOverride": {
        "RowName": "LDBuildingNormal"
      },
      "EditModePatternData": {
        "ObjectName": "BuildingEditModeMetadata_Wall'EMP_Wall_DoorC'",
        "ObjectPath": "FortniteGame/Content/Building/EditModePatterns/Wall/EMP_Wall_DoorC.0"
      },
      "AreaClass": {
        "AssetPathName": "/Game/Building/NavigationAreas/FortMetaNavWallAreaDef.FortMetaNavWallAreaDef_C",
        "SubPathString": ""
      },
      "CurrentBuildingLevel": 1,
      "AttributeInitKeys": {
        "AttributeInitCategory": "BuildingStone",
        "AttributeInitSubCategory": "2"
      },
      "AttributeInitKeys": {
        "AttributeInitCategory": "BuildingStone",
        "AttributeInitSubCategory": "2"
      },
      "HotSpotConfig": {
        "ObjectName": "BuildingActorHotSpotConfig'BuildingActorHotSpot_Wall'",
        "ObjectPath": "FortniteGame/Content/AI/HotSpots/BuildingActorHotSpot_Wall.0"
      },
      "RootComponent": {
        "ObjectName": "StaticMeshComponent'Default__Lighthouse_WallBase_Door_C:StaticMeshComponent0'",
        "ObjectPath": "FortniteGame/Content/Athena/Apollo/Environments/BuildingActors/BeachyBluffs/Walls/Lighthouse_WallBase_Door.5"
      }
    }
  },
  {
    "Type": "SceneComponent",
    "Name": "SceneComponent_76",
    "Outer": "Lighthouse_WallBase_Door_C",
    "Class": "UScriptClass'SceneComponent'"
  },
  {
    "Type": "SCS_Node",
    "Name": "SCS_Node_81",
    "Outer": "SimpleConstructionScript_182",
    "Class": "UScriptClass'SCS_Node'",
    "Properties": {
      "ComponentClass": {
        "ObjectName": "Class'SceneComponent'",
        "ObjectPath": "/Script/Engine"
      },
      "ComponentTemplate": {
        "ObjectName": "SceneComponent'Lighthouse_WallBase_Door_C:SceneComponent_76'",
        "ObjectPath": "FortniteGame/Content/Athena/Apollo/Environments/BuildingActors/BeachyBluffs/Walls/Lighthouse_WallBase_Door.2"
      },
      "VariableGuid": "56BC9799-C494E6E6-321D4295-7D5EB316",
      "InternalVariableName": "DefaultSceneRoot"
    }
  },
  {
    "Type": "SimpleConstructionScript",
    "Name": "SimpleConstructionScript_182",
    "Outer": "Lighthouse_WallBase_Door_C",
    "Class": "UScriptClass'SimpleConstructionScript'",
    "Properties": {
      "DefaultSceneRootNode": {
        "ObjectName": "SCS_Node'Lighthouse_WallBase_Door_C:SimpleConstructionScript_182.SCS_Node_81'",
        "ObjectPath": "FortniteGame/Content/Athena/Apollo/Environments/BuildingActors/BeachyBluffs/Walls/Lighthouse_WallBase_Door.3"
      }
    }
  },
  {
    "Type": "StaticMeshComponent",
    "Name": "StaticMeshComponent0",
    "Outer": "Default__Lighthouse_WallBase_Door_C",
    "Class": "UScriptClass'StaticMeshComponent'",
    "Template": {
      "ObjectName": "StaticMeshComponent'Default__Parent_BuildingWall_C:StaticMeshComponent0'",
      "ObjectPath": "FortniteGame/Content/Building/ActorBlueprints/Wall/Parent_BuildingWall.6"
    },
    "Properties": {
      "StaticMesh": {
        "ObjectName": "StaticMesh'S_Lighthouse_WallBase_Door'",
        "ObjectPath": "FortniteGame/Content/Environments/Apollo/Sets/BeachyBluffs/Meshes/S_Lighthouse_WallBase_Door.1"
      },
      "CanCharacterStepUpOn": "ECB_Yes",
      "BodyInstance": {
        "bAutoWeld": false
      }
    }
  }
]