[
  {
    "Type": "BodySetup",
    "Name": "BodySetup_1",
    "Outer": "SM_Athena_JUNG_1x1_Cove_A_0_Pueblo_WindowSide_01_2",
    "Class": "UScriptClass'BodySetup'",
    "Properties": {
      "DefaultInstance": {
        "ObjectType": "ECC_WorldStatic",
        "CollisionEnabled": "ECollisionEnabled::QueryOnly",
        "CollisionProfileName": "BlockAll",
        "CollisionResponses": {
          "ResponseArray": [
            {
              "Channel": "FCC_Trace_WeaponCapsule",
              "Response": "ECR_Block"
            },
            {
              "Channel": "FCC_Object_PawnAI",
              "Response": "ECR_Block"
            },
            {
              "Channel": "FCC_Trace_WeaponMulti",
              "Response": "ECR_Block"
            },
            {
              "Channel": "FCC_Trace_Weapon",
              "Response": "ECR_Block"
            },
            {
              "Channel": "FCC_Object_Projectile",
              "Response": "ECR_Block"
            },
            {
              "Channel": "FCC_Object_ProjectileIgnoreAI",
              "Response": "ECR_Block"
            },
            {
              "Channel": "FCC_Object_ProjectileMesh",
              "Response": "ECR_Block"
            },
            {
              "Channel": "FCC_Object_SpectatorDroneCamera",
              "Response": "ECR_Block"
            },
            {
              "Channel": "FCC_Trace_WeaponPawnAndWorldMulti",
              "Response": "ECR_Block"
            }
          ]
        }
      }
    },
    "BodySetupGuid": "4904D3AD460A4DDDD47809945DD5F50A"
  },
  {
    "Type": "HLODProxy",
    "Name": "Athena_JUNG_1x1_Cove_A_0_HLOD",
    "Class": "UScriptClass'HLODProxy'",
    "Properties": {
      "ProxyMeshes": [
        {
          "LODActor": {
            "Guid": "82CDF763-4F2B991B-4C5CF185-9ADF74F8"
          },
          "StaticMesh": {
            "ObjectName": "StaticMesh'SM_Athena_JUNG_1x1_Cove_A_0_Pueblo_WindowSide_01_2'",
            "ObjectPath": "FortniteGame/Content/Athena/Maps/Buildings/1x1/HLOD/Athena_JUNG_1x1_Cove_A_0_HLOD.3"
          },
          "Key": "76927B120C6645ACB9200E7FB8896AC3_82CDF7634F2B991B4C5CF1859ADF74F8_B6397B6E_1B864DD1_320280A1_ProxyLODMeshReduction"
        }
      ]
    }
  },
  {
    "Type": "MaterialInstanceConstant",
    "Name": "M_Athena_JUNG_1x1_Cove_A_0_Pueblo_WindowSide_01_2",
    "Class": "UScriptClass'MaterialInstanceConstant'",
    "Properties": {
      "Parent": {
        "ObjectName": "Material'BaseFlattenMaterial'",
        "ObjectPath": "Engine/Content/EngineMaterials/BaseFlattenMaterial.0"
      },
      "bHasStaticPermutationResource": true,
      "ScalarParameterValues": [
        {
          "ParameterInfo": {
            "Name": "MetallicConst",
            "Association": "GlobalParameter",
            "Index": -1
          },
          "ParameterValue": 0.0,
          "ExpressionGUID": "16B059D0-44221A3F-374E1891-C270FC15"
        },
        {
          "ParameterInfo": {
            "Name": "RoughnessConst",
            "Association": "GlobalParameter",
            "Index": -1
          },
          "ParameterValue": 1.0,
          "ExpressionGUID": "D267A77E-41FA7EC1-5E9D5BAE-BBF80B38"
        },
        {
          "ParameterInfo": {
            "Name": "SpecularConst",
            "Association": "GlobalParameter",
            "Index": -1
          },
          "ParameterValue": 0.075,
          "ExpressionGUID": "28B5BE19-4FC55461-751117AD-2CD30525"
        },
        {
          "ParameterInfo": {
            "Name": "OpacityConst",
            "Association": "GlobalParameter",
            "Index": -1
          },
          "ParameterValue": 1.0,
          "ExpressionGUID": "54F848F8-429DCBC2-7FFE98BC-6B68D0FF"
        },
        {
          "ParameterInfo": {
            "Name": "OpacityMaskConst",
            "Association": "GlobalParameter",
            "Index": -1
          },
          "ParameterValue": 1.0,
          "ExpressionGUID": "E97FC7E1-48654DF8-73D2E8A2-879E06C7"
        },
        {
          "ParameterInfo": {
            "Name": "AmbientOcclusionConst",
            "Association": "GlobalParameter",
            "Index": -1
          },
          "ParameterValue": 1.0,
          "ExpressionGUID": "423DC731-407F9562-94B756BF-6321AC88"
        }
      ],
      "TextureParameterValues": [
        {
          "ParameterInfo": {
            "Name": "DiffuseTexture",
            "Association": "GlobalParameter",
            "Index": -1
          },
          "ParameterValue": {
            "ObjectName": "Texture2D'T_Athena_JUNG_1x1_Cove_A_0_Pueblo_WindowSide_01_2_Diffuse'",
            "ObjectPath": "FortniteGame/Content/Athena/Maps/Buildings/1x1/HLOD/Athena_JUNG_1x1_Cove_A_0_HLOD.4"
          },
          "ExpressionGUID": "FA983522-483B48DB-7302F694-A9E59879"
        }
      ],
      "BasePropertyOverrides": {
        "bOverride_DitheredLODTransition": true,
        "DitheredLODTransition": true,
        "OpacityMaskClipValue": 0.3333
      },
      "StaticParameters": {
        "StaticSwitchParameters": [
          {
            "ParameterInfo": {
              "Name": "UseDiffuse",
              "Association": "GlobalParameter",
              "Index": -1
            },
            "Value": true,
            "bOverride": true,
            "ExpressionGUID": "99BA8635-4EAA882F-9D4136AF-958BF760"
          }
        ]
      }
    }
  },
  {
    "Type": "StaticMesh",
    "Name": "SM_Athena_JUNG_1x1_Cove_A_0_Pueblo_WindowSide_01_2",
    "Class": "UScriptClass'StaticMesh'",
    "Properties": {
      "StaticMaterials": [
        {
          "MaterialInterface": {
            "ObjectName": "MaterialInstanceConstant'M_Athena_JUNG_1x1_Cove_A_0_Pueblo_WindowSide_01_2'",
            "ObjectPath": "FortniteGame/Content/Athena/Maps/Buildings/1x1/HLOD/Athena_JUNG_1x1_Cove_A_0_HLOD.2"
          },
          "MaterialSlotName": "M_Athena_JUNG_1x1_Cove_A_0_Pueblo_WindowSide_01_2",
          "ImportedMaterialSlotName": "M_Athena_JUNG_1x1_Cove_A_0_Pueblo_WindowSide_01_2",
          "UVChannelData": {
            "bInitialized": true,
            "bOverrideDensities": false,
            "LocalUVDensities": 2429.2866,
            "LocalUVDensities": 2429.2866,
            "LocalUVDensities": 0.0,
            "LocalUVDensities": 0.0
          }
        }
      ],
      "LightmapUVDensity": 2429.2866,
      "ExtendedBounds": {
        "Origin": {
          "X": 2.1784058,
          "Y": 2.2649841,
          "Z": 16.957458
        },
        "BoxExtent": {
          "X": 324.51056,
          "Y": 329.46198,
          "Z": 537.3269
        },
        "SphereRadius": 651.0925
      }
    },
    "BodySetup": {
      "ObjectName": "BodySetup'SM_Athena_JUNG_1x1_Cove_A_0_Pueblo_WindowSide_01_2:BodySetup_1'",
      "ObjectPath": "FortniteGame/Content/Athena/Maps/Buildings/1x1/HLOD/Athena_JUNG_1x1_Cove_A_0_HLOD.0"
    },
    "NavCollision": null,
    "LightingGuid": "FCD10F57-4E947A81-8C633AA4-78889AD0",
    "RenderData": {
      "LODs": [
        {
          "Sections": [
            {
              "MaterialIndex": 0,
              "FirstIndex": 0,
              "NumTriangles": 178,
              "MinVertexIndex": 0,
              "MaxVertexIndex": 259,
              "bEnableCollision": false,
              "bCastShadow": true,
              "bForceOpaque": false,
              "bVisibleInRayTracing": true
            }
          ],
          "MaxDeviation": 0.0,
          "PositionVertexBuffer": {
            "Stride": 12,
            "NumVertices": 260
          },
          "VertexBuffer": {
            "NumTexCoords": 2,
            "NumVertices": 260,
            "Strides": -1,
            "UseHighPrecisionTangentBasis": false,
            "UseFullPrecisionUVs": false
          },
          "ColorVertexBuffer": {
            "Data": [],
            "Stride": 0,
            "NumVertices": 0
          }
        }
      ],
      "Bounds": {
        "Origin": {
          "X": 2.1784058,
          "Y": 2.2649841,
          "Z": 16.957458
        },
        "BoxExtent": {
          "X": 324.51056,
          "Y": 329.46198,
          "Z": 537.3269
        },
        "SphereRadius": 651.0925
      },
      "bLODsShareStaticLighting": true,
      "ScreenSize": [
        1.0,
        0.0,
        0.0,
        0.0,
        0.0,
        0.0,
        0.0,
        0.0
      ]
    }
  },
  {
    "Type": "Texture2D",
    "Name": "T_Athena_JUNG_1x1_Cove_A_0_Pueblo_WindowSide_01_2_Diffuse",
    "Class": "UScriptClass'Texture2D'",
    "Properties": {
      "ImportedSize": {
        "X": 128,
        "Y": 128
      },
      "LightingGuid": "09288803-44881FE2-22379190-E9B82475",
      "LODGroup": "TEXTUREGROUP_HierarchicalLOD"
    },
    "SizeX": 0,
    "SizeY": 0,
    "PackedData": 0,
    "PixelFormat": "PF_Unknown",
    "FirstMipToSerialize": -1
  }
]