[
  {
    "Type": "BodySetup",
    "Name": "BodySetup_0",
    "Outer": "SM_Athena_ICE_1x1_Castle_b_0_SM_FORT_Floors_Generic_BasicTile795_16",
    "Class": "UScriptClass'BodySetup'",
    "Properties": {
      "DefaultInstance": {
        "ObjectType": "ECC_WorldStatic",
        "CollisionEnabled": "ECollisionEnabled::QueryOnly",
        "CollisionProfileName": "BlockAll",
        "CollisionResponses": {
          "ResponseArray": [
            {
              "Channel": "FCC_Trace_WeaponCapsule",
              "Response": "ECR_Block"
            },
            {
              "Channel": "FCC_Object_PawnAI",
              "Response": "ECR_Block"
            },
            {
              "Channel": "FCC_Trace_WeaponMulti",
              "Response": "ECR_Block"
            },
            {
              "Channel": "FCC_Trace_Weapon",
              "Response": "ECR_Block"
            },
            {
              "Channel": "FCC_Object_Projectile",
              "Response": "ECR_Block"
            },
            {
              "Channel": "FCC_Object_ProjectileIgnoreAI",
              "Response": "ECR_Block"
            },
            {
              "Channel": "FCC_Object_ProjectileMesh",
              "Response": "ECR_Block"
            },
            {
              "Channel": "FCC_Object_SpectatorDroneCamera",
              "Response": "ECR_Block"
            },
            {
              "Channel": "FCC_Trace_WeaponPawnAndWorldMulti",
              "Response": "ECR_Block"
            }
          ]
        }
      }
    },
    "BodySetupGuid": "3B30AA1148C2A4F75AEF82B23E993276"
  },
  {
    "Type": "HLODProxy",
    "Name": "Athena_ICE_1x1_Castle_b_0_HLOD",
    "Class": "UScriptClass'HLODProxy'",
    "Properties": {
      "ProxyMeshes": [
        {
          "LODActor": {
            "Guid": "0087CFB2-48D6346B-6D57BD9E-F645DF14"
          },
          "StaticMesh": {
            "ObjectName": "StaticMesh'SM_Athena_ICE_1x1_Castle_b_0_SM_FORT_Floors_Generic_BasicTile795_16'",
            "ObjectPath": "FortniteGame/Content/Athena/Maps/Buildings/1x1/HLOD/Athena_ICE_1x1_Castle_b_0_HLOD.3"
          },
          "Key": "76927B120C6645ACB9200E7FB8896AC3_0087CFB248D6346B6D57BD9EF645DF14_B6397B6E_1B864DD1_CE74F18F_ProxyLODMeshReduction"
        }
      ]
    }
  },
  {
    "Type": "MaterialInstanceConstant",
    "Name": "M_Athena_ICE_1x1_Castle_b_0_SM_FORT_Floors_Generic_BasicTile795_16",
    "Class": "UScriptClass'MaterialInstanceConstant'",
    "Properties": {
      "Parent": {
        "ObjectName": "Material'BaseFlattenMaterial'",
        "ObjectPath": "Engine/Content/EngineMaterials/BaseFlattenMaterial.0"
      },
      "bHasStaticPermutationResource": true,
      "ScalarParameterValues": [
        {
          "ParameterInfo": {
            "Name": "MetallicConst",
            "Association": "GlobalParameter",
            "Index": -1
          },
          "ParameterValue": 0.0,
          "ExpressionGUID": "16B059D0-44221A3F-374E1891-C270FC15"
        },
        {
          "ParameterInfo": {
            "Name": "RoughnessConst",
            "Association": "GlobalParameter",
            "Index": -1
          },
          "ParameterValue": 1.0,
          "ExpressionGUID": "D267A77E-41FA7EC1-5E9D5BAE-BBF80B38"
        },
        {
          "ParameterInfo": {
            "Name": "SpecularConst",
            "Association": "GlobalParameter",
            "Index": -1
          },
          "ParameterValue": 0.075,
          "ExpressionGUID": "28B5BE19-4FC55461-751117AD-2CD30525"
        },
        {
          "ParameterInfo": {
            "Name": "OpacityConst",
            "Association": "GlobalParameter",
            "Index": -1
          },
          "ParameterValue": 1.0,
          "ExpressionGUID": "54F848F8-429DCBC2-7FFE98BC-6B68D0FF"
        },
        {
          "ParameterInfo": {
            "Name": "OpacityMaskConst",
            "Association": "GlobalParameter",
            "Index": -1
          },
          "ParameterValue": 1.0,
          "ExpressionGUID": "E97FC7E1-48654DF8-73D2E8A2-879E06C7"
        },
        {
          "ParameterInfo": {
            "Name": "AmbientOcclusionConst",
            "Association": "GlobalParameter",
            "Index": -1
          },
          "ParameterValue": 1.0,
          "ExpressionGUID": "423DC731-407F9562-94B756BF-6321AC88"
        }
      ],
      "TextureParameterValues": [
        {
          "ParameterInfo": {
            "Name": "DiffuseTexture",
            "Association": "GlobalParameter",
            "Index": -1
          },
          "ParameterValue": {
            "ObjectName": "Texture2D'T_Athena_ICE_1x1_Castle_b_0_SM_FORT_Floors_Generic_BasicTile795_16_Diffuse'",
            "ObjectPath": "FortniteGame/Content/Athena/Maps/Buildings/1x1/HLOD/Athena_ICE_1x1_Castle_b_0_HLOD.4"
          },
          "ExpressionGUID": "FA983522-483B48DB-7302F694-A9E59879"
        }
      ],
      "BasePropertyOverrides": {
        "bOverride_DitheredLODTransition": true,
        "DitheredLODTransition": true,
        "OpacityMaskClipValue": 0.3333
      },
      "StaticParameters": {
        "StaticSwitchParameters": [
          {
            "ParameterInfo": {
              "Name": "UseDiffuse",
              "Association": "GlobalParameter",
              "Index": -1
            },
            "Value": true,
            "bOverride": true,
            "ExpressionGUID": "99BA8635-4EAA882F-9D4136AF-958BF760"
          }
        ]
      }
    }
  },
  {
    "Type": "StaticMesh",
    "Name": "SM_Athena_ICE_1x1_Castle_b_0_SM_FORT_Floors_Generic_BasicTile795_16",
    "Class": "UScriptClass'StaticMesh'",
    "Properties": {
      "StaticMaterials": [
        {
          "MaterialInterface": {
            "ObjectName": "MaterialInstanceConstant'M_Athena_ICE_1x1_Castle_b_0_SM_FORT_Floors_Generic_BasicTile795_16'",
            "ObjectPath": "FortniteGame/Content/Athena/Maps/Buildings/1x1/HLOD/Athena_ICE_1x1_Castle_b_0_HLOD.2"
          },
          "MaterialSlotName": "M_Athena_ICE_1x1_Castle_b_0_SM_FORT_Floors_Generic_BasicTile795_16",
          "ImportedMaterialSlotName": "M_Athena_ICE_1x1_Castle_b_0_SM_FORT_Floors_Generic_BasicTile795_16",
          "UVChannelData": {
            "bInitialized": true,
            "bOverrideDensities": false,
            "LocalUVDensities": 2436.7788,
            "LocalUVDensities": 2436.7788,
            "LocalUVDensities": 0.0,
            "LocalUVDensities": 0.0
          }
        }
      ],
      "LightmapUVDensity": 2436.7788,
      "ExtendedBounds": {
        "Origin": {
          "X": -1.6235352,
          "Y": 8.733459,
          "Z": 638.77747
        },
        "BoxExtent": {
          "X": 329.77573,
          "Y": 340.081,
          "Z": 717.3895
        },
        "SphereRadius": 836.1015
      }
    },
    "BodySetup": {
      "ObjectName": "BodySetup'SM_Athena_ICE_1x1_Castle_b_0_SM_FORT_Floors_Generic_BasicTile795_16:BodySetup_0'",
      "ObjectPath": "FortniteGame/Content/Athena/Maps/Buildings/1x1/HLOD/Athena_ICE_1x1_Castle_b_0_HLOD.0"
    },
    "NavCollision": null,
    "LightingGuid": "0FE33E14-4DC4AB02-9E85488D-C95465FA",
    "RenderData": {
      "LODs": [
        {
          "Sections": [
            {
              "MaterialIndex": 0,
              "FirstIndex": 0,
              "NumTriangles": 166,
              "MinVertexIndex": 0,
              "MaxVertexIndex": 179,
              "bEnableCollision": false,
              "bCastShadow": true,
              "bForceOpaque": false,
              "bVisibleInRayTracing": true
            }
          ],
          "MaxDeviation": 0.0,
          "PositionVertexBuffer": {
            "Stride": 12,
            "NumVertices": 180
          },
          "VertexBuffer": {
            "NumTexCoords": 2,
            "NumVertices": 180,
            "Strides": -1,
            "UseHighPrecisionTangentBasis": false,
            "UseFullPrecisionUVs": false
          },
          "ColorVertexBuffer": {
            "Data": [],
            "Stride": 0,
            "NumVertices": 0
          }
        }
      ],
      "Bounds": {
        "Origin": {
          "X": -1.6235352,
          "Y": 8.733459,
          "Z": 638.77747
        },
        "BoxExtent": {
          "X": 329.77573,
          "Y": 340.081,
          "Z": 717.3895
        },
        "SphereRadius": 836.1015
      },
      "bLODsShareStaticLighting": true,
      "ScreenSize": [
        1.0,
        0.0,
        0.0,
        0.0,
        0.0,
        0.0,
        0.0,
        0.0
      ]
    }
  },
  {
    "Type": "Texture2D",
    "Name": "T_Athena_ICE_1x1_Castle_b_0_SM_FORT_Floors_Generic_BasicTile795_16_Diffuse",
    "Class": "UScriptClass'Texture2D'",
    "Properties": {
      "ImportedSize": {
        "X": 128,
        "Y": 128
      },
      "LightingGuid": "3F77F746-43157271-5EFF75BF-0583F963",
      "LODGroup": "TEXTUREGROUP_HierarchicalLOD"
    },
    "SizeX": 0,
    "SizeY": 0,
    "PackedData": 0,
    "PixelFormat": "PF_Unknown",
    "FirstMipToSerialize": -1
  }
]