[
  {
    "Type": "BodySetup",
    "Name": "BodySetup_0",
    "Outer": "SM_Athena_StripMall_5x9_Noms_1_SM_3x3decos_Fountain_Sidewalk44",
    "Class": "UScriptClass'BodySetup'",
    "Properties": {
      "DefaultInstance": {
        "ObjectType": "ECC_WorldStatic",
        "CollisionEnabled": "ECollisionEnabled::QueryOnly",
        "CollisionProfileName": "BlockAll",
        "CollisionResponses": {
          "ResponseArray": [
            {
              "Channel": "FCC_Trace_WeaponCapsule",
              "Response": "ECR_Block"
            },
            {
              "Channel": "FCC_Object_PawnAI",
              "Response": "ECR_Block"
            },
            {
              "Channel": "FCC_Trace_WeaponMulti",
              "Response": "ECR_Block"
            },
            {
              "Channel": "FCC_Trace_Weapon",
              "Response": "ECR_Block"
            },
            {
              "Channel": "FCC_Object_Projectile",
              "Response": "ECR_Block"
            },
            {
              "Channel": "FCC_Object_ProjectileIgnoreAI",
              "Response": "ECR_Block"
            },
            {
              "Channel": "FCC_Object_ProjectileMesh",
              "Response": "ECR_Block"
            },
            {
              "Channel": "FCC_Object_SpectatorDroneCamera",
              "Response": "ECR_Block"
            }
          ]
        }
      }
    },
    "BodySetupGuid": "6FDB074B4713BF95720BD9BEB5E6CAAE"
  },
  {
    "Type": "HLODProxy",
    "Name": "Athena_StripMall_5x9_Noms_1_HLOD",
    "Class": "UScriptClass'HLODProxy'",
    "Properties": {
      "ProxyMeshes": [
        {
          "LODActor": {
            "Guid": "89838CB3-4DD65A7D-29FBDC91-1BFC9DAB"
          },
          "StaticMesh": {
            "ObjectName": "StaticMesh'SM_Athena_StripMall_5x9_Noms_1_SM_3x3decos_Fountain_Sidewalk44'",
            "ObjectPath": "FortniteGame/Content/Athena/Maps/Buildings/5x9/HLOD/Athena_StripMall_5x9_Noms_1_HLOD.4"
          },
          "Key": "76927B120C6645ACB9200E7FB8896AC3_89838CB34DD65A7D29FBDC911BFC9DAB_ED09D682_59B20A45_9140EBF5_ProxyLODMeshReduction"
        }
      ]
    }
  },
  {
    "Type": "MaterialInstanceConstant",
    "Name": "M_Athena_StripMall_5x9_Noms_1_SM_3x3decos_Fountain_Sidewalk44",
    "Class": "UScriptClass'MaterialInstanceConstant'",
    "Properties": {
      "Parent": {
        "ObjectName": "MaterialInstanceConstant'BaseFlattenMaterialAthena_MedHLOD_GrassReplace'",
        "ObjectPath": "FortniteGame/Content/Athena/HLODSetup/Materials/BaseFlattenMaterialAthena_MedHLOD_GrassReplace.0"
      },
      "bHasStaticPermutationResource": true,
      "ScalarParameterValues": [
        {
          "ParameterInfo": {
            "Name": "MetallicConst",
            "Association": "GlobalParameter",
            "Index": -1
          },
          "ParameterValue": 0.0,
          "ExpressionGUID": "DF762E36-47C779AB-3231ABBC-84920D01"
        },
        {
          "ParameterInfo": {
            "Name": "RoughnessConst",
            "Association": "GlobalParameter",
            "Index": -1
          },
          "ParameterValue": 1.0,
          "ExpressionGUID": "67948A44-4E72B482-DC859C95-1C1BEB62"
        },
        {
          "ParameterInfo": {
            "Name": "SpecularConst",
            "Association": "GlobalParameter",
            "Index": -1
          },
          "ParameterValue": 0.075,
          "ExpressionGUID": "F223E3CB-45C3161C-A86098BD-0550F837"
        },
        {
          "ParameterInfo": {
            "Name": "OpacityConst",
            "Association": "GlobalParameter",
            "Index": -1
          },
          "ParameterValue": 1.0,
          "ExpressionGUID": "5CD49B72-46AFD6EA-081F26B9-DF50808B"
        },
        {
          "ParameterInfo": {
            "Name": "OpacityMaskConst",
            "Association": "GlobalParameter",
            "Index": -1
          },
          "ParameterValue": 1.0,
          "ExpressionGUID": "C019A35E-469F1FBE-A5FA559C-9B07F150"
        },
        {
          "ParameterInfo": {
            "Name": "AmbientOcclusionConst",
            "Association": "GlobalParameter",
            "Index": -1
          },
          "ParameterValue": 1.0,
          "ExpressionGUID": "A4B0120B-45121C51-549CB6AE-11CBEC3D"
        }
      ],
      "TextureParameterValues": [
        {
          "ParameterInfo": {
            "Name": "DiffuseTexture",
            "Association": "GlobalParameter",
            "Index": -1
          },
          "ParameterValue": {
            "ObjectName": "Texture2D'T_Athena_StripMall_5x9_Noms_1_SM_3x3decos_Fountain_Sidewalk44_Diffuse'",
            "ObjectPath": "FortniteGame/Content/Athena/Maps/Buildings/5x9/HLOD/Athena_StripMall_5x9_Noms_1_HLOD.5"
          },
          "ExpressionGUID": "4E7AD77A-43D375BA-CEB77C86-73756268"
        }
      ],
      "BasePropertyOverrides": {
        "bOverride_DitheredLODTransition": true,
        "DitheredLODTransition": true
      },
      "StaticParameters": {
        "StaticSwitchParameters": [
          {
            "ParameterInfo": {
              "Name": "UseDiffuse",
              "Association": "GlobalParameter",
              "Index": -1
            },
            "Value": true,
            "bOverride": true,
            "ExpressionGUID": "99BA8635-4EAA882F-9D4136AF-958BF760"
          }
        ]
      }
    }
  },
  {
    "Type": "NavCollision",
    "Name": "NavCollision_0",
    "Outer": "SM_Athena_StripMall_5x9_Noms_1_SM_3x3decos_Fountain_Sidewalk44",
    "Class": "UScriptClass'NavCollision'",
    "CookedFormatData": {
      "NavCollision_X": {
        "BulkDataFlags": "BULKDATA_SingleUse | BULKDATA_ForceInlinePayload",
        "ElementCount": 21,
        "SizeOnDisk": 21,
        "OffsetInFile": "0x29994"
      }
    }
  },
  {
    "Type": "StaticMesh",
    "Name": "SM_Athena_StripMall_5x9_Noms_1_SM_3x3decos_Fountain_Sidewalk44",
    "Class": "UScriptClass'StaticMesh'",
    "Properties": {
      "StaticMaterials": [
        {
          "MaterialInterface": {
            "ObjectName": "MaterialInstanceConstant'M_Athena_StripMall_5x9_Noms_1_SM_3x3decos_Fountain_Sidewalk44'",
            "ObjectPath": "FortniteGame/Content/Athena/Maps/Buildings/5x9/HLOD/Athena_StripMall_5x9_Noms_1_HLOD.2"
          },
          "MaterialSlotName": "None",
          "UVChannelData": {
            "bInitialized": true,
            "bOverrideDensities": false,
            "LocalUVDensities": 8631.568,
            "LocalUVDensities": 8631.568,
            "LocalUVDensities": 0.0,
            "LocalUVDensities": 0.0
          }
        }
      ],
      "LightmapUVDensity": 8631.568,
      "LightMapResolution": 32,
      "ExtendedBounds": {
        "Origin": {
          "X": -2054.5457,
          "Y": 987.4943,
          "Z": 467.73825
        },
        "BoxExtent": {
          "X": 2387.222,
          "Y": 1358.4221,
          "Z": 510.3088
        },
        "SphereRadius": 2735.6055
      }
    },
    "BodySetup": {
      "ObjectName": "BodySetup'SM_Athena_StripMall_5x9_Noms_1_SM_3x3decos_Fountain_Sidewalk44:BodySetup_0'",
      "ObjectPath": "FortniteGame/Content/Athena/Maps/Buildings/5x9/HLOD/Athena_StripMall_5x9_Noms_1_HLOD.0"
    },
    "NavCollision": {
      "ObjectName": "NavCollision'SM_Athena_StripMall_5x9_Noms_1_SM_3x3decos_Fountain_Sidewalk44:NavCollision_0'",
      "ObjectPath": "FortniteGame/Content/Athena/Maps/Buildings/5x9/HLOD/Athena_StripMall_5x9_Noms_1_HLOD.3"
    },
    "LightingGuid": "D6CFE1BA-46BC6116-A7F85ABA-695EE0C6",
    "RenderData": null
  },
  {
    "Type": "Texture2D",
    "Name": "T_Athena_StripMall_5x9_Noms_1_SM_3x3decos_Fountain_Sidewalk44_Diffuse",
    "Class": "UScriptClass'Texture2D'",
    "Properties": {
      "ImportedSize": {
        "X": 256,
        "Y": 256
      },
      "LightingGuid": "CB35E2B2-4B551CFE-63ED30AC-DA1AD2F9",
      "LODGroup": "TEXTUREGROUP_HierarchicalLOD"
    },
    "SizeX": 0,
    "SizeY": 0,
    "PackedData": 0,
    "PixelFormat": "PF_Unknown",
    "FirstMipToSerialize": -1
  }
]