[
  {
    "Type": "BodySetup",
    "Name": "BodySetup_1",
    "Outer": "SM_Athena_DurrrBurger_5x9_DurrrBurger_1_SM_FORT_Floors_Generic_BasicTile_C127",
    "Class": "UScriptClass'BodySetup'",
    "Properties": {
      "DefaultInstance": {
        "ObjectType": "ECC_WorldStatic",
        "CollisionEnabled": "ECollisionEnabled::QueryOnly",
        "CollisionProfileName": "BlockAll",
        "CollisionResponses": {
          "ResponseArray": [
            {
              "Channel": "FCC_Trace_WeaponCapsule",
              "Response": "ECR_Block"
            },
            {
              "Channel": "FCC_Object_PawnAI",
              "Response": "ECR_Block"
            },
            {
              "Channel": "FCC_Trace_WeaponMulti",
              "Response": "ECR_Block"
            },
            {
              "Channel": "FCC_Trace_Weapon",
              "Response": "ECR_Block"
            },
            {
              "Channel": "FCC_Object_Projectile",
              "Response": "ECR_Block"
            },
            {
              "Channel": "FCC_Object_ProjectileIgnoreAI",
              "Response": "ECR_Block"
            },
            {
              "Channel": "FCC_Object_ProjectileMesh",
              "Response": "ECR_Block"
            },
            {
              "Channel": "FCC_Object_SpectatorDroneCamera",
              "Response": "ECR_Block"
            }
          ]
        }
      }
    },
    "BodySetupGuid": "02B293844B266F7AE1BA66A82C93A60A"
  },
  {
    "Type": "HLODProxy",
    "Name": "Athena_DurrrBurger_5x9_DurrrBurger_1_HLOD",
    "Class": "UScriptClass'HLODProxy'",
    "Properties": {
      "ProxyMeshes": [
        {
          "LODActor": {
            "Guid": "07A81D4E-4EB231CB-CEA382A7-BEC495FF"
          },
          "StaticMesh": {
            "ObjectName": "StaticMesh'SM_Athena_DurrrBurger_5x9_DurrrBurger_1_SM_FORT_Floors_Generic_BasicTile_C127'",
            "ObjectPath": "FortniteGame/Content/Athena/Maps/Buildings/5x9/HLOD/Athena_DurrrBurger_5x9_DurrrBurger_1_HLOD.4"
          },
          "Key": "76927B120C6645ACB9200E7FB8896AC3_07A81D4E4EB231CBCEA382A7BEC495FF_ED09D682_59B20A45_CA2EBFD1_ProxyLODMeshReduction"
        }
      ]
    }
  },
  {
    "Type": "MaterialInstanceConstant",
    "Name": "M_Athena_DurrrBurger_5x9_DurrrBurger_1_SM_FORT_Floors_Generic_BasicTile_C127",
    "Class": "UScriptClass'MaterialInstanceConstant'",
    "Properties": {
      "Parent": {
        "ObjectName": "MaterialInstanceConstant'BaseFlattenMaterialAthena_MedHLOD_GrassReplace'",
        "ObjectPath": "FortniteGame/Content/Athena/HLODSetup/Materials/BaseFlattenMaterialAthena_MedHLOD_GrassReplace.0"
      },
      "bHasStaticPermutationResource": true,
      "ScalarParameterValues": [
        {
          "ParameterInfo": {
            "Name": "MetallicConst",
            "Association": "GlobalParameter",
            "Index": -1
          },
          "ParameterValue": 0.0,
          "ExpressionGUID": "DF762E36-47C779AB-3231ABBC-84920D01"
        },
        {
          "ParameterInfo": {
            "Name": "RoughnessConst",
            "Association": "GlobalParameter",
            "Index": -1
          },
          "ParameterValue": 1.0,
          "ExpressionGUID": "67948A44-4E72B482-DC859C95-1C1BEB62"
        },
        {
          "ParameterInfo": {
            "Name": "SpecularConst",
            "Association": "GlobalParameter",
            "Index": -1
          },
          "ParameterValue": 0.075,
          "ExpressionGUID": "F223E3CB-45C3161C-A86098BD-0550F837"
        },
        {
          "ParameterInfo": {
            "Name": "OpacityConst",
            "Association": "GlobalParameter",
            "Index": -1
          },
          "ParameterValue": 1.0,
          "ExpressionGUID": "5CD49B72-46AFD6EA-081F26B9-DF50808B"
        },
        {
          "ParameterInfo": {
            "Name": "OpacityMaskConst",
            "Association": "GlobalParameter",
            "Index": -1
          },
          "ParameterValue": 1.0,
          "ExpressionGUID": "C019A35E-469F1FBE-A5FA559C-9B07F150"
        },
        {
          "ParameterInfo": {
            "Name": "AmbientOcclusionConst",
            "Association": "GlobalParameter",
            "Index": -1
          },
          "ParameterValue": 1.0,
          "ExpressionGUID": "A4B0120B-45121C51-549CB6AE-11CBEC3D"
        }
      ],
      "TextureParameterValues": [
        {
          "ParameterInfo": {
            "Name": "DiffuseTexture",
            "Association": "GlobalParameter",
            "Index": -1
          },
          "ParameterValue": {
            "ObjectName": "Texture2D'T_Athena_DurrrBurger_5x9_DurrrBurger_1_SM_FORT_Floors_Generic_BasicTile_C127_Diffuse'",
            "ObjectPath": "FortniteGame/Content/Athena/Maps/Buildings/5x9/HLOD/Athena_DurrrBurger_5x9_DurrrBurger_1_HLOD.5"
          },
          "ExpressionGUID": "4E7AD77A-43D375BA-CEB77C86-73756268"
        }
      ],
      "BasePropertyOverrides": {
        "bOverride_DitheredLODTransition": true,
        "DitheredLODTransition": true
      },
      "StaticParameters": {
        "StaticSwitchParameters": [
          {
            "ParameterInfo": {
              "Name": "UseDiffuse",
              "Association": "GlobalParameter",
              "Index": -1
            },
            "Value": true,
            "bOverride": true,
            "ExpressionGUID": "99BA8635-4EAA882F-9D4136AF-958BF760"
          }
        ]
      }
    }
  },
  {
    "Type": "NavCollision",
    "Name": "NavCollision_1",
    "Outer": "SM_Athena_DurrrBurger_5x9_DurrrBurger_1_SM_FORT_Floors_Generic_BasicTile_C127",
    "Class": "UScriptClass'NavCollision'",
    "CookedFormatData": {
      "NavCollision_X": {
        "BulkDataFlags": "BULKDATA_SingleUse | BULKDATA_ForceInlinePayload",
        "ElementCount": 21,
        "SizeOnDisk": 21,
        "OffsetInFile": "0x2DCCE"
      }
    }
  },
  {
    "Type": "StaticMesh",
    "Name": "SM_Athena_DurrrBurger_5x9_DurrrBurger_1_SM_FORT_Floors_Generic_BasicTile_C127",
    "Class": "UScriptClass'StaticMesh'",
    "Properties": {
      "StaticMaterials": [
        {
          "MaterialInterface": {
            "ObjectName": "MaterialInstanceConstant'M_Athena_DurrrBurger_5x9_DurrrBurger_1_SM_FORT_Floors_Generic_BasicTile_C127'",
            "ObjectPath": "FortniteGame/Content/Athena/Maps/Buildings/5x9/HLOD/Athena_DurrrBurger_5x9_DurrrBurger_1_HLOD.2"
          },
          "MaterialSlotName": "None",
          "UVChannelData": {
            "bInitialized": true,
            "bOverrideDensities": false,
            "LocalUVDensities": 8994.932,
            "LocalUVDensities": 8994.932,
            "LocalUVDensities": 0.0,
            "LocalUVDensities": 0.0
          }
        }
      ],
      "LightmapUVDensity": 8994.932,
      "LightMapResolution": 32,
      "ExtendedBounds": {
        "Origin": {
          "X": -2062.4924,
          "Y": 1048.7472,
          "Z": 915.4537
        },
        "BoxExtent": {
          "X": 2353.5256,
          "Y": 1324.914,
          "Z": 955.9882
        },
        "SphereRadius": 2837.2559
      }
    },
    "BodySetup": {
      "ObjectName": "BodySetup'SM_Athena_DurrrBurger_5x9_DurrrBurger_1_SM_FORT_Floors_Generic_BasicTile_C127:BodySetup_1'",
      "ObjectPath": "FortniteGame/Content/Athena/Maps/Buildings/5x9/HLOD/Athena_DurrrBurger_5x9_DurrrBurger_1_HLOD.0"
    },
    "NavCollision": {
      "ObjectName": "NavCollision'SM_Athena_DurrrBurger_5x9_DurrrBurger_1_SM_FORT_Floors_Generic_BasicTile_C127:NavCollision_1'",
      "ObjectPath": "FortniteGame/Content/Athena/Maps/Buildings/5x9/HLOD/Athena_DurrrBurger_5x9_DurrrBurger_1_HLOD.3"
    },
    "LightingGuid": "F1177214-41461047-F356FAA3-15CB8321",
    "RenderData": null
  },
  {
    "Type": "Texture2D",
    "Name": "T_Athena_DurrrBurger_5x9_DurrrBurger_1_SM_FORT_Floors_Generic_BasicTile_C127_Diffuse",
    "Class": "UScriptClass'Texture2D'",
    "Properties": {
      "ImportedSize": {
        "X": 256,
        "Y": 256
      },
      "LightingGuid": "A462F547-4C0F5362-B6F1B8AC-3B74EC26",
      "LODGroup": "TEXTUREGROUP_HierarchicalLOD"
    },
    "SizeX": 0,
    "SizeY": 0,
    "PackedData": 0,
    "PixelFormat": "PF_Unknown",
    "FirstMipToSerialize": -1
  }
]