[
    {
        "Type": "Material",
        "Name": "M_Dam_Upd",
        "Class": "UScriptClass'Material'",
        "Properties": {
            "Metallic": {
                "Expression": null,
                "OutputIndex": 2,
                "InputName": "None",
                "Mask": 0,
                "MaskR": 0,
                "MaskG": 0,
                "MaskB": 0,
                "MaskA": 0,
                "ExpressionName": "None",
                "UseConstant": false,
                "Constant": 0.0
            },
            "Specular": {
                "Expression": null,
                "OutputIndex": 1,
                "InputName": "None",
                "Mask": 0,
                "MaskR": 0,
                "MaskG": 0,
                "MaskB": 0,
                "MaskA": 0,
                "ExpressionName": "None",
                "UseConstant": false,
                "Constant": 0.5
            },
            "Normal": {
                "Expression": null,
                "OutputIndex": 6,
                "InputName": "None",
                "Mask": 0,
                "MaskR": 0,
                "MaskG": 0,
                "MaskB": 0,
                "MaskA": 0,
                "ExpressionName": "None",
                "UseConstant": false,
                "Constant": {
                    "X": 0.0,
                    "Y": 0.0,
                    "Z": 0.0
                }
            },
            "EmissiveColor": {
                "Expression": null,
                "OutputIndex": 4,
                "InputName": "None",
                "Mask": 0,
                "MaskR": 0,
                "MaskG": 0,
                "MaskB": 0,
                "MaskA": 0,
                "ExpressionName": "None",
                "UseConstant": false,
                "Constant": {
                    "B": 0,
                    "G": 0,
                    "R": 0,
                    "A": 0,
                    "Hex": "000000"
                }
            },
            "MaterialAttributes": {
                "Expression": null,
                "OutputIndex": 0,
                "InputName": "None",
                "Mask": 0,
                "MaskR": 0,
                "MaskG": 0,
                "MaskB": 0,
                "MaskA": 0,
                "ExpressionName": "MaterialExpressionMaterialProxyReplace_0"
            },
            "bTangentSpaceNormal": false,
            "Expressions": [
                {
                    "ObjectName": "MaterialExpressionStaticSwitchParameter'M_Dam_Upd:MaterialExpressionStaticSwitchParameter_0'",
                    "ObjectPath": "FortniteGame/Content/Athena/Apollo/Environments/BuildingActors/Dam/Materials/M_Dam_Upd.31"
                },
                null,
                null,
                {
                    "ObjectName": "MaterialExpressionTextureSample'M_Dam_Upd:MaterialExpressionTextureSample_0'",
                    "ObjectPath": "FortniteGame/Content/Athena/Apollo/Environments/BuildingActors/Dam/Materials/M_Dam_Upd.36"
                },
                {
                    "ObjectName": "MaterialExpressionTextureSample'M_Dam_Upd:MaterialExpressionTextureSample_3'",
                    "ObjectPath": "FortniteGame/Content/Athena/Apollo/Environments/BuildingActors/Dam/Materials/M_Dam_Upd.42"
                },
                {
                    "ObjectName": "MaterialExpressionTextureSample'M_Dam_Upd:MaterialExpressionTextureSample_4'",
                    "ObjectPath": "FortniteGame/Content/Athena/Apollo/Environments/BuildingActors/Dam/Materials/M_Dam_Upd.43"
                },
                {
                    "ObjectName": "MaterialExpressionTextureSample'M_Dam_Upd:MaterialExpressionTextureSample_5'",
                    "ObjectPath": "FortniteGame/Content/Athena/Apollo/Environments/BuildingActors/Dam/Materials/M_Dam_Upd.44"
                },
                null,
                null,
                null,
                null,
                null,
                null,
                null,
                null,
                {
                    "ObjectName": "MaterialExpressionRuntimeVirtualTextureSample'M_Dam_Upd:MaterialExpressionRuntimeVirtualTextureSample_0'",
                    "ObjectPath": "FortniteGame/Content/Athena/Apollo/Environments/BuildingActors/Dam/Materials/M_Dam_Upd.12"
                },
                null,
                null,
                null,
                {
                    "ObjectName": "MaterialExpressionTextureSample'M_Dam_Upd:MaterialExpressionTextureSample_1'",
                    "ObjectPath": "FortniteGame/Content/Athena/Apollo/Environments/BuildingActors/Dam/Materials/M_Dam_Upd.37"
                },
                {
                    "ObjectName": "MaterialExpressionTextureSample'M_Dam_Upd:MaterialExpressionTextureSample_2'",
                    "ObjectPath": "FortniteGame/Content/Athena/Apollo/Environments/BuildingActors/Dam/Materials/M_Dam_Upd.41"
                },
                {
                    "ObjectName": "MaterialExpressionTextureSample'M_Dam_Upd:MaterialExpressionTextureSample_6'",
                    "ObjectPath": "FortniteGame/Content/Athena/Apollo/Environments/BuildingActors/Dam/Materials/M_Dam_Upd.45"
                },
                {
                    "ObjectName": "MaterialExpressionTextureSample'M_Dam_Upd:MaterialExpressionTextureSample_7'",
                    "ObjectPath": "FortniteGame/Content/Athena/Apollo/Environments/BuildingActors/Dam/Materials/M_Dam_Upd.46"
                },
                null,
                null,
                null,
                null,
                null,
                null,
                null,
                null,
                null,
                {
                    "ObjectName": "MaterialExpressionTextureSample'M_Dam_Upd:MaterialExpressionTextureSample_8'",
                    "ObjectPath": "FortniteGame/Content/Athena/Apollo/Environments/BuildingActors/Dam/Materials/M_Dam_Upd.47"
                },
                null,
                null,
                null,
                null,
                {
                    "ObjectName": "MaterialExpressionScalarParameter'M_Dam_Upd:MaterialExpressionScalarParameter_1'",
                    "ObjectPath": "FortniteGame/Content/Athena/Apollo/Environments/BuildingActors/Dam/Materials/M_Dam_Upd.13"
                },
                {
                    "ObjectName": "MaterialExpressionTextureSample'M_Dam_Upd:MaterialExpressionTextureSample_9'",
                    "ObjectPath": "FortniteGame/Content/Athena/Apollo/Environments/BuildingActors/Dam/Materials/M_Dam_Upd.48"
                },
                {
                    "ObjectName": "MaterialExpressionTextureSample'M_Dam_Upd:MaterialExpressionTextureSample_10'",
                    "ObjectPath": "FortniteGame/Content/Athena/Apollo/Environments/BuildingActors/Dam/Materials/M_Dam_Upd.38"
                },
                {
                    "ObjectName": "MaterialExpressionTextureSample'M_Dam_Upd:MaterialExpressionTextureSample_12'",
                    "ObjectPath": "FortniteGame/Content/Athena/Apollo/Environments/BuildingActors/Dam/Materials/M_Dam_Upd.39"
                },
                null,
                null,
                null,
                null,
                null,
                null,
                null,
                null,
                {
                    "ObjectName": "MaterialExpressionTextureSample'M_Dam_Upd:MaterialExpressionTextureSample_13'",
                    "ObjectPath": "FortniteGame/Content/Athena/Apollo/Environments/BuildingActors/Dam/Materials/M_Dam_Upd.40"
                },
                {
                    "ObjectName": "MaterialExpressionMaterialFunctionCall'M_Dam_Upd:MaterialExpressionMaterialFunctionCall_1'",
                    "ObjectPath": "FortniteGame/Content/Athena/Apollo/Environments/BuildingActors/Dam/Materials/M_Dam_Upd.1"
                },
                {
                    "ObjectName": "MaterialExpressionMaterialFunctionCall'M_Dam_Upd:MaterialExpressionMaterialFunctionCall_2'",
                    "ObjectPath": "FortniteGame/Content/Athena/Apollo/Environments/BuildingActors/Dam/Materials/M_Dam_Upd.6"
                },
                {
                    "ObjectName": "MaterialExpressionMaterialFunctionCall'M_Dam_Upd:MaterialExpressionMaterialFunctionCall_3'",
                    "ObjectPath": "FortniteGame/Content/Athena/Apollo/Environments/BuildingActors/Dam/Materials/M_Dam_Upd.7"
                },
                null,
                {
                    "ObjectName": "MaterialExpressionScalarParameter'M_Dam_Upd:MaterialExpressionScalarParameter_2'",
                    "ObjectPath": "FortniteGame/Content/Athena/Apollo/Environments/BuildingActors/Dam/Materials/M_Dam_Upd.23"
                },
                null,
                {
                    "ObjectName": "MaterialExpressionScalarParameter'M_Dam_Upd:MaterialExpressionScalarParameter_3'",
                    "ObjectPath": "FortniteGame/Content/Athena/Apollo/Environments/BuildingActors/Dam/Materials/M_Dam_Upd.24"
                },
                null,
                {
                    "ObjectName": "MaterialExpressionVectorParameter'M_Dam_Upd:MaterialExpressionVectorParameter_0'",
                    "ObjectPath": "FortniteGame/Content/Athena/Apollo/Environments/BuildingActors/Dam/Materials/M_Dam_Upd.49"
                },
                {
                    "ObjectName": "MaterialExpressionScalarParameter'M_Dam_Upd:MaterialExpressionScalarParameter_4'",
                    "ObjectPath": "FortniteGame/Content/Athena/Apollo/Environments/BuildingActors/Dam/Materials/M_Dam_Upd.25"
                },
                null,
                null,
                null,
                null,
                null,
                null,
                {
                    "ObjectName": "MaterialExpressionScalarParameter'M_Dam_Upd:MaterialExpressionScalarParameter_7'",
                    "ObjectPath": "FortniteGame/Content/Athena/Apollo/Environments/BuildingActors/Dam/Materials/M_Dam_Upd.28"
                },
                {
                    "ObjectName": "MaterialExpressionScalarParameter'M_Dam_Upd:MaterialExpressionScalarParameter_8'",
                    "ObjectPath": "FortniteGame/Content/Athena/Apollo/Environments/BuildingActors/Dam/Materials/M_Dam_Upd.29"
                },
                null,
                null,
                {
                    "ObjectName": "MaterialExpressionVectorParameter'M_Dam_Upd:MaterialExpressionVectorParameter_1'",
                    "ObjectPath": "FortniteGame/Content/Athena/Apollo/Environments/BuildingActors/Dam/Materials/M_Dam_Upd.50"
                },
                null,
                null,
                null,
                null,
                null,
                null,
                null,
                {
                    "ObjectName": "MaterialExpressionVectorParameter'M_Dam_Upd:MaterialExpressionVectorParameter_3'",
                    "ObjectPath": "FortniteGame/Content/Athena/Apollo/Environments/BuildingActors/Dam/Materials/M_Dam_Upd.52"
                },
                {
                    "ObjectName": "MaterialExpressionScalarParameter'M_Dam_Upd:MaterialExpressionScalarParameter_5'",
                    "ObjectPath": "FortniteGame/Content/Athena/Apollo/Environments/BuildingActors/Dam/Materials/M_Dam_Upd.26"
                },
                null,
                null,
                {
                    "ObjectName": "MaterialExpressionMaterialFunctionCall'M_Dam_Upd:MaterialExpressionMaterialFunctionCall_4'",
                    "ObjectPath": "FortniteGame/Content/Athena/Apollo/Environments/BuildingActors/Dam/Materials/M_Dam_Upd.8"
                },
                {
                    "ObjectName": "MaterialExpressionTextureObject'M_Dam_Upd:MaterialExpressionTextureObject_0'",
                    "ObjectPath": "FortniteGame/Content/Athena/Apollo/Environments/BuildingActors/Dam/Materials/M_Dam_Upd.33"
                },
                {
                    "ObjectName": "MaterialExpressionScalarParameter'M_Dam_Upd:MaterialExpressionScalarParameter_6'",
                    "ObjectPath": "FortniteGame/Content/Athena/Apollo/Environments/BuildingActors/Dam/Materials/M_Dam_Upd.27"
                },
                {
                    "ObjectName": "MaterialExpressionTextureObject'M_Dam_Upd:MaterialExpressionTextureObject_1'",
                    "ObjectPath": "FortniteGame/Content/Athena/Apollo/Environments/BuildingActors/Dam/Materials/M_Dam_Upd.34"
                },
                {
                    "ObjectName": "MaterialExpressionTextureObject'M_Dam_Upd:MaterialExpressionTextureObject_2'",
                    "ObjectPath": "FortniteGame/Content/Athena/Apollo/Environments/BuildingActors/Dam/Materials/M_Dam_Upd.35"
                },
                null,
                null,
                null,
                null,
                null,
                {
                    "ObjectName": "MaterialExpressionMaterialFunctionCall'M_Dam_Upd:MaterialExpressionMaterialFunctionCall_6'",
                    "ObjectPath": "FortniteGame/Content/Athena/Apollo/Environments/BuildingActors/Dam/Materials/M_Dam_Upd.9"
                },
                {
                    "ObjectName": "MaterialExpressionScalarParameter'M_Dam_Upd:MaterialExpressionScalarParameter_10'",
                    "ObjectPath": "FortniteGame/Content/Athena/Apollo/Environments/BuildingActors/Dam/Materials/M_Dam_Upd.14"
                },
                {
                    "ObjectName": "MaterialExpressionScalarParameter'M_Dam_Upd:MaterialExpressionScalarParameter_12'",
                    "ObjectPath": "FortniteGame/Content/Athena/Apollo/Environments/BuildingActors/Dam/Materials/M_Dam_Upd.16"
                },
                null,
                null,
                null,
                null,
                {
                    "ObjectName": "MaterialExpressionScalarParameter'M_Dam_Upd:MaterialExpressionScalarParameter_13'",
                    "ObjectPath": "FortniteGame/Content/Athena/Apollo/Environments/BuildingActors/Dam/Materials/M_Dam_Upd.17"
                },
                null,
                null,
                null,
                null,
                null,
                null,
                null,
                null,
                {
                    "ObjectName": "MaterialExpressionMaterialFunctionCall'M_Dam_Upd:MaterialExpressionMaterialFunctionCall_8'",
                    "ObjectPath": "FortniteGame/Content/Athena/Apollo/Environments/BuildingActors/Dam/Materials/M_Dam_Upd.10"
                },
                null,
                null,
                {
                    "ObjectName": "MaterialExpressionMaterialFunctionCall'M_Dam_Upd:MaterialExpressionMaterialFunctionCall_9'",
                    "ObjectPath": "FortniteGame/Content/Athena/Apollo/Environments/BuildingActors/Dam/Materials/M_Dam_Upd.11"
                },
                {
                    "ObjectName": "MaterialExpressionScalarParameter'M_Dam_Upd:MaterialExpressionScalarParameter_15'",
                    "ObjectPath": "FortniteGame/Content/Athena/Apollo/Environments/BuildingActors/Dam/Materials/M_Dam_Upd.18"
                },
                {
                    "ObjectName": "MaterialExpressionMaterialFunctionCall'M_Dam_Upd:MaterialExpressionMaterialFunctionCall_10'",
                    "ObjectPath": "FortniteGame/Content/Athena/Apollo/Environments/BuildingActors/Dam/Materials/M_Dam_Upd.2"
                },
                {
                    "ObjectName": "MaterialExpressionMaterialFunctionCall'M_Dam_Upd:MaterialExpressionMaterialFunctionCall_11'",
                    "ObjectPath": "FortniteGame/Content/Athena/Apollo/Environments/BuildingActors/Dam/Materials/M_Dam_Upd.3"
                },
                null,
                null,
                null,
                null,
                {
                    "ObjectName": "MaterialExpressionMaterialFunctionCall'M_Dam_Upd:MaterialExpressionMaterialFunctionCall_12'",
                    "ObjectPath": "FortniteGame/Content/Athena/Apollo/Environments/BuildingActors/Dam/Materials/M_Dam_Upd.4"
                },
                {
                    "ObjectName": "MaterialExpressionMaterialFunctionCall'M_Dam_Upd:MaterialExpressionMaterialFunctionCall_13'",
                    "ObjectPath": "FortniteGame/Content/Athena/Apollo/Environments/BuildingActors/Dam/Materials/M_Dam_Upd.5"
                },
                {
                    "ObjectName": "MaterialExpressionScalarParameter'M_Dam_Upd:MaterialExpressionScalarParameter_17'",
                    "ObjectPath": "FortniteGame/Content/Athena/Apollo/Environments/BuildingActors/Dam/Materials/M_Dam_Upd.20"
                },
                null,
                null,
                {
                    "ObjectName": "MaterialExpressionScalarParameter'M_Dam_Upd:MaterialExpressionScalarParameter_18'",
                    "ObjectPath": "FortniteGame/Content/Athena/Apollo/Environments/BuildingActors/Dam/Materials/M_Dam_Upd.21"
                },
                null,
                null,
                null,
                {
                    "ObjectName": "MaterialExpressionStaticSwitchParameter'M_Dam_Upd:MaterialExpressionStaticSwitchParameter_1'",
                    "ObjectPath": "FortniteGame/Content/Athena/Apollo/Environments/BuildingActors/Dam/Materials/M_Dam_Upd.32"
                },
                null,
                null,
                {
                    "ObjectName": "MaterialExpressionScalarParameter'M_Dam_Upd:MaterialExpressionScalarParameter_9'",
                    "ObjectPath": "FortniteGame/Content/Athena/Apollo/Environments/BuildingActors/Dam/Materials/M_Dam_Upd.30"
                },
                null,
                {
                    "ObjectName": "MaterialExpressionScalarParameter'M_Dam_Upd:MaterialExpressionScalarParameter_11'",
                    "ObjectPath": "FortniteGame/Content/Athena/Apollo/Environments/BuildingActors/Dam/Materials/M_Dam_Upd.15"
                },
                null,
                null,
                {
                    "ObjectName": "MaterialExpressionVectorParameter'M_Dam_Upd:MaterialExpressionVectorParameter_2'",
                    "ObjectPath": "FortniteGame/Content/Athena/Apollo/Environments/BuildingActors/Dam/Materials/M_Dam_Upd.51"
                },
                null,
                null,
                null,
                {
                    "ObjectName": "MaterialExpressionVectorParameter'M_Dam_Upd:MaterialExpressionVectorParameter_4'",
                    "ObjectPath": "FortniteGame/Content/Athena/Apollo/Environments/BuildingActors/Dam/Materials/M_Dam_Upd.53"
                },
                null,
                null,
                {
                    "ObjectName": "MaterialExpressionScalarParameter'M_Dam_Upd:MaterialExpressionScalarParameter_16'",
                    "ObjectPath": "FortniteGame/Content/Athena/Apollo/Environments/BuildingActors/Dam/Materials/M_Dam_Upd.19"
                },
                null,
                {
                    "ObjectName": "MaterialExpressionScalarParameter'M_Dam_Upd:MaterialExpressionScalarParameter_19'",
                    "ObjectPath": "FortniteGame/Content/Athena/Apollo/Environments/BuildingActors/Dam/Materials/M_Dam_Upd.22"
                },
                null,
                null,
                null
            ],
            "MaterialFunctionInfos": [
                {
                    "StateId": "5B938C50-440B6892-955AD79F-CD1A8337",
                    "Function": {
                        "ObjectName": "MaterialFunction'BreakOutFloat3Components'",
                        "ObjectPath": "Engine/Content/Functions/Engine_MaterialFunctions02/Utility/BreakOutFloat3Components.0"
                    }
                },
                {
                    "StateId": "5B938C50-440B6892-955AD79F-CD1A8337",
                    "Function": {
                        "ObjectName": "MaterialFunction'BreakOutFloat3Components'",
                        "ObjectPath": "Engine/Content/Functions/Engine_MaterialFunctions02/Utility/BreakOutFloat3Components.0"
                    }
                },
                {
                    "StateId": "E6A85460-4E707DD6-EBF457B4-A3E80A43",
                    "Function": {
                        "ObjectName": "MaterialFunction'MakeFloat3'",
                        "ObjectPath": "Engine/Content/Functions/Engine_MaterialFunctions02/Utility/MakeFloat3.0"
                    }
                },
                {
                    "StateId": "B7C71B91-4E2BB667-772D6CBE-2AB55665",
                    "Function": {
                        "ObjectName": "MaterialFunction'LinearGradient'",
                        "ObjectPath": "Engine/Content/Functions/Engine_MaterialFunctions01/Gradient/LinearGradient.0"
                    }
                },
                {
                    "StateId": "1F3C7ECC-4653CAFB-2A6AEE82-B1F2F3A5",
                    "Function": {
                        "ObjectName": "MaterialFunction'CheapContrast'",
                        "ObjectPath": "Engine/Content/Functions/Engine_MaterialFunctions01/ImageAdjustment/CheapContrast.1"
                    }
                },
                {
                    "StateId": "5B938C50-440B6892-955AD79F-CD1A8337",
                    "Function": {
                        "ObjectName": "MaterialFunction'BreakOutFloat3Components'",
                        "ObjectPath": "Engine/Content/Functions/Engine_MaterialFunctions02/Utility/BreakOutFloat3Components.0"
                    }
                },
                {
                    "StateId": "C330DE33-4A86FAB2-7255B1AC-3A6AC1B4",
                    "Function": {
                        "ObjectName": "MaterialFunction'Transform3x3Matrix'",
                        "ObjectPath": "Engine/Content/Functions/Engine_MaterialFunctions02/Math/Transform3x3Matrix.1"
                    }
                },
                {
                    "StateId": "972EFAAA-4C1C2B16-4BC287A2-B11C51DA",
                    "Function": {
                        "ObjectName": "MaterialFunction'SafeNormalize'",
                        "ObjectPath": "Engine/Content/Functions/Engine_MaterialFunctions02/SafeNormalize.0"
                    }
                },
                {
                    "StateId": "B404464D-42313D79-E67091AA-AD61BE51",
                    "Function": {
                        "ObjectName": "MaterialFunction'CreateThirdOrthogonalVector'",
                        "ObjectPath": "Engine/Content/Functions/Engine_MaterialFunctions02/Math/CreateThirdOrthogonalVector.2"
                    }
                },
                {
                    "StateId": "E6A85460-4E707DD6-EBF457B4-A3E80A43",
                    "Function": {
                        "ObjectName": "MaterialFunction'MakeFloat3'",
                        "ObjectPath": "Engine/Content/Functions/Engine_MaterialFunctions02/Utility/MakeFloat3.0"
                    }
                },
                {
                    "StateId": "2C1DDB6E-406BC9FC-1D4141A1-7C82122A",
                    "Function": {
                        "ObjectName": "MaterialFunction'BreakOutFloat2Components'",
                        "ObjectPath": "Engine/Content/Functions/Engine_MaterialFunctions02/Utility/BreakOutFloat2Components.0"
                    }
                },
                {
                    "StateId": "999693FF-4D598340-42C0AC8E-2757143F",
                    "Function": {
                        "ObjectName": "MaterialFunction'WorldAlignedNormals_HighQuality'",
                        "ObjectPath": "Engine/Content/Functions/Engine_MaterialFunctions02/WorldAlignedNormals_HighQuality.19"
                    }
                },
                {
                    "StateId": "8433232C-42517FA8-71C049B1-220C05D4",
                    "Function": {
                        "ObjectName": "MaterialFunction'HeightLerpWithTwoHeightMaps'",
                        "ObjectPath": "Engine/Content/Functions/Engine_MaterialFunctions02/Texturing/HeightLerpWithTwoHeightMaps.1"
                    }
                },
                {
                    "StateId": "1F6C91CF-49B7C4B2-062A7C8C-D6360537",
                    "Function": {
                        "ObjectName": "MaterialFunction'WorldAlignedTextures_Complex'",
                        "ObjectPath": "Engine/Content/Functions/Engine_MaterialFunctions02/Texturing/WorldAlignedTextures_Complex.19"
                    }
                },
                {
                    "StateId": "B7C71B91-4E2BB667-772D6CBE-2AB55665",
                    "Function": {
                        "ObjectName": "MaterialFunction'LinearGradient'",
                        "ObjectPath": "Engine/Content/Functions/Engine_MaterialFunctions01/Gradient/LinearGradient.0"
                    }
                },
                {
                    "StateId": "1F3C7ECC-4653CAFB-2A6AEE82-B1F2F3A5",
                    "Function": {
                        "ObjectName": "MaterialFunction'CheapContrast'",
                        "ObjectPath": "Engine/Content/Functions/Engine_MaterialFunctions01/ImageAdjustment/CheapContrast.1"
                    }
                },
                {
                    "StateId": "CD945D29-4CBAFC70-D2D4EAB8-D23E12F6",
                    "Function": {
                        "ObjectName": "MaterialFunction'HeightLerp'",
                        "ObjectPath": "Engine/Content/Functions/Engine_MaterialFunctions02/Texturing/HeightLerp.1"
                    }
                },
                {
                    "StateId": "5B938C50-440B6892-955AD79F-CD1A8337",
                    "Function": {
                        "ObjectName": "MaterialFunction'BreakOutFloat3Components'",
                        "ObjectPath": "Engine/Content/Functions/Engine_MaterialFunctions02/Utility/BreakOutFloat3Components.0"
                    }
                },
                {
                    "StateId": "FE67B48A-44296B30-FBF15EBB-0FC10ADF",
                    "Function": {
                        "ObjectName": "MaterialFunction'FlattenNormal'",
                        "ObjectPath": "Engine/Content/Functions/Engine_MaterialFunctions01/Texturing/FlattenNormal.0"
                    }
                },
                {
                    "StateId": "B7C71B91-4E2BB667-772D6CBE-2AB55665",
                    "Function": {
                        "ObjectName": "MaterialFunction'LinearGradient'",
                        "ObjectPath": "Engine/Content/Functions/Engine_MaterialFunctions01/Gradient/LinearGradient.0"
                    }
                },
                {
                    "StateId": "1F3C7ECC-4653CAFB-2A6AEE82-B1F2F3A5",
                    "Function": {
                        "ObjectName": "MaterialFunction'CheapContrast'",
                        "ObjectPath": "Engine/Content/Functions/Engine_MaterialFunctions01/ImageAdjustment/CheapContrast.1"
                    }
                },
                {
                    "StateId": "E572D701-496E6D38-CC53A5BD-C450B0ED",
                    "Function": {
                        "ObjectName": "MaterialFunction'CustomRotator'",
                        "ObjectPath": "Engine/Content/Functions/Engine_MaterialFunctions02/Texturing/CustomRotator.0"
                    }
                },
                {
                    "StateId": "7608A0E8-46128679-60454A8B-061CE126",
                    "Function": {
                        "ObjectName": "MaterialFunction'WorldAlignedTexture'",
                        "ObjectPath": "FortniteGame/Content/Weapons/WeaponSkins/Wraps/MaterialFunctions/WorldAlignedTexture.9"
                    }
                },
                {
                    "StateId": "12B6F73F-4D5D4FF9-D2FBF18B-43945D5B",
                    "Function": {
                        "ObjectName": "MaterialFunction'Blend_Overlay'",
                        "ObjectPath": "Engine/Content/Functions/Engine_MaterialFunctions03/Blends/Blend_Overlay.2"
                    }
                },
                {
                    "StateId": "5B938C50-440B6892-955AD79F-CD1A8337",
                    "Function": {
                        "ObjectName": "MaterialFunction'BreakOutFloat3Components'",
                        "ObjectPath": "Engine/Content/Functions/Engine_MaterialFunctions02/Utility/BreakOutFloat3Components.0"
                    }
                },
                {
                    "StateId": "C330DE33-4A86FAB2-7255B1AC-3A6AC1B4",
                    "Function": {
                        "ObjectName": "MaterialFunction'Transform3x3Matrix'",
                        "ObjectPath": "Engine/Content/Functions/Engine_MaterialFunctions02/Math/Transform3x3Matrix.1"
                    }
                },
                {
                    "StateId": "972EFAAA-4C1C2B16-4BC287A2-B11C51DA",
                    "Function": {
                        "ObjectName": "MaterialFunction'SafeNormalize'",
                        "ObjectPath": "Engine/Content/Functions/Engine_MaterialFunctions02/SafeNormalize.0"
                    }
                },
                {
                    "StateId": "B404464D-42313D79-E67091AA-AD61BE51",
                    "Function": {
                        "ObjectName": "MaterialFunction'CreateThirdOrthogonalVector'",
                        "ObjectPath": "Engine/Content/Functions/Engine_MaterialFunctions02/Math/CreateThirdOrthogonalVector.2"
                    }
                },
                {
                    "StateId": "E6A85460-4E707DD6-EBF457B4-A3E80A43",
                    "Function": {
                        "ObjectName": "MaterialFunction'MakeFloat3'",
                        "ObjectPath": "Engine/Content/Functions/Engine_MaterialFunctions02/Utility/MakeFloat3.0"
                    }
                },
                {
                    "StateId": "2C1DDB6E-406BC9FC-1D4141A1-7C82122A",
                    "Function": {
                        "ObjectName": "MaterialFunction'BreakOutFloat2Components'",
                        "ObjectPath": "Engine/Content/Functions/Engine_MaterialFunctions02/Utility/BreakOutFloat2Components.0"
                    }
                },
                {
                    "StateId": "999693FF-4D598340-42C0AC8E-2757143F",
                    "Function": {
                        "ObjectName": "MaterialFunction'WorldAlignedNormals_HighQuality'",
                        "ObjectPath": "Engine/Content/Functions/Engine_MaterialFunctions02/WorldAlignedNormals_HighQuality.19"
                    }
                },
                {
                    "StateId": "4D973FF3-483B40BB-A5130A98-0654EB79",
                    "Function": {
                        "ObjectName": "MaterialFunction'WorldAlignedNormal'",
                        "ObjectPath": "Engine/Content/Functions/Engine_MaterialFunctions01/Texturing/WorldAlignedNormal.7"
                    }
                },
                {
                    "StateId": "08A16466-480AB7BC-C2631E9F-24674833",
                    "Function": {
                        "ObjectName": "MaterialFunction'MF_DetailTexture'",
                        "ObjectPath": "FortniteGame/Content/Environments/Apollo/VS/Materials/MF_DetailTexture.15"
                    }
                },
                {
                    "StateId": "12B6F73F-4D5D4FF9-D2FBF18B-43945D5B",
                    "Function": {
                        "ObjectName": "MaterialFunction'Blend_Overlay'",
                        "ObjectPath": "Engine/Content/Functions/Engine_MaterialFunctions03/Blends/Blend_Overlay.2"
                    }
                },
                {
                    "StateId": "B7C71B91-4E2BB667-772D6CBE-2AB55665",
                    "Function": {
                        "ObjectName": "MaterialFunction'LinearGradient'",
                        "ObjectPath": "Engine/Content/Functions/Engine_MaterialFunctions01/Gradient/LinearGradient.0"
                    }
                },
                {
                    "StateId": "1F3C7ECC-4653CAFB-2A6AEE82-B1F2F3A5",
                    "Function": {
                        "ObjectName": "MaterialFunction'CheapContrast'",
                        "ObjectPath": "Engine/Content/Functions/Engine_MaterialFunctions01/ImageAdjustment/CheapContrast.1"
                    }
                },
                {
                    "StateId": "B7C71B91-4E2BB667-772D6CBE-2AB55665",
                    "Function": {
                        "ObjectName": "MaterialFunction'LinearGradient'",
                        "ObjectPath": "Engine/Content/Functions/Engine_MaterialFunctions01/Gradient/LinearGradient.0"
                    }
                },
                {
                    "StateId": "1F3C7ECC-4653CAFB-2A6AEE82-B1F2F3A5",
                    "Function": {
                        "ObjectName": "MaterialFunction'CheapContrast'",
                        "ObjectPath": "Engine/Content/Functions/Engine_MaterialFunctions01/ImageAdjustment/CheapContrast.1"
                    }
                }
            ],
            "bUseMaterialAttributes": true,
            "StateId": "DF88505E-41856393-57724BB8-99E5E1EC",
            "CachedQualityLevelsUsed": [
                false,
                true,
                false
            ],
            "TextureStreamingData": [
                {
                    "SamplingScale": 1.0,
                    "UVChannelIndex": 2,
                    "TextureName": "T_Environment_D"
                },
                {
                    "SamplingScale": 1.0,
                    "UVChannelIndex": 0,
                    "TextureName": "T_PP_Concrete_Wall_2_D"
                },
                {
                    "SamplingScale": 1.0,
                    "UVChannelIndex": 0,
                    "TextureName": "T_PP_Concrete_Wall_2_N"
                },
                {
                    "SamplingScale": 1.0,
                    "UVChannelIndex": 0,
                    "TextureName": "T_PP_Concrete_Wall_2_S"
                },
                {
                    "SamplingScale": 1.0,
                    "UVChannelIndex": 0,
                    "TextureName": "T_PP_CoolingTower_Concrete1_D"
                },
                {
                    "SamplingScale": 1.0,
                    "UVChannelIndex": 0,
                    "TextureName": "T_PP_CoolingTower_Concrete1_N"
                },
                {
                    "SamplingScale": 1.0,
                    "UVChannelIndex": 0,
                    "TextureName": "T_PP_CoolingTower_Concrete1_S"
                },
                {
                    "SamplingScale": 1.0,
                    "UVChannelIndex": 0,
                    "TextureName": "T_PP_Sidewalk_D"
                },
                {
                    "SamplingScale": 1.0,
                    "UVChannelIndex": 0,
                    "TextureName": "T_PP_Sidewalk_N"
                },
                {
                    "SamplingScale": 1.0,
                    "UVChannelIndex": 0,
                    "TextureName": "T_PP_Sidewalk_S"
                },
                {
                    "SamplingScale": 1.0,
                    "UVChannelIndex": 0,
                    "TextureName": "T_PP_Walkway_D"
                },
                {
                    "SamplingScale": 1.0,
                    "UVChannelIndex": 0,
                    "TextureName": "T_PP_Walkway_N"
                },
                {
                    "SamplingScale": 1.0,
                    "UVChannelIndex": 0,
                    "TextureName": "T_PP_Walkway_S"
                }
            ]
        }
    },
    {
        "Type": "MaterialExpressionMaterialFunctionCall",
        "Name": "MaterialExpressionMaterialFunctionCall_1",
        "Outer": "M_Dam_Upd",
        "Class": "UScriptClass'MaterialExpressionMaterialFunctionCall'",
        "Properties": {
            "MaterialFunction": {
                "ObjectName": "MaterialFunction'BreakOutFloat3Components'",
                "ObjectPath": "Engine/Content/Functions/Engine_MaterialFunctions02/Utility/BreakOutFloat3Components.0"
            },
            "Material": {
                "ObjectName": "Material'M_Dam_Upd'",
                "ObjectPath": "FortniteGame/Content/Athena/Apollo/Environments/BuildingActors/Dam/Materials/M_Dam_Upd.0"
            }
        }
    },
    {
        "Type": "MaterialExpressionMaterialFunctionCall",
        "Name": "MaterialExpressionMaterialFunctionCall_10",
        "Outer": "M_Dam_Upd",
        "Class": "UScriptClass'MaterialExpressionMaterialFunctionCall'",
        "Properties": {
            "MaterialFunction": {
                "ObjectName": "MaterialFunction'MF_DetailTexture'",
                "ObjectPath": "FortniteGame/Content/Environments/Apollo/VS/Materials/MF_DetailTexture.15"
            },
            "Material": {
                "ObjectName": "Material'M_Dam_Upd'",
                "ObjectPath": "FortniteGame/Content/Athena/Apollo/Environments/BuildingActors/Dam/Materials/M_Dam_Upd.0"
            }
        }
    },
    {
        "Type": "MaterialExpressionMaterialFunctionCall",
        "Name": "MaterialExpressionMaterialFunctionCall_11",
        "Outer": "M_Dam_Upd",
        "Class": "UScriptClass'MaterialExpressionMaterialFunctionCall'",
        "Properties": {
            "MaterialFunction": {
                "ObjectName": "MaterialFunction'Blend_Overlay'",
                "ObjectPath": "Engine/Content/Functions/Engine_MaterialFunctions03/Blends/Blend_Overlay.2"
            },
            "Material": {
                "ObjectName": "Material'M_Dam_Upd'",
                "ObjectPath": "FortniteGame/Content/Athena/Apollo/Environments/BuildingActors/Dam/Materials/M_Dam_Upd.0"
            }
        }
    },
    {
        "Type": "MaterialExpressionMaterialFunctionCall",
        "Name": "MaterialExpressionMaterialFunctionCall_12",
        "Outer": "M_Dam_Upd",
        "Class": "UScriptClass'MaterialExpressionMaterialFunctionCall'",
        "Properties": {
            "MaterialFunction": {
                "ObjectName": "MaterialFunction'CheapContrast'",
                "ObjectPath": "Engine/Content/Functions/Engine_MaterialFunctions01/ImageAdjustment/CheapContrast.1"
            },
            "Material": {
                "ObjectName": "Material'M_Dam_Upd'",
                "ObjectPath": "FortniteGame/Content/Athena/Apollo/Environments/BuildingActors/Dam/Materials/M_Dam_Upd.0"
            }
        }
    },
    {
        "Type": "MaterialExpressionMaterialFunctionCall",
        "Name": "MaterialExpressionMaterialFunctionCall_13",
        "Outer": "M_Dam_Upd",
        "Class": "UScriptClass'MaterialExpressionMaterialFunctionCall'",
        "Properties": {
            "MaterialFunction": {
                "ObjectName": "MaterialFunction'CheapContrast'",
                "ObjectPath": "Engine/Content/Functions/Engine_MaterialFunctions01/ImageAdjustment/CheapContrast.1"
            },
            "Material": {
                "ObjectName": "Material'M_Dam_Upd'",
                "ObjectPath": "FortniteGame/Content/Athena/Apollo/Environments/BuildingActors/Dam/Materials/M_Dam_Upd.0"
            }
        }
    },
    {
        "Type": "MaterialExpressionMaterialFunctionCall",
        "Name": "MaterialExpressionMaterialFunctionCall_2",
        "Outer": "M_Dam_Upd",
        "Class": "UScriptClass'MaterialExpressionMaterialFunctionCall'",
        "Properties": {
            "MaterialFunction": {
                "ObjectName": "MaterialFunction'BreakOutFloat3Components'",
                "ObjectPath": "Engine/Content/Functions/Engine_MaterialFunctions02/Utility/BreakOutFloat3Components.0"
            },
            "Material": {
                "ObjectName": "Material'M_Dam_Upd'",
                "ObjectPath": "FortniteGame/Content/Athena/Apollo/Environments/BuildingActors/Dam/Materials/M_Dam_Upd.0"
            }
        }
    },
    {
        "Type": "MaterialExpressionMaterialFunctionCall",
        "Name": "MaterialExpressionMaterialFunctionCall_3",
        "Outer": "M_Dam_Upd",
        "Class": "UScriptClass'MaterialExpressionMaterialFunctionCall'",
        "Properties": {
            "MaterialFunction": {
                "ObjectName": "MaterialFunction'MakeFloat3'",
                "ObjectPath": "Engine/Content/Functions/Engine_MaterialFunctions02/Utility/MakeFloat3.0"
            },
            "Material": {
                "ObjectName": "Material'M_Dam_Upd'",
                "ObjectPath": "FortniteGame/Content/Athena/Apollo/Environments/BuildingActors/Dam/Materials/M_Dam_Upd.0"
            }
        }
    },
    {
        "Type": "MaterialExpressionMaterialFunctionCall",
        "Name": "MaterialExpressionMaterialFunctionCall_4",
        "Outer": "M_Dam_Upd",
        "Class": "UScriptClass'MaterialExpressionMaterialFunctionCall'",
        "Properties": {
            "MaterialFunction": {
                "ObjectName": "MaterialFunction'WorldAlignedTextures_Complex'",
                "ObjectPath": "Engine/Content/Functions/Engine_MaterialFunctions02/Texturing/WorldAlignedTextures_Complex.19"
            },
            "Material": {
                "ObjectName": "Material'M_Dam_Upd'",
                "ObjectPath": "FortniteGame/Content/Athena/Apollo/Environments/BuildingActors/Dam/Materials/M_Dam_Upd.0"
            }
        }
    },
    {
        "Type": "MaterialExpressionMaterialFunctionCall",
        "Name": "MaterialExpressionMaterialFunctionCall_6",
        "Outer": "M_Dam_Upd",
        "Class": "UScriptClass'MaterialExpressionMaterialFunctionCall'",
        "Properties": {
            "MaterialFunction": {
                "ObjectName": "MaterialFunction'HeightLerp'",
                "ObjectPath": "Engine/Content/Functions/Engine_MaterialFunctions02/Texturing/HeightLerp.1"
            },
            "Material": {
                "ObjectName": "Material'M_Dam_Upd'",
                "ObjectPath": "FortniteGame/Content/Athena/Apollo/Environments/BuildingActors/Dam/Materials/M_Dam_Upd.0"
            }
        }
    },
    {
        "Type": "MaterialExpressionMaterialFunctionCall",
        "Name": "MaterialExpressionMaterialFunctionCall_8",
        "Outer": "M_Dam_Upd",
        "Class": "UScriptClass'MaterialExpressionMaterialFunctionCall'",
        "Properties": {
            "MaterialFunction": {
                "ObjectName": "MaterialFunction'BreakOutFloat3Components'",
                "ObjectPath": "Engine/Content/Functions/Engine_MaterialFunctions02/Utility/BreakOutFloat3Components.0"
            },
            "Material": {
                "ObjectName": "Material'M_Dam_Upd'",
                "ObjectPath": "FortniteGame/Content/Athena/Apollo/Environments/BuildingActors/Dam/Materials/M_Dam_Upd.0"
            }
        }
    },
    {
        "Type": "MaterialExpressionMaterialFunctionCall",
        "Name": "MaterialExpressionMaterialFunctionCall_9",
        "Outer": "M_Dam_Upd",
        "Class": "UScriptClass'MaterialExpressionMaterialFunctionCall'",
        "Properties": {
            "MaterialFunction": {
                "ObjectName": "MaterialFunction'FlattenNormal'",
                "ObjectPath": "Engine/Content/Functions/Engine_MaterialFunctions01/Texturing/FlattenNormal.0"
            },
            "Material": {
                "ObjectName": "Material'M_Dam_Upd'",
                "ObjectPath": "FortniteGame/Content/Athena/Apollo/Environments/BuildingActors/Dam/Materials/M_Dam_Upd.0"
            }
        }
    },
    {
        "Type": "MaterialExpressionRuntimeVirtualTextureSample",
        "Name": "MaterialExpressionRuntimeVirtualTextureSample_0",
        "Outer": "M_Dam_Upd",
        "Class": "UScriptClass'MaterialExpressionRuntimeVirtualTextureSample'",
        "Properties": {
            "VirtualTexture": {
                "ObjectName": "RuntimeVirtualTexture'RVT_Apollo_Landscape'",
                "ObjectPath": "FortniteGame/Content/Athena/Apollo/Maps/Landscape/VT/RVT_Apollo_Landscape.0"
            },
            "MaterialType": "ERuntimeVirtualTextureMaterialType::BaseColor_Normal_Specular_YCoCg",
            "Material": {
                "ObjectName": "Material'M_Dam_Upd'",
                "ObjectPath": "FortniteGame/Content/Athena/Apollo/Environments/BuildingActors/Dam/Materials/M_Dam_Upd.0"
            }
        }
    },
    {
        "Type": "MaterialExpressionScalarParameter",
        "Name": "MaterialExpressionScalarParameter_1",
        "Outer": "M_Dam_Upd",
        "Class": "UScriptClass'MaterialExpressionScalarParameter'",
        "Properties": {
            "DefaultValue": 2.0,
            "ParameterName": "R Mask Max",
            "ExpressionGUID": "80F3D520-490B6B02-FDBE0091-97B26E68",
            "Material": {
                "ObjectName": "Material'M_Dam_Upd'",
                "ObjectPath": "FortniteGame/Content/Athena/Apollo/Environments/BuildingActors/Dam/Materials/M_Dam_Upd.0"
            }
        }
    },
    {
        "Type": "MaterialExpressionScalarParameter",
        "Name": "MaterialExpressionScalarParameter_10",
        "Outer": "M_Dam_Upd",
        "Class": "UScriptClass'MaterialExpressionScalarParameter'",
        "Properties": {
            "DefaultValue": 3.0,
            "ParameterName": "Rocks Contrast",
            "ExpressionGUID": "1FD1B578-45BC6D4A-46EFC18C-8ED4141F",
            "Material": {
                "ObjectName": "Material'M_Dam_Upd'",
                "ObjectPath": "FortniteGame/Content/Athena/Apollo/Environments/BuildingActors/Dam/Materials/M_Dam_Upd.0"
            }
        }
    },
    {
        "Type": "MaterialExpressionScalarParameter",
        "Name": "MaterialExpressionScalarParameter_11",
        "Outer": "M_Dam_Upd",
        "Class": "UScriptClass'MaterialExpressionScalarParameter'",
        "Properties": {
            "DefaultValue": 3659.4739,
            "ParameterName": "Bottom Ramp",
            "ExpressionGUID": "F2859BB0-41EE1092-76D73FBC-CFC553E9",
            "Material": {
                "ObjectName": "Material'M_Dam_Upd'",
                "ObjectPath": "FortniteGame/Content/Athena/Apollo/Environments/BuildingActors/Dam/Materials/M_Dam_Upd.0"
            }
        }
    },
    {
        "Type": "MaterialExpressionScalarParameter",
        "Name": "MaterialExpressionScalarParameter_12",
        "Outer": "M_Dam_Upd",
        "Class": "UScriptClass'MaterialExpressionScalarParameter'",
        "Properties": {
            "DefaultValue": 5.0,
            "ParameterName": "Sides Tone Fade Rocks Contrast",
            "ExpressionGUID": "159A743B-4E83D9FC-4FF6A088-9DAB28AF",
            "Material": {
                "ObjectName": "Material'M_Dam_Upd'",
                "ObjectPath": "FortniteGame/Content/Athena/Apollo/Environments/BuildingActors/Dam/Materials/M_Dam_Upd.0"
            }
        }
    },
    {
        "Type": "MaterialExpressionScalarParameter",
        "Name": "MaterialExpressionScalarParameter_13",
        "Outer": "M_Dam_Upd",
        "Class": "UScriptClass'MaterialExpressionScalarParameter'",
        "Properties": {
            "DefaultValue": 7000.0,
            "ParameterName": "Sides Fade Rocks",
            "ExpressionGUID": "1F54F101-48764D18-C9192E83-0E51865C",
            "Material": {
                "ObjectName": "Material'M_Dam_Upd'",
                "ObjectPath": "FortniteGame/Content/Athena/Apollo/Environments/BuildingActors/Dam/Materials/M_Dam_Upd.0"
            }
        }
    },
    {
        "Type": "MaterialExpressionScalarParameter",
        "Name": "MaterialExpressionScalarParameter_15",
        "Outer": "M_Dam_Upd",
        "Class": "UScriptClass'MaterialExpressionScalarParameter'",
        "Properties": {
            "DefaultValue": 0.5,
            "ParameterName": "Rocks Flatten N",
            "ExpressionGUID": "6B30CAC1-4D99953F-B31411BB-1EB599BB",
            "Material": {
                "ObjectName": "Material'M_Dam_Upd'",
                "ObjectPath": "FortniteGame/Content/Athena/Apollo/Environments/BuildingActors/Dam/Materials/M_Dam_Upd.0"
            }
        }
    },
    {
        "Type": "MaterialExpressionScalarParameter",
        "Name": "MaterialExpressionScalarParameter_16",
        "Outer": "M_Dam_Upd",
        "Class": "UScriptClass'MaterialExpressionScalarParameter'",
        "Properties": {
            "DefaultValue": 4709.8267,
            "ParameterName": "Bottom Offset2",
            "ExpressionGUID": "34FD3B45-4CC2A93A-3B2CF7A6-69F92B24",
            "Material": {
                "ObjectName": "Material'M_Dam_Upd'",
                "ObjectPath": "FortniteGame/Content/Athena/Apollo/Environments/BuildingActors/Dam/Materials/M_Dam_Upd.0"
            }
        }
    },
    {
        "Type": "MaterialExpressionScalarParameter",
        "Name": "MaterialExpressionScalarParameter_17",
        "Outer": "M_Dam_Upd",
        "Class": "UScriptClass'MaterialExpressionScalarParameter'",
        "Properties": {
            "DefaultValue": 1.0,
            "ParameterName": "Sides Contrast",
            "ExpressionGUID": "243E19EE-41D0CF2C-8F3DA39C-F34742BA",
            "Material": {
                "ObjectName": "Material'M_Dam_Upd'",
                "ObjectPath": "FortniteGame/Content/Athena/Apollo/Environments/BuildingActors/Dam/Materials/M_Dam_Upd.0"
            }
        }
    },
    {
        "Type": "MaterialExpressionScalarParameter",
        "Name": "MaterialExpressionScalarParameter_18",
        "Outer": "M_Dam_Upd",
        "Class": "UScriptClass'MaterialExpressionScalarParameter'",
        "Properties": {
            "DefaultValue": 0.5,
            "ParameterName": "R Mid",
            "ExpressionGUID": "8BADD992-45914470-B0EC3C90-B7B1F132",
            "Material": {
                "ObjectName": "Material'M_Dam_Upd'",
                "ObjectPath": "FortniteGame/Content/Athena/Apollo/Environments/BuildingActors/Dam/Materials/M_Dam_Upd.0"
            }
        }
    },
    {
        "Type": "MaterialExpressionScalarParameter",
        "Name": "MaterialExpressionScalarParameter_19",
        "Outer": "M_Dam_Upd",
        "Class": "UScriptClass'MaterialExpressionScalarParameter'",
        "Properties": {
            "DefaultValue": 3098.6094,
            "ParameterName": "Bottom Ramp2",
            "ExpressionGUID": "6AF4E5BD-47BC854E-F6C86693-5D633F40",
            "Material": {
                "ObjectName": "Material'M_Dam_Upd'",
                "ObjectPath": "FortniteGame/Content/Athena/Apollo/Environments/BuildingActors/Dam/Materials/M_Dam_Upd.0"
            }
        }
    },
    {
        "Type": "MaterialExpressionScalarParameter",
        "Name": "MaterialExpressionScalarParameter_2",
        "Outer": "M_Dam_Upd",
        "Class": "UScriptClass'MaterialExpressionScalarParameter'",
        "Properties": {
            "DefaultValue": 1.5,
            "ParameterName": "R Wall",
            "ExpressionGUID": "9AD91B2A-4799E734-D45CC287-4903C779",
            "Material": {
                "ObjectName": "Material'M_Dam_Upd'",
                "ObjectPath": "FortniteGame/Content/Athena/Apollo/Environments/BuildingActors/Dam/Materials/M_Dam_Upd.0"
            }
        }
    },
    {
        "Type": "MaterialExpressionScalarParameter",
        "Name": "MaterialExpressionScalarParameter_3",
        "Outer": "M_Dam_Upd",
        "Class": "UScriptClass'MaterialExpressionScalarParameter'",
        "Properties": {
            "DefaultValue": 0.2,
            "ParameterName": "S Wall",
            "ExpressionGUID": "3A899474-4C213466-B685DE83-1FE159B6",
            "Material": {
                "ObjectName": "Material'M_Dam_Upd'",
                "ObjectPath": "FortniteGame/Content/Athena/Apollo/Environments/BuildingActors/Dam/Materials/M_Dam_Upd.0"
            }
        }
    },
    {
        "Type": "MaterialExpressionScalarParameter",
        "Name": "MaterialExpressionScalarParameter_4",
        "Outer": "M_Dam_Upd",
        "Class": "UScriptClass'MaterialExpressionScalarParameter'",
        "Properties": {
            "DefaultValue": -0.495238,
            "ParameterName": "R Mask Min",
            "ExpressionGUID": "01C37FB1-41BA8169-0118EB99-D97EF2D1",
            "Material": {
                "ObjectName": "Material'M_Dam_Upd'",
                "ObjectPath": "FortniteGame/Content/Athena/Apollo/Environments/BuildingActors/Dam/Materials/M_Dam_Upd.0"
            }
        }
    },
    {
        "Type": "MaterialExpressionScalarParameter",
        "Name": "MaterialExpressionScalarParameter_5",
        "Outer": "M_Dam_Upd",
        "Class": "UScriptClass'MaterialExpressionScalarParameter'",
        "Properties": {
            "DefaultValue": 4361.7446,
            "ParameterName": "Sides Tone Fade",
            "ExpressionGUID": "5F0452CA-415BDACD-93498083-C948C3BD",
            "Material": {
                "ObjectName": "Material'M_Dam_Upd'",
                "ObjectPath": "FortniteGame/Content/Athena/Apollo/Environments/BuildingActors/Dam/Materials/M_Dam_Upd.0"
            }
        }
    },
    {
        "Type": "MaterialExpressionScalarParameter",
        "Name": "MaterialExpressionScalarParameter_6",
        "Outer": "M_Dam_Upd",
        "Class": "UScriptClass'MaterialExpressionScalarParameter'",
        "Properties": {
            "DefaultValue": 0.7,
            "ParameterName": "ScaleRocks",
            "ExpressionGUID": "FE9112C3-4001D33C-6697E686-FEE16E0B",
            "Material": {
                "ObjectName": "Material'M_Dam_Upd'",
                "ObjectPath": "FortniteGame/Content/Athena/Apollo/Environments/BuildingActors/Dam/Materials/M_Dam_Upd.0"
            }
        }
    },
    {
        "Type": "MaterialExpressionScalarParameter",
        "Name": "MaterialExpressionScalarParameter_7",
        "Outer": "M_Dam_Upd",
        "Class": "UScriptClass'MaterialExpressionScalarParameter'",
        "Properties": {
            "DefaultValue": -0.7,
            "ParameterName": "R Wet Min",
            "ExpressionGUID": "0BA05499-4B50C918-B2F8E69D-D1DC9F34",
            "Material": {
                "ObjectName": "Material'M_Dam_Upd'",
                "ObjectPath": "FortniteGame/Content/Athena/Apollo/Environments/BuildingActors/Dam/Materials/M_Dam_Upd.0"
            }
        }
    },
    {
        "Type": "MaterialExpressionScalarParameter",
        "Name": "MaterialExpressionScalarParameter_8",
        "Outer": "M_Dam_Upd",
        "Class": "UScriptClass'MaterialExpressionScalarParameter'",
        "Properties": {
            "ParameterName": "R Wet Max",
            "ExpressionGUID": "0B29BAEF-454C76CF-0699999A-AE3ABE24",
            "Material": {
                "ObjectName": "Material'M_Dam_Upd'",
                "ObjectPath": "FortniteGame/Content/Athena/Apollo/Environments/BuildingActors/Dam/Materials/M_Dam_Upd.0"
            }
        }
    },
    {
        "Type": "MaterialExpressionScalarParameter",
        "Name": "MaterialExpressionScalarParameter_9",
        "Outer": "M_Dam_Upd",
        "Class": "UScriptClass'MaterialExpressionScalarParameter'",
        "Properties": {
            "DefaultValue": 4709.8267,
            "ParameterName": "Bottom Offset",
            "ExpressionGUID": "BA4C226C-4D3586EA-CA22EEB0-E7356E7B",
            "Material": {
                "ObjectName": "Material'M_Dam_Upd'",
                "ObjectPath": "FortniteGame/Content/Athena/Apollo/Environments/BuildingActors/Dam/Materials/M_Dam_Upd.0"
            }
        }
    },
    {
        "Type": "MaterialExpressionStaticSwitchParameter",
        "Name": "MaterialExpressionStaticSwitchParameter_0",
        "Outer": "M_Dam_Upd",
        "Class": "UScriptClass'MaterialExpressionStaticSwitchParameter'",
        "Properties": {
            "A": {
                "Expression": null,
                "OutputIndex": 0,
                "InputName": "None",
                "Mask": 0,
                "MaskR": 0,
                "MaskG": 0,
                "MaskB": 0,
                "MaskA": 0,
                "ExpressionName": "MaterialExpressionVirtualTextureFeatureSwitch_0"
            },
            "B": {
                "Expression": null,
                "OutputIndex": 0,
                "InputName": "None",
                "Mask": 0,
                "MaskR": 0,
                "MaskG": 0,
                "MaskB": 0,
                "MaskA": 0,
                "ExpressionName": "MaterialExpressionReroute_0"
            },
            "ParameterName": "RVT Enable",
            "ExpressionGUID": "60E37DE5-410B57F9-06B44688-9B07EBB1",
            "Material": {
                "ObjectName": "Material'M_Dam_Upd'",
                "ObjectPath": "FortniteGame/Content/Athena/Apollo/Environments/BuildingActors/Dam/Materials/M_Dam_Upd.0"
            }
        }
    },
    {
        "Type": "MaterialExpressionStaticSwitchParameter",
        "Name": "MaterialExpressionStaticSwitchParameter_1",
        "Outer": "M_Dam_Upd",
        "Class": "UScriptClass'MaterialExpressionStaticSwitchParameter'",
        "Properties": {
            "A": {
                "Expression": null,
                "OutputIndex": 0,
                "InputName": "None",
                "Mask": 0,
                "MaskR": 0,
                "MaskG": 0,
                "MaskB": 0,
                "MaskA": 0,
                "ExpressionName": "MaterialExpressionMakeMaterialAttributes_3"
            },
            "B": {
                "Expression": null,
                "OutputIndex": 0,
                "InputName": "None",
                "Mask": 0,
                "MaskR": 0,
                "MaskG": 0,
                "MaskB": 0,
                "MaskA": 0,
                "ExpressionName": "MaterialExpressionMakeMaterialAttributes_0"
            },
            "ParameterName": "SidewalkOnly",
            "ExpressionGUID": "0F6149CF-40FB25BF-CB5F38BF-3FEA2135",
            "Material": {
                "ObjectName": "Material'M_Dam_Upd'",
                "ObjectPath": "FortniteGame/Content/Athena/Apollo/Environments/BuildingActors/Dam/Materials/M_Dam_Upd.0"
            }
        }
    },
    {
        "Type": "MaterialExpressionTextureObject",
        "Name": "MaterialExpressionTextureObject_0",
        "Outer": "M_Dam_Upd",
        "Class": "UScriptClass'MaterialExpressionTextureObject'",
        "Properties": {
            "Texture": {
                "ObjectName": "Texture2D'T_Apollo_Cliff_N_01'",
                "ObjectPath": "FortniteGame/Content/Environments/Apollo/Sets/Terrain/Textures/T_Apollo_Cliff_N_01.0"
            },
            "SamplerType": "SAMPLERTYPE_Normal",
            "Material": {
                "ObjectName": "Material'M_Dam_Upd'",
                "ObjectPath": "FortniteGame/Content/Athena/Apollo/Environments/BuildingActors/Dam/Materials/M_Dam_Upd.0"
            }
        }
    },
    {
        "Type": "MaterialExpressionTextureObject",
        "Name": "MaterialExpressionTextureObject_1",
        "Outer": "M_Dam_Upd",
        "Class": "UScriptClass'MaterialExpressionTextureObject'",
        "Properties": {
            "Texture": {
                "ObjectName": "Texture2D'T_Apollo_Cliff_S_01'",
                "ObjectPath": "FortniteGame/Content/Environments/Apollo/Sets/Terrain/Textures/T_Apollo_Cliff_S_01.0"
            },
            "SamplerType": "SAMPLERTYPE_Masks",
            "Material": {
                "ObjectName": "Material'M_Dam_Upd'",
                "ObjectPath": "FortniteGame/Content/Athena/Apollo/Environments/BuildingActors/Dam/Materials/M_Dam_Upd.0"
            }
        }
    },
    {
        "Type": "MaterialExpressionTextureObject",
        "Name": "MaterialExpressionTextureObject_2",
        "Outer": "M_Dam_Upd",
        "Class": "UScriptClass'MaterialExpressionTextureObject'",
        "Properties": {
            "Texture": {
                "ObjectName": "Texture2D'T_Apollo_Cliff_D_01'",
                "ObjectPath": "FortniteGame/Content/Environments/Apollo/Sets/Terrain/Textures/T_Apollo_Cliff_D_01.0"
            },
            "Material": {
                "ObjectName": "Material'M_Dam_Upd'",
                "ObjectPath": "FortniteGame/Content/Athena/Apollo/Environments/BuildingActors/Dam/Materials/M_Dam_Upd.0"
            }
        }
    },
    {
        "Type": "MaterialExpressionTextureSample",
        "Name": "MaterialExpressionTextureSample_0",
        "Outer": "M_Dam_Upd",
        "Class": "UScriptClass'MaterialExpressionTextureSample'",
        "Properties": {
            "Texture": {
                "ObjectName": "Texture2D'T_PP_CoolingTower_Concrete1_D'",
                "ObjectPath": "FortniteGame/Content/Environments/Apollo/Sets/PowerPlant/Textures/T_PP_CoolingTower_Concrete1_D.0"
            },
            "Material": {
                "ObjectName": "Material'M_Dam_Upd'",
                "ObjectPath": "FortniteGame/Content/Athena/Apollo/Environments/BuildingActors/Dam/Materials/M_Dam_Upd.0"
            }
        }
    },
    {
        "Type": "MaterialExpressionTextureSample",
        "Name": "MaterialExpressionTextureSample_1",
        "Outer": "M_Dam_Upd",
        "Class": "UScriptClass'MaterialExpressionTextureSample'",
        "Properties": {
            "Texture": {
                "ObjectName": "Texture2D'T_PP_CoolingTower_Concrete1_N'",
                "ObjectPath": "FortniteGame/Content/Environments/Apollo/Sets/PowerPlant/Textures/T_PP_CoolingTower_Concrete1_N.0"
            },
            "SamplerType": "SAMPLERTYPE_Normal",
            "Material": {
                "ObjectName": "Material'M_Dam_Upd'",
                "ObjectPath": "FortniteGame/Content/Athena/Apollo/Environments/BuildingActors/Dam/Materials/M_Dam_Upd.0"
            }
        }
    },
    {
        "Type": "MaterialExpressionTextureSample",
        "Name": "MaterialExpressionTextureSample_10",
        "Outer": "M_Dam_Upd",
        "Class": "UScriptClass'MaterialExpressionTextureSample'",
        "Properties": {
            "Texture": {
                "ObjectName": "Texture2D'T_PP_Concrete_Wall_2_S'",
                "ObjectPath": "FortniteGame/Content/Environments/Apollo/Sets/PowerPlant/Textures/T_PP_Concrete_Wall_2_S.0"
            },
            "SamplerType": "SAMPLERTYPE_Masks",
            "Material": {
                "ObjectName": "Material'M_Dam_Upd'",
                "ObjectPath": "FortniteGame/Content/Athena/Apollo/Environments/BuildingActors/Dam/Materials/M_Dam_Upd.0"
            }
        }
    },
    {
        "Type": "MaterialExpressionTextureSample",
        "Name": "MaterialExpressionTextureSample_12",
        "Outer": "M_Dam_Upd",
        "Class": "UScriptClass'MaterialExpressionTextureSample'",
        "Properties": {
            "Texture": {
                "ObjectName": "Texture2D'T_PP_Walkway_S'",
                "ObjectPath": "FortniteGame/Content/Environments/Apollo/Sets/PowerPlant/Textures/T_PP_Walkway_S.0"
            },
            "SamplerType": "SAMPLERTYPE_Masks",
            "Material": {
                "ObjectName": "Material'M_Dam_Upd'",
                "ObjectPath": "FortniteGame/Content/Athena/Apollo/Environments/BuildingActors/Dam/Materials/M_Dam_Upd.0"
            }
        }
    },
    {
        "Type": "MaterialExpressionTextureSample",
        "Name": "MaterialExpressionTextureSample_13",
        "Outer": "M_Dam_Upd",
        "Class": "UScriptClass'MaterialExpressionTextureSample'",
        "Properties": {
            "Texture": {
                "ObjectName": "Texture2D'T_PP_Sidewalk_S'",
                "ObjectPath": "FortniteGame/Content/Environments/Apollo/Sets/PowerPlant/Textures/T_PP_Sidewalk_S.0"
            },
            "SamplerType": "SAMPLERTYPE_Masks",
            "Material": {
                "ObjectName": "Material'M_Dam_Upd'",
                "ObjectPath": "FortniteGame/Content/Athena/Apollo/Environments/BuildingActors/Dam/Materials/M_Dam_Upd.0"
            }
        }
    },
    {
        "Type": "MaterialExpressionTextureSample",
        "Name": "MaterialExpressionTextureSample_2",
        "Outer": "M_Dam_Upd",
        "Class": "UScriptClass'MaterialExpressionTextureSample'",
        "Properties": {
            "Texture": {
                "ObjectName": "Texture2D'T_PP_Concrete_Wall_2_N'",
                "ObjectPath": "FortniteGame/Content/Environments/Apollo/Sets/PowerPlant/Textures/T_PP_Concrete_Wall_2_N.0"
            },
            "SamplerType": "SAMPLERTYPE_Normal",
            "Material": {
                "ObjectName": "Material'M_Dam_Upd'",
                "ObjectPath": "FortniteGame/Content/Athena/Apollo/Environments/BuildingActors/Dam/Materials/M_Dam_Upd.0"
            }
        }
    },
    {
        "Type": "MaterialExpressionTextureSample",
        "Name": "MaterialExpressionTextureSample_3",
        "Outer": "M_Dam_Upd",
        "Class": "UScriptClass'MaterialExpressionTextureSample'",
        "Properties": {
            "Texture": {
                "ObjectName": "Texture2D'T_PP_Concrete_Wall_2_D'",
                "ObjectPath": "FortniteGame/Content/Environments/Apollo/Sets/PowerPlant/Textures/T_PP_Concrete_Wall_2_D.0"
            },
            "Material": {
                "ObjectName": "Material'M_Dam_Upd'",
                "ObjectPath": "FortniteGame/Content/Athena/Apollo/Environments/BuildingActors/Dam/Materials/M_Dam_Upd.0"
            }
        }
    },
    {
        "Type": "MaterialExpressionTextureSample",
        "Name": "MaterialExpressionTextureSample_4",
        "Outer": "M_Dam_Upd",
        "Class": "UScriptClass'MaterialExpressionTextureSample'",
        "Properties": {
            "Texture": {
                "ObjectName": "Texture2D'T_PP_Sidewalk_D'",
                "ObjectPath": "FortniteGame/Content/Environments/Apollo/Sets/PowerPlant/Textures/T_PP_Sidewalk_D.0"
            },
            "Material": {
                "ObjectName": "Material'M_Dam_Upd'",
                "ObjectPath": "FortniteGame/Content/Athena/Apollo/Environments/BuildingActors/Dam/Materials/M_Dam_Upd.0"
            }
        }
    },
    {
        "Type": "MaterialExpressionTextureSample",
        "Name": "MaterialExpressionTextureSample_5",
        "Outer": "M_Dam_Upd",
        "Class": "UScriptClass'MaterialExpressionTextureSample'",
        "Properties": {
            "Texture": {
                "ObjectName": "Texture2D'T_PP_Walkway_D'",
                "ObjectPath": "FortniteGame/Content/Environments/Apollo/Sets/PowerPlant/Textures/T_PP_Walkway_D.0"
            },
            "Material": {
                "ObjectName": "Material'M_Dam_Upd'",
                "ObjectPath": "FortniteGame/Content/Athena/Apollo/Environments/BuildingActors/Dam/Materials/M_Dam_Upd.0"
            }
        }
    },
    {
        "Type": "MaterialExpressionTextureSample",
        "Name": "MaterialExpressionTextureSample_6",
        "Outer": "M_Dam_Upd",
        "Class": "UScriptClass'MaterialExpressionTextureSample'",
        "Properties": {
            "Texture": {
                "ObjectName": "Texture2D'T_PP_Sidewalk_N'",
                "ObjectPath": "FortniteGame/Content/Environments/Apollo/Sets/PowerPlant/Textures/T_PP_Sidewalk_N.0"
            },
            "SamplerType": "SAMPLERTYPE_Normal",
            "Material": {
                "ObjectName": "Material'M_Dam_Upd'",
                "ObjectPath": "FortniteGame/Content/Athena/Apollo/Environments/BuildingActors/Dam/Materials/M_Dam_Upd.0"
            }
        }
    },
    {
        "Type": "MaterialExpressionTextureSample",
        "Name": "MaterialExpressionTextureSample_7",
        "Outer": "M_Dam_Upd",
        "Class": "UScriptClass'MaterialExpressionTextureSample'",
        "Properties": {
            "Texture": {
                "ObjectName": "Texture2D'T_PP_Walkway_N'",
                "ObjectPath": "FortniteGame/Content/Environments/Apollo/Sets/PowerPlant/Textures/T_PP_Walkway_N.0"
            },
            "SamplerType": "SAMPLERTYPE_Normal",
            "Material": {
                "ObjectName": "Material'M_Dam_Upd'",
                "ObjectPath": "FortniteGame/Content/Athena/Apollo/Environments/BuildingActors/Dam/Materials/M_Dam_Upd.0"
            }
        }
    },
    {
        "Type": "MaterialExpressionTextureSample",
        "Name": "MaterialExpressionTextureSample_8",
        "Outer": "M_Dam_Upd",
        "Class": "UScriptClass'MaterialExpressionTextureSample'",
        "Properties": {
            "Coordinates": {
                "Expression": null,
                "OutputIndex": 0,
                "InputName": "None",
                "Mask": 0,
                "MaskR": 0,
                "MaskG": 0,
                "MaskB": 0,
                "MaskA": 0,
                "ExpressionName": "MaterialExpressionTextureCoordinate_2"
            },
            "Texture": {
                "ObjectName": "Texture2D'T_Environment_D'",
                "ObjectPath": "FortniteGame/Content/Athena/Apollo/Environments/BuildingActors/Dam/Textures/T_Environment_D.0"
            },
            "Material": {
                "ObjectName": "Material'M_Dam_Upd'",
                "ObjectPath": "FortniteGame/Content/Athena/Apollo/Environments/BuildingActors/Dam/Materials/M_Dam_Upd.0"
            }
        }
    },
    {
        "Type": "MaterialExpressionTextureSample",
        "Name": "MaterialExpressionTextureSample_9",
        "Outer": "M_Dam_Upd",
        "Class": "UScriptClass'MaterialExpressionTextureSample'",
        "Properties": {
            "Texture": {
                "ObjectName": "Texture2D'T_PP_CoolingTower_Concrete1_S'",
                "ObjectPath": "FortniteGame/Content/Environments/Apollo/Sets/PowerPlant/Textures/T_PP_CoolingTower_Concrete1_S.0"
            },
            "SamplerType": "SAMPLERTYPE_Masks",
            "Material": {
                "ObjectName": "Material'M_Dam_Upd'",
                "ObjectPath": "FortniteGame/Content/Athena/Apollo/Environments/BuildingActors/Dam/Materials/M_Dam_Upd.0"
            }
        }
    },
    {
        "Type": "MaterialExpressionVectorParameter",
        "Name": "MaterialExpressionVectorParameter_0",
        "Outer": "M_Dam_Upd",
        "Class": "UScriptClass'MaterialExpressionVectorParameter'",
        "Properties": {
            "DefaultValue": {
                "R": 0.5104167,
                "G": 0.39312947,
                "B": 0.3136936,
                "A": 0.0,
                "Hex": "BDA898"
            },
            "ParameterName": "Tint walls",
            "ExpressionGUID": "0AFA78BC-49D21343-78C62FA4-300C7D99",
            "Material": {
                "ObjectName": "Material'M_Dam_Upd'",
                "ObjectPath": "FortniteGame/Content/Athena/Apollo/Environments/BuildingActors/Dam/Materials/M_Dam_Upd.0"
            }
        }
    },
    {
        "Type": "MaterialExpressionVectorParameter",
        "Name": "MaterialExpressionVectorParameter_1",
        "Outer": "M_Dam_Upd",
        "Class": "UScriptClass'MaterialExpressionVectorParameter'",
        "Properties": {
            "DefaultValue": {
                "R": 0.7395833,
                "G": 0.67287385,
                "B": 0.5700955,
                "A": 0.0,
                "Hex": "E0D6C7"
            },
            "ParameterName": "Tint Front",
            "ExpressionGUID": "785517FE-44593237-002BC78A-83731948",
            "Material": {
                "ObjectName": "Material'M_Dam_Upd'",
                "ObjectPath": "FortniteGame/Content/Athena/Apollo/Environments/BuildingActors/Dam/Materials/M_Dam_Upd.0"
            }
        }
    },
    {
        "Type": "MaterialExpressionVectorParameter",
        "Name": "MaterialExpressionVectorParameter_2",
        "Outer": "M_Dam_Upd",
        "Class": "UScriptClass'MaterialExpressionVectorParameter'",
        "Properties": {
            "DefaultValue": {
                "R": 0.739583,
                "G": 0.57288647,
                "B": 0.36593953,
                "A": 0.0,
                "Hex": "E0C8A3"
            },
            "ParameterName": "Tint Front Bottom",
            "ExpressionGUID": "C3342A23-4399A449-87CB579D-CD5854E0",
            "Material": {
                "ObjectName": "Material'M_Dam_Upd'",
                "ObjectPath": "FortniteGame/Content/Athena/Apollo/Environments/BuildingActors/Dam/Materials/M_Dam_Upd.0"
            }
        }
    },
    {
        "Type": "MaterialExpressionVectorParameter",
        "Name": "MaterialExpressionVectorParameter_3",
        "Outer": "M_Dam_Upd",
        "Class": "UScriptClass'MaterialExpressionVectorParameter'",
        "Properties": {
            "DefaultValue": {
                "R": 0.42708334,
                "G": 0.41818577,
                "B": 0.41818577,
                "A": 0.0,
                "Hex": "AFADAD"
            },
            "ParameterName": "Front Sides",
            "ExpressionGUID": "E47282E2-4149E66F-9572B29D-471F50E5",
            "Material": {
                "ObjectName": "Material'M_Dam_Upd'",
                "ObjectPath": "FortniteGame/Content/Athena/Apollo/Environments/BuildingActors/Dam/Materials/M_Dam_Upd.0"
            }
        }
    },
    {
        "Type": "MaterialExpressionVectorParameter",
        "Name": "MaterialExpressionVectorParameter_4",
        "Outer": "M_Dam_Upd",
        "Class": "UScriptClass'MaterialExpressionVectorParameter'",
        "Properties": {
            "DefaultValue": {
                "R": 0.312992,
                "G": 0.338542,
                "B": 0.084635,
                "A": 0.0,
                "Hex": "989D52"
            },
            "ParameterName": "Tint Front Bottom2",
            "ExpressionGUID": "4574985E-49DD7162-9115F299-9C3FC1DF",
            "Material": {
                "ObjectName": "Material'M_Dam_Upd'",
                "ObjectPath": "FortniteGame/Content/Athena/Apollo/Environments/BuildingActors/Dam/Materials/M_Dam_Upd.0"
            }
        }
    }
]