[
  {
    "Type": "MaterialInstanceConstant",
    "Name": "M_Dam_Upd_Inst",
    "Class": "UScriptClass'MaterialInstanceConstant'",
    "Properties": {
      "Parent": {
        "ObjectName": "Material'M_Dam_Upd'",
        "ObjectPath": "FortniteGame/Content/Athena/Apollo/Environments/BuildingActors/Dam/Materials/M_Dam_Upd.0"
      },
      "ScalarParameterValues": [
        {
          "ParameterInfo": {
            "Name": "Sides Tone Fade",
            "Association": "GlobalParameter",
            "Index": -1
          },
          "ParameterValue": 4816.1377,
          "ExpressionGUID": "5F0452CA-415BDACD-93498083-C948C3BD"
        },
        {
          "ParameterInfo": {
            "Name": "DetailTile",
            "Association": "GlobalParameter",
            "Index": -1
          },
          "ParameterValue": 2634.0881,
          "ExpressionGUID": "E1DAEA5B-4CF90319-958BBF89-A3AB6E47"
        },
        {
          "ParameterInfo": {
            "Name": "Bottom Offset",
            "Association": "GlobalParameter",
            "Index": -1
          },
          "ParameterValue": 4661.9297,
          "ExpressionGUID": "BA4C226C-4D3586EA-CA22EEB0-E7356E7B"
        },
        {
          "ParameterInfo": {
            "Name": "Bottom Ramp",
            "Association": "GlobalParameter",
            "Index": -1
          },
          "ParameterValue": 150.0,
          "ExpressionGUID": "F2859BB0-41EE1092-76D73FBC-CFC553E9"
        },
        {
          "ParameterInfo": {
            "Name": "RefractionDepthBias",
            "Association": "GlobalParameter",
            "Index": -1
          },
          "ParameterValue": 0.0,
          "ExpressionGUID": "00000000-00000000-00000000-00000000"
        }
      ],
      "VectorParameterValues": [
        {
          "ParameterInfo": {
            "Name": "Tint Front",
            "Association": "GlobalParameter",
            "Index": -1
          },
          "ParameterValue": {
            "R": 0.739583,
            "G": 0.672874,
            "B": 0.570095,
            "A": 0.0,
            "Hex": "E0D6C7"
          },
          "ExpressionGUID": "785517FE-44593237-002BC78A-83731948"
        },
        {
          "ParameterInfo": {
            "Name": "Tint Front Bottom",
            "Association": "GlobalParameter",
            "Index": -1
          },
          "ParameterValue": {
            "R": 0.46875,
            "G": 0.404487,
            "B": 0.324707,
            "A": 0.0,
            "Hex": "B6AB9A"
          },
          "ExpressionGUID": "C3342A23-4399A449-87CB579D-CD5854E0"
        },
        {
          "ParameterInfo": {
            "Name": "Tint Front Bottom2",
            "Association": "GlobalParameter",
            "Index": -1
          },
          "ParameterValue": {
            "R": 0.658413,
            "G": 0.697917,
            "B": 0.305339,
            "A": 0.0,
            "Hex": "D4DA96"
          },
          "ExpressionGUID": "4574985E-49DD7162-9115F299-9C3FC1DF"
        },
        {
          "ParameterInfo": {
            "Name": "Tint walls",
            "Association": "GlobalParameter",
            "Index": -1
          },
          "ParameterValue": {
            "R": 0.510417,
            "G": 0.393129,
            "B": 0.313694,
            "A": 0.0,
            "Hex": "BDA898"
          },
          "ExpressionGUID": "0AFA78BC-49D21343-78C62FA4-300C7D99"
        }
      ],
      "BasePropertyOverrides": {
        "OpacityMaskClipValue": 0.3333
      },
      "TextureStreamingData": [
        {
          "SamplingScale": 1.0,
          "UVChannelIndex": 2,
          "TextureName": "T_Environment_D"
        },
        {
          "SamplingScale": 1.0,
          "UVChannelIndex": 0,
          "TextureName": "T_PP_Concrete_Wall_2_D"
        },
        {
          "SamplingScale": 1.0,
          "UVChannelIndex": 0,
          "TextureName": "T_PP_Concrete_Wall_2_N"
        },
        {
          "SamplingScale": 1.0,
          "UVChannelIndex": 0,
          "TextureName": "T_PP_Concrete_Wall_2_S"
        },
        {
          "SamplingScale": 1.0,
          "UVChannelIndex": 0,
          "TextureName": "T_PP_CoolingTower_Concrete1_D"
        },
        {
          "SamplingScale": 1.0,
          "UVChannelIndex": 0,
          "TextureName": "T_PP_CoolingTower_Concrete1_N"
        },
        {
          "SamplingScale": 1.0,
          "UVChannelIndex": 0,
          "TextureName": "T_PP_CoolingTower_Concrete1_S"
        },
        {
          "SamplingScale": 1.0,
          "UVChannelIndex": 0,
          "TextureName": "T_PP_Sidewalk_D"
        },
        {
          "SamplingScale": 1.0,
          "UVChannelIndex": 0,
          "TextureName": "T_PP_Sidewalk_N"
        },
        {
          "SamplingScale": 1.0,
          "UVChannelIndex": 0,
          "TextureName": "T_PP_Sidewalk_S"
        },
        {
          "SamplingScale": 1.0,
          "UVChannelIndex": 0,
          "TextureName": "T_PP_Walkway_D"
        },
        {
          "SamplingScale": 1.0,
          "UVChannelIndex": 0,
          "TextureName": "T_PP_Walkway_N"
        },
        {
          "SamplingScale": 1.0,
          "UVChannelIndex": 0,
          "TextureName": "T_PP_Walkway_S"
        }
      ]
    }
  }
]