[
  {
    "Type": "MaterialInstanceConstant",
    "Name": "M_Dam_Upd_RVT_Top",
    "Class": "UScriptClass'MaterialInstanceConstant'",
    "Properties": {
      "Parent": {
        "ObjectName": "Material'M_Dam_Upd'",
        "ObjectPath": "FortniteGame/Content/Athena/Apollo/Environments/BuildingActors/Dam/Materials/M_Dam_Upd.0"
      },
      "bHasStaticPermutationResource": true,
      "ScalarParameterValues": [
        {
          "ParameterInfo": {
            "Name": "DetailTile",
            "Association": "GlobalParameter",
            "Index": -1
          },
          "ParameterValue": 2634.0881,
          "ExpressionGUID": "E1DAEA5B-4CF90319-958BBF89-A3AB6E47"
        },
        {
          "ParameterInfo": {
            "Name": "Ground fade",
            "Association": "GlobalParameter",
            "Index": -1
          },
          "ParameterValue": 55.0,
          "ExpressionGUID": "E7B80DDD-429A2AD1-0C26079A-3A2F52E3"
        },
        {
          "ParameterInfo": {
            "Name": "RVT WP Offset",
            "Association": "GlobalParameter",
            "Index": -1
          },
          "ParameterValue": -50.0,
          "ExpressionGUID": "46ECECA8-4AE1BE10-A15F699F-AAAF96B2"
        },
        {
          "ParameterInfo": {
            "Name": "RefractionDepthBias",
            "Association": "GlobalParameter",
            "Index": -1
          },
          "ParameterValue": 0.0,
          "ExpressionGUID": "00000000-00000000-00000000-00000000"
        }
      ],
      "BasePropertyOverrides": {
        "OpacityMaskClipValue": 0.3333
      },
      "StaticParameters": {
        "StaticSwitchParameters": [
          {
            "ParameterInfo": {
              "Name": "RVT Enable",
              "Association": "GlobalParameter",
              "Index": -1
            },
            "Value": true,
            "bOverride": true,
            "ExpressionGUID": "60E37DE5-410B57F9-06B44688-9B07EBB1"
          },
          {
            "ParameterInfo": {
              "Name": "SidewalkOnly",
              "Association": "GlobalParameter",
              "Index": -1
            },
            "Value": true,
            "bOverride": true,
            "ExpressionGUID": "0F6149CF-40FB25BF-CB5F38BF-3FEA2135"
          }
        ]
      },
      "TextureStreamingData": [
        {
          "SamplingScale": 1.0,
          "UVChannelIndex": 2,
          "TextureName": "T_Environment_D"
        },
        {
          "SamplingScale": 1.0,
          "UVChannelIndex": 0,
          "TextureName": "T_PP_Sidewalk_D"
        },
        {
          "SamplingScale": 1.0,
          "UVChannelIndex": 0,
          "TextureName": "T_PP_Sidewalk_N"
        },
        {
          "SamplingScale": 1.0,
          "UVChannelIndex": 0,
          "TextureName": "T_PP_Sidewalk_S"
        }
      ]
    }
  }
]