[
  {
    "Type": "StructProperty",
    "Name": "UberGraphFrame",
    "Outer": "Apollo_BigBush_C",
    "Class": "UScriptClass'StructProperty'",
    "PropertyFlags": "Transient | DuplicateTransient",
    "Struct": {
      "ObjectName": "ScriptStruct'PointerToUberGraphFrame'",
      "ObjectPath": "/Script/Engine"
    }
  },
  {
    "Type": "BlueprintGeneratedClass",
    "Name": "Apollo_BigBush_C",
    "Class": "UScriptClass'BlueprintGeneratedClass'",
    "Properties": {
      "bHasCookedComponentInstancingData": true,
      "DynamicBindingObjects": [
        {
          "ObjectName": "ComponentDelegateBinding'Apollo_BigBush_C:ComponentDelegateBinding_0'",
          "ObjectPath": "FortniteGame/Content/Athena/Apollo/Environments/BuildingActors/Foliage/Apollo_BigBush.26"
        }
      ],
      "SimpleConstructionScript": {
        "ObjectName": "SimpleConstructionScript'Apollo_BigBush_C:SimpleConstructionScript_393'",
        "ObjectPath": "FortniteGame/Content/Athena/Apollo/Environments/BuildingActors/Foliage/Apollo_BigBush.66"
      },
      "UberGraphFramePointerProperty": {
        "ObjectName": "StructProperty'Apollo_BigBush_C:UberGraphFrame'",
        "ObjectPath": "FortniteGame/Content/Athena/Apollo/Environments/BuildingActors/Foliage/Apollo_BigBush.0"
      },
      "UberGraphFunction": {
        "ObjectName": "Function'Apollo_BigBush_C:ExecuteUbergraph_Apollo_BigBush'",
        "ObjectPath": "FortniteGame/Content/Athena/Apollo/Environments/BuildingActors/Foliage/Apollo_BigBush.5"
      }
    },
    "SuperStruct": {
      "ObjectName": "Class'BuildingProp'",
      "ObjectPath": "/Script/FortniteGame"
    },
    "Children": [
      {
        "ObjectName": "StructProperty'Apollo_BigBush_C:UberGraphFrame'",
        "ObjectPath": "FortniteGame/Content/Athena/Apollo/Environments/BuildingActors/Foliage/Apollo_BigBush.0"
      },
      {
        "ObjectName": "Function'Apollo_BigBush_C:ReceiveBeginPlay'",
        "ObjectPath": "FortniteGame/Content/Athena/Apollo/Environments/BuildingActors/Foliage/Apollo_BigBush.36"
      },
      {
        "ObjectName": "Function'Apollo_BigBush_C:MaterialWobble'",
        "ObjectPath": "FortniteGame/Content/Athena/Apollo/Environments/BuildingActors/Foliage/Apollo_BigBush.35"
      },
      {
        "ObjectName": "Function'Apollo_BigBush_C:BndEvt__OverlapSphere_K2Node_ComponentBoundEvent_0_ComponentBeginOverlapSignature__DelegateSignature'",
        "ObjectPath": "FortniteGame/Content/Athena/Apollo/Environments/BuildingActors/Foliage/Apollo_BigBush.9"
      },
      {
        "ObjectName": "Function'Apollo_BigBush_C:BndEvt__OverlapSphere_K2Node_ComponentBoundEvent_3_ComponentEndOverlapSignature__DelegateSignature'",
        "ObjectPath": "FortniteGame/Content/Athena/Apollo/Environments/BuildingActors/Foliage/Apollo_BigBush.7"
      },
      {
        "ObjectName": "Function'Apollo_BigBush_C:ExecuteUbergraph_Apollo_BigBush'",
        "ObjectPath": "FortniteGame/Content/Athena/Apollo/Environments/BuildingActors/Foliage/Apollo_BigBush.5"
      },
      {
        "ObjectName": "ObjectProperty'Apollo_BigBush_C:OverlapSphere'",
        "ObjectPath": "FortniteGame/Content/Athena/Apollo/Environments/BuildingActors/Foliage/Apollo_BigBush.3"
      },
      {
        "ObjectName": "ObjectProperty'Apollo_BigBush_C:P_Hay_Destruction_CornField'",
        "ObjectPath": "FortniteGame/Content/Athena/Apollo/Environments/BuildingActors/Foliage/Apollo_BigBush.60"
      },
      {
        "ObjectName": "ClassProperty'Apollo_BigBush_C:GE_Cornfield_GC'",
        "ObjectPath": "FortniteGame/Content/Athena/Apollo/Environments/BuildingActors/Foliage/Apollo_BigBush.25"
      },
      {
        "ObjectName": "BoolProperty'Apollo_BigBush_C:ShouldWobble'",
        "ObjectPath": "FortniteGame/Content/Athena/Apollo/Environments/BuildingActors/Foliage/Apollo_BigBush.23"
      },
      {
        "ObjectName": "StructProperty'Apollo_BigBush_C:PlayerVelocity'",
        "ObjectPath": "FortniteGame/Content/Athena/Apollo/Environments/BuildingActors/Foliage/Apollo_BigBush.77"
      },
      {
        "ObjectName": "ObjectProperty'Apollo_BigBush_C:MID'",
        "ObjectPath": "FortniteGame/Content/Athena/Apollo/Environments/BuildingActors/Foliage/Apollo_BigBush.59"
      }
    ]
  },
  {
    "Type": "Apollo_BigBush_C",
    "Name": "Default__Apollo_BigBush_C",
    "Class": "BlueprintGeneratedClass'FortniteGame/Content/Athena/Apollo/Environments/BuildingActors/Foliage/Apollo_BigBush.Apollo_BigBush_C'",
    "Properties": {
      "UberGraphFrame": {},
      "GE_Cornfield_GC": {
        "ObjectName": "BlueprintGeneratedClass'GE_BigBush_GC_C'",
        "ObjectPath": "FortniteGame/Content/Athena/Apollo/Environments/BuildingActors/Foliage/GE_BigBush_GC.0"
      },
      "PlayerVelocity": {
        "X": 0.0,
        "Y": 0.0,
        "Z": 0.0
      },
      "StaticMesh": {
        "ObjectName": "StaticMesh'BigBush'",
        "ObjectPath": "FortniteGame/Content/Environments/Apollo/Foliage/BigBush/Meshes/BigBush.1"
      },
      "ResourceType": "EFortResourceType::Wood",
      "bNoCameraCollision": true,
      "bNoPawnCollision": true,
      "bNoRangedWeaponCollision": true,
      "bNoProjectileCollision": true,
      "bDoNotBlockInteract": true,
      "bRandomYawOnPlacement": true,
      "bRandomScaleOnPlacement": true,
      "bUseComplexForWeakSpots": false,
      "bNeedsWindMaterialParameters": true,
      "bNeedsDamageOverlay": false,
      "RandomScaleRange": {
        "X": 0.8,
        "Y": 1.0
      },
      "StaticMeshComponent": {
        "ObjectName": "StaticMeshComponent'Default__Apollo_BigBush_C:StaticMeshComponent0'",
        "ObjectPath": "FortniteGame/Content/Athena/Apollo/Environments/BuildingActors/Foliage/Apollo_BigBush.68"
      },
      "BuildingResourceAmountOverride": {
        "CurveTable": {
          "ObjectName": "CurveTable'AthenaResourceRates'",
          "ObjectPath": "FortniteGame/Content/Athena/Balance/DataTables/AthenaResourceRates.0"
        },
        "RowName": "ResourceWoodLow"
      },
      "WindSpeedCurve": {
        "AssetPathName": "/Game/VisualThreatManager/StormVisuals/Foliage_Plants/Hedge_High_Rectangle_WindSpeed.Hedge_High_Rectangle_WindSpeed",
        "SubPathString": ""
      },
      "WindPannerSpeedCurve": {
        "AssetPathName": "/Game/VisualThreatManager/StormVisuals/Foliage_Plants/Hedge_High_Rectangle_PannerSpeed.Hedge_High_Rectangle_PannerSpeed",
        "SubPathString": ""
      },
      "IntenseWindMaterials": [
        {
          "AssetPathName": "/Game/Environments/Props/Shrubs/Materials/PP2/MI_Rectangle384_Storm.MI_Rectangle384_Storm",
          "SubPathString": ""
        }
      ],
      "DeathParticles": {
        "ObjectName": "ParticleSystem'P_LG_Tree_Shrub_Tall_Destruction'",
        "ObjectPath": "FortniteGame/Content/Effects/Fort_Effects/World/Destruction/Tree_Shrub/P_LG_Tree_Shrub_Tall_Destruction.183"
      },
      "DeathSound": {
        "ObjectName": "SoundCue'Demo_Bush_ImpactFinal_Cue'",
        "ObjectPath": "FortniteGame/Content/Sounds/Fort_Impact_Sounds/Demolition/Wood/Demo_Bush_ImpactFinal_Cue.0"
      },
      "BuildingAttachmentType": "ATTACH_Floor",
      "AreaClass": {
        "AssetPathName": "/Script/NavigationSystem.NavArea_Default",
        "SubPathString": ""
      },
      "AttributeInitKeys": {
        "AttributeInitCategory": "ResourceWood",
        "AttributeInitSubCategory": "1"
      },
      "AttributeInitKeys": {
        "AttributeInitCategory": "ResourceWood",
        "AttributeInitSubCategory": "1"
      },
      "LifespanAfterDeath": 3.0,
      "NavigationObstacleOverride": "ENavigationObstacleOverride::ForceEnabled",
      "bIsNavigationRelevant": false,
      "bObstructTrapTargeting": false,
      "bAllowInteract": false,
      "StaticGameplayTags": [
        "Building.Type.Prop"
      ],
      "BRMaxDrawDistance": 22000.0,
      "PlayHitSound": {
        "ObjectName": "SoundCue'Demo_Bush_Impact_Cue'",
        "ObjectPath": "FortniteGame/Content/Sounds/Fort_Impact_Sounds/Demolition/Wood/Demo_Bush_Impact_Cue.0"
      },
      "PrimaryActorTick": {
        "bAllowTickOnDedicatedServer": false
      },
      "bEnableAutoLODGeneration": false,
      "RootComponent": {
        "ObjectName": "StaticMeshComponent'Default__Apollo_BigBush_C:StaticMeshComponent0'",
        "ObjectPath": "FortniteGame/Content/Athena/Apollo/Environments/BuildingActors/Foliage/Apollo_BigBush.68"
      }
    }
  },
  {
    "Type": "ObjectProperty",
    "Name": "OverlapSphere",
    "Outer": "Apollo_BigBush_C",
    "Class": "UScriptClass'ObjectProperty'",
    "PropertyFlags": "BlueprintVisible | InstancedReference | NonTransactional",
    "PropertyClass": {
      "ObjectName": "Class'SphereComponent'",
      "ObjectPath": "/Script/Engine"
    }
  },
  {
    "Type": "IntProperty",
    "Name": "EntryPoint",
    "Outer": "ExecuteUbergraph_Apollo_BigBush",
    "Class": "UScriptClass'IntProperty'",
    "PropertyFlags": "BlueprintVisible | BlueprintReadOnly | Parm"
  },
  {
    "Type": "Function",
    "Name": "ExecuteUbergraph_Apollo_BigBush",
    "Outer": "Apollo_BigBush_C",
    "Class": "UScriptClass'Function'",
    "Children": [
      {
        "ObjectName": "IntProperty'Apollo_BigBush_C:ExecuteUbergraph_Apollo_BigBush.EntryPoint'",
        "ObjectPath": "FortniteGame/Content/Athena/Apollo/Environments/BuildingActors/Foliage/Apollo_BigBush.4"
      },
      {
        "ObjectName": "BoolProperty'Apollo_BigBush_C:ExecuteUbergraph_Apollo_BigBush.Temp_bool_Variable'",
        "ObjectPath": "FortniteGame/Content/Athena/Apollo/Environments/BuildingActors/Foliage/Apollo_BigBush.22"
      },
      {
        "ObjectName": "FloatProperty'Apollo_BigBush_C:ExecuteUbergraph_Apollo_BigBush.CallFunc_GetTimeSeconds_ReturnValue'",
        "ObjectPath": "FortniteGame/Content/Athena/Apollo/Environments/BuildingActors/Foliage/Apollo_BigBush.28"
      },
      {
        "ObjectName": "ObjectProperty'Apollo_BigBush_C:ExecuteUbergraph_Apollo_BigBush.K2Node_CustomEvent_player'",
        "ObjectPath": "FortniteGame/Content/Athena/Apollo/Environments/BuildingActors/Foliage/Apollo_BigBush.33"
      },
      {
        "ObjectName": "ObjectProperty'Apollo_BigBush_C:ExecuteUbergraph_Apollo_BigBush.K2Node_DynamicCast_AsPlayer_Pawn_Athena'",
        "ObjectPath": "FortniteGame/Content/Athena/Apollo/Environments/BuildingActors/Foliage/Apollo_BigBush.56"
      },
      {
        "ObjectName": "BoolProperty'Apollo_BigBush_C:ExecuteUbergraph_Apollo_BigBush.K2Node_DynamicCast_bSuccess'",
        "ObjectPath": "FortniteGame/Content/Athena/Apollo/Environments/BuildingActors/Foliage/Apollo_BigBush.17"
      },
      {
        "ObjectName": "BoolProperty'Apollo_BigBush_C:ExecuteUbergraph_Apollo_BigBush.CallFunc_IsDedicatedServer_ReturnValue'",
        "ObjectPath": "FortniteGame/Content/Athena/Apollo/Environments/BuildingActors/Foliage/Apollo_BigBush.13"
      },
      {
        "ObjectName": "StructProperty'Apollo_BigBush_C:ExecuteUbergraph_Apollo_BigBush.CallFunc_GetVelocity_ReturnValue'",
        "ObjectPath": "FortniteGame/Content/Athena/Apollo/Environments/BuildingActors/Foliage/Apollo_BigBush.73"
      },
      {
        "ObjectName": "StructProperty'Apollo_BigBush_C:ExecuteUbergraph_Apollo_BigBush.CallFunc_K2_GetActorLocation_ReturnValue'",
        "ObjectPath": "FortniteGame/Content/Athena/Apollo/Environments/BuildingActors/Foliage/Apollo_BigBush.74"
      },
      {
        "ObjectName": "StructProperty'Apollo_BigBush_C:ExecuteUbergraph_Apollo_BigBush.CallFunc_Conv_VectorToLinearColor_ReturnValue'",
        "ObjectPath": "FortniteGame/Content/Athena/Apollo/Environments/BuildingActors/Foliage/Apollo_BigBush.71"
      },
      {
        "ObjectName": "ByteProperty'Apollo_BigBush_C:ExecuteUbergraph_Apollo_BigBush.CallFunc_EvaluateCurveTableRow_OutResult'",
        "ObjectPath": "FortniteGame/Content/Athena/Apollo/Environments/BuildingActors/Foliage/Apollo_BigBush.24"
      },
      {
        "ObjectName": "FloatProperty'Apollo_BigBush_C:ExecuteUbergraph_Apollo_BigBush.CallFunc_EvaluateCurveTableRow_OutXY'",
        "ObjectPath": "FortniteGame/Content/Athena/Apollo/Environments/BuildingActors/Foliage/Apollo_BigBush.27"
      },
      {
        "ObjectName": "IntProperty'Apollo_BigBush_C:ExecuteUbergraph_Apollo_BigBush.CallFunc_FTrunc_ReturnValue'",
        "ObjectPath": "FortniteGame/Content/Athena/Apollo/Environments/BuildingActors/Foliage/Apollo_BigBush.40"
      },
      {
        "ObjectName": "StructProperty'Apollo_BigBush_C:ExecuteUbergraph_Apollo_BigBush.CallFunc_Normal_ReturnValue'",
        "ObjectPath": "FortniteGame/Content/Athena/Apollo/Environments/BuildingActors/Foliage/Apollo_BigBush.75"
      },
      {
        "ObjectName": "BoolProperty'Apollo_BigBush_C:ExecuteUbergraph_Apollo_BigBush.CallFunc_Conv_IntToBool_ReturnValue'",
        "ObjectPath": "FortniteGame/Content/Athena/Apollo/Environments/BuildingActors/Foliage/Apollo_BigBush.11"
      },
      {
        "ObjectName": "StructProperty'Apollo_BigBush_C:ExecuteUbergraph_Apollo_BigBush.CallFunc_Conv_VectorToLinearColor_ReturnValue_1'",
        "ObjectPath": "FortniteGame/Content/Athena/Apollo/Environments/BuildingActors/Foliage/Apollo_BigBush.72"
      },
      {
        "ObjectName": "BoolProperty'Apollo_BigBush_C:ExecuteUbergraph_Apollo_BigBush.K2Node_SwitchEnum_CmpSuccess'",
        "ObjectPath": "FortniteGame/Content/Athena/Apollo/Environments/BuildingActors/Foliage/Apollo_BigBush.21"
      },
      {
        "ObjectName": "FloatProperty'Apollo_BigBush_C:ExecuteUbergraph_Apollo_BigBush.CallFunc_VSize_ReturnValue'",
        "ObjectPath": "FortniteGame/Content/Athena/Apollo/Environments/BuildingActors/Foliage/Apollo_BigBush.29"
      },
      {
        "ObjectName": "ObjectProperty'Apollo_BigBush_C:ExecuteUbergraph_Apollo_BigBush.CallFunc_CreateDynamicMaterialInstance_ReturnValue'",
        "ObjectPath": "FortniteGame/Content/Athena/Apollo/Environments/BuildingActors/Foliage/Apollo_BigBush.47"
      },
      {
        "ObjectName": "BoolProperty'Apollo_BigBush_C:ExecuteUbergraph_Apollo_BigBush.CallFunc_Greater_FloatFloat_ReturnValue'",
        "ObjectPath": "FortniteGame/Content/Athena/Apollo/Environments/BuildingActors/Foliage/Apollo_BigBush.12"
      },
      {
        "ObjectName": "BoolProperty'Apollo_BigBush_C:ExecuteUbergraph_Apollo_BigBush.CallFunc_IsValid_ReturnValue'",
        "ObjectPath": "FortniteGame/Content/Athena/Apollo/Environments/BuildingActors/Foliage/Apollo_BigBush.15"
      },
      {
        "ObjectName": "BoolProperty'Apollo_BigBush_C:ExecuteUbergraph_Apollo_BigBush.CallFunc_IsServer_ReturnValue'",
        "ObjectPath": "FortniteGame/Content/Athena/Apollo/Environments/BuildingActors/Foliage/Apollo_BigBush.14"
      },
      {
        "ObjectName": "FloatProperty'Apollo_BigBush_C:ExecuteUbergraph_Apollo_BigBush.Temp_float_Variable'",
        "ObjectPath": "FortniteGame/Content/Athena/Apollo/Environments/BuildingActors/Foliage/Apollo_BigBush.31"
      },
      {
        "ObjectName": "ObjectProperty'Apollo_BigBush_C:ExecuteUbergraph_Apollo_BigBush.K2Node_ComponentBoundEvent_OverlappedComponent_1'",
        "ObjectPath": "FortniteGame/Content/Athena/Apollo/Environments/BuildingActors/Foliage/Apollo_BigBush.55"
      },
      {
        "ObjectName": "ObjectProperty'Apollo_BigBush_C:ExecuteUbergraph_Apollo_BigBush.K2Node_ComponentBoundEvent_OtherActor_1'",
        "ObjectPath": "FortniteGame/Content/Athena/Apollo/Environments/BuildingActors/Foliage/Apollo_BigBush.51"
      },
      {
        "ObjectName": "ObjectProperty'Apollo_BigBush_C:ExecuteUbergraph_Apollo_BigBush.K2Node_ComponentBoundEvent_OtherComp_1'",
        "ObjectPath": "FortniteGame/Content/Athena/Apollo/Environments/BuildingActors/Foliage/Apollo_BigBush.53"
      },
      {
        "ObjectName": "IntProperty'Apollo_BigBush_C:ExecuteUbergraph_Apollo_BigBush.K2Node_ComponentBoundEvent_OtherBodyIndex_1'",
        "ObjectPath": "FortniteGame/Content/Athena/Apollo/Environments/BuildingActors/Foliage/Apollo_BigBush.42"
      },
      {
        "ObjectName": "BoolProperty'Apollo_BigBush_C:ExecuteUbergraph_Apollo_BigBush.K2Node_ComponentBoundEvent_bFromSweep'",
        "ObjectPath": "FortniteGame/Content/Athena/Apollo/Environments/BuildingActors/Foliage/Apollo_BigBush.16"
      },
      {
        "ObjectName": "StructProperty'Apollo_BigBush_C:ExecuteUbergraph_Apollo_BigBush.K2Node_ComponentBoundEvent_SweepResult'",
        "ObjectPath": "FortniteGame/Content/Athena/Apollo/Environments/BuildingActors/Foliage/Apollo_BigBush.76"
      },
      {
        "ObjectName": "InterfaceProperty'Apollo_BigBush_C:ExecuteUbergraph_Apollo_BigBush.K2Node_DynamicCast_AsFort_Vehicle_Interface'",
        "ObjectPath": "FortniteGame/Content/Athena/Apollo/Environments/BuildingActors/Foliage/Apollo_BigBush.37"
      },
      {
        "ObjectName": "BoolProperty'Apollo_BigBush_C:ExecuteUbergraph_Apollo_BigBush.K2Node_DynamicCast_bSuccess_1'",
        "ObjectPath": "FortniteGame/Content/Athena/Apollo/Environments/BuildingActors/Foliage/Apollo_BigBush.18"
      },
      {
        "ObjectName": "ObjectProperty'Apollo_BigBush_C:ExecuteUbergraph_Apollo_BigBush.K2Node_DynamicCast_AsPlayer_Pawn_Athena_1'",
        "ObjectPath": "FortniteGame/Content/Athena/Apollo/Environments/BuildingActors/Foliage/Apollo_BigBush.57"
      },
      {
        "ObjectName": "BoolProperty'Apollo_BigBush_C:ExecuteUbergraph_Apollo_BigBush.K2Node_DynamicCast_bSuccess_2'",
        "ObjectPath": "FortniteGame/Content/Athena/Apollo/Environments/BuildingActors/Foliage/Apollo_BigBush.19"
      },
      {
        "ObjectName": "ObjectProperty'Apollo_BigBush_C:ExecuteUbergraph_Apollo_BigBush.K2Node_ComponentBoundEvent_OverlappedComponent'",
        "ObjectPath": "FortniteGame/Content/Athena/Apollo/Environments/BuildingActors/Foliage/Apollo_BigBush.54"
      },
      {
        "ObjectName": "ObjectProperty'Apollo_BigBush_C:ExecuteUbergraph_Apollo_BigBush.K2Node_ComponentBoundEvent_OtherActor'",
        "ObjectPath": "FortniteGame/Content/Athena/Apollo/Environments/BuildingActors/Foliage/Apollo_BigBush.50"
      },
      {
        "ObjectName": "ObjectProperty'Apollo_BigBush_C:ExecuteUbergraph_Apollo_BigBush.K2Node_ComponentBoundEvent_OtherComp'",
        "ObjectPath": "FortniteGame/Content/Athena/Apollo/Environments/BuildingActors/Foliage/Apollo_BigBush.52"
      },
      {
        "ObjectName": "IntProperty'Apollo_BigBush_C:ExecuteUbergraph_Apollo_BigBush.K2Node_ComponentBoundEvent_OtherBodyIndex'",
        "ObjectPath": "FortniteGame/Content/Athena/Apollo/Environments/BuildingActors/Foliage/Apollo_BigBush.41"
      },
      {
        "ObjectName": "ObjectProperty'Apollo_BigBush_C:ExecuteUbergraph_Apollo_BigBush.K2Node_DynamicCast_AsPlayer_Pawn_Athena_2'",
        "ObjectPath": "FortniteGame/Content/Athena/Apollo/Environments/BuildingActors/Foliage/Apollo_BigBush.58"
      },
      {
        "ObjectName": "BoolProperty'Apollo_BigBush_C:ExecuteUbergraph_Apollo_BigBush.K2Node_DynamicCast_bSuccess_3'",
        "ObjectPath": "FortniteGame/Content/Athena/Apollo/Environments/BuildingActors/Foliage/Apollo_BigBush.20"
      },
      {
        "ObjectName": "ObjectProperty'Apollo_BigBush_C:ExecuteUbergraph_Apollo_BigBush.CallFunc_GetAbilitySystemComponent_ReturnValue'",
        "ObjectPath": "FortniteGame/Content/Athena/Apollo/Environments/BuildingActors/Foliage/Apollo_BigBush.48"
      },
      {
        "ObjectName": "ObjectProperty'Apollo_BigBush_C:ExecuteUbergraph_Apollo_BigBush.CallFunc_GetAbilitySystemComponent_ReturnValue_1'",
        "ObjectPath": "FortniteGame/Content/Athena/Apollo/Environments/BuildingActors/Foliage/Apollo_BigBush.49"
      },
      {
        "ObjectName": "StructProperty'Apollo_BigBush_C:ExecuteUbergraph_Apollo_BigBush.CallFunc_BP_ApplyGameplayEffectToTarget_ReturnValue'",
        "ObjectPath": "FortniteGame/Content/Athena/Apollo/Environments/BuildingActors/Foliage/Apollo_BigBush.70"
      },
      {
        "ObjectName": "FloatProperty'Apollo_BigBush_C:ExecuteUbergraph_Apollo_BigBush.Temp_float_Variable_1'",
        "ObjectPath": "FortniteGame/Content/Athena/Apollo/Environments/BuildingActors/Foliage/Apollo_BigBush.32"
      },
      {
        "ObjectName": "FloatProperty'Apollo_BigBush_C:ExecuteUbergraph_Apollo_BigBush.K2Node_Select_Default'",
        "ObjectPath": "FortniteGame/Content/Athena/Apollo/Environments/BuildingActors/Foliage/Apollo_BigBush.30"
      }
    ],
    "FunctionFlags": "FUNC_None"
  },
  {
    "Type": "ObjectProperty",
    "Name": "OverlappedComponent",
    "Outer": "BndEvt__OverlapSphere_K2Node_ComponentBoundEvent_3_ComponentEndOverlapSignature__DelegateSignature",
    "Class": "UScriptClass'ObjectProperty'",
    "PropertyFlags": "BlueprintVisible | BlueprintReadOnly | Parm | InstancedReference",
    "PropertyClass": {
      "ObjectName": "Class'PrimitiveComponent'",
      "ObjectPath": "/Script/Engine"
    }
  },
  {
    "Type": "Function",
    "Name": "BndEvt__OverlapSphere_K2Node_ComponentBoundEvent_3_ComponentEndOverlapSignature__DelegateSignature",
    "Outer": "Apollo_BigBush_C",
    "Class": "UScriptClass'Function'",
    "Children": [
      {
        "ObjectName": "ObjectProperty'Apollo_BigBush_C:BndEvt__OverlapSphere_K2Node_ComponentBoundEvent_3_ComponentEndOverlapSignature__DelegateSignature.OverlappedComponent'",
        "ObjectPath": "FortniteGame/Content/Athena/Apollo/Environments/BuildingActors/Foliage/Apollo_BigBush.6"
      },
      {
        "ObjectName": "ObjectProperty'Apollo_BigBush_C:BndEvt__OverlapSphere_K2Node_ComponentBoundEvent_3_ComponentEndOverlapSignature__DelegateSignature.OtherActor'",
        "ObjectPath": "FortniteGame/Content/Athena/Apollo/Environments/BuildingActors/Foliage/Apollo_BigBush.45"
      },
      {
        "ObjectName": "ObjectProperty'Apollo_BigBush_C:BndEvt__OverlapSphere_K2Node_ComponentBoundEvent_3_ComponentEndOverlapSignature__DelegateSignature.OtherComp'",
        "ObjectPath": "FortniteGame/Content/Athena/Apollo/Environments/BuildingActors/Foliage/Apollo_BigBush.46"
      },
      {
        "ObjectName": "IntProperty'Apollo_BigBush_C:BndEvt__OverlapSphere_K2Node_ComponentBoundEvent_3_ComponentEndOverlapSignature__DelegateSignature.OtherBodyIndex'",
        "ObjectPath": "FortniteGame/Content/Athena/Apollo/Environments/BuildingActors/Foliage/Apollo_BigBush.39"
      }
    ],
    "FunctionFlags": "FUNC_None"
  },
  {
    "Type": "ObjectProperty",
    "Name": "OverlappedComponent",
    "Outer": "BndEvt__OverlapSphere_K2Node_ComponentBoundEvent_0_ComponentBeginOverlapSignature__DelegateSignature",
    "Class": "UScriptClass'ObjectProperty'",
    "PropertyFlags": "BlueprintVisible | BlueprintReadOnly | Parm | InstancedReference",
    "PropertyClass": {
      "ObjectName": "Class'PrimitiveComponent'",
      "ObjectPath": "/Script/Engine"
    }
  },
  {
    "Type": "Function",
    "Name": "BndEvt__OverlapSphere_K2Node_ComponentBoundEvent_0_ComponentBeginOverlapSignature__DelegateSignature",
    "Outer": "Apollo_BigBush_C",
    "Class": "UScriptClass'Function'",
    "Children": [
      {
        "ObjectName": "ObjectProperty'Apollo_BigBush_C:BndEvt__OverlapSphere_K2Node_ComponentBoundEvent_0_ComponentBeginOverlapSignature__DelegateSignature.OverlappedComponent'",
        "ObjectPath": "FortniteGame/Content/Athena/Apollo/Environments/BuildingActors/Foliage/Apollo_BigBush.8"
      },
      {
        "ObjectName": "ObjectProperty'Apollo_BigBush_C:BndEvt__OverlapSphere_K2Node_ComponentBoundEvent_0_ComponentBeginOverlapSignature__DelegateSignature.OtherActor'",
        "ObjectPath": "FortniteGame/Content/Athena/Apollo/Environments/BuildingActors/Foliage/Apollo_BigBush.43"
      },
      {
        "ObjectName": "ObjectProperty'Apollo_BigBush_C:BndEvt__OverlapSphere_K2Node_ComponentBoundEvent_0_ComponentBeginOverlapSignature__DelegateSignature.OtherComp'",
        "ObjectPath": "FortniteGame/Content/Athena/Apollo/Environments/BuildingActors/Foliage/Apollo_BigBush.44"
      },
      {
        "ObjectName": "IntProperty'Apollo_BigBush_C:BndEvt__OverlapSphere_K2Node_ComponentBoundEvent_0_ComponentBeginOverlapSignature__DelegateSignature.OtherBodyIndex'",
        "ObjectPath": "FortniteGame/Content/Athena/Apollo/Environments/BuildingActors/Foliage/Apollo_BigBush.38"
      },
      {
        "ObjectName": "BoolProperty'Apollo_BigBush_C:BndEvt__OverlapSphere_K2Node_ComponentBoundEvent_0_ComponentBeginOverlapSignature__DelegateSignature.bFromSweep'",
        "ObjectPath": "FortniteGame/Content/Athena/Apollo/Environments/BuildingActors/Foliage/Apollo_BigBush.10"
      },
      {
        "ObjectName": "StructProperty'Apollo_BigBush_C:BndEvt__OverlapSphere_K2Node_ComponentBoundEvent_0_ComponentBeginOverlapSignature__DelegateSignature.SweepResult'",
        "ObjectPath": "FortniteGame/Content/Athena/Apollo/Environments/BuildingActors/Foliage/Apollo_BigBush.69"
      }
    ],
    "FunctionFlags": "FUNC_None"
  },
  {
    "Type": "BoolProperty",
    "Name": "bFromSweep",
    "Outer": "BndEvt__OverlapSphere_K2Node_ComponentBoundEvent_0_ComponentBeginOverlapSignature__DelegateSignature",
    "Class": "UScriptClass'BoolProperty'",
    "PropertyFlags": "BlueprintVisible | BlueprintReadOnly | Parm",
    "BoolSize": 1,
    "bIsNativeBool": true
  },
  {
    "Type": "BoolProperty",
    "Name": "CallFunc_Conv_IntToBool_ReturnValue",
    "Outer": "ExecuteUbergraph_Apollo_BigBush",
    "Class": "UScriptClass'BoolProperty'",
    "BoolSize": 1,
    "bIsNativeBool": true
  },
  {
    "Type": "BoolProperty",
    "Name": "CallFunc_Greater_FloatFloat_ReturnValue",
    "Outer": "ExecuteUbergraph_Apollo_BigBush",
    "Class": "UScriptClass'BoolProperty'",
    "BoolSize": 1,
    "bIsNativeBool": true
  },
  {
    "Type": "BoolProperty",
    "Name": "CallFunc_IsDedicatedServer_ReturnValue",
    "Outer": "ExecuteUbergraph_Apollo_BigBush",
    "Class": "UScriptClass'BoolProperty'",
    "BoolSize": 1,
    "bIsNativeBool": true
  },
  {
    "Type": "BoolProperty",
    "Name": "CallFunc_IsServer_ReturnValue",
    "Outer": "ExecuteUbergraph_Apollo_BigBush",
    "Class": "UScriptClass'BoolProperty'",
    "BoolSize": 1,
    "bIsNativeBool": true
  },
  {
    "Type": "BoolProperty",
    "Name": "CallFunc_IsValid_ReturnValue",
    "Outer": "ExecuteUbergraph_Apollo_BigBush",
    "Class": "UScriptClass'BoolProperty'",
    "BoolSize": 1,
    "bIsNativeBool": true
  },
  {
    "Type": "BoolProperty",
    "Name": "K2Node_ComponentBoundEvent_bFromSweep",
    "Outer": "ExecuteUbergraph_Apollo_BigBush",
    "Class": "UScriptClass'BoolProperty'",
    "BoolSize": 1,
    "bIsNativeBool": true
  },
  {
    "Type": "BoolProperty",
    "Name": "K2Node_DynamicCast_bSuccess",
    "Outer": "ExecuteUbergraph_Apollo_BigBush",
    "Class": "UScriptClass'BoolProperty'",
    "BoolSize": 1,
    "bIsNativeBool": true
  },
  {
    "Type": "BoolProperty",
    "Name": "K2Node_DynamicCast_bSuccess_1",
    "Outer": "ExecuteUbergraph_Apollo_BigBush",
    "Class": "UScriptClass'BoolProperty'",
    "BoolSize": 1,
    "bIsNativeBool": true
  },
  {
    "Type": "BoolProperty",
    "Name": "K2Node_DynamicCast_bSuccess_2",
    "Outer": "ExecuteUbergraph_Apollo_BigBush",
    "Class": "UScriptClass'BoolProperty'",
    "BoolSize": 1,
    "bIsNativeBool": true
  },
  {
    "Type": "BoolProperty",
    "Name": "K2Node_DynamicCast_bSuccess_3",
    "Outer": "ExecuteUbergraph_Apollo_BigBush",
    "Class": "UScriptClass'BoolProperty'",
    "BoolSize": 1,
    "bIsNativeBool": true
  },
  {
    "Type": "BoolProperty",
    "Name": "K2Node_SwitchEnum_CmpSuccess",
    "Outer": "ExecuteUbergraph_Apollo_BigBush",
    "Class": "UScriptClass'BoolProperty'",
    "BoolSize": 1,
    "bIsNativeBool": true
  },
  {
    "Type": "BoolProperty",
    "Name": "Temp_bool_Variable",
    "Outer": "ExecuteUbergraph_Apollo_BigBush",
    "Class": "UScriptClass'BoolProperty'",
    "BoolSize": 1,
    "bIsNativeBool": true
  },
  {
    "Type": "BoolProperty",
    "Name": "ShouldWobble",
    "Outer": "Apollo_BigBush_C",
    "Class": "UScriptClass'BoolProperty'",
    "PropertyFlags": "Edit | BlueprintVisible | DisableEditOnInstance",
    "BoolSize": 1,
    "bIsNativeBool": true
  },
  {
    "Type": "ByteProperty",
    "Name": "CallFunc_EvaluateCurveTableRow_OutResult",
    "Outer": "ExecuteUbergraph_Apollo_BigBush",
    "Class": "UScriptClass'ByteProperty'",
    "Enum": {
      "ObjectName": "Enum'EEvaluateCurveTableResult'",
      "ObjectPath": "/Script/Engine"
    }
  },
  {
    "Type": "ClassProperty",
    "Name": "GE_Cornfield_GC",
    "Outer": "Apollo_BigBush_C",
    "Class": "UScriptClass'ClassProperty'",
    "PropertyFlags": "Edit | BlueprintVisible | DisableEditOnInstance",
    "PropertyClass": {
      "ObjectName": "Class'Class'",
      "ObjectPath": "/Script/CoreUObject"
    },
    "MetaClass": {
      "ObjectName": "Class'GameplayEffect'",
      "ObjectPath": "/Script/GameplayAbilities"
    }
  },
  {
    "Type": "ComponentDelegateBinding",
    "Name": "ComponentDelegateBinding_0",
    "Outer": "Apollo_BigBush_C",
    "Class": "UScriptClass'ComponentDelegateBinding'",
    "Properties": {
      "ComponentDelegateBindings": [
        {
          "ComponentPropertyName": "OverlapSphere",
          "DelegatePropertyName": "OnComponentEndOverlap",
          "FunctionNameToBind": "BndEvt__OverlapSphere_K2Node_ComponentBoundEvent_3_ComponentEndOverlapSignature__DelegateSignature"
        },
        {
          "ComponentPropertyName": "OverlapSphere",
          "DelegatePropertyName": "OnComponentBeginOverlap",
          "FunctionNameToBind": "BndEvt__OverlapSphere_K2Node_ComponentBoundEvent_0_ComponentBeginOverlapSignature__DelegateSignature"
        }
      ]
    }
  },
  {
    "Type": "FloatProperty",
    "Name": "CallFunc_EvaluateCurveTableRow_OutXY",
    "Outer": "ExecuteUbergraph_Apollo_BigBush",
    "Class": "UScriptClass'FloatProperty'"
  },
  {
    "Type": "FloatProperty",
    "Name": "CallFunc_GetTimeSeconds_ReturnValue",
    "Outer": "ExecuteUbergraph_Apollo_BigBush",
    "Class": "UScriptClass'FloatProperty'"
  },
  {
    "Type": "FloatProperty",
    "Name": "CallFunc_VSize_ReturnValue",
    "Outer": "ExecuteUbergraph_Apollo_BigBush",
    "Class": "UScriptClass'FloatProperty'"
  },
  {
    "Type": "FloatProperty",
    "Name": "K2Node_Select_Default",
    "Outer": "ExecuteUbergraph_Apollo_BigBush",
    "Class": "UScriptClass'FloatProperty'",
    "PropertyFlags": "ConstParm"
  },
  {
    "Type": "FloatProperty",
    "Name": "Temp_float_Variable",
    "Outer": "ExecuteUbergraph_Apollo_BigBush",
    "Class": "UScriptClass'FloatProperty'",
    "PropertyFlags": "ConstParm"
  },
  {
    "Type": "FloatProperty",
    "Name": "Temp_float_Variable_1",
    "Outer": "ExecuteUbergraph_Apollo_BigBush",
    "Class": "UScriptClass'FloatProperty'",
    "PropertyFlags": "ConstParm"
  },
  {
    "Type": "ObjectProperty",
    "Name": "K2Node_CustomEvent_player",
    "Outer": "ExecuteUbergraph_Apollo_BigBush",
    "Class": "UScriptClass'ObjectProperty'",
    "PropertyClass": {
      "ObjectName": "Class'Actor'",
      "ObjectPath": "/Script/Engine"
    }
  },
  {
    "Type": "ObjectProperty",
    "Name": "player",
    "Outer": "MaterialWobble",
    "Class": "UScriptClass'ObjectProperty'",
    "PropertyFlags": "BlueprintVisible | BlueprintReadOnly | Parm",
    "PropertyClass": {
      "ObjectName": "Class'Actor'",
      "ObjectPath": "/Script/Engine"
    }
  },
  {
    "Type": "Function",
    "Name": "MaterialWobble",
    "Outer": "Apollo_BigBush_C",
    "Class": "UScriptClass'Function'",
    "Children": [
      {
        "ObjectName": "ObjectProperty'Apollo_BigBush_C:MaterialWobble.player'",
        "ObjectPath": "FortniteGame/Content/Athena/Apollo/Environments/BuildingActors/Foliage/Apollo_BigBush.34"
      }
    ],
    "FunctionFlags": "FUNC_None"
  },
  {
    "Type": "Function",
    "Name": "ReceiveBeginPlay",
    "Outer": "Apollo_BigBush_C",
    "Class": "UScriptClass'Function'",
    "SuperStruct": {
      "ObjectName": "Function'Actor:ReceiveBeginPlay'",
      "ObjectPath": "/Script/Engine"
    },
    "FunctionFlags": "FUNC_None"
  },
  {
    "Type": "InterfaceProperty",
    "Name": "K2Node_DynamicCast_AsFort_Vehicle_Interface",
    "Outer": "ExecuteUbergraph_Apollo_BigBush",
    "Class": "UScriptClass'InterfaceProperty'",
    "InterfaceClass": {
      "ObjectName": "Class'FortVehicleInterface'",
      "ObjectPath": "/Script/FortniteGame"
    }
  },
  {
    "Type": "IntProperty",
    "Name": "OtherBodyIndex",
    "Outer": "BndEvt__OverlapSphere_K2Node_ComponentBoundEvent_0_ComponentBeginOverlapSignature__DelegateSignature",
    "Class": "UScriptClass'IntProperty'",
    "PropertyFlags": "BlueprintVisible | BlueprintReadOnly | Parm"
  },
  {
    "Type": "IntProperty",
    "Name": "OtherBodyIndex",
    "Outer": "BndEvt__OverlapSphere_K2Node_ComponentBoundEvent_3_ComponentEndOverlapSignature__DelegateSignature",
    "Class": "UScriptClass'IntProperty'",
    "PropertyFlags": "BlueprintVisible | BlueprintReadOnly | Parm"
  },
  {
    "Type": "IntProperty",
    "Name": "CallFunc_FTrunc_ReturnValue",
    "Outer": "ExecuteUbergraph_Apollo_BigBush",
    "Class": "UScriptClass'IntProperty'"
  },
  {
    "Type": "IntProperty",
    "Name": "K2Node_ComponentBoundEvent_OtherBodyIndex",
    "Outer": "ExecuteUbergraph_Apollo_BigBush",
    "Class": "UScriptClass'IntProperty'"
  },
  {
    "Type": "IntProperty",
    "Name": "K2Node_ComponentBoundEvent_OtherBodyIndex_1",
    "Outer": "ExecuteUbergraph_Apollo_BigBush",
    "Class": "UScriptClass'IntProperty'"
  },
  {
    "Type": "ObjectProperty",
    "Name": "OtherActor",
    "Outer": "BndEvt__OverlapSphere_K2Node_ComponentBoundEvent_0_ComponentBeginOverlapSignature__DelegateSignature",
    "Class": "UScriptClass'ObjectProperty'",
    "PropertyFlags": "BlueprintVisible | BlueprintReadOnly | Parm",
    "PropertyClass": {
      "ObjectName": "Class'Actor'",
      "ObjectPath": "/Script/Engine"
    }
  },
  {
    "Type": "ObjectProperty",
    "Name": "OtherComp",
    "Outer": "BndEvt__OverlapSphere_K2Node_ComponentBoundEvent_0_ComponentBeginOverlapSignature__DelegateSignature",
    "Class": "UScriptClass'ObjectProperty'",
    "PropertyFlags": "BlueprintVisible | BlueprintReadOnly | Parm | InstancedReference",
    "PropertyClass": {
      "ObjectName": "Class'PrimitiveComponent'",
      "ObjectPath": "/Script/Engine"
    }
  },
  {
    "Type": "ObjectProperty",
    "Name": "OtherActor",
    "Outer": "BndEvt__OverlapSphere_K2Node_ComponentBoundEvent_3_ComponentEndOverlapSignature__DelegateSignature",
    "Class": "UScriptClass'ObjectProperty'",
    "PropertyFlags": "BlueprintVisible | BlueprintReadOnly | Parm",
    "PropertyClass": {
      "ObjectName": "Class'Actor'",
      "ObjectPath": "/Script/Engine"
    }
  },
  {
    "Type": "ObjectProperty",
    "Name": "OtherComp",
    "Outer": "BndEvt__OverlapSphere_K2Node_ComponentBoundEvent_3_ComponentEndOverlapSignature__DelegateSignature",
    "Class": "UScriptClass'ObjectProperty'",
    "PropertyFlags": "BlueprintVisible | BlueprintReadOnly | Parm | InstancedReference",
    "PropertyClass": {
      "ObjectName": "Class'PrimitiveComponent'",
      "ObjectPath": "/Script/Engine"
    }
  },
  {
    "Type": "ObjectProperty",
    "Name": "CallFunc_CreateDynamicMaterialInstance_ReturnValue",
    "Outer": "ExecuteUbergraph_Apollo_BigBush",
    "Class": "UScriptClass'ObjectProperty'",
    "PropertyClass": {
      "ObjectName": "Class'MaterialInstanceDynamic'",
      "ObjectPath": "/Script/Engine"
    }
  },
  {
    "Type": "ObjectProperty",
    "Name": "CallFunc_GetAbilitySystemComponent_ReturnValue",
    "Outer": "ExecuteUbergraph_Apollo_BigBush",
    "Class": "UScriptClass'ObjectProperty'",
    "PropertyFlags": "InstancedReference",
    "PropertyClass": {
      "ObjectName": "Class'AbilitySystemComponent'",
      "ObjectPath": "/Script/GameplayAbilities"
    }
  },
  {
    "Type": "ObjectProperty",
    "Name": "CallFunc_GetAbilitySystemComponent_ReturnValue_1",
    "Outer": "ExecuteUbergraph_Apollo_BigBush",
    "Class": "UScriptClass'ObjectProperty'",
    "PropertyFlags": "InstancedReference",
    "PropertyClass": {
      "ObjectName": "Class'AbilitySystemComponent'",
      "ObjectPath": "/Script/GameplayAbilities"
    }
  },
  {
    "Type": "ObjectProperty",
    "Name": "K2Node_ComponentBoundEvent_OtherActor",
    "Outer": "ExecuteUbergraph_Apollo_BigBush",
    "Class": "UScriptClass'ObjectProperty'",
    "PropertyClass": {
      "ObjectName": "Class'Actor'",
      "ObjectPath": "/Script/Engine"
    }
  },
  {
    "Type": "ObjectProperty",
    "Name": "K2Node_ComponentBoundEvent_OtherActor_1",
    "Outer": "ExecuteUbergraph_Apollo_BigBush",
    "Class": "UScriptClass'ObjectProperty'",
    "PropertyClass": {
      "ObjectName": "Class'Actor'",
      "ObjectPath": "/Script/Engine"
    }
  },
  {
    "Type": "ObjectProperty",
    "Name": "K2Node_ComponentBoundEvent_OtherComp",
    "Outer": "ExecuteUbergraph_Apollo_BigBush",
    "Class": "UScriptClass'ObjectProperty'",
    "PropertyFlags": "InstancedReference",
    "PropertyClass": {
      "ObjectName": "Class'PrimitiveComponent'",
      "ObjectPath": "/Script/Engine"
    }
  },
  {
    "Type": "ObjectProperty",
    "Name": "K2Node_ComponentBoundEvent_OtherComp_1",
    "Outer": "ExecuteUbergraph_Apollo_BigBush",
    "Class": "UScriptClass'ObjectProperty'",
    "PropertyFlags": "InstancedReference",
    "PropertyClass": {
      "ObjectName": "Class'PrimitiveComponent'",
      "ObjectPath": "/Script/Engine"
    }
  },
  {
    "Type": "ObjectProperty",
    "Name": "K2Node_ComponentBoundEvent_OverlappedComponent",
    "Outer": "ExecuteUbergraph_Apollo_BigBush",
    "Class": "UScriptClass'ObjectProperty'",
    "PropertyFlags": "InstancedReference",
    "PropertyClass": {
      "ObjectName": "Class'PrimitiveComponent'",
      "ObjectPath": "/Script/Engine"
    }
  },
  {
    "Type": "ObjectProperty",
    "Name": "K2Node_ComponentBoundEvent_OverlappedComponent_1",
    "Outer": "ExecuteUbergraph_Apollo_BigBush",
    "Class": "UScriptClass'ObjectProperty'",
    "PropertyFlags": "InstancedReference",
    "PropertyClass": {
      "ObjectName": "Class'PrimitiveComponent'",
      "ObjectPath": "/Script/Engine"
    }
  },
  {
    "Type": "ObjectProperty",
    "Name": "K2Node_DynamicCast_AsPlayer_Pawn_Athena",
    "Outer": "ExecuteUbergraph_Apollo_BigBush",
    "Class": "UScriptClass'ObjectProperty'",
    "PropertyClass": {
      "ObjectName": "BlueprintGeneratedClass'PlayerPawn_Athena_C'",
      "ObjectPath": "FortniteGame/Content/Athena/PlayerPawn_Athena.1"
    }
  },
  {
    "Type": "ObjectProperty",
    "Name": "K2Node_DynamicCast_AsPlayer_Pawn_Athena_1",
    "Outer": "ExecuteUbergraph_Apollo_BigBush",
    "Class": "UScriptClass'ObjectProperty'",
    "PropertyClass": {
      "ObjectName": "BlueprintGeneratedClass'PlayerPawn_Athena_C'",
      "ObjectPath": "FortniteGame/Content/Athena/PlayerPawn_Athena.1"
    }
  },
  {
    "Type": "ObjectProperty",
    "Name": "K2Node_DynamicCast_AsPlayer_Pawn_Athena_2",
    "Outer": "ExecuteUbergraph_Apollo_BigBush",
    "Class": "UScriptClass'ObjectProperty'",
    "PropertyClass": {
      "ObjectName": "BlueprintGeneratedClass'PlayerPawn_Athena_C'",
      "ObjectPath": "FortniteGame/Content/Athena/PlayerPawn_Athena.1"
    }
  },
  {
    "Type": "ObjectProperty",
    "Name": "MID",
    "Outer": "Apollo_BigBush_C",
    "Class": "UScriptClass'ObjectProperty'",
    "PropertyFlags": "Edit | BlueprintVisible | DisableEditOnInstance",
    "PropertyClass": {
      "ObjectName": "Class'MaterialInstanceDynamic'",
      "ObjectPath": "/Script/Engine"
    }
  },
  {
    "Type": "ObjectProperty",
    "Name": "P_Hay_Destruction_CornField",
    "Outer": "Apollo_BigBush_C",
    "Class": "UScriptClass'ObjectProperty'",
    "PropertyFlags": "BlueprintVisible | InstancedReference | NonTransactional",
    "PropertyClass": {
      "ObjectName": "Class'ParticleSystemComponent'",
      "ObjectPath": "/Script/Engine"
    }
  },
  {
    "Type": "ParticleSystemComponent",
    "Name": "P_Hay_Destruction_CornField_GEN_VARIABLE",
    "Outer": "Apollo_BigBush_C",
    "Class": "UScriptClass'ParticleSystemComponent'",
    "Properties": {
      "Template": {
        "ObjectName": "ParticleSystem'P_Hay_Destruction_CornField'",
        "ObjectPath": "FortniteGame/Content/Effects/Fort_Effects/World/Destruction/Halloween/P_Hay_Destruction_CornField.186"
      },
      "PrimaryComponentTick": {
        "bStartWithTickEnabled": false
      }
    }
  },
  {
    "Type": "SceneComponent",
    "Name": "SceneComponent_452",
    "Outer": "Apollo_BigBush_C",
    "Class": "UScriptClass'SceneComponent'"
  },
  {
    "Type": "SCS_Node",
    "Name": "SCS_Node_1",
    "Outer": "SimpleConstructionScript_393",
    "Class": "UScriptClass'SCS_Node'",
    "Properties": {
      "ComponentClass": {
        "ObjectName": "Class'ParticleSystemComponent'",
        "ObjectPath": "/Script/Engine"
      },
      "ComponentTemplate": {
        "ObjectName": "ParticleSystemComponent'Apollo_BigBush_C:P_Hay_Destruction_CornField_GEN_VARIABLE'",
        "ObjectPath": "FortniteGame/Content/Athena/Apollo/Environments/BuildingActors/Foliage/Apollo_BigBush.61"
      },
      "CookedComponentInstancingData": {
        "bHasValidCookedData": true,
        "ChangedPropertyList": [
          {
            "PropertyName": "Template",
            "ArrayIndex": 0,
            "PropertyScope": {
              "ObjectName": "Class'ParticleSystemComponent'",
              "ObjectPath": "/Script/Engine"
            }
          },
          {
            "PropertyName": "PrimaryComponentTick",
            "ArrayIndex": 0,
            "PropertyScope": {
              "ObjectName": "Class'ParticleSystemComponent'",
              "ObjectPath": "/Script/Engine"
            }
          },
          {
            "PropertyName": "bStartWithTickEnabled",
            "ArrayIndex": 0,
            "PropertyScope": {
              "ObjectName": "ScriptStruct'ActorComponentTickFunction'",
              "ObjectPath": "/Script/Engine"
            }
          }
        ]
      },
      "ParentComponentOrVariableName": "StaticMeshComponent0",
      "bIsParentComponentNative": true,
      "VariableGuid": "58BBA9AB-49DDD09F-9CB06397-458E2E41",
      "InternalVariableName": "P_Hay_Destruction_CornField"
    }
  },
  {
    "Type": "SCS_Node",
    "Name": "SCS_Node_2",
    "Outer": "SimpleConstructionScript_393",
    "Class": "UScriptClass'SCS_Node'",
    "Properties": {
      "ComponentClass": {
        "ObjectName": "Class'SphereComponent'",
        "ObjectPath": "/Script/Engine"
      },
      "ComponentTemplate": {
        "ObjectName": "SphereComponent'Apollo_BigBush_C:OverlapSphere_GEN_VARIABLE'",
        "ObjectPath": "FortniteGame/Content/Athena/Apollo/Environments/BuildingActors/Foliage/Apollo_BigBush.67"
      },
      "CookedComponentInstancingData": {
        "bHasValidCookedData": true,
        "ChangedPropertyList": [
          {
            "PropertyName": "SphereRadius",
            "ArrayIndex": 0,
            "PropertyScope": {
              "ObjectName": "Class'SphereComponent'",
              "ObjectPath": "/Script/Engine"
            }
          },
          {
            "PropertyName": "AreaClass",
            "ArrayIndex": 0,
            "PropertyScope": {
              "ObjectName": "Class'SphereComponent'",
              "ObjectPath": "/Script/Engine"
            }
          },
          {
            "PropertyName": "bGenerateOverlapEvents",
            "ArrayIndex": 0,
            "PropertyScope": {
              "ObjectName": "Class'SphereComponent'",
              "ObjectPath": "/Script/Engine"
            }
          },
          {
            "PropertyName": "BodyInstance",
            "ArrayIndex": 0,
            "PropertyScope": {
              "ObjectName": "Class'SphereComponent'",
              "ObjectPath": "/Script/Engine"
            }
          },
          {
            "PropertyName": "CollisionProfileName",
            "ArrayIndex": 0,
            "PropertyScope": {
              "ObjectName": "ScriptStruct'BodyInstance'",
              "ObjectPath": "/Script/Engine"
            }
          },
          {
            "PropertyName": "CollisionResponses",
            "ArrayIndex": 0,
            "PropertyScope": {
              "ObjectName": "ScriptStruct'BodyInstance'",
              "ObjectPath": "/Script/Engine"
            }
          },
          {
            "PropertyName": "ResponseArray",
            "ArrayIndex": 0,
            "PropertyScope": {
              "ObjectName": "ScriptStruct'CollisionResponse'",
              "ObjectPath": "/Script/Engine"
            }
          },
          {
            "PropertyName": "ResponseArray",
            "ArrayIndex": 0,
            "PropertyScope": {
              "ObjectName": "ScriptStruct'CollisionResponse'",
              "ObjectPath": "/Script/Engine"
            }
          },
          {
            "PropertyName": "Response",
            "ArrayIndex": 0,
            "PropertyScope": {
              "ObjectName": "ScriptStruct'ResponseChannel'",
              "ObjectPath": "/Script/Engine"
            }
          },
          {
            "PropertyName": "ResponseArray",
            "ArrayIndex": 1,
            "PropertyScope": {
              "ObjectName": "ScriptStruct'CollisionResponse'",
              "ObjectPath": "/Script/Engine"
            }
          },
          {
            "PropertyName": "Response",
            "ArrayIndex": 0,
            "PropertyScope": {
              "ObjectName": "ScriptStruct'ResponseChannel'",
              "ObjectPath": "/Script/Engine"
            }
          },
          {
            "PropertyName": "ResponseArray",
            "ArrayIndex": 3,
            "PropertyScope": {
              "ObjectName": "ScriptStruct'CollisionResponse'",
              "ObjectPath": "/Script/Engine"
            }
          },
          {
            "PropertyName": "Response",
            "ArrayIndex": 0,
            "PropertyScope": {
              "ObjectName": "ScriptStruct'ResponseChannel'",
              "ObjectPath": "/Script/Engine"
            }
          },
          {
            "PropertyName": "ResponseArray",
            "ArrayIndex": 4,
            "PropertyScope": {
              "ObjectName": "ScriptStruct'CollisionResponse'",
              "ObjectPath": "/Script/Engine"
            }
          },
          {
            "PropertyName": "Response",
            "ArrayIndex": 0,
            "PropertyScope": {
              "ObjectName": "ScriptStruct'ResponseChannel'",
              "ObjectPath": "/Script/Engine"
            }
          },
          {
            "PropertyName": "ResponseArray",
            "ArrayIndex": 5,
            "PropertyScope": {
              "ObjectName": "ScriptStruct'CollisionResponse'",
              "ObjectPath": "/Script/Engine"
            }
          },
          {
            "PropertyName": "Response",
            "ArrayIndex": 0,
            "PropertyScope": {
              "ObjectName": "ScriptStruct'ResponseChannel'",
              "ObjectPath": "/Script/Engine"
            }
          },
          {
            "PropertyName": "ResponseArray",
            "ArrayIndex": 7,
            "PropertyScope": {
              "ObjectName": "ScriptStruct'CollisionResponse'",
              "ObjectPath": "/Script/Engine"
            }
          },
          {
            "PropertyName": "Response",
            "ArrayIndex": 0,
            "PropertyScope": {
              "ObjectName": "ScriptStruct'ResponseChannel'",
              "ObjectPath": "/Script/Engine"
            }
          },
          {
            "PropertyName": "ResponseArray",
            "ArrayIndex": 8,
            "PropertyScope": {
              "ObjectName": "ScriptStruct'CollisionResponse'",
              "ObjectPath": "/Script/Engine"
            }
          },
          {
            "PropertyName": "Channel",
            "ArrayIndex": 0,
            "PropertyScope": {
              "ObjectName": "ScriptStruct'ResponseChannel'",
              "ObjectPath": "/Script/Engine"
            }
          },
          {
            "PropertyName": "Response",
            "ArrayIndex": 0,
            "PropertyScope": {
              "ObjectName": "ScriptStruct'ResponseChannel'",
              "ObjectPath": "/Script/Engine"
            }
          },
          {
            "PropertyName": "RelativeLocation",
            "ArrayIndex": 0,
            "PropertyScope": {
              "ObjectName": "Class'SphereComponent'",
              "ObjectPath": "/Script/Engine"
            }
          },
          {
            "PropertyName": "Z",
            "ArrayIndex": 0,
            "PropertyScope": {
              "ObjectName": "ScriptStruct'Vector'",
              "ObjectPath": "/Script/CoreUObject"
            }
          }
        ]
      },
      "ParentComponentOrVariableName": "StaticMeshComponent0",
      "bIsParentComponentNative": true,
      "VariableGuid": "BFE2176B-4D5BB328-AF7B98BD-E0AA0776",
      "InternalVariableName": "OverlapSphere"
    }
  },
  {
    "Type": "SCS_Node",
    "Name": "SCS_Node_455",
    "Outer": "SimpleConstructionScript_393",
    "Class": "UScriptClass'SCS_Node'",
    "Properties": {
      "ComponentClass": {
        "ObjectName": "Class'SceneComponent'",
        "ObjectPath": "/Script/Engine"
      },
      "ComponentTemplate": {
        "ObjectName": "SceneComponent'Apollo_BigBush_C:SceneComponent_452'",
        "ObjectPath": "FortniteGame/Content/Athena/Apollo/Environments/BuildingActors/Foliage/Apollo_BigBush.62"
      },
      "VariableGuid": "56BC9799-C494E6E6-321D4295-7D5EB316",
      "InternalVariableName": "DefaultSceneRoot"
    }
  },
  {
    "Type": "SimpleConstructionScript",
    "Name": "SimpleConstructionScript_393",
    "Outer": "Apollo_BigBush_C",
    "Class": "UScriptClass'SimpleConstructionScript'",
    "Properties": {
      "RootNodes": [
        {
          "ObjectName": "SCS_Node'Apollo_BigBush_C:SimpleConstructionScript_393.SCS_Node_1'",
          "ObjectPath": "FortniteGame/Content/Athena/Apollo/Environments/BuildingActors/Foliage/Apollo_BigBush.63"
        },
        {
          "ObjectName": "SCS_Node'Apollo_BigBush_C:SimpleConstructionScript_393.SCS_Node_2'",
          "ObjectPath": "FortniteGame/Content/Athena/Apollo/Environments/BuildingActors/Foliage/Apollo_BigBush.64"
        }
      ],
      "AllNodes": [
        {
          "ObjectName": "SCS_Node'Apollo_BigBush_C:SimpleConstructionScript_393.SCS_Node_1'",
          "ObjectPath": "FortniteGame/Content/Athena/Apollo/Environments/BuildingActors/Foliage/Apollo_BigBush.63"
        },
        {
          "ObjectName": "SCS_Node'Apollo_BigBush_C:SimpleConstructionScript_393.SCS_Node_2'",
          "ObjectPath": "FortniteGame/Content/Athena/Apollo/Environments/BuildingActors/Foliage/Apollo_BigBush.64"
        }
      ],
      "DefaultSceneRootNode": {
        "ObjectName": "SCS_Node'Apollo_BigBush_C:SimpleConstructionScript_393.SCS_Node_455'",
        "ObjectPath": "FortniteGame/Content/Athena/Apollo/Environments/BuildingActors/Foliage/Apollo_BigBush.65"
      }
    }
  },
  {
    "Type": "SphereComponent",
    "Name": "OverlapSphere_GEN_VARIABLE",
    "Outer": "Apollo_BigBush_C",
    "Class": "UScriptClass'SphereComponent'",
    "Properties": {
      "SphereRadius": 448.0,
      "AreaClass": {
        "ObjectName": "Class'FortMetaNavArea_Obstacles'",
        "ObjectPath": "/Script/FortniteGame"
      },
      "bGenerateOverlapEvents": false,
      "BodyInstance": {
        "CollisionProfileName": "Custom",
        "CollisionResponses": {
          "ResponseArray": [
            {
              "Channel": "WorldStatic",
              "Response": "ECR_Ignore"
            },
            {
              "Channel": "WorldDynamic",
              "Response": "ECR_Ignore"
            },
            {
              "Channel": "Pawn",
              "Response": "ECR_Overlap"
            },
            {
              "Channel": "Visibility",
              "Response": "ECR_Ignore"
            },
            {
              "Channel": "Camera",
              "Response": "ECR_Ignore"
            },
            {
              "Channel": "PhysicsBody",
              "Response": "ECR_Ignore"
            },
            {
              "Channel": "Vehicle",
              "Response": "ECR_Overlap"
            },
            {
              "Channel": "Destructible",
              "Response": "ECR_Ignore"
            },
            {
              "Channel": "FCC_Trace_WeaponWorldMulti",
              "Response": "ECR_Ignore"
            }
          ]
        }
      },
      "RelativeLocation": {
        "X": 0.0,
        "Y": 0.0,
        "Z": 64.0
      }
    }
  },
  {
    "Type": "StaticMeshComponent",
    "Name": "StaticMeshComponent0",
    "Outer": "Default__Apollo_BigBush_C",
    "Class": "UScriptClass'StaticMeshComponent'",
    "Properties": {
      "StaticMesh": {
        "ObjectName": "StaticMesh'BigBush'",
        "ObjectPath": "FortniteGame/Content/Environments/Apollo/Foliage/BigBush/Meshes/BigBush.1"
      },
      "bAllowCullDistanceVolume": false,
      "CanCharacterStepUpOn": "ECB_Yes",
      "BodyInstance": {
        "bAutoWeld": false,
        "CollisionProfileName": "Custom",
        "CollisionResponses": {
          "ResponseArray": [
            {
              "Channel": "FCC_Trace_Interaction",
              "Response": "ECR_Overlap"
            },
            {
              "Channel": "FCC_Trace_WeakSpot",
              "Response": "ECR_Overlap"
            },
            {
              "Channel": "FCC_Trace_WeaponCapsule",
              "Response": "ECR_Block"
            },
            {
              "Channel": "FCC_Object_PawnAI",
              "Response": "ECR_Block"
            },
            {
              "Channel": "FCC_Trace_WeaponPawnAndWorldMulti",
              "Response": "ECR_Block"
            },
            {
              "Channel": "Camera",
              "Response": "ECR_Ignore"
            },
            {
              "Channel": "Pawn",
              "Response": "ECR_Ignore"
            },
            {
              "Channel": "Vehicle",
              "Response": "ECR_Ignore"
            },
            {
              "Channel": "PhysicsBody",
              "Response": "ECR_Ignore"
            },
            {
              "Channel": "WorldStatic",
              "Response": "ECR_Ignore"
            },
            {
              "Channel": "WorldDynamic",
              "Response": "ECR_Ignore"
            }
          ]
        }
      },
      "bCanEverAffectNavigation": true
    },
    "LODData": [
      {
        "MapBuildDataId": "C1546B124A83AB05E476699B25AC07BF"
      }
    ]
  },
  {
    "Type": "StructProperty",
    "Name": "SweepResult",
    "Outer": "BndEvt__OverlapSphere_K2Node_ComponentBoundEvent_0_ComponentBeginOverlapSignature__DelegateSignature",
    "Class": "UScriptClass'StructProperty'",
    "PropertyFlags": "ConstParm | BlueprintVisible | BlueprintReadOnly | Parm | OutParm | ReferenceParm | ContainsInstancedReference",
    "Struct": {
      "ObjectName": "ScriptStruct'HitResult'",
      "ObjectPath": "/Script/Engine"
    }
  },
  {
    "Type": "StructProperty",
    "Name": "CallFunc_BP_ApplyGameplayEffectToTarget_ReturnValue",
    "Outer": "ExecuteUbergraph_Apollo_BigBush",
    "Class": "UScriptClass'StructProperty'",
    "Struct": {
      "ObjectName": "ScriptStruct'ActiveGameplayEffectHandle'",
      "ObjectPath": "/Script/GameplayAbilities"
    }
  },
  {
    "Type": "StructProperty",
    "Name": "CallFunc_Conv_VectorToLinearColor_ReturnValue",
    "Outer": "ExecuteUbergraph_Apollo_BigBush",
    "Class": "UScriptClass'StructProperty'",
    "Struct": {
      "ObjectName": "ScriptStruct'LinearColor'",
      "ObjectPath": "/Script/CoreUObject"
    }
  },
  {
    "Type": "StructProperty",
    "Name": "CallFunc_Conv_VectorToLinearColor_ReturnValue_1",
    "Outer": "ExecuteUbergraph_Apollo_BigBush",
    "Class": "UScriptClass'StructProperty'",
    "Struct": {
      "ObjectName": "ScriptStruct'LinearColor'",
      "ObjectPath": "/Script/CoreUObject"
    }
  },
  {
    "Type": "StructProperty",
    "Name": "CallFunc_GetVelocity_ReturnValue",
    "Outer": "ExecuteUbergraph_Apollo_BigBush",
    "Class": "UScriptClass'StructProperty'",
    "Struct": {
      "ObjectName": "ScriptStruct'Vector'",
      "ObjectPath": "/Script/CoreUObject"
    }
  },
  {
    "Type": "StructProperty",
    "Name": "CallFunc_K2_GetActorLocation_ReturnValue",
    "Outer": "ExecuteUbergraph_Apollo_BigBush",
    "Class": "UScriptClass'StructProperty'",
    "Struct": {
      "ObjectName": "ScriptStruct'Vector'",
      "ObjectPath": "/Script/CoreUObject"
    }
  },
  {
    "Type": "StructProperty",
    "Name": "CallFunc_Normal_ReturnValue",
    "Outer": "ExecuteUbergraph_Apollo_BigBush",
    "Class": "UScriptClass'StructProperty'",
    "Struct": {
      "ObjectName": "ScriptStruct'Vector'",
      "ObjectPath": "/Script/CoreUObject"
    }
  },
  {
    "Type": "StructProperty",
    "Name": "K2Node_ComponentBoundEvent_SweepResult",
    "Outer": "ExecuteUbergraph_Apollo_BigBush",
    "Class": "UScriptClass'StructProperty'",
    "PropertyFlags": "ConstParm | ContainsInstancedReference",
    "Struct": {
      "ObjectName": "ScriptStruct'HitResult'",
      "ObjectPath": "/Script/Engine"
    }
  },
  {
    "Type": "StructProperty",
    "Name": "PlayerVelocity",
    "Outer": "Apollo_BigBush_C",
    "Class": "UScriptClass'StructProperty'",
    "PropertyFlags": "Edit | BlueprintVisible | DisableEditOnInstance",
    "Struct": {
      "ObjectName": "ScriptStruct'Vector'",
      "ObjectPath": "/Script/CoreUObject"
    }
  }
]