[
  {
    "Type": "BlueprintGeneratedClass",
    "Name": "GE_BigBush_GC_C",
    "Class": "UScriptClass'BlueprintGeneratedClass'",
    "SuperStruct": {
      "ObjectName": "Class'GameplayEffect'",
      "ObjectPath": "/Script/GameplayAbilities"
    }
  },
  {
    "Type": "GE_BigBush_GC_C",
    "Name": "Default__GE_BigBush_GC_C",
    "Class": "BlueprintGeneratedClass'FortniteGame/Content/Athena/Apollo/Environments/BuildingActors/Foliage/GE_BigBush_GC.GE_BigBush_GC_C'",
    "Properties": {
      "DurationPolicy": "EGameplayEffectDurationType::HasDuration",
      "DurationMagnitude": {
        "ScalableFloatMagnitude": {
          "Value": 20.0
        }
      },
      "bSuppressStackingCues": true,
      "GameplayCues": [
        {
          "MagnitudeAttribute": {
            "AttributeName": "",
            "Attribute": null,
            "AttributeOwner": null
          },
          "MinLevel": 0.0,
          "MaxLevel": 0.0,
          "GameplayCueTags": [
            "GameplayCue.Athena.Player.BigBushMovement"
          ]
        }
      ],
      "InheritableOwnedTagsContainer": {
        "CombinedTags": [
          "Gameplay.Action.Player.CornFieldMovement"
        ],
        "Added": [
          "Gameplay.Action.Player.CornFieldMovement"
        ]
      },
      "StackingType": "EGameplayEffectStackingType::AggregateByTarget"
    }
  }
]