[
  {
    "Type": "DistributionFloatConstant",
    "Name": "RequiredDistributionSpawnRate",
    "Outer": "ParticleModuleRequired_0",
    "Class": "UScriptClass'DistributionFloatConstant'"
  },
  {
    "Type": "DistributionFloatConstant",
    "Name": "RequiredDistributionSpawnRate",
    "Outer": "ParticleModuleRequired_3",
    "Class": "UScriptClass'DistributionFloatConstant'"
  },
  {
    "Type": "DistributionFloatConstant",
    "Name": "RequiredDistributionSpawnRate",
    "Outer": "ParticleModuleRequired_7",
    "Class": "UScriptClass'DistributionFloatConstant'"
  },
  {
    "Type": "ParticleLODLevel",
    "Name": "ParticleLODLevel_0",
    "Outer": "ParticleSpriteEmitter_0",
    "Class": "UScriptClass'ParticleLODLevel'",
    "Properties": {
      "RequiredModule": {
        "ObjectName": "ParticleModuleRequired'P_Athena_BigBush_Enter:ParticleModuleRequired_3'",
        "ObjectPath": "FortniteGame/Content/Athena/Apollo/Environments/BuildingActors/Foliage/P_Athena_BigBush_Enter.31"
      },
      "Modules": [
        {
          "ObjectName": "ParticleModuleLifetime'P_Athena_BigBush_Enter:ParticleModuleLifetime_3'",
          "ObjectPath": "FortniteGame/Content/Athena/Apollo/Environments/BuildingActors/Foliage/P_Athena_BigBush_Enter.22"
        },
        {
          "ObjectName": "ParticleModuleSize'P_Athena_BigBush_Enter:ParticleModuleSize_3'",
          "ObjectPath": "FortniteGame/Content/Athena/Apollo/Environments/BuildingActors/Foliage/P_Athena_BigBush_Enter.36"
        },
        {
          "ObjectName": "ParticleModuleColor'P_Athena_BigBush_Enter:ParticleModuleColor_4'",
          "ObjectPath": "FortniteGame/Content/Athena/Apollo/Environments/BuildingActors/Foliage/P_Athena_BigBush_Enter.19"
        },
        {
          "ObjectName": "ParticleModuleMeshRotation'P_Athena_BigBush_Enter:ParticleModuleMeshRotation_1'",
          "ObjectPath": "FortniteGame/Content/Athena/Apollo/Environments/BuildingActors/Foliage/P_Athena_BigBush_Enter.25"
        },
        {
          "ObjectName": "ParticleModuleMeshRotationRate'P_Athena_BigBush_Enter:ParticleModuleMeshRotationRate_1'",
          "ObjectPath": "FortniteGame/Content/Athena/Apollo/Environments/BuildingActors/Foliage/P_Athena_BigBush_Enter.27"
        },
        {
          "ObjectName": "ParticleModuleLocationPrimitiveSphere'P_Athena_BigBush_Enter:ParticleModuleLocationPrimitiveSphere_0'",
          "ObjectPath": "FortniteGame/Content/Athena/Apollo/Environments/BuildingActors/Foliage/P_Athena_BigBush_Enter.24"
        },
        {
          "ObjectName": "ParticleModuleAcceleration'P_Athena_BigBush_Enter:ParticleModuleAcceleration_1'",
          "ObjectPath": "FortniteGame/Content/Athena/Apollo/Environments/BuildingActors/Foliage/P_Athena_BigBush_Enter.13"
        },
        {
          "ObjectName": "ParticleModuleOrbit'P_Athena_BigBush_Enter:ParticleModuleOrbit_0'",
          "ObjectPath": "FortniteGame/Content/Athena/Apollo/Environments/BuildingActors/Foliage/P_Athena_BigBush_Enter.29"
        },
        {
          "ObjectName": "ParticleModuleSizeMultiplyLife'P_Athena_BigBush_Enter:ParticleModuleSizeMultiplyLife_2'",
          "ObjectPath": "FortniteGame/Content/Athena/Apollo/Environments/BuildingActors/Foliage/P_Athena_BigBush_Enter.38"
        },
        {
          "ObjectName": "ParticleModuleVelocityInheritParent'P_Athena_BigBush_Enter:ParticleModuleVelocityInheritParent_0'",
          "ObjectPath": "FortniteGame/Content/Athena/Apollo/Environments/BuildingActors/Foliage/P_Athena_BigBush_Enter.47"
        },
        {
          "ObjectName": "ParticleModuleAccelerationDrag'P_Athena_BigBush_Enter:ParticleModuleAccelerationDrag_1'",
          "ObjectPath": "FortniteGame/Content/Athena/Apollo/Environments/BuildingActors/Foliage/P_Athena_BigBush_Enter.15"
        }
      ],
      "TypeDataModule": {
        "ObjectName": "ParticleModuleTypeDataMesh'P_Athena_BigBush_Enter:ParticleModuleTypeDataMesh_1'",
        "ObjectPath": "FortniteGame/Content/Athena/Apollo/Environments/BuildingActors/Foliage/P_Athena_BigBush_Enter.44"
      },
      "SpawnModule": {
        "ObjectName": "ParticleModuleSpawn'P_Athena_BigBush_Enter:ParticleModuleSpawn_3'",
        "ObjectPath": "FortniteGame/Content/Athena/Apollo/Environments/BuildingActors/Foliage/P_Athena_BigBush_Enter.41"
      },
      "PeakActiveParticles": 46
    }
  },
  {
    "Type": "ParticleLODLevel",
    "Name": "ParticleLODLevel_1",
    "Outer": "ParticleSpriteEmitter_0",
    "Class": "UScriptClass'ParticleLODLevel'",
    "Properties": {
      "Level": 1,
      "RequiredModule": {
        "ObjectName": "ParticleModuleRequired'P_Athena_BigBush_Enter:ParticleModuleRequired_3'",
        "ObjectPath": "FortniteGame/Content/Athena/Apollo/Environments/BuildingActors/Foliage/P_Athena_BigBush_Enter.31"
      },
      "Modules": [
        {
          "ObjectName": "ParticleModuleLifetime'P_Athena_BigBush_Enter:ParticleModuleLifetime_3'",
          "ObjectPath": "FortniteGame/Content/Athena/Apollo/Environments/BuildingActors/Foliage/P_Athena_BigBush_Enter.22"
        },
        {
          "ObjectName": "ParticleModuleSize'P_Athena_BigBush_Enter:ParticleModuleSize_3'",
          "ObjectPath": "FortniteGame/Content/Athena/Apollo/Environments/BuildingActors/Foliage/P_Athena_BigBush_Enter.36"
        },
        {
          "ObjectName": "ParticleModuleColor'P_Athena_BigBush_Enter:ParticleModuleColor_4'",
          "ObjectPath": "FortniteGame/Content/Athena/Apollo/Environments/BuildingActors/Foliage/P_Athena_BigBush_Enter.19"
        },
        {
          "ObjectName": "ParticleModuleMeshRotation'P_Athena_BigBush_Enter:ParticleModuleMeshRotation_1'",
          "ObjectPath": "FortniteGame/Content/Athena/Apollo/Environments/BuildingActors/Foliage/P_Athena_BigBush_Enter.25"
        },
        {
          "ObjectName": "ParticleModuleMeshRotationRate'P_Athena_BigBush_Enter:ParticleModuleMeshRotationRate_1'",
          "ObjectPath": "FortniteGame/Content/Athena/Apollo/Environments/BuildingActors/Foliage/P_Athena_BigBush_Enter.27"
        },
        {
          "ObjectName": "ParticleModuleLocationPrimitiveSphere'P_Athena_BigBush_Enter:ParticleModuleLocationPrimitiveSphere_0'",
          "ObjectPath": "FortniteGame/Content/Athena/Apollo/Environments/BuildingActors/Foliage/P_Athena_BigBush_Enter.24"
        },
        {
          "ObjectName": "ParticleModuleAcceleration'P_Athena_BigBush_Enter:ParticleModuleAcceleration_1'",
          "ObjectPath": "FortniteGame/Content/Athena/Apollo/Environments/BuildingActors/Foliage/P_Athena_BigBush_Enter.13"
        },
        {
          "ObjectName": "ParticleModuleOrbit'P_Athena_BigBush_Enter:ParticleModuleOrbit_0'",
          "ObjectPath": "FortniteGame/Content/Athena/Apollo/Environments/BuildingActors/Foliage/P_Athena_BigBush_Enter.29"
        },
        {
          "ObjectName": "ParticleModuleSizeMultiplyLife'P_Athena_BigBush_Enter:ParticleModuleSizeMultiplyLife_2'",
          "ObjectPath": "FortniteGame/Content/Athena/Apollo/Environments/BuildingActors/Foliage/P_Athena_BigBush_Enter.38"
        },
        {
          "ObjectName": "ParticleModuleVelocityInheritParent'P_Athena_BigBush_Enter:ParticleModuleVelocityInheritParent_0'",
          "ObjectPath": "FortniteGame/Content/Athena/Apollo/Environments/BuildingActors/Foliage/P_Athena_BigBush_Enter.47"
        },
        {
          "ObjectName": "ParticleModuleAccelerationDrag'P_Athena_BigBush_Enter:ParticleModuleAccelerationDrag_1'",
          "ObjectPath": "FortniteGame/Content/Athena/Apollo/Environments/BuildingActors/Foliage/P_Athena_BigBush_Enter.15"
        }
      ],
      "TypeDataModule": {
        "ObjectName": "ParticleModuleTypeDataMesh'P_Athena_BigBush_Enter:ParticleModuleTypeDataMesh_1'",
        "ObjectPath": "FortniteGame/Content/Athena/Apollo/Environments/BuildingActors/Foliage/P_Athena_BigBush_Enter.44"
      },
      "SpawnModule": {
        "ObjectName": "ParticleModuleSpawn'P_Athena_BigBush_Enter:ParticleModuleSpawn_3'",
        "ObjectPath": "FortniteGame/Content/Athena/Apollo/Environments/BuildingActors/Foliage/P_Athena_BigBush_Enter.41"
      },
      "PeakActiveParticles": 46
    }
  },
  {
    "Type": "ParticleLODLevel",
    "Name": "ParticleLODLevel_2",
    "Outer": "ParticleSpriteEmitter_0",
    "Class": "UScriptClass'ParticleLODLevel'",
    "Properties": {
      "Level": 2,
      "bEnabled": false,
      "RequiredModule": {
        "ObjectName": "ParticleModuleRequired'P_Athena_BigBush_Enter:ParticleModuleRequired_3'",
        "ObjectPath": "FortniteGame/Content/Athena/Apollo/Environments/BuildingActors/Foliage/P_Athena_BigBush_Enter.31"
      },
      "Modules": [
        {
          "ObjectName": "ParticleModuleLifetime'P_Athena_BigBush_Enter:ParticleModuleLifetime_3'",
          "ObjectPath": "FortniteGame/Content/Athena/Apollo/Environments/BuildingActors/Foliage/P_Athena_BigBush_Enter.22"
        },
        {
          "ObjectName": "ParticleModuleSize'P_Athena_BigBush_Enter:ParticleModuleSize_3'",
          "ObjectPath": "FortniteGame/Content/Athena/Apollo/Environments/BuildingActors/Foliage/P_Athena_BigBush_Enter.36"
        },
        {
          "ObjectName": "ParticleModuleColor'P_Athena_BigBush_Enter:ParticleModuleColor_4'",
          "ObjectPath": "FortniteGame/Content/Athena/Apollo/Environments/BuildingActors/Foliage/P_Athena_BigBush_Enter.19"
        },
        {
          "ObjectName": "ParticleModuleMeshRotation'P_Athena_BigBush_Enter:ParticleModuleMeshRotation_1'",
          "ObjectPath": "FortniteGame/Content/Athena/Apollo/Environments/BuildingActors/Foliage/P_Athena_BigBush_Enter.25"
        },
        {
          "ObjectName": "ParticleModuleMeshRotationRate'P_Athena_BigBush_Enter:ParticleModuleMeshRotationRate_1'",
          "ObjectPath": "FortniteGame/Content/Athena/Apollo/Environments/BuildingActors/Foliage/P_Athena_BigBush_Enter.27"
        },
        {
          "ObjectName": "ParticleModuleLocationPrimitiveSphere'P_Athena_BigBush_Enter:ParticleModuleLocationPrimitiveSphere_0'",
          "ObjectPath": "FortniteGame/Content/Athena/Apollo/Environments/BuildingActors/Foliage/P_Athena_BigBush_Enter.24"
        },
        {
          "ObjectName": "ParticleModuleAcceleration'P_Athena_BigBush_Enter:ParticleModuleAcceleration_1'",
          "ObjectPath": "FortniteGame/Content/Athena/Apollo/Environments/BuildingActors/Foliage/P_Athena_BigBush_Enter.13"
        },
        {
          "ObjectName": "ParticleModuleOrbit'P_Athena_BigBush_Enter:ParticleModuleOrbit_0'",
          "ObjectPath": "FortniteGame/Content/Athena/Apollo/Environments/BuildingActors/Foliage/P_Athena_BigBush_Enter.29"
        },
        {
          "ObjectName": "ParticleModuleSizeMultiplyLife'P_Athena_BigBush_Enter:ParticleModuleSizeMultiplyLife_2'",
          "ObjectPath": "FortniteGame/Content/Athena/Apollo/Environments/BuildingActors/Foliage/P_Athena_BigBush_Enter.38"
        },
        {
          "ObjectName": "ParticleModuleVelocityInheritParent'P_Athena_BigBush_Enter:ParticleModuleVelocityInheritParent_0'",
          "ObjectPath": "FortniteGame/Content/Athena/Apollo/Environments/BuildingActors/Foliage/P_Athena_BigBush_Enter.47"
        },
        {
          "ObjectName": "ParticleModuleAccelerationDrag'P_Athena_BigBush_Enter:ParticleModuleAccelerationDrag_1'",
          "ObjectPath": "FortniteGame/Content/Athena/Apollo/Environments/BuildingActors/Foliage/P_Athena_BigBush_Enter.15"
        }
      ],
      "TypeDataModule": {
        "ObjectName": "ParticleModuleTypeDataMesh'P_Athena_BigBush_Enter:ParticleModuleTypeDataMesh_1'",
        "ObjectPath": "FortniteGame/Content/Athena/Apollo/Environments/BuildingActors/Foliage/P_Athena_BigBush_Enter.44"
      },
      "SpawnModule": {
        "ObjectName": "ParticleModuleSpawn'P_Athena_BigBush_Enter:ParticleModuleSpawn_3'",
        "ObjectPath": "FortniteGame/Content/Athena/Apollo/Environments/BuildingActors/Foliage/P_Athena_BigBush_Enter.41"
      },
      "PeakActiveParticles": 46
    }
  },
  {
    "Type": "ParticleLODLevel",
    "Name": "ParticleLODLevel_0",
    "Outer": "ParticleSpriteEmitter_2",
    "Class": "UScriptClass'ParticleLODLevel'",
    "Properties": {
      "RequiredModule": {
        "ObjectName": "ParticleModuleRequired'P_Athena_BigBush_Enter:ParticleModuleRequired_7'",
        "ObjectPath": "FortniteGame/Content/Athena/Apollo/Environments/BuildingActors/Foliage/P_Athena_BigBush_Enter.32"
      },
      "Modules": [
        {
          "ObjectName": "ParticleModuleLifetime'P_Athena_BigBush_Enter:ParticleModuleLifetime_8'",
          "ObjectPath": "FortniteGame/Content/Athena/Apollo/Environments/BuildingActors/Foliage/P_Athena_BigBush_Enter.23"
        },
        {
          "ObjectName": "ParticleModuleSize'P_Athena_BigBush_Enter:ParticleModuleSize_8'",
          "ObjectPath": "FortniteGame/Content/Athena/Apollo/Environments/BuildingActors/Foliage/P_Athena_BigBush_Enter.37"
        },
        {
          "ObjectName": "ParticleModuleColorOverLife'P_Athena_BigBush_Enter:ParticleModuleColorOverLife_8'",
          "ObjectPath": "FortniteGame/Content/Athena/Apollo/Environments/BuildingActors/Foliage/P_Athena_BigBush_Enter.20"
        },
        {
          "ObjectName": "ParticleModuleMeshRotation'P_Athena_BigBush_Enter:ParticleModuleMeshRotation_3'",
          "ObjectPath": "FortniteGame/Content/Athena/Apollo/Environments/BuildingActors/Foliage/P_Athena_BigBush_Enter.26"
        },
        {
          "ObjectName": "ParticleModuleMeshRotationRate'P_Athena_BigBush_Enter:ParticleModuleMeshRotationRate_3'",
          "ObjectPath": "FortniteGame/Content/Athena/Apollo/Environments/BuildingActors/Foliage/P_Athena_BigBush_Enter.28"
        },
        {
          "ObjectName": "ParticleModuleLocationPrimitiveSphere'P_Athena_BigBush_Enter:ParticleModuleLocationPrimitiveSphere_0'",
          "ObjectPath": "FortniteGame/Content/Athena/Apollo/Environments/BuildingActors/Foliage/P_Athena_BigBush_Enter.24"
        },
        {
          "ObjectName": "ParticleModuleAcceleration'P_Athena_BigBush_Enter:ParticleModuleAcceleration_8'",
          "ObjectPath": "FortniteGame/Content/Athena/Apollo/Environments/BuildingActors/Foliage/P_Athena_BigBush_Enter.14"
        },
        {
          "ObjectName": "ParticleModuleSizeMultiplyLife'P_Athena_BigBush_Enter:ParticleModuleSizeMultiplyLife_6'",
          "ObjectPath": "FortniteGame/Content/Athena/Apollo/Environments/BuildingActors/Foliage/P_Athena_BigBush_Enter.39"
        },
        {
          "ObjectName": "ParticleModuleVelocityInheritParent'P_Athena_BigBush_Enter:ParticleModuleVelocityInheritParent_1'",
          "ObjectPath": "FortniteGame/Content/Athena/Apollo/Environments/BuildingActors/Foliage/P_Athena_BigBush_Enter.48"
        },
        {
          "ObjectName": "ParticleModuleAccelerationDrag'P_Athena_BigBush_Enter:ParticleModuleAccelerationDrag_3'",
          "ObjectPath": "FortniteGame/Content/Athena/Apollo/Environments/BuildingActors/Foliage/P_Athena_BigBush_Enter.17"
        }
      ],
      "TypeDataModule": {
        "ObjectName": "ParticleModuleTypeDataMesh'P_Athena_BigBush_Enter:ParticleModuleTypeDataMesh_4'",
        "ObjectPath": "FortniteGame/Content/Athena/Apollo/Environments/BuildingActors/Foliage/P_Athena_BigBush_Enter.45"
      },
      "SpawnModule": {
        "ObjectName": "ParticleModuleSpawn'P_Athena_BigBush_Enter:ParticleModuleSpawn_17'",
        "ObjectPath": "FortniteGame/Content/Athena/Apollo/Environments/BuildingActors/Foliage/P_Athena_BigBush_Enter.40"
      },
      "PeakActiveParticles": 7
    }
  },
  {
    "Type": "ParticleLODLevel",
    "Name": "ParticleLODLevel_1",
    "Outer": "ParticleSpriteEmitter_2",
    "Class": "UScriptClass'ParticleLODLevel'",
    "Properties": {
      "Level": 1,
      "RequiredModule": {
        "ObjectName": "ParticleModuleRequired'P_Athena_BigBush_Enter:ParticleModuleRequired_7'",
        "ObjectPath": "FortniteGame/Content/Athena/Apollo/Environments/BuildingActors/Foliage/P_Athena_BigBush_Enter.32"
      },
      "Modules": [
        {
          "ObjectName": "ParticleModuleLifetime'P_Athena_BigBush_Enter:ParticleModuleLifetime_8'",
          "ObjectPath": "FortniteGame/Content/Athena/Apollo/Environments/BuildingActors/Foliage/P_Athena_BigBush_Enter.23"
        },
        {
          "ObjectName": "ParticleModuleSize'P_Athena_BigBush_Enter:ParticleModuleSize_8'",
          "ObjectPath": "FortniteGame/Content/Athena/Apollo/Environments/BuildingActors/Foliage/P_Athena_BigBush_Enter.37"
        },
        {
          "ObjectName": "ParticleModuleColorOverLife'P_Athena_BigBush_Enter:ParticleModuleColorOverLife_8'",
          "ObjectPath": "FortniteGame/Content/Athena/Apollo/Environments/BuildingActors/Foliage/P_Athena_BigBush_Enter.20"
        },
        {
          "ObjectName": "ParticleModuleMeshRotation'P_Athena_BigBush_Enter:ParticleModuleMeshRotation_3'",
          "ObjectPath": "FortniteGame/Content/Athena/Apollo/Environments/BuildingActors/Foliage/P_Athena_BigBush_Enter.26"
        },
        {
          "ObjectName": "ParticleModuleMeshRotationRate'P_Athena_BigBush_Enter:ParticleModuleMeshRotationRate_3'",
          "ObjectPath": "FortniteGame/Content/Athena/Apollo/Environments/BuildingActors/Foliage/P_Athena_BigBush_Enter.28"
        },
        {
          "ObjectName": "ParticleModuleLocationPrimitiveSphere'P_Athena_BigBush_Enter:ParticleModuleLocationPrimitiveSphere_0'",
          "ObjectPath": "FortniteGame/Content/Athena/Apollo/Environments/BuildingActors/Foliage/P_Athena_BigBush_Enter.24"
        },
        {
          "ObjectName": "ParticleModuleAcceleration'P_Athena_BigBush_Enter:ParticleModuleAcceleration_8'",
          "ObjectPath": "FortniteGame/Content/Athena/Apollo/Environments/BuildingActors/Foliage/P_Athena_BigBush_Enter.14"
        },
        {
          "ObjectName": "ParticleModuleSizeMultiplyLife'P_Athena_BigBush_Enter:ParticleModuleSizeMultiplyLife_6'",
          "ObjectPath": "FortniteGame/Content/Athena/Apollo/Environments/BuildingActors/Foliage/P_Athena_BigBush_Enter.39"
        },
        {
          "ObjectName": "ParticleModuleVelocityInheritParent'P_Athena_BigBush_Enter:ParticleModuleVelocityInheritParent_1'",
          "ObjectPath": "FortniteGame/Content/Athena/Apollo/Environments/BuildingActors/Foliage/P_Athena_BigBush_Enter.48"
        },
        {
          "ObjectName": "ParticleModuleAccelerationDrag'P_Athena_BigBush_Enter:ParticleModuleAccelerationDrag_3'",
          "ObjectPath": "FortniteGame/Content/Athena/Apollo/Environments/BuildingActors/Foliage/P_Athena_BigBush_Enter.17"
        }
      ],
      "TypeDataModule": {
        "ObjectName": "ParticleModuleTypeDataMesh'P_Athena_BigBush_Enter:ParticleModuleTypeDataMesh_4'",
        "ObjectPath": "FortniteGame/Content/Athena/Apollo/Environments/BuildingActors/Foliage/P_Athena_BigBush_Enter.45"
      },
      "SpawnModule": {
        "ObjectName": "ParticleModuleSpawn'P_Athena_BigBush_Enter:ParticleModuleSpawn_17'",
        "ObjectPath": "FortniteGame/Content/Athena/Apollo/Environments/BuildingActors/Foliage/P_Athena_BigBush_Enter.40"
      },
      "PeakActiveParticles": 7
    }
  },
  {
    "Type": "ParticleLODLevel",
    "Name": "ParticleLODLevel_2",
    "Outer": "ParticleSpriteEmitter_2",
    "Class": "UScriptClass'ParticleLODLevel'",
    "Properties": {
      "Level": 2,
      "bEnabled": false,
      "RequiredModule": {
        "ObjectName": "ParticleModuleRequired'P_Athena_BigBush_Enter:ParticleModuleRequired_7'",
        "ObjectPath": "FortniteGame/Content/Athena/Apollo/Environments/BuildingActors/Foliage/P_Athena_BigBush_Enter.32"
      },
      "Modules": [
        {
          "ObjectName": "ParticleModuleLifetime'P_Athena_BigBush_Enter:ParticleModuleLifetime_8'",
          "ObjectPath": "FortniteGame/Content/Athena/Apollo/Environments/BuildingActors/Foliage/P_Athena_BigBush_Enter.23"
        },
        {
          "ObjectName": "ParticleModuleSize'P_Athena_BigBush_Enter:ParticleModuleSize_8'",
          "ObjectPath": "FortniteGame/Content/Athena/Apollo/Environments/BuildingActors/Foliage/P_Athena_BigBush_Enter.37"
        },
        {
          "ObjectName": "ParticleModuleColorOverLife'P_Athena_BigBush_Enter:ParticleModuleColorOverLife_8'",
          "ObjectPath": "FortniteGame/Content/Athena/Apollo/Environments/BuildingActors/Foliage/P_Athena_BigBush_Enter.20"
        },
        {
          "ObjectName": "ParticleModuleMeshRotation'P_Athena_BigBush_Enter:ParticleModuleMeshRotation_3'",
          "ObjectPath": "FortniteGame/Content/Athena/Apollo/Environments/BuildingActors/Foliage/P_Athena_BigBush_Enter.26"
        },
        {
          "ObjectName": "ParticleModuleMeshRotationRate'P_Athena_BigBush_Enter:ParticleModuleMeshRotationRate_3'",
          "ObjectPath": "FortniteGame/Content/Athena/Apollo/Environments/BuildingActors/Foliage/P_Athena_BigBush_Enter.28"
        },
        {
          "ObjectName": "ParticleModuleLocationPrimitiveSphere'P_Athena_BigBush_Enter:ParticleModuleLocationPrimitiveSphere_0'",
          "ObjectPath": "FortniteGame/Content/Athena/Apollo/Environments/BuildingActors/Foliage/P_Athena_BigBush_Enter.24"
        },
        {
          "ObjectName": "ParticleModuleAcceleration'P_Athena_BigBush_Enter:ParticleModuleAcceleration_8'",
          "ObjectPath": "FortniteGame/Content/Athena/Apollo/Environments/BuildingActors/Foliage/P_Athena_BigBush_Enter.14"
        },
        {
          "ObjectName": "ParticleModuleSizeMultiplyLife'P_Athena_BigBush_Enter:ParticleModuleSizeMultiplyLife_6'",
          "ObjectPath": "FortniteGame/Content/Athena/Apollo/Environments/BuildingActors/Foliage/P_Athena_BigBush_Enter.39"
        },
        {
          "ObjectName": "ParticleModuleVelocityInheritParent'P_Athena_BigBush_Enter:ParticleModuleVelocityInheritParent_1'",
          "ObjectPath": "FortniteGame/Content/Athena/Apollo/Environments/BuildingActors/Foliage/P_Athena_BigBush_Enter.48"
        },
        {
          "ObjectName": "ParticleModuleAccelerationDrag'P_Athena_BigBush_Enter:ParticleModuleAccelerationDrag_3'",
          "ObjectPath": "FortniteGame/Content/Athena/Apollo/Environments/BuildingActors/Foliage/P_Athena_BigBush_Enter.17"
        }
      ],
      "TypeDataModule": {
        "ObjectName": "ParticleModuleTypeDataMesh'P_Athena_BigBush_Enter:ParticleModuleTypeDataMesh_4'",
        "ObjectPath": "FortniteGame/Content/Athena/Apollo/Environments/BuildingActors/Foliage/P_Athena_BigBush_Enter.45"
      },
      "SpawnModule": {
        "ObjectName": "ParticleModuleSpawn'P_Athena_BigBush_Enter:ParticleModuleSpawn_17'",
        "ObjectPath": "FortniteGame/Content/Athena/Apollo/Environments/BuildingActors/Foliage/P_Athena_BigBush_Enter.40"
      },
      "PeakActiveParticles": 7
    }
  },
  {
    "Type": "ParticleLODLevel",
    "Name": "ParticleLODLevel_0",
    "Outer": "ParticleSpriteEmitter_3",
    "Class": "UScriptClass'ParticleLODLevel'",
    "Properties": {
      "RequiredModule": {
        "ObjectName": "ParticleModuleRequired'P_Athena_BigBush_Enter:ParticleModuleRequired_0'",
        "ObjectPath": "FortniteGame/Content/Athena/Apollo/Environments/BuildingActors/Foliage/P_Athena_BigBush_Enter.30"
      },
      "Modules": [
        {
          "ObjectName": "ParticleModuleLifetime'P_Athena_BigBush_Enter:ParticleModuleLifetime_0'",
          "ObjectPath": "FortniteGame/Content/Athena/Apollo/Environments/BuildingActors/Foliage/P_Athena_BigBush_Enter.21"
        },
        {
          "ObjectName": "ParticleModuleSize'P_Athena_BigBush_Enter:ParticleModuleSize_0'",
          "ObjectPath": "FortniteGame/Content/Athena/Apollo/Environments/BuildingActors/Foliage/P_Athena_BigBush_Enter.35"
        },
        {
          "ObjectName": "ParticleModuleVelocity'P_Athena_BigBush_Enter:ParticleModuleVelocity_2'",
          "ObjectPath": "FortniteGame/Content/Athena/Apollo/Environments/BuildingActors/Foliage/P_Athena_BigBush_Enter.46"
        },
        {
          "ObjectName": "ParticleModuleColor'P_Athena_BigBush_Enter:ParticleModuleColor_1'",
          "ObjectPath": "FortniteGame/Content/Athena/Apollo/Environments/BuildingActors/Foliage/P_Athena_BigBush_Enter.18"
        },
        {
          "ObjectName": "ParticleModuleLocationPrimitiveSphere'P_Athena_BigBush_Enter:ParticleModuleLocationPrimitiveSphere_0'",
          "ObjectPath": "FortniteGame/Content/Athena/Apollo/Environments/BuildingActors/Foliage/P_Athena_BigBush_Enter.24"
        },
        {
          "ObjectName": "ParticleModuleSizeMultiplyLife'P_Athena_BigBush_Enter:ParticleModuleSizeMultiplyLife_2'",
          "ObjectPath": "FortniteGame/Content/Athena/Apollo/Environments/BuildingActors/Foliage/P_Athena_BigBush_Enter.38"
        },
        {
          "ObjectName": "ParticleModuleAccelerationDrag'P_Athena_BigBush_Enter:ParticleModuleAccelerationDrag_2'",
          "ObjectPath": "FortniteGame/Content/Athena/Apollo/Environments/BuildingActors/Foliage/P_Athena_BigBush_Enter.16"
        },
        {
          "ObjectName": "ParticleModuleAcceleration'P_Athena_BigBush_Enter:ParticleModuleAcceleration_0'",
          "ObjectPath": "FortniteGame/Content/Athena/Apollo/Environments/BuildingActors/Foliage/P_Athena_BigBush_Enter.12"
        },
        {
          "ObjectName": "ParticleModuleRotation'P_Athena_BigBush_Enter:ParticleModuleRotation_0'",
          "ObjectPath": "FortniteGame/Content/Athena/Apollo/Environments/BuildingActors/Foliage/P_Athena_BigBush_Enter.33"
        },
        {
          "ObjectName": "ParticleModuleSubUV'P_Athena_BigBush_Enter:ParticleModuleSubUV_1'",
          "ObjectPath": "FortniteGame/Content/Athena/Apollo/Environments/BuildingActors/Foliage/P_Athena_BigBush_Enter.43"
        },
        {
          "ObjectName": "ParticleModuleVelocityInheritParent'P_Athena_BigBush_Enter:ParticleModuleVelocityInheritParent_0'",
          "ObjectPath": "FortniteGame/Content/Athena/Apollo/Environments/BuildingActors/Foliage/P_Athena_BigBush_Enter.47"
        },
        {
          "ObjectName": "ParticleModuleRotationRate'P_Athena_BigBush_Enter:ParticleModuleRotationRate_0'",
          "ObjectPath": "FortniteGame/Content/Athena/Apollo/Environments/BuildingActors/Foliage/P_Athena_BigBush_Enter.34"
        }
      ],
      "SpawnModule": {
        "ObjectName": "ParticleModuleSpawn'P_Athena_BigBush_Enter:ParticleModuleSpawn_4'",
        "ObjectPath": "FortniteGame/Content/Athena/Apollo/Environments/BuildingActors/Foliage/P_Athena_BigBush_Enter.42"
      },
      "PeakActiveParticles": 32
    }
  },
  {
    "Type": "ParticleLODLevel",
    "Name": "ParticleLODLevel_1",
    "Outer": "ParticleSpriteEmitter_3",
    "Class": "UScriptClass'ParticleLODLevel'",
    "Properties": {
      "Level": 1,
      "bEnabled": false,
      "RequiredModule": {
        "ObjectName": "ParticleModuleRequired'P_Athena_BigBush_Enter:ParticleModuleRequired_0'",
        "ObjectPath": "FortniteGame/Content/Athena/Apollo/Environments/BuildingActors/Foliage/P_Athena_BigBush_Enter.30"
      },
      "Modules": [
        {
          "ObjectName": "ParticleModuleLifetime'P_Athena_BigBush_Enter:ParticleModuleLifetime_0'",
          "ObjectPath": "FortniteGame/Content/Athena/Apollo/Environments/BuildingActors/Foliage/P_Athena_BigBush_Enter.21"
        },
        {
          "ObjectName": "ParticleModuleSize'P_Athena_BigBush_Enter:ParticleModuleSize_0'",
          "ObjectPath": "FortniteGame/Content/Athena/Apollo/Environments/BuildingActors/Foliage/P_Athena_BigBush_Enter.35"
        },
        {
          "ObjectName": "ParticleModuleVelocity'P_Athena_BigBush_Enter:ParticleModuleVelocity_2'",
          "ObjectPath": "FortniteGame/Content/Athena/Apollo/Environments/BuildingActors/Foliage/P_Athena_BigBush_Enter.46"
        },
        {
          "ObjectName": "ParticleModuleColor'P_Athena_BigBush_Enter:ParticleModuleColor_1'",
          "ObjectPath": "FortniteGame/Content/Athena/Apollo/Environments/BuildingActors/Foliage/P_Athena_BigBush_Enter.18"
        },
        {
          "ObjectName": "ParticleModuleLocationPrimitiveSphere'P_Athena_BigBush_Enter:ParticleModuleLocationPrimitiveSphere_0'",
          "ObjectPath": "FortniteGame/Content/Athena/Apollo/Environments/BuildingActors/Foliage/P_Athena_BigBush_Enter.24"
        },
        {
          "ObjectName": "ParticleModuleSizeMultiplyLife'P_Athena_BigBush_Enter:ParticleModuleSizeMultiplyLife_2'",
          "ObjectPath": "FortniteGame/Content/Athena/Apollo/Environments/BuildingActors/Foliage/P_Athena_BigBush_Enter.38"
        },
        {
          "ObjectName": "ParticleModuleAccelerationDrag'P_Athena_BigBush_Enter:ParticleModuleAccelerationDrag_2'",
          "ObjectPath": "FortniteGame/Content/Athena/Apollo/Environments/BuildingActors/Foliage/P_Athena_BigBush_Enter.16"
        },
        {
          "ObjectName": "ParticleModuleAcceleration'P_Athena_BigBush_Enter:ParticleModuleAcceleration_0'",
          "ObjectPath": "FortniteGame/Content/Athena/Apollo/Environments/BuildingActors/Foliage/P_Athena_BigBush_Enter.12"
        },
        {
          "ObjectName": "ParticleModuleRotation'P_Athena_BigBush_Enter:ParticleModuleRotation_0'",
          "ObjectPath": "FortniteGame/Content/Athena/Apollo/Environments/BuildingActors/Foliage/P_Athena_BigBush_Enter.33"
        },
        {
          "ObjectName": "ParticleModuleSubUV'P_Athena_BigBush_Enter:ParticleModuleSubUV_1'",
          "ObjectPath": "FortniteGame/Content/Athena/Apollo/Environments/BuildingActors/Foliage/P_Athena_BigBush_Enter.43"
        },
        {
          "ObjectName": "ParticleModuleVelocityInheritParent'P_Athena_BigBush_Enter:ParticleModuleVelocityInheritParent_0'",
          "ObjectPath": "FortniteGame/Content/Athena/Apollo/Environments/BuildingActors/Foliage/P_Athena_BigBush_Enter.47"
        },
        {
          "ObjectName": "ParticleModuleRotationRate'P_Athena_BigBush_Enter:ParticleModuleRotationRate_0'",
          "ObjectPath": "FortniteGame/Content/Athena/Apollo/Environments/BuildingActors/Foliage/P_Athena_BigBush_Enter.34"
        }
      ],
      "SpawnModule": {
        "ObjectName": "ParticleModuleSpawn'P_Athena_BigBush_Enter:ParticleModuleSpawn_4'",
        "ObjectPath": "FortniteGame/Content/Athena/Apollo/Environments/BuildingActors/Foliage/P_Athena_BigBush_Enter.42"
      },
      "PeakActiveParticles": 32
    }
  },
  {
    "Type": "ParticleLODLevel",
    "Name": "ParticleLODLevel_2",
    "Outer": "ParticleSpriteEmitter_3",
    "Class": "UScriptClass'ParticleLODLevel'",
    "Properties": {
      "Level": 2,
      "bEnabled": false,
      "RequiredModule": {
        "ObjectName": "ParticleModuleRequired'P_Athena_BigBush_Enter:ParticleModuleRequired_0'",
        "ObjectPath": "FortniteGame/Content/Athena/Apollo/Environments/BuildingActors/Foliage/P_Athena_BigBush_Enter.30"
      },
      "Modules": [
        {
          "ObjectName": "ParticleModuleLifetime'P_Athena_BigBush_Enter:ParticleModuleLifetime_0'",
          "ObjectPath": "FortniteGame/Content/Athena/Apollo/Environments/BuildingActors/Foliage/P_Athena_BigBush_Enter.21"
        },
        {
          "ObjectName": "ParticleModuleSize'P_Athena_BigBush_Enter:ParticleModuleSize_0'",
          "ObjectPath": "FortniteGame/Content/Athena/Apollo/Environments/BuildingActors/Foliage/P_Athena_BigBush_Enter.35"
        },
        {
          "ObjectName": "ParticleModuleVelocity'P_Athena_BigBush_Enter:ParticleModuleVelocity_2'",
          "ObjectPath": "FortniteGame/Content/Athena/Apollo/Environments/BuildingActors/Foliage/P_Athena_BigBush_Enter.46"
        },
        {
          "ObjectName": "ParticleModuleColor'P_Athena_BigBush_Enter:ParticleModuleColor_1'",
          "ObjectPath": "FortniteGame/Content/Athena/Apollo/Environments/BuildingActors/Foliage/P_Athena_BigBush_Enter.18"
        },
        {
          "ObjectName": "ParticleModuleLocationPrimitiveSphere'P_Athena_BigBush_Enter:ParticleModuleLocationPrimitiveSphere_0'",
          "ObjectPath": "FortniteGame/Content/Athena/Apollo/Environments/BuildingActors/Foliage/P_Athena_BigBush_Enter.24"
        },
        {
          "ObjectName": "ParticleModuleSizeMultiplyLife'P_Athena_BigBush_Enter:ParticleModuleSizeMultiplyLife_2'",
          "ObjectPath": "FortniteGame/Content/Athena/Apollo/Environments/BuildingActors/Foliage/P_Athena_BigBush_Enter.38"
        },
        {
          "ObjectName": "ParticleModuleAccelerationDrag'P_Athena_BigBush_Enter:ParticleModuleAccelerationDrag_2'",
          "ObjectPath": "FortniteGame/Content/Athena/Apollo/Environments/BuildingActors/Foliage/P_Athena_BigBush_Enter.16"
        },
        {
          "ObjectName": "ParticleModuleAcceleration'P_Athena_BigBush_Enter:ParticleModuleAcceleration_0'",
          "ObjectPath": "FortniteGame/Content/Athena/Apollo/Environments/BuildingActors/Foliage/P_Athena_BigBush_Enter.12"
        },
        {
          "ObjectName": "ParticleModuleRotation'P_Athena_BigBush_Enter:ParticleModuleRotation_0'",
          "ObjectPath": "FortniteGame/Content/Athena/Apollo/Environments/BuildingActors/Foliage/P_Athena_BigBush_Enter.33"
        },
        {
          "ObjectName": "ParticleModuleSubUV'P_Athena_BigBush_Enter:ParticleModuleSubUV_1'",
          "ObjectPath": "FortniteGame/Content/Athena/Apollo/Environments/BuildingActors/Foliage/P_Athena_BigBush_Enter.43"
        },
        {
          "ObjectName": "ParticleModuleVelocityInheritParent'P_Athena_BigBush_Enter:ParticleModuleVelocityInheritParent_0'",
          "ObjectPath": "FortniteGame/Content/Athena/Apollo/Environments/BuildingActors/Foliage/P_Athena_BigBush_Enter.47"
        },
        {
          "ObjectName": "ParticleModuleRotationRate'P_Athena_BigBush_Enter:ParticleModuleRotationRate_0'",
          "ObjectPath": "FortniteGame/Content/Athena/Apollo/Environments/BuildingActors/Foliage/P_Athena_BigBush_Enter.34"
        }
      ],
      "SpawnModule": {
        "ObjectName": "ParticleModuleSpawn'P_Athena_BigBush_Enter:ParticleModuleSpawn_4'",
        "ObjectPath": "FortniteGame/Content/Athena/Apollo/Environments/BuildingActors/Foliage/P_Athena_BigBush_Enter.42"
      }
    }
  },
  {
    "Type": "ParticleModuleAcceleration",
    "Name": "ParticleModuleAcceleration_0",
    "Outer": "P_Athena_BigBush_Enter",
    "Class": "UScriptClass'ParticleModuleAcceleration'",
    "Properties": {
      "Acceleration": {
        "MinValue": -300.0,
        "MinValueVec": {
          "X": 0.0,
          "Y": 0.0,
          "Z": -300.0
        },
        "MaxValueVec": {
          "X": 0.0,
          "Y": 0.0,
          "Z": -500.0
        },
        "Distribution": null,
        "Table": {
          "Op": 2,
          "EntryCount": 1,
          "EntryStride": 6,
          "SubEntryStride": 3,
          "Values": [
            0.0,
            0.0,
            -300.0,
            0.0,
            0.0,
            -500.0
          ]
        }
      },
      "bAlwaysInWorldSpace": true,
      "LODValidity": 7
    }
  },
  {
    "Type": "ParticleModuleAcceleration",
    "Name": "ParticleModuleAcceleration_1",
    "Outer": "P_Athena_BigBush_Enter",
    "Class": "UScriptClass'ParticleModuleAcceleration'",
    "Properties": {
      "Acceleration": {
        "MinValue": -300.0,
        "MaxValue": 50.0,
        "MinValueVec": {
          "X": 0.0,
          "Y": 0.0,
          "Z": -300.0
        },
        "MaxValueVec": {
          "X": 0.0,
          "Y": 50.0,
          "Z": -150.0
        },
        "Distribution": null,
        "Table": {
          "Op": 2,
          "EntryCount": 1,
          "EntryStride": 6,
          "SubEntryStride": 3,
          "Values": [
            0.0,
            0.0,
            -300.0,
            0.0,
            50.0,
            -150.0
          ]
        }
      },
      "bAlwaysInWorldSpace": true,
      "LODValidity": 7
    }
  },
  {
    "Type": "ParticleModuleAcceleration",
    "Name": "ParticleModuleAcceleration_8",
    "Outer": "P_Athena_BigBush_Enter",
    "Class": "UScriptClass'ParticleModuleAcceleration'",
    "Properties": {
      "Acceleration": {
        "MinValue": -900.0,
        "MaxValue": 50.0,
        "MinValueVec": {
          "X": 0.0,
          "Y": 0.0,
          "Z": -900.0
        },
        "MaxValueVec": {
          "X": 0.0,
          "Y": 50.0,
          "Z": -600.0
        },
        "Distribution": null,
        "Table": {
          "Op": 2,
          "EntryCount": 1,
          "EntryStride": 6,
          "SubEntryStride": 3,
          "Values": [
            0.0,
            0.0,
            -900.0,
            0.0,
            50.0,
            -600.0
          ]
        }
      },
      "bAlwaysInWorldSpace": true,
      "LODValidity": 7
    }
  },
  {
    "Type": "ParticleModuleAccelerationDrag",
    "Name": "ParticleModuleAccelerationDrag_1",
    "Outer": "P_Athena_BigBush_Enter",
    "Class": "UScriptClass'ParticleModuleAccelerationDrag'",
    "Properties": {
      "DragCoefficientRaw": {
        "MinValue": 2.0,
        "MaxValue": 2.0,
        "Distribution": null,
        "Table": {
          "Op": 1,
          "EntryCount": 1,
          "EntryStride": 1,
          "Values": [
            2.0
          ]
        }
      },
      "bAlwaysInWorldSpace": true,
      "LODValidity": 7
    }
  },
  {
    "Type": "ParticleModuleAccelerationDrag",
    "Name": "ParticleModuleAccelerationDrag_2",
    "Outer": "P_Athena_BigBush_Enter",
    "Class": "UScriptClass'ParticleModuleAccelerationDrag'",
    "Properties": {
      "DragCoefficientRaw": {
        "MinValue": 2.0,
        "MaxValue": 3.0,
        "Distribution": null,
        "Table": {
          "Op": 2,
          "EntryCount": 1,
          "EntryStride": 2,
          "SubEntryStride": 1,
          "Values": [
            2.0,
            3.0
          ]
        }
      },
      "bAlwaysInWorldSpace": true,
      "LODValidity": 7
    }
  },
  {
    "Type": "ParticleModuleAccelerationDrag",
    "Name": "ParticleModuleAccelerationDrag_3",
    "Outer": "P_Athena_BigBush_Enter",
    "Class": "UScriptClass'ParticleModuleAccelerationDrag'",
    "Properties": {
      "DragCoefficientRaw": {
        "MinValue": 1.0,
        "MaxValue": 1.0,
        "Distribution": null,
        "Table": {
          "Op": 1,
          "EntryCount": 1,
          "EntryStride": 1,
          "Values": [
            1.0
          ]
        }
      },
      "bAlwaysInWorldSpace": true,
      "LODValidity": 7
    }
  },
  {
    "Type": "ParticleModuleColor",
    "Name": "ParticleModuleColor_1",
    "Outer": "P_Athena_BigBush_Enter",
    "Class": "UScriptClass'ParticleModuleColor'",
    "Properties": {
      "StartColor": {
        "MinValue": 0.375,
        "MaxValue": 0.375,
        "MinValueVec": {
          "X": 0.375,
          "Y": 0.375,
          "Z": 0.375
        },
        "MaxValueVec": {
          "X": 0.375,
          "Y": 0.375,
          "Z": 0.375
        },
        "Distribution": null,
        "Table": {
          "Op": 1,
          "EntryCount": 1,
          "EntryStride": 3,
          "Values": [
            0.375,
            0.375,
            0.375
          ]
        }
      },
      "StartAlpha": {
        "MinValue": 1.0,
        "MaxValue": 1.0,
        "Distribution": null,
        "Table": {
          "Op": 1,
          "EntryCount": 1,
          "EntryStride": 1,
          "Values": [
            1.0
          ]
        }
      },
      "LODValidity": 7
    }
  },
  {
    "Type": "ParticleModuleColor",
    "Name": "ParticleModuleColor_4",
    "Outer": "P_Athena_BigBush_Enter",
    "Class": "UScriptClass'ParticleModuleColor'",
    "Properties": {
      "StartColor": {
        "MinValue": 0.525613,
        "MaxValue": 1.0,
        "MinValueVec": {
          "X": 1.0,
          "Y": 0.677659,
          "Z": 0.525613
        },
        "MaxValueVec": {
          "X": 1.0,
          "Y": 1.0,
          "Z": 1.0
        },
        "Distribution": null,
        "Table": {
          "Op": 3,
          "EntryCount": 1,
          "EntryStride": 6,
          "SubEntryStride": 3,
          "Values": [
            1.0,
            0.677659,
            0.525613,
            1.0,
            1.0,
            1.0
          ]
        }
      },
      "StartAlpha": {
        "MinValue": 1.0,
        "MaxValue": 1.0,
        "Distribution": null,
        "Table": {
          "Op": 1,
          "EntryCount": 1,
          "EntryStride": 1,
          "Values": [
            1.0
          ]
        }
      },
      "LODValidity": 7
    }
  },
  {
    "Type": "ParticleModuleColorOverLife",
    "Name": "ParticleModuleColorOverLife_8",
    "Outer": "P_Athena_BigBush_Enter",
    "Class": "UScriptClass'ParticleModuleColorOverLife'",
    "Properties": {
      "ColorOverLife": {
        "MinValue": 1.0,
        "MaxValue": 1.0,
        "MinValueVec": {
          "X": 1.0,
          "Y": 1.0,
          "Z": 1.0
        },
        "MaxValueVec": {
          "X": 1.0,
          "Y": 1.0,
          "Z": 1.0
        },
        "Distribution": null,
        "Table": {
          "Op": 1,
          "EntryCount": 1,
          "EntryStride": 3,
          "Values": [
            1.0,
            1.0,
            1.0
          ]
        }
      },
      "AlphaOverLife": {
        "MaxValue": 1.0,
        "Distribution": null,
        "Table": {
          "Op": 1,
          "EntryCount": 2,
          "EntryStride": 1,
          "TimeScale": 1.0,
          "Values": [
            1.0,
            0.0
          ]
        }
      },
      "LODValidity": 7
    }
  },
  {
    "Type": "ParticleModuleLifetime",
    "Name": "ParticleModuleLifetime_0",
    "Outer": "P_Athena_BigBush_Enter",
    "Class": "UScriptClass'ParticleModuleLifetime'",
    "Properties": {
      "Lifetime": {
        "MinValue": 0.5,
        "MaxValue": 0.8,
        "Distribution": null,
        "Table": {
          "Op": 2,
          "EntryCount": 1,
          "EntryStride": 2,
          "SubEntryStride": 1,
          "Values": [
            0.5,
            0.8
          ]
        }
      },
      "LODValidity": 7
    }
  },
  {
    "Type": "ParticleModuleLifetime",
    "Name": "ParticleModuleLifetime_3",
    "Outer": "P_Athena_BigBush_Enter",
    "Class": "UScriptClass'ParticleModuleLifetime'",
    "Properties": {
      "Lifetime": {
        "MinValue": 0.5,
        "MaxValue": 1.0,
        "Distribution": null,
        "Table": {
          "Op": 2,
          "EntryCount": 1,
          "EntryStride": 2,
          "SubEntryStride": 1,
          "Values": [
            0.5,
            1.0
          ]
        }
      },
      "LODValidity": 7
    }
  },
  {
    "Type": "ParticleModuleLifetime",
    "Name": "ParticleModuleLifetime_8",
    "Outer": "P_Athena_BigBush_Enter",
    "Class": "UScriptClass'ParticleModuleLifetime'",
    "Properties": {
      "Lifetime": {
        "MinValue": 1.5,
        "MaxValue": 1.8,
        "Distribution": null,
        "Table": {
          "Op": 2,
          "EntryCount": 1,
          "EntryStride": 2,
          "SubEntryStride": 1,
          "Values": [
            1.5,
            1.8
          ]
        }
      },
      "LODValidity": 7
    }
  },
  {
    "Type": "ParticleModuleLocationPrimitiveSphere",
    "Name": "ParticleModuleLocationPrimitiveSphere_0",
    "Outer": "P_Athena_BigBush_Enter",
    "Class": "UScriptClass'ParticleModuleLocationPrimitiveSphere'",
    "Properties": {
      "StartRadius": {
        "MinValue": 15.0,
        "MaxValue": 15.0,
        "Distribution": null,
        "Table": {
          "Op": 1,
          "EntryCount": 1,
          "EntryStride": 1,
          "Values": [
            15.0
          ]
        }
      },
      "Negative_Z": false,
      "Velocity": true,
      "VelocityScale": {
        "MinValue": 5.0,
        "MaxValue": 15.0,
        "Distribution": null,
        "Table": {
          "Op": 2,
          "EntryCount": 1,
          "EntryStride": 2,
          "SubEntryStride": 1,
          "Values": [
            5.0,
            15.0
          ]
        }
      },
      "StartLocation": {
        "MaxValue": 150.0,
        "MinValueVec": {
          "X": 0.0,
          "Y": 0.0,
          "Z": 50.0
        },
        "MaxValueVec": {
          "X": 0.0,
          "Y": 0.0,
          "Z": 150.0
        },
        "Distribution": null,
        "Table": {
          "Op": 2,
          "EntryCount": 1,
          "EntryStride": 6,
          "SubEntryStride": 3,
          "Values": [
            0.0,
            0.0,
            50.0,
            0.0,
            0.0,
            150.0
          ]
        }
      },
      "LODValidity": 7
    }
  },
  {
    "Type": "ParticleModuleMeshRotation",
    "Name": "ParticleModuleMeshRotation_1",
    "Outer": "P_Athena_BigBush_Enter",
    "Class": "UScriptClass'ParticleModuleMeshRotation'",
    "Properties": {
      "StartRotation": {
        "MaxValue": 1.0,
        "MaxValueVec": {
          "X": 1.0,
          "Y": 1.0,
          "Z": 1.0
        },
        "Distribution": null,
        "Table": {
          "Op": 2,
          "EntryCount": 1,
          "EntryStride": 6,
          "SubEntryStride": 3,
          "Values": [
            0.0,
            0.0,
            0.0,
            1.0,
            1.0,
            1.0
          ]
        }
      },
      "LODValidity": 7
    }
  },
  {
    "Type": "ParticleModuleMeshRotation",
    "Name": "ParticleModuleMeshRotation_3",
    "Outer": "P_Athena_BigBush_Enter",
    "Class": "UScriptClass'ParticleModuleMeshRotation'",
    "Properties": {
      "StartRotation": {
        "MaxValue": 1.0,
        "MaxValueVec": {
          "X": 1.0,
          "Y": 1.0,
          "Z": 1.0
        },
        "Distribution": null,
        "Table": {
          "Op": 2,
          "EntryCount": 1,
          "EntryStride": 6,
          "SubEntryStride": 3,
          "Values": [
            0.0,
            0.0,
            0.0,
            1.0,
            1.0,
            1.0
          ]
        }
      },
      "LODValidity": 7
    }
  },
  {
    "Type": "ParticleModuleMeshRotationRate",
    "Name": "ParticleModuleMeshRotationRate_1",
    "Outer": "P_Athena_BigBush_Enter",
    "Class": "UScriptClass'ParticleModuleMeshRotationRate'",
    "Properties": {
      "StartRotationRate": {
        "MinValue": -1.0,
        "MaxValue": 1.5,
        "MinValueVec": {
          "X": -1.0,
          "Y": -1.0,
          "Z": -1.0
        },
        "MaxValueVec": {
          "X": 1.5,
          "Y": 1.5,
          "Z": 1.5
        },
        "Distribution": null,
        "Table": {
          "Op": 2,
          "EntryCount": 1,
          "EntryStride": 6,
          "SubEntryStride": 3,
          "Values": [
            -1.0,
            -1.0,
            -1.0,
            1.5,
            1.5,
            1.5
          ]
        }
      },
      "LODValidity": 7
    }
  },
  {
    "Type": "ParticleModuleMeshRotationRate",
    "Name": "ParticleModuleMeshRotationRate_3",
    "Outer": "P_Athena_BigBush_Enter",
    "Class": "UScriptClass'ParticleModuleMeshRotationRate'",
    "Properties": {
      "StartRotationRate": {
        "MinValue": -0.3,
        "MaxValue": 0.2,
        "MinValueVec": {
          "X": -0.3,
          "Y": -0.3,
          "Z": -0.3
        },
        "MaxValueVec": {
          "X": 0.2,
          "Y": 0.2,
          "Z": 0.2
        },
        "Distribution": null,
        "Table": {
          "Op": 2,
          "EntryCount": 1,
          "EntryStride": 6,
          "SubEntryStride": 3,
          "Values": [
            -0.3,
            -0.3,
            -0.3,
            0.2,
            0.2,
            0.2
          ]
        }
      },
      "LODValidity": 7
    }
  },
  {
    "Type": "ParticleModuleOrbit",
    "Name": "ParticleModuleOrbit_0",
    "Outer": "P_Athena_BigBush_Enter",
    "Class": "UScriptClass'ParticleModuleOrbit'",
    "Properties": {
      "OffsetAmount": {
        "MinValue": 10.0,
        "MaxValue": 30.0,
        "MinValueVec": {
          "X": 10.0,
          "Y": 10.0,
          "Z": 10.0
        },
        "MaxValueVec": {
          "X": 30.0,
          "Y": 0.0,
          "Z": 30.0
        },
        "Distribution": null,
        "Table": {
          "Op": 2,
          "EntryCount": 1,
          "EntryStride": 6,
          "SubEntryStride": 3,
          "Values": [
            10.0,
            10.0,
            10.0,
            30.0,
            0.0,
            30.0
          ]
        }
      },
      "RotationAmount": {
        "MaxValue": 1.0,
        "MaxValueVec": {
          "X": 1.0,
          "Y": 1.0,
          "Z": 1.0
        },
        "Distribution": null,
        "Table": {
          "Op": 2,
          "EntryCount": 1,
          "EntryStride": 6,
          "SubEntryStride": 3,
          "Values": [
            0.0,
            0.0,
            0.0,
            1.0,
            1.0,
            1.0
          ]
        }
      },
      "RotationRateAmount": {
        "MinValue": 0.2,
        "MaxValue": 0.5,
        "MinValueVec": {
          "X": 0.2,
          "Y": 0.2,
          "Z": 0.2
        },
        "MaxValueVec": {
          "X": 0.5,
          "Y": 0.5,
          "Z": 0.5
        },
        "Distribution": null,
        "Table": {
          "Op": 2,
          "EntryCount": 1,
          "EntryStride": 6,
          "SubEntryStride": 3,
          "Values": [
            0.2,
            0.2,
            0.2,
            0.5,
            0.5,
            0.5
          ]
        }
      },
      "LODValidity": 7
    }
  },
  {
    "Type": "ParticleModuleRequired",
    "Name": "ParticleModuleRequired_0",
    "Outer": "P_Athena_BigBush_Enter",
    "Class": "UScriptClass'ParticleModuleRequired'",
    "Properties": {
      "Material": {
        "ObjectName": "Material'M_Leaf_SubUV'",
        "ObjectPath": "FortniteGame/Content/Effects/Fort_Effects/World/Enviroment/Falling_Leaf/M_Leaf_SubUV.0"
      },
      "bKillOnCompleted": true,
      "bUseLegacyEmitterTime": false,
      "EmitterDuration": 0.2,
      "EmitterLoops": 1,
      "SpawnRate": {
        "Distribution": {
          "ObjectName": "DistributionFloatConstant'P_Athena_BigBush_Enter:ParticleModuleRequired_0.RequiredDistributionSpawnRate'",
          "ObjectPath": "FortniteGame/Content/Athena/Apollo/Environments/BuildingActors/Foliage/P_Athena_BigBush_Enter.0"
        }
      },
      "InterpolationMethod": "PSUVIM_Linear_Blend",
      "SubImages_Horizontal": 8,
      "SubImages_Vertical": 8,
      "RandomImageTime": 1.0,
      "bEnabled": false,
      "LODValidity": 7
    }
  },
  {
    "Type": "ParticleModuleRequired",
    "Name": "ParticleModuleRequired_3",
    "Outer": "P_Athena_BigBush_Enter",
    "Class": "UScriptClass'ParticleModuleRequired'",
    "Properties": {
      "Material": {
        "ObjectName": "MaterialInstanceConstant'M_Tree_Leaf_v2'",
        "ObjectPath": "FortniteGame/Content/Effects/Fort_Effects/World/Destruction/Trees/M_Tree_Leaf_v2.0"
      },
      "bKillOnCompleted": true,
      "bUseLegacyEmitterTime": false,
      "EmitterDuration": 0.2,
      "EmitterLoops": 1,
      "SpawnRate": {
        "Distribution": {
          "ObjectName": "DistributionFloatConstant'P_Athena_BigBush_Enter:ParticleModuleRequired_3.RequiredDistributionSpawnRate'",
          "ObjectPath": "FortniteGame/Content/Athena/Apollo/Environments/BuildingActors/Foliage/P_Athena_BigBush_Enter.1"
        }
      },
      "RandomImageTime": 1.0,
      "bEnabled": false,
      "LODValidity": 7
    }
  },
  {
    "Type": "ParticleModuleRequired",
    "Name": "ParticleModuleRequired_7",
    "Outer": "P_Athena_BigBush_Enter",
    "Class": "UScriptClass'ParticleModuleRequired'",
    "Properties": {
      "Material": {
        "ObjectName": "MaterialInstanceConstant'MI_Tree_Branch'",
        "ObjectPath": "FortniteGame/Content/Effects/Fort_Effects/World/Destruction/Trees/MI_Tree_Branch.0"
      },
      "bKillOnCompleted": true,
      "bUseLegacyEmitterTime": false,
      "EmitterDuration": 0.2,
      "EmitterLoops": 1,
      "SpawnRate": {
        "Distribution": {
          "ObjectName": "DistributionFloatConstant'P_Athena_BigBush_Enter:ParticleModuleRequired_7.RequiredDistributionSpawnRate'",
          "ObjectPath": "FortniteGame/Content/Athena/Apollo/Environments/BuildingActors/Foliage/P_Athena_BigBush_Enter.2"
        }
      },
      "RandomImageTime": 1.0,
      "bEnabled": false,
      "LODValidity": 7
    }
  },
  {
    "Type": "ParticleModuleRotation",
    "Name": "ParticleModuleRotation_0",
    "Outer": "P_Athena_BigBush_Enter",
    "Class": "UScriptClass'ParticleModuleRotation'",
    "Properties": {
      "StartRotation": {
        "MaxValue": 1.0,
        "Distribution": null,
        "Table": {
          "Op": 2,
          "EntryCount": 1,
          "EntryStride": 2,
          "SubEntryStride": 1,
          "Values": [
            0.0,
            1.0
          ]
        }
      },
      "LODValidity": 7
    }
  },
  {
    "Type": "ParticleModuleRotationRate",
    "Name": "ParticleModuleRotationRate_0",
    "Outer": "P_Athena_BigBush_Enter",
    "Class": "UScriptClass'ParticleModuleRotationRate'",
    "Properties": {
      "StartRotationRate": {
        "MinValue": -1.0,
        "MaxValue": 1.0,
        "Distribution": null,
        "Table": {
          "Op": 2,
          "EntryCount": 1,
          "EntryStride": 2,
          "SubEntryStride": 1,
          "Values": [
            -1.0,
            1.0
          ]
        }
      },
      "LODValidity": 7
    }
  },
  {
    "Type": "ParticleModuleSize",
    "Name": "ParticleModuleSize_0",
    "Outer": "P_Athena_BigBush_Enter",
    "Class": "UScriptClass'ParticleModuleSize'",
    "Properties": {
      "StartSize": {
        "MinValue": 8.0,
        "MaxValue": 14.0,
        "MinValueVec": {
          "X": 8.0,
          "Y": 0.0,
          "Z": 0.0
        },
        "MaxValueVec": {
          "X": 14.0,
          "Y": 0.0,
          "Z": 0.0
        },
        "Distribution": null,
        "Table": {
          "Op": 2,
          "EntryCount": 1,
          "EntryStride": 6,
          "SubEntryStride": 3,
          "Values": [
            8.0,
            8.0,
            8.0,
            14.0,
            14.0,
            14.0
          ],
          "LockFlag": 4
        }
      },
      "LODValidity": 7
    }
  },
  {
    "Type": "ParticleModuleSize",
    "Name": "ParticleModuleSize_3",
    "Outer": "P_Athena_BigBush_Enter",
    "Class": "UScriptClass'ParticleModuleSize'",
    "Properties": {
      "StartSize": {
        "MinValue": 0.2,
        "MaxValue": 0.3,
        "MinValueVec": {
          "X": 0.2,
          "Y": 0.2,
          "Z": 0.2
        },
        "MaxValueVec": {
          "X": 0.3,
          "Y": 0.3,
          "Z": 0.3
        },
        "Distribution": null,
        "Table": {
          "Op": 3,
          "EntryCount": 1,
          "EntryStride": 6,
          "SubEntryStride": 3,
          "Values": [
            0.2,
            0.2,
            0.2,
            0.3,
            0.3,
            0.3
          ]
        }
      },
      "LODValidity": 7
    }
  },
  {
    "Type": "ParticleModuleSize",
    "Name": "ParticleModuleSize_8",
    "Outer": "P_Athena_BigBush_Enter",
    "Class": "UScriptClass'ParticleModuleSize'",
    "Properties": {
      "StartSize": {
        "MinValue": 0.5,
        "MaxValue": 1.0,
        "MinValueVec": {
          "X": 0.5,
          "Y": 0.5,
          "Z": 0.5
        },
        "MaxValueVec": {
          "X": 1.0,
          "Y": 1.0,
          "Z": 1.0
        },
        "Distribution": null,
        "Table": {
          "Op": 2,
          "EntryCount": 1,
          "EntryStride": 6,
          "SubEntryStride": 3,
          "Values": [
            0.5,
            0.5,
            0.5,
            1.0,
            1.0,
            1.0
          ]
        }
      },
      "LODValidity": 7
    }
  },
  {
    "Type": "ParticleModuleSizeMultiplyLife",
    "Name": "ParticleModuleSizeMultiplyLife_2",
    "Outer": "P_Athena_BigBush_Enter",
    "Class": "UScriptClass'ParticleModuleSizeMultiplyLife'",
    "Properties": {
      "LifeMultiplier": {
        "MaxValue": 1.0135446,
        "MaxValueVec": {
          "X": 1.0135446,
          "Y": 1.0135446,
          "Z": 1.0135446
        },
        "Distribution": null,
        "Table": {
          "Op": 1,
          "EntryCount": 64,
          "EntryStride": 3,
          "TimeScale": 62.999996,
          "Values": [
            0.0,
            0.0,
            0.0,
            0.35695526,
            0.35695526,
            0.35695526,
            0.6673202,
            0.6673202,
            0.6673202,
            0.8932107,
            0.8932107,
            0.8932107,
            0.9971858,
            0.9971858,
            0.9971858,
            1.0016733,
            1.0016733,
            1.0016733,
            1.0027131,
            1.0027131,
            1.0027131,
            1.0036913,
            1.0036913,
            1.0036913,
            1.0046102,
            1.0046102,
            1.0046102,
            1.005471,
            1.005471,
            1.005471,
            1.0062762,
            1.0062762,
            1.0062762,
            1.0070271,
            1.0070271,
            1.0070271,
            1.007726,
            1.007726,
            1.007726,
            1.0083742,
            1.0083742,
            1.0083742,
            1.0089738,
            1.0089738,
            1.0089738,
            1.0095266,
            1.0095266,
            1.0095266,
            1.0100343,
            1.0100343,
            1.0100343,
            1.010499,
            1.010499,
            1.010499,
            1.0109221,
            1.0109221,
            1.0109221,
            1.0113057,
            1.0113057,
            1.0113057,
            1.0116515,
            1.0116515,
            1.0116515,
            1.0119613,
            1.0119613,
            1.0119613,
            1.0122371,
            1.0122371,
            1.0122371,
            1.0124805,
            1.0124805,
            1.0124805,
            1.0126935,
            1.0126935,
            1.0126935,
            1.0128776,
            1.0128776,
            1.0128776,
            1.013035,
            1.013035,
            1.013035,
            1.0131673,
            1.0131673,
            1.0131673,
            1.0132763,
            1.0132763,
            1.0132763,
            1.013364,
            1.013364,
            1.013364,
            1.0134319,
            1.0134319,
            1.0134319,
            1.0134821,
            1.0134821,
            1.0134821,
            1.0135163,
            1.0135163,
            1.0135163,
            1.0135365,
            1.0135365,
            1.0135365,
            1.0135441,
            1.0135441,
            1.0135441,
            1.0135412,
            1.0135412,
            1.0135412,
            1.0135297,
            1.0135297,
            1.0135297,
            1.0135111,
            1.0135111,
            1.0135111,
            1.0134876,
            1.0134876,
            1.0134876,
            1.0134606,
            1.0134606,
            1.0134606,
            1.0134323,
            1.0134323,
            1.0134323,
            1.0134044,
            1.0134044,
            1.0134044,
            1.0133785,
            1.0133785,
            1.0133785,
            1.0133566,
            1.0133566,
            1.0133566,
            1.0133406,
            1.0133406,
            1.0133406,
            1.013332,
            1.013332,
            1.013332,
            1.0096303,
            1.0096303,
            1.0096303,
            0.9898302,
            0.9898302,
            0.9898302,
            0.9538954,
            0.9538954,
            0.9538954,
            0.9040637,
            0.9040637,
            0.9040637,
            0.8425716,
            0.8425716,
            0.8425716,
            0.7716569,
            0.7716569,
            0.7716569,
            0.6935557,
            0.6935557,
            0.6935557,
            0.61050636,
            0.61050636,
            0.61050636,
            0.5247451,
            0.5247451,
            0.5247451,
            0.43850976,
            0.43850976,
            0.43850976,
            0.35403672,
            0.35403672,
            0.35403672,
            0.2735638,
            0.2735638,
            0.2735638,
            0.19932744,
            0.19932744,
            0.19932744,
            0.13356552,
            0.13356552,
            0.13356552,
            0.078514375,
            0.078514375,
            0.078514375,
            0.03641181,
            0.03641181,
            0.03641181,
            0.009494757,
            0.009494757,
            0.009494757,
            0.0,
            0.0,
            0.0
          ]
        }
      },
      "LODValidity": 7
    }
  },
  {
    "Type": "ParticleModuleSizeMultiplyLife",
    "Name": "ParticleModuleSizeMultiplyLife_6",
    "Outer": "P_Athena_BigBush_Enter",
    "Class": "UScriptClass'ParticleModuleSizeMultiplyLife'",
    "Properties": {
      "LifeMultiplier": {
        "MaxValue": 1.0133309,
        "MaxValueVec": {
          "X": 1.0133309,
          "Y": 1.0133309,
          "Z": 1.0133309
        },
        "Distribution": null,
        "Table": {
          "Op": 1,
          "EntryCount": 64,
          "EntryStride": 3,
          "TimeScale": 62.999996,
          "Values": [
            0.0,
            0.0,
            0.0,
            0.23951437,
            0.23951437,
            0.23951437,
            0.47902873,
            0.47902873,
            0.47902873,
            0.7185432,
            0.7185432,
            0.7185432,
            0.9537048,
            0.9537048,
            0.9537048,
            1.0007876,
            1.0007876,
            1.0007876,
            1.0008442,
            1.0008442,
            1.0008442,
            1.0009413,
            1.0009413,
            1.0009413,
            1.0010766,
            1.0010766,
            1.0010766,
            1.0012479,
            1.0012479,
            1.0012479,
            1.0014532,
            1.0014532,
            1.0014532,
            1.0016903,
            1.0016903,
            1.0016903,
            1.0019569,
            1.0019569,
            1.0019569,
            1.002251,
            1.002251,
            1.002251,
            1.0025706,
            1.0025706,
            1.0025706,
            1.0029134,
            1.0029134,
            1.0029134,
            1.0032771,
            1.0032771,
            1.0032771,
            1.0036597,
            1.0036597,
            1.0036597,
            1.0040592,
            1.0040592,
            1.0040592,
            1.0044732,
            1.0044732,
            1.0044732,
            1.0048997,
            1.0048997,
            1.0048997,
            1.0053364,
            1.0053364,
            1.0053364,
            1.0057814,
            1.0057814,
            1.0057814,
            1.0062324,
            1.0062324,
            1.0062324,
            1.0066873,
            1.0066873,
            1.0066873,
            1.0071437,
            1.0071437,
            1.0071437,
            1.0075998,
            1.0075998,
            1.0075998,
            1.0080534,
            1.0080534,
            1.0080534,
            1.0085021,
            1.0085021,
            1.0085021,
            1.008944,
            1.008944,
            1.008944,
            1.009377,
            1.009377,
            1.009377,
            1.0097985,
            1.0097985,
            1.0097985,
            1.0102069,
            1.0102069,
            1.0102069,
            1.0106,
            1.0106,
            1.0106,
            1.0109751,
            1.0109751,
            1.0109751,
            1.0113307,
            1.0113307,
            1.0113307,
            1.0116643,
            1.0116643,
            1.0116643,
            1.0119739,
            1.0119739,
            1.0119739,
            1.0122571,
            1.0122571,
            1.0122571,
            1.0125121,
            1.0125121,
            1.0125121,
            1.0127366,
            1.0127366,
            1.0127366,
            1.0129284,
            1.0129284,
            1.0129284,
            1.0130854,
            1.0130854,
            1.0130854,
            1.0132053,
            1.0132053,
            1.0132053,
            1.0132864,
            1.0132864,
            1.0132864,
            1.013326,
            1.013326,
            1.013326,
            1.0096303,
            1.0096303,
            1.0096303,
            0.9898302,
            0.9898302,
            0.9898302,
            0.9538954,
            0.9538954,
            0.9538954,
            0.9040637,
            0.9040637,
            0.9040637,
            0.8425716,
            0.8425716,
            0.8425716,
            0.7716569,
            0.7716569,
            0.7716569,
            0.6935557,
            0.6935557,
            0.6935557,
            0.61050636,
            0.61050636,
            0.61050636,
            0.5247451,
            0.5247451,
            0.5247451,
            0.43850976,
            0.43850976,
            0.43850976,
            0.35403672,
            0.35403672,
            0.35403672,
            0.2735638,
            0.2735638,
            0.2735638,
            0.19932744,
            0.19932744,
            0.19932744,
            0.13356552,
            0.13356552,
            0.13356552,
            0.078514375,
            0.078514375,
            0.078514375,
            0.03641181,
            0.03641181,
            0.03641181,
            0.009494757,
            0.009494757,
            0.009494757,
            0.0,
            0.0,
            0.0
          ]
        }
      },
      "LODValidity": 7
    }
  },
  {
    "Type": "ParticleModuleSpawn",
    "Name": "ParticleModuleSpawn_17",
    "Outer": "P_Athena_BigBush_Enter",
    "Class": "UScriptClass'ParticleModuleSpawn'",
    "Properties": {
      "Rate": {
        "MinValue": 6.0,
        "MaxValue": 6.0,
        "Distribution": null,
        "Table": {
          "Op": 1,
          "EntryCount": 1,
          "EntryStride": 1,
          "Values": [
            6.0
          ]
        }
      },
      "RateScale": {
        "MinValue": 1.0,
        "MaxValue": 1.0,
        "Distribution": null,
        "Table": {
          "Op": 1,
          "EntryCount": 1,
          "EntryStride": 1,
          "Values": [
            1.0
          ]
        }
      },
      "BurstList": [
        {
          "Count": 4,
          "CountLow": 2,
          "Time": 0.0
        }
      ],
      "BurstScale": {
        "MinValue": 1.0,
        "MaxValue": 1.0,
        "Distribution": null,
        "Table": {
          "Op": 1,
          "EntryCount": 1,
          "EntryStride": 1,
          "Values": [
            1.0
          ]
        }
      },
      "bApplyGlobalSpawnRateScale": false,
      "LODValidity": 7
    }
  },
  {
    "Type": "ParticleModuleSpawn",
    "Name": "ParticleModuleSpawn_3",
    "Outer": "P_Athena_BigBush_Enter",
    "Class": "UScriptClass'ParticleModuleSpawn'",
    "Properties": {
      "Rate": {
        "MinValue": 100.0,
        "MaxValue": 100.0,
        "Distribution": null,
        "Table": {
          "Op": 1,
          "EntryCount": 1,
          "EntryStride": 1,
          "Values": [
            100.0
          ]
        }
      },
      "RateScale": {
        "MinValue": 1.0,
        "MaxValue": 1.0,
        "Distribution": null,
        "Table": {
          "Op": 1,
          "EntryCount": 1,
          "EntryStride": 1,
          "Values": [
            1.0
          ]
        }
      },
      "BurstList": [
        {
          "Count": 25,
          "CountLow": -1,
          "Time": 0.0
        }
      ],
      "BurstScale": {
        "MinValue": 1.0,
        "MaxValue": 1.0,
        "Distribution": null,
        "Table": {
          "Op": 1,
          "EntryCount": 1,
          "EntryStride": 1,
          "Values": [
            1.0
          ]
        }
      },
      "LODValidity": 7
    }
  },
  {
    "Type": "ParticleModuleSpawn",
    "Name": "ParticleModuleSpawn_4",
    "Outer": "P_Athena_BigBush_Enter",
    "Class": "UScriptClass'ParticleModuleSpawn'",
    "Properties": {
      "Rate": {
        "MinValue": 30.0,
        "MaxValue": 30.0,
        "Distribution": null,
        "Table": {
          "Op": 1,
          "EntryCount": 1,
          "EntryStride": 1,
          "Values": [
            30.0
          ]
        }
      },
      "RateScale": {
        "MinValue": 1.0,
        "MaxValue": 1.0,
        "Distribution": null,
        "Table": {
          "Op": 1,
          "EntryCount": 1,
          "EntryStride": 1,
          "Values": [
            1.0
          ]
        }
      },
      "BurstList": [
        {
          "Count": 25,
          "CountLow": 10,
          "Time": 0.0
        }
      ],
      "BurstScale": {
        "MinValue": 1.0,
        "MaxValue": 1.0,
        "Distribution": null,
        "Table": {
          "Op": 1,
          "EntryCount": 1,
          "EntryStride": 1,
          "Values": [
            1.0
          ]
        }
      },
      "LODValidity": 7
    }
  },
  {
    "Type": "ParticleModuleSubUV",
    "Name": "ParticleModuleSubUV_1",
    "Outer": "P_Athena_BigBush_Enter",
    "Class": "UScriptClass'ParticleModuleSubUV'",
    "Properties": {
      "SubImageIndex": {
        "MaxValue": 63.0,
        "Distribution": null,
        "Table": {
          "Op": 1,
          "EntryCount": 2,
          "EntryStride": 1,
          "TimeScale": 1.0,
          "Values": [
            0.0,
            63.0
          ]
        }
      },
      "LODValidity": 7
    }
  },
  {
    "Type": "ParticleModuleTypeDataMesh",
    "Name": "ParticleModuleTypeDataMesh_1",
    "Outer": "P_Athena_BigBush_Enter",
    "Class": "UScriptClass'ParticleModuleTypeDataMesh'",
    "Properties": {
      "Mesh": {
        "ObjectName": "StaticMesh'S_Tree_Leaf'",
        "ObjectPath": "FortniteGame/Content/Effects/Fort_Effects/World/Destruction/Trees/S_Tree_Leaf.1"
      },
      "RollPitchYawRange": {
        "Distribution": null,
        "Table": {
          "Op": 1,
          "EntryCount": 1,
          "EntryStride": 3,
          "Values": [
            0.0,
            0.0,
            0.0
          ]
        }
      },
      "bCollisionsConsiderPartilceSize": false,
      "LODValidity": 7
    }
  },
  {
    "Type": "ParticleModuleTypeDataMesh",
    "Name": "ParticleModuleTypeDataMesh_4",
    "Outer": "P_Athena_BigBush_Enter",
    "Class": "UScriptClass'ParticleModuleTypeDataMesh'",
    "Properties": {
      "Mesh": {
        "ObjectName": "StaticMesh'S_Tree_Branch_01'",
        "ObjectPath": "FortniteGame/Content/Effects/Fort_Effects/World/Destruction/Trees/S_Tree_Branch_01.1"
      },
      "RollPitchYawRange": {
        "Distribution": null,
        "Table": {
          "Op": 1,
          "EntryCount": 1,
          "EntryStride": 3,
          "Values": [
            0.0,
            0.0,
            0.0
          ]
        }
      },
      "bCollisionsConsiderPartilceSize": false,
      "LODValidity": 7
    }
  },
  {
    "Type": "ParticleModuleVelocity",
    "Name": "ParticleModuleVelocity_2",
    "Outer": "P_Athena_BigBush_Enter",
    "Class": "UScriptClass'ParticleModuleVelocity'",
    "Properties": {
      "StartVelocity": {
        "MinValue": -10.0,
        "MaxValue": 100.0,
        "MinValueVec": {
          "X": -10.0,
          "Y": -10.0,
          "Z": 50.0
        },
        "MaxValueVec": {
          "X": 10.0,
          "Y": 10.0,
          "Z": 100.0
        },
        "Distribution": null,
        "Table": {
          "Op": 2,
          "EntryCount": 1,
          "EntryStride": 6,
          "SubEntryStride": 3,
          "Values": [
            -10.0,
            -10.0,
            50.0,
            10.0,
            10.0,
            100.0
          ]
        }
      },
      "StartVelocityRadial": {
        "Distribution": null,
        "Table": {
          "Op": 1,
          "EntryCount": 1,
          "EntryStride": 1,
          "Values": [
            0.0
          ]
        }
      },
      "LODValidity": 7
    }
  },
  {
    "Type": "ParticleModuleVelocityInheritParent",
    "Name": "ParticleModuleVelocityInheritParent_0",
    "Outer": "P_Athena_BigBush_Enter",
    "Class": "UScriptClass'ParticleModuleVelocityInheritParent'",
    "Properties": {
      "Scale": {
        "MinValue": -1.25,
        "MaxValue": -1.25,
        "MinValueVec": {
          "X": -1.25,
          "Y": -1.25,
          "Z": -1.25
        },
        "MaxValueVec": {
          "X": -1.25,
          "Y": -1.25,
          "Z": -1.25
        },
        "Distribution": null,
        "Table": {
          "Op": 1,
          "EntryCount": 1,
          "EntryStride": 3,
          "Values": [
            -1.25,
            -1.25,
            -1.25
          ]
        }
      },
      "bInWorldSpace": true,
      "LODValidity": 7
    }
  },
  {
    "Type": "ParticleModuleVelocityInheritParent",
    "Name": "ParticleModuleVelocityInheritParent_1",
    "Outer": "P_Athena_BigBush_Enter",
    "Class": "UScriptClass'ParticleModuleVelocityInheritParent'",
    "Properties": {
      "Scale": {
        "MinValue": -0.75,
        "MaxValue": -0.75,
        "MinValueVec": {
          "X": -0.75,
          "Y": 0.0,
          "Z": 0.0
        },
        "MaxValueVec": {
          "X": -0.75,
          "Y": 0.0,
          "Z": 0.0
        },
        "Distribution": null,
        "Table": {
          "Op": 1,
          "EntryCount": 1,
          "EntryStride": 3,
          "Values": [
            -0.75,
            -0.75,
            -0.75
          ]
        }
      },
      "bInWorldSpace": true,
      "LODValidity": 7
    }
  },
  {
    "Type": "ParticleSpriteEmitter",
    "Name": "ParticleSpriteEmitter_0",
    "Outer": "P_Athena_BigBush_Enter",
    "Class": "UScriptClass'ParticleSpriteEmitter'",
    "Properties": {
      "EmitterName": "Leaf",
      "SignificanceLevel": "EParticleSignificanceLevel::High",
      "bUseLegacySpawningBehavior": true,
      "LODLevels": [
        {
          "ObjectName": "ParticleLODLevel'P_Athena_BigBush_Enter:ParticleSpriteEmitter_0.ParticleLODLevel_0'",
          "ObjectPath": "FortniteGame/Content/Athena/Apollo/Environments/BuildingActors/Foliage/P_Athena_BigBush_Enter.3"
        },
        {
          "ObjectName": "ParticleLODLevel'P_Athena_BigBush_Enter:ParticleSpriteEmitter_0.ParticleLODLevel_1'",
          "ObjectPath": "FortniteGame/Content/Athena/Apollo/Environments/BuildingActors/Foliage/P_Athena_BigBush_Enter.4"
        },
        {
          "ObjectName": "ParticleLODLevel'P_Athena_BigBush_Enter:ParticleSpriteEmitter_0.ParticleLODLevel_2'",
          "ObjectPath": "FortniteGame/Content/Athena/Apollo/Environments/BuildingActors/Foliage/P_Athena_BigBush_Enter.5"
        }
      ],
      "QualityLevelSpawnRateScale": 0.5,
      "DetailModeBitmask": 7
    }
  },
  {
    "Type": "ParticleSpriteEmitter",
    "Name": "ParticleSpriteEmitter_2",
    "Outer": "P_Athena_BigBush_Enter",
    "Class": "UScriptClass'ParticleSpriteEmitter'",
    "Properties": {
      "EmitterName": "Branch",
      "SignificanceLevel": "EParticleSignificanceLevel::High",
      "bUseLegacySpawningBehavior": true,
      "LODLevels": [
        {
          "ObjectName": "ParticleLODLevel'P_Athena_BigBush_Enter:ParticleSpriteEmitter_2.ParticleLODLevel_0'",
          "ObjectPath": "FortniteGame/Content/Athena/Apollo/Environments/BuildingActors/Foliage/P_Athena_BigBush_Enter.6"
        },
        {
          "ObjectName": "ParticleLODLevel'P_Athena_BigBush_Enter:ParticleSpriteEmitter_2.ParticleLODLevel_1'",
          "ObjectPath": "FortniteGame/Content/Athena/Apollo/Environments/BuildingActors/Foliage/P_Athena_BigBush_Enter.7"
        },
        {
          "ObjectName": "ParticleLODLevel'P_Athena_BigBush_Enter:ParticleSpriteEmitter_2.ParticleLODLevel_2'",
          "ObjectPath": "FortniteGame/Content/Athena/Apollo/Environments/BuildingActors/Foliage/P_Athena_BigBush_Enter.8"
        }
      ],
      "DetailModeBitmask": 6
    }
  },
  {
    "Type": "ParticleSpriteEmitter",
    "Name": "ParticleSpriteEmitter_3",
    "Outer": "P_Athena_BigBush_Enter",
    "Class": "UScriptClass'ParticleSpriteEmitter'",
    "Properties": {
      "SignificanceLevel": "EParticleSignificanceLevel::Medium",
      "LODLevels": [
        {
          "ObjectName": "ParticleLODLevel'P_Athena_BigBush_Enter:ParticleSpriteEmitter_3.ParticleLODLevel_0'",
          "ObjectPath": "FortniteGame/Content/Athena/Apollo/Environments/BuildingActors/Foliage/P_Athena_BigBush_Enter.9"
        },
        {
          "ObjectName": "ParticleLODLevel'P_Athena_BigBush_Enter:ParticleSpriteEmitter_3.ParticleLODLevel_1'",
          "ObjectPath": "FortniteGame/Content/Athena/Apollo/Environments/BuildingActors/Foliage/P_Athena_BigBush_Enter.10"
        },
        {
          "ObjectName": "ParticleLODLevel'P_Athena_BigBush_Enter:ParticleSpriteEmitter_3.ParticleLODLevel_2'",
          "ObjectPath": "FortniteGame/Content/Athena/Apollo/Environments/BuildingActors/Foliage/P_Athena_BigBush_Enter.11"
        }
      ],
      "DetailModeBitmask": 6
    }
  },
  {
    "Type": "ParticleSystem",
    "Name": "P_Athena_BigBush_Enter",
    "Class": "UScriptClass'ParticleSystem'",
    "Properties": {
      "Emitters": [
        {
          "ObjectName": "ParticleSpriteEmitter'P_Athena_BigBush_Enter:ParticleSpriteEmitter_0'",
          "ObjectPath": "FortniteGame/Content/Athena/Apollo/Environments/BuildingActors/Foliage/P_Athena_BigBush_Enter.49"
        },
        {
          "ObjectName": "ParticleSpriteEmitter'P_Athena_BigBush_Enter:ParticleSpriteEmitter_2'",
          "ObjectPath": "FortniteGame/Content/Athena/Apollo/Environments/BuildingActors/Foliage/P_Athena_BigBush_Enter.50"
        },
        {
          "ObjectName": "ParticleSpriteEmitter'P_Athena_BigBush_Enter:ParticleSpriteEmitter_3'",
          "ObjectPath": "FortniteGame/Content/Athena/Apollo/Environments/BuildingActors/Foliage/P_Athena_BigBush_Enter.51"
        }
      ],
      "CurveEdSetup": null,
      "LODMethod": "PARTICLESYSTEMLODMETHOD_ActivateAutomatic",
      "LODDistances": [
        0.0,
        2500.0,
        6000.0
      ],
      "LODSettings": [
        {},
        {},
        {}
      ],
      "bUseFixedRelativeBoundingBox": true,
      "FixedRelativeBoundingBox": {
        "Min": {
          "X": -300.0,
          "Y": -300.0,
          "Z": -300.0
        },
        "Max": {
          "X": 300.0,
          "Y": 300.0,
          "Z": 300.0
        },
        "IsValid": 1
      },
      "bShouldResetPeakCounts": true,
      "CustomOcclusionBounds": {
        "Min": {
          "X": 0.0,
          "Y": 0.0,
          "Z": 0.0
        },
        "Max": {
          "X": 0.0,
          "Y": 0.0,
          "Z": 0.0
        },
        "IsValid": 1
      }
    }
  }
]