[
  {
    "Type": "BlueprintGeneratedClass",
    "Name": "Apollo_Boardwalk_QuarterWallS_C",
    "Class": "UScriptClass'BlueprintGeneratedClass'",
    "Super": {
      "ObjectName": "BlueprintGeneratedClass'Parent_BuildingPropWall_C'",
      "ObjectPath": "FortniteGame/Content/Building/ActorBlueprints/Wall/Parent_BuildingPropWall.0"
    },
    "Properties": {
      "SimpleConstructionScript": {
        "ObjectName": "SimpleConstructionScript'Apollo_Boardwalk_QuarterWallS_C:SimpleConstructionScript_297__DDD58EB2'",
        "ObjectPath": "FortniteGame/Content/Athena/Apollo/Environments/BuildingActors/Wood/Boardwalk/Walls/Apollo_Boardwalk_QuarterWallS.4"
      }
    },
    "SuperStruct": {
      "ObjectName": "BlueprintGeneratedClass'Parent_BuildingPropWall_C'",
      "ObjectPath": "FortniteGame/Content/Building/ActorBlueprints/Wall/Parent_BuildingPropWall.0"
    }
  },
  {
    "Type": "Apollo_Boardwalk_QuarterWallS_C",
    "Name": "Default__Apollo_Boardwalk_QuarterWallS_C",
    "Class": "BlueprintGeneratedClass'FortniteGame/Content/Athena/Apollo/Environments/BuildingActors/Wood/Boardwalk/Walls/Apollo_Boardwalk_QuarterWallS.Apollo_Boardwalk_QuarterWallS_C'",
    "Template": {
      "ObjectName": "Parent_BuildingPropWall_C'Default__Parent_BuildingPropWall_C'",
      "ObjectPath": "FortniteGame/Content/Building/ActorBlueprints/Wall/Parent_BuildingPropWall.1"
    },
    "Properties": {
      "StaticMesh": {
        "ObjectName": "StaticMesh'Apollo_Boardwalk_QuarterWallS'",
        "ObjectPath": "FortniteGame/Content/Environments/Apollo/Wood/Boardwalk/Meshes/Apollo_Boardwalk_QuarterWallS.1"
      },
      "ResourceType": "EFortResourceType::Wood",
      "StaticMeshComponent": {
        "ObjectName": "StaticMeshComponent'Default__Apollo_Boardwalk_QuarterWallS_C:StaticMeshComponent0'",
        "ObjectPath": "FortniteGame/Content/Athena/Apollo/Environments/BuildingActors/Wood/Boardwalk/Walls/Apollo_Boardwalk_QuarterWallS.5"
      },
      "BuildingResourceAmountOverride": {
        "CurveTable": {
          "ObjectName": "CurveTable'AthenaResourceRates'",
          "ObjectPath": "FortniteGame/Content/Athena/Balance/DataTables/AthenaResourceRates.0"
        },
        "RowName": "LDBuildingNormal"
      },
      "DeathParticles": {
        "ObjectName": "ParticleSystem'P_Destruction_Wall_Half_wood'",
        "ObjectPath": "FortniteGame/Content/Effects/Fort_Effects/PBW/Destruction/P_Destruction_Wall_Half_wood.149"
      },
      "DeathParticleSocketName": "death_particles",
      "EditModePatternData": {
        "ObjectName": "BuildingEditModeMetadata_Wall'EMP_Wall_QuarterWallS'",
        "ObjectPath": "FortniteGame/Content/Building/EditModePatterns/Wall/EMP_Wall_QuarterWallS.0"
      },
      "BuildingAttachmentType": "ATTACH_WallThenFloor",
      "AreaClass": {
        "AssetPathName": "/Game/Building/NavigationAreas/FortMetaNavWallAreaDef.FortMetaNavWallAreaDef_C",
        "SubPathString": ""
      },
      "AttributeInitKeys": {
        "AttributeInitCategory": "BuildingWood",
        "AttributeInitSubCategory": "1"
      },
      "AttributeInitKeys": {
        "AttributeInitCategory": "BuildingWood",
        "AttributeInitSubCategory": "1"
      },
      "CentroidOffset": {
        "X": 0.0,
        "Y": 0.0,
        "Z": 48.0
      },
      "RootComponent": {
        "ObjectName": "StaticMeshComponent'Default__Apollo_Boardwalk_QuarterWallS_C:StaticMeshComponent0'",
        "ObjectPath": "FortniteGame/Content/Athena/Apollo/Environments/BuildingActors/Wood/Boardwalk/Walls/Apollo_Boardwalk_QuarterWallS.5"
      }
    }
  },
  {
    "Type": "SceneComponent",
    "Name": "SceneComponent_110",
    "Outer": "Apollo_Boardwalk_QuarterWallS_C",
    "Class": "UScriptClass'SceneComponent'"
  },
  {
    "Type": "SCS_Node",
    "Name": "SCS_Node_115",
    "Outer": "SimpleConstructionScript_297__DDD58EB2",
    "Class": "UScriptClass'SCS_Node'",
    "Properties": {
      "ComponentClass": {
        "ObjectName": "Class'SceneComponent'",
        "ObjectPath": "/Script/Engine"
      },
      "ComponentTemplate": {
        "ObjectName": "SceneComponent'Apollo_Boardwalk_QuarterWallS_C:SceneComponent_110'",
        "ObjectPath": "FortniteGame/Content/Athena/Apollo/Environments/BuildingActors/Wood/Boardwalk/Walls/Apollo_Boardwalk_QuarterWallS.2"
      },
      "VariableGuid": "56BC9799-C494E6E6-321D4295-7D5EB316",
      "InternalVariableName": "DefaultSceneRoot"
    }
  },
  {
    "Type": "SimpleConstructionScript",
    "Name": "SimpleConstructionScript_297__DDD58EB2",
    "Outer": "Apollo_Boardwalk_QuarterWallS_C",
    "Class": "UScriptClass'SimpleConstructionScript'",
    "Properties": {
      "DefaultSceneRootNode": {
        "ObjectName": "SCS_Node'Apollo_Boardwalk_QuarterWallS_C:SimpleConstructionScript_297__DDD58EB2.SCS_Node_115'",
        "ObjectPath": "FortniteGame/Content/Athena/Apollo/Environments/BuildingActors/Wood/Boardwalk/Walls/Apollo_Boardwalk_QuarterWallS.3"
      }
    }
  },
  {
    "Type": "StaticMeshComponent",
    "Name": "StaticMeshComponent0",
    "Outer": "Default__Apollo_Boardwalk_QuarterWallS_C",
    "Class": "UScriptClass'StaticMeshComponent'",
    "Template": {
      "ObjectName": "StaticMeshComponent'Default__Parent_BuildingPropWall_C:StaticMeshComponent0'",
      "ObjectPath": "FortniteGame/Content/Building/ActorBlueprints/Wall/Parent_BuildingPropWall.5"
    },
    "Properties": {
      "StaticMesh": {
        "ObjectName": "StaticMesh'Apollo_Boardwalk_QuarterWallS'",
        "ObjectPath": "FortniteGame/Content/Environments/Apollo/Wood/Boardwalk/Meshes/Apollo_Boardwalk_QuarterWallS.1"
      },
      "CanCharacterStepUpOn": "ECB_Yes",
      "BodyInstance": {
        "bAutoWeld": false
      }
    }
  }
]