[
  {
    "Type": "BodySetup",
    "Name": "BodySetup_1",
    "Outer": "SM_NewRoadbridgeMain_Metal",
    "Class": "UScriptClass'BodySetup'",
    "Properties": {
      "AggGeom": {
        "ConvexElems": [
          {
            "VertexData": [
              {
                "X": 1024.1007,
                "Y": 996.85223,
                "Z": -128.64763
              },
              {
                "X": 1024.1007,
                "Y": 27.06488,
                "Z": -128.56482
              },
              {
                "X": 1024.1007,
                "Y": -0.11242554,
                "Z": -101.38744
              },
              {
                "X": 1024.1007,
                "Y": -0.11242683,
                "Z": 6.0
              },
              {
                "X": 1024.1007,
                "Y": 1024.125,
                "Z": 5.9375
              },
              {
                "X": 1024.1007,
                "Y": 1024.125,
                "Z": -101.37491
              },
              {
                "X": -0.10061035,
                "Y": 27.147644,
                "Z": -128.64763
              },
              {
                "X": -0.10061035,
                "Y": 996.9352,
                "Z": -128.56482
              },
              {
                "X": -0.10061035,
                "Y": 1024.125,
                "Z": -101.37498
              },
              {
                "X": -0.10061035,
                "Y": 1024.125,
                "Z": 6.0
              },
              {
                "X": -0.10061035,
                "Y": -0.11242668,
                "Z": 5.9375
              },
              {
                "X": -0.10061035,
                "Y": -0.11242797,
                "Z": -101.387566
              },
              {
                "X": -0.11280489,
                "Y": 1024.0625,
                "Z": 5.9203453
              },
              {
                "X": 1024.125,
                "Y": 27.1501,
                "Z": -128.64996
              },
              {
                "X": -0.11278137,
                "Y": 996.8499,
                "Z": -128.64996
              }
            ],
            "ElemBox": {
              "Min": {
                "X": -0.11280489,
                "Y": -0.11242797,
                "Z": -128.64996
              },
              "Max": {
                "X": 1024.125,
                "Y": 1024.125,
                "Z": 6.0
              },
              "IsValid": 1
            },
            "Transform": {
              "Rotation": {
                "X": 0.0,
                "Y": 0.0,
                "Z": 0.0,
                "W": 1.0,
                "IsNormalized": true,
                "Size": 1.0,
                "SizeSquared": 1.0
              },
              "Translation": {
                "X": 0.0,
                "Y": 0.0,
                "Z": 0.0
              },
              "Scale3D": {
                "X": 1.0,
                "Y": 1.0,
                "Z": 1.0
              }
            },
            "RestOffset": 0.0,
            "Name": "None",
            "bContributeToMass": true
          }
        ]
      },
      "DefaultInstance": {
        "ObjectType": "ECC_WorldStatic",
        "CollisionEnabled": "ECollisionEnabled::QueryOnly",
        "CollisionProfileName": "BlockAll",
        "CollisionResponses": {
          "ResponseArray": [
            {
              "Channel": "FCC_Trace_WeaponCapsule",
              "Response": "ECR_Block"
            },
            {
              "Channel": "FCC_Object_PawnAI",
              "Response": "ECR_Block"
            },
            {
              "Channel": "FCC_Trace_WeaponMulti",
              "Response": "ECR_Block"
            },
            {
              "Channel": "FCC_Trace_Weapon",
              "Response": "ECR_Block"
            },
            {
              "Channel": "FCC_Object_Projectile",
              "Response": "ECR_Block"
            },
            {
              "Channel": "FCC_Object_ProjectileIgnoreAI",
              "Response": "ECR_Block"
            },
            {
              "Channel": "FCC_Object_ProjectileMesh",
              "Response": "ECR_Block"
            },
            {
              "Channel": "FCC_Object_SpectatorDroneCamera",
              "Response": "ECR_Block"
            },
            {
              "Channel": "FCC_Trace_WeaponPawnAndWorldMulti",
              "Response": "ECR_Block"
            }
          ]
        }
      }
    },
    "BodySetupGuid": "7AFAF62640996F72DD95BE8063878B75",
    "CookedFormatData": {
      "PhysXPC": {
        "BulkDataFlags": "BULKDATA_SingleUse | BULKDATA_ForceInlinePayload",
        "ElementCount": 7290,
        "SizeOnDisk": 7290,
        "OffsetInFile": "0xCC6E"
      }
    }
  },
  {
    "Type": "StaticMesh",
    "Name": "SM_NewRoadbridgeMain_Metal",
    "Class": "UScriptClass'StaticMesh'",
    "Properties": {
      "MinLOD": {
        "bCooked": true,
        "Default": 0,
        "Value": 0
      },
      "StaticMaterials": [
        {
          "MaterialInterface": {
            "ObjectName": "MaterialInstanceConstant'MI_MetalDeck'",
            "ObjectPath": "FortniteGame/Content/Athena/Apollo/Environments/BuildingActors/Bridges/Floors/Materials/MI_MetalDeck.0"
          },
          "MaterialSlotName": "MetalDeck",
          "ImportedMaterialSlotName": "MetalDeck",
          "UVChannelData": {
            "bInitialized": true,
            "bOverrideDensities": false,
            "LocalUVDensities": 1194.3215,
            "LocalUVDensities": 0.0,
            "LocalUVDensities": 0.0,
            "LocalUVDensities": 0.0
          }
        }
      ],
      "LightmapUVDensity": 1194.3215,
      "LightMapResolution": 64,
      "DistanceFieldSelfShadowBias": 1000.0,
      "LODForCollision": 1,
      "Sockets": [
        {
          "ObjectName": "StaticMeshSocket'SM_NewRoadbridgeMain_Metal:StaticMeshSocket_0'",
          "ObjectPath": "FortniteGame/Content/Athena/Apollo/Environments/BuildingActors/Bridges/Floors/Meshes/SM_NewRoadbridgeMain_Metal.2"
        }
      ],
      "ExtendedBounds": {
        "Origin": {
          "X": 512.00006,
          "Y": 512.0001,
          "Z": -61.364822
        },
        "BoxExtent": {
          "X": 512.0007,
          "Y": 512.0,
          "Z": 67.185165
        },
        "SphereRadius": 727.18805
      }
    },
    "BodySetup": {
      "ObjectName": "BodySetup'SM_NewRoadbridgeMain_Metal:BodySetup_1'",
      "ObjectPath": "FortniteGame/Content/Athena/Apollo/Environments/BuildingActors/Bridges/Floors/Meshes/SM_NewRoadbridgeMain_Metal.0"
    },
    "NavCollision": null,
    "LightingGuid": "72EFC56D-40B47799-9044C581-1BF9F969",
    "RenderData": null
  },
  {
    "Type": "StaticMeshSocket",
    "Name": "StaticMeshSocket_0",
    "Outer": "SM_NewRoadbridgeMain_Metal",
    "Class": "UScriptClass'StaticMeshSocket'",
    "Properties": {
      "SocketName": "DeathParticle"
    }
  }
]