[
  {
    "Type": "BlueprintGeneratedClass",
    "Name": "Apollo_Boardwalk_ArchwayLong_C",
    "Class": "UScriptClass'BlueprintGeneratedClass'",
    "Super": {
      "ObjectName": "BlueprintGeneratedClass'Parent_BuildingWall_C'",
      "ObjectPath": "FortniteGame/Content/Building/ActorBlueprints/Wall/Parent_BuildingWall.1"
    },
    "Properties": {
      "SimpleConstructionScript": {
        "ObjectName": "SimpleConstructionScript'Apollo_Boardwalk_ArchwayLong_C:SimpleConstructionScript_297__DDD58EB2'",
        "ObjectPath": "FortniteGame/Content/Athena/Apollo/Environments/BuildingActors/Wood/Boardwalk/Archways/Apollo_Boardwalk_ArchwayLong.4"
      }
    },
    "SuperStruct": {
      "ObjectName": "BlueprintGeneratedClass'Parent_BuildingWall_C'",
      "ObjectPath": "FortniteGame/Content/Building/ActorBlueprints/Wall/Parent_BuildingWall.1"
    }
  },
  {
    "Type": "Apollo_Boardwalk_ArchwayLong_C",
    "Name": "Default__Apollo_Boardwalk_ArchwayLong_C",
    "Class": "BlueprintGeneratedClass'FortniteGame/Content/Athena/Apollo/Environments/BuildingActors/Wood/Boardwalk/Archways/Apollo_Boardwalk_ArchwayLong.Apollo_Boardwalk_ArchwayLong_C'",
    "Template": {
      "ObjectName": "Parent_BuildingWall_C'Default__Parent_BuildingWall_C'",
      "ObjectPath": "FortniteGame/Content/Building/ActorBlueprints/Wall/Parent_BuildingWall.2"
    },
    "Properties": {
      "StaticMesh": {
        "ObjectName": "StaticMesh'Apollo_Boardwalk_ArchwayLong'",
        "ObjectPath": "FortniteGame/Content/Environments/Apollo/Wood/Boardwalk/Meshes/Apollo_Boardwalk_ArchwayLong.1"
      },
      "ResourceType": "EFortResourceType::Wood",
      "StaticMeshComponent": {
        "ObjectName": "StaticMeshComponent'Default__Apollo_Boardwalk_ArchwayLong_C:StaticMeshComponent0'",
        "ObjectPath": "FortniteGame/Content/Athena/Apollo/Environments/BuildingActors/Wood/Boardwalk/Archways/Apollo_Boardwalk_ArchwayLong.5"
      },
      "BuildingResourceAmountOverride": {
        "CurveTable": {
          "ObjectName": "CurveTable'AthenaResourceRates'",
          "ObjectPath": "FortniteGame/Content/Athena/Balance/DataTables/AthenaResourceRates.0"
        },
        "RowName": "LDBuildingNormal"
      },
      "EditModePatternData": {
        "ObjectName": "BuildingEditModeMetadata_Wall'EMP_Wall_Archway'",
        "ObjectPath": "FortniteGame/Content/Building/EditModePatterns/Wall/EMP_Wall_Archway.0"
      },
      "AreaClass": {
        "AssetPathName": "/Game/Building/NavigationAreas/FortMetaNavWallAreaDef.FortMetaNavWallAreaDef_C",
        "SubPathString": ""
      },
      "AttributeInitKeys": {
        "AttributeInitCategory": "BuildingWood",
        "AttributeInitSubCategory": "1"
      },
      "AttributeInitKeys": {
        "AttributeInitCategory": "BuildingWood",
        "AttributeInitSubCategory": "1"
      },
      "bDestroyOnPlayerBuildingPlacement": true,
      "HotSpotConfig": {
        "ObjectName": "BuildingActorHotSpotConfig'BuildingActorHotSpot_Arch'",
        "ObjectPath": "FortniteGame/Content/AI/HotSpots/BuildingActorHotSpot_Arch.0"
      },
      "RootComponent": {
        "ObjectName": "StaticMeshComponent'Default__Apollo_Boardwalk_ArchwayLong_C:StaticMeshComponent0'",
        "ObjectPath": "FortniteGame/Content/Athena/Apollo/Environments/BuildingActors/Wood/Boardwalk/Archways/Apollo_Boardwalk_ArchwayLong.5"
      }
    }
  },
  {
    "Type": "SceneComponent",
    "Name": "SceneComponent_108",
    "Outer": "Apollo_Boardwalk_ArchwayLong_C",
    "Class": "UScriptClass'SceneComponent'"
  },
  {
    "Type": "SCS_Node",
    "Name": "SCS_Node_113",
    "Outer": "SimpleConstructionScript_297__DDD58EB2",
    "Class": "UScriptClass'SCS_Node'",
    "Properties": {
      "ComponentClass": {
        "ObjectName": "Class'SceneComponent'",
        "ObjectPath": "/Script/Engine"
      },
      "ComponentTemplate": {
        "ObjectName": "SceneComponent'Apollo_Boardwalk_ArchwayLong_C:SceneComponent_108'",
        "ObjectPath": "FortniteGame/Content/Athena/Apollo/Environments/BuildingActors/Wood/Boardwalk/Archways/Apollo_Boardwalk_ArchwayLong.2"
      },
      "VariableGuid": "56BC9799-C494E6E6-321D4295-7D5EB316",
      "InternalVariableName": "DefaultSceneRoot"
    }
  },
  {
    "Type": "SimpleConstructionScript",
    "Name": "SimpleConstructionScript_297__DDD58EB2",
    "Outer": "Apollo_Boardwalk_ArchwayLong_C",
    "Class": "UScriptClass'SimpleConstructionScript'",
    "Properties": {
      "DefaultSceneRootNode": {
        "ObjectName": "SCS_Node'Apollo_Boardwalk_ArchwayLong_C:SimpleConstructionScript_297__DDD58EB2.SCS_Node_113'",
        "ObjectPath": "FortniteGame/Content/Athena/Apollo/Environments/BuildingActors/Wood/Boardwalk/Archways/Apollo_Boardwalk_ArchwayLong.3"
      }
    }
  },
  {
    "Type": "StaticMeshComponent",
    "Name": "StaticMeshComponent0",
    "Outer": "Default__Apollo_Boardwalk_ArchwayLong_C",
    "Class": "UScriptClass'StaticMeshComponent'",
    "Template": {
      "ObjectName": "StaticMeshComponent'Default__Parent_BuildingWall_C:StaticMeshComponent0'",
      "ObjectPath": "FortniteGame/Content/Building/ActorBlueprints/Wall/Parent_BuildingWall.6"
    },
    "Properties": {
      "StaticMesh": {
        "ObjectName": "StaticMesh'Apollo_Boardwalk_ArchwayLong'",
        "ObjectPath": "FortniteGame/Content/Environments/Apollo/Wood/Boardwalk/Meshes/Apollo_Boardwalk_ArchwayLong.1"
      },
      "CanCharacterStepUpOn": "ECB_Yes",
      "BodyInstance": {
        "bAutoWeld": false
      }
    }
  }
]