[
  {
    "Type": "BlueprintGeneratedClass",
    "Name": "Apollo_Coastal_FishstickHut_01_C",
    "Class": "UScriptClass'BlueprintGeneratedClass'",
    "Super": {
      "ObjectName": "BlueprintGeneratedClass'Parent_BuildingPropActor_C'",
      "ObjectPath": "FortniteGame/Content/Building/ActorBlueprints/Prop/Parent_BuildingPropActor.1"
    },
    "Properties": {
      "SimpleConstructionScript": {
        "ObjectName": "SimpleConstructionScript'Apollo_Coastal_FishstickHut_01_C:SimpleConstructionScript_910'",
        "ObjectPath": "FortniteGame/Content/Athena/Apollo/Environments/BuildingActors/Coastal/Props/Apollo_Coastal_FishStickHut_01.5"
      },
      "InheritableComponentHandler": {
        "ObjectName": "InheritableComponentHandler'Apollo_Coastal_FishstickHut_01_C:InheritableComponentHandler'",
        "ObjectPath": "FortniteGame/Content/Athena/Apollo/Environments/BuildingActors/Coastal/Props/Apollo_Coastal_FishStickHut_01.2"
      }
    },
    "SuperStruct": {
      "ObjectName": "BlueprintGeneratedClass'Parent_BuildingPropActor_C'",
      "ObjectPath": "FortniteGame/Content/Building/ActorBlueprints/Prop/Parent_BuildingPropActor.1"
    }
  },
  {
    "Type": "Apollo_Coastal_FishstickHut_01_C",
    "Name": "Default__Apollo_Coastal_FishstickHut_01_C",
    "Class": "BlueprintGeneratedClass'FortniteGame/Content/Athena/Apollo/Environments/BuildingActors/Coastal/Props/Apollo_Coastal_FishStickHut_01.Apollo_Coastal_FishstickHut_01_C'",
    "Template": {
      "ObjectName": "Parent_BuildingPropActor_C'Default__Parent_BuildingPropActor_C'",
      "ObjectPath": "FortniteGame/Content/Building/ActorBlueprints/Prop/Parent_BuildingPropActor.2"
    },
    "Properties": {
      "StaticMesh": {
        "ObjectName": "StaticMesh'S_Coastal_FishstickHut_01'",
        "ObjectPath": "FortniteGame/Content/Environments/Apollo/Sets/Coastal/Props/Meshes/S_Coastal_FishstickHut_01.1"
      },
      "ResourceType": "EFortResourceType::Wood",
      "bRandomYawOnPlacement": true,
      "bNeedsWindMaterialParameters": true,
      "bNeedsDamageOverlay": false,
      "RandomScaleRange": {
        "X": 1.0,
        "Y": 1.0
      },
      "StaticMeshComponent": {
        "ObjectName": "StaticMeshComponent'Default__Apollo_Coastal_FishstickHut_01_C:StaticMeshComponent0'",
        "ObjectPath": "FortniteGame/Content/Athena/Apollo/Environments/BuildingActors/Coastal/Props/Apollo_Coastal_FishStickHut_01.6"
      },
      "BuildingResourceAmountOverride": {
        "CurveTable": {
          "ObjectName": "CurveTable'AthenaResourceRates'",
          "ObjectPath": "FortniteGame/Content/Athena/Balance/DataTables/AthenaResourceRates.0"
        },
        "RowName": "ResourceWoodMedium"
      },
      "WindSpeedCurve": {
        "AssetPathName": "/Game/VisualThreatManager/StormVisuals/Curves/ParentTreeWindSpeed.ParentTreeWindSpeed",
        "SubPathString": ""
      },
      "WindPannerSpeedCurve": {
        "AssetPathName": "/Game/VisualThreatManager/StormVisuals/Curves/ParentTreeWindPannerSpeed.ParentTreeWindPannerSpeed",
        "SubPathString": ""
      },
      "IntenseWindMaterials": [
        {
          "AssetPathName": "/Game/Environments/Props/Trees/Materials/PP2/WillowInstance_Storm.WillowInstance_Storm",
          "SubPathString": ""
        },
        {
          "AssetPathName": "/Game/Environments/Props/Trees/Materials/PP2/WillowInstance_Storm.WillowInstance_Storm",
          "SubPathString": ""
        }
      ],
      "WindAudio": {
        "AssetPathName": "/Game/Sounds/Fort_Ambient_Looping/Storm_Trees/storm_foliage_BareTree_Loop_Cue.storm_foliage_BareTree_Loop_Cue",
        "SubPathString": ""
      },
      "DeathParticles": {
        "ObjectName": "ParticleSystem'P_Log_Destruction'",
        "ObjectPath": "FortniteGame/Content/Effects/Fort_Effects/World/Destruction/Trees/P_Log_Destruction.184"
      },
      "DeathParticleSocketName": "Death",
      "DeathSound": {
        "ObjectName": "SoundCue'Demo_OakTree_Destroyed_Cue'",
        "ObjectPath": "FortniteGame/Content/Sounds/Fort_Impact_Sounds/Demolition/Wood/Demo_OakTree_Destroyed_Cue.0"
      },
      "BuildingAttachmentType": "ATTACH_Floor",
      "AttributeInitKeys": {
        "AttributeInitCategory": "ResourceWood",
        "AttributeInitSubCategory": "2"
      },
      "AttributeInitKeys": {
        "AttributeInitCategory": "ResourceWood",
        "AttributeInitSubCategory": "2"
      },
      "NavigationObstacleOverride": "ENavigationObstacleOverride::ForceEnabled",
      "bForceAutomationPass_NavmeshOnTop": true,
      "PlayHitSound": {
        "ObjectName": "SoundCue'Demo_Tree_Impact_Cue'",
        "ObjectPath": "FortniteGame/Content/Sounds/Fort_Impact_Sounds/Demolition/Wood/Demo_Tree_Impact_Cue.0"
      },
      "CentroidOffset": {
        "X": 0.0,
        "Y": 0.0,
        "Z": 120.0
      },
      "HotSpotConfig": {
        "ObjectName": "BuildingActorHotSpotConfig'BuildingActorHotSpot_LimitedBoundingBox'",
        "ObjectPath": "FortniteGame/Content/AI/HotSpots/BuildingActorHotSpot_LimitedBoundingBox.0"
      },
      "bEnableAutoLODGeneration": false,
      "RootComponent": {
        "ObjectName": "StaticMeshComponent'Default__Apollo_Coastal_FishstickHut_01_C:StaticMeshComponent0'",
        "ObjectPath": "FortniteGame/Content/Athena/Apollo/Environments/BuildingActors/Coastal/Props/Apollo_Coastal_FishStickHut_01.6"
      }
    }
  },
  {
    "Type": "InheritableComponentHandler",
    "Name": "InheritableComponentHandler",
    "Outer": "Apollo_Coastal_FishstickHut_01_C",
    "Class": "UScriptClass'InheritableComponentHandler'"
  },
  {
    "Type": "SceneComponent",
    "Name": "SceneComponent_732",
    "Outer": "Apollo_Coastal_FishstickHut_01_C",
    "Class": "UScriptClass'SceneComponent'"
  },
  {
    "Type": "SCS_Node",
    "Name": "SCS_Node_742",
    "Outer": "SimpleConstructionScript_910",
    "Class": "UScriptClass'SCS_Node'",
    "Properties": {
      "ComponentClass": {
        "ObjectName": "Class'SceneComponent'",
        "ObjectPath": "/Script/Engine"
      },
      "ComponentTemplate": {
        "ObjectName": "SceneComponent'Apollo_Coastal_FishstickHut_01_C:SceneComponent_732'",
        "ObjectPath": "FortniteGame/Content/Athena/Apollo/Environments/BuildingActors/Coastal/Props/Apollo_Coastal_FishStickHut_01.3"
      },
      "VariableGuid": "56BC9799-C494E6E6-321D4295-7D5EB316",
      "InternalVariableName": "DefaultSceneRoot"
    }
  },
  {
    "Type": "SimpleConstructionScript",
    "Name": "SimpleConstructionScript_910",
    "Outer": "Apollo_Coastal_FishstickHut_01_C",
    "Class": "UScriptClass'SimpleConstructionScript'",
    "Properties": {
      "DefaultSceneRootNode": {
        "ObjectName": "SCS_Node'Apollo_Coastal_FishstickHut_01_C:SimpleConstructionScript_910.SCS_Node_742'",
        "ObjectPath": "FortniteGame/Content/Athena/Apollo/Environments/BuildingActors/Coastal/Props/Apollo_Coastal_FishStickHut_01.4"
      }
    }
  },
  {
    "Type": "StaticMeshComponent",
    "Name": "StaticMeshComponent0",
    "Outer": "Default__Apollo_Coastal_FishstickHut_01_C",
    "Class": "UScriptClass'StaticMeshComponent'",
    "Template": {
      "ObjectName": "StaticMeshComponent'Default__Parent_BuildingPropActor_C:StaticMeshComponent0'",
      "ObjectPath": "FortniteGame/Content/Building/ActorBlueprints/Prop/Parent_BuildingPropActor.336"
    },
    "Properties": {
      "StaticMesh": {
        "ObjectName": "StaticMesh'S_Coastal_FishstickHut_01'",
        "ObjectPath": "FortniteGame/Content/Environments/Apollo/Sets/Coastal/Props/Meshes/S_Coastal_FishstickHut_01.1"
      },
      "BodyInstance": {
        "bAutoWeld": false
      }
    }
  }
]