[
  {
    "Type": "BlueprintGeneratedClass",
    "Name": "Apollo_Coastal_FishStickHut_Shell_01_C",
    "Class": "UScriptClass'BlueprintGeneratedClass'",
    "Properties": {
      "SimpleConstructionScript": {
        "ObjectName": "SimpleConstructionScript'Apollo_Coastal_FishStickHut_Shell_01_C:SimpleConstructionScript_8__92D1BC99'",
        "ObjectPath": "FortniteGame/Content/Athena/Apollo/Environments/BuildingActors/Coastal/Props/Apollo_Coastal_FishStickHut_Shell_01.4"
      }
    },
    "SuperStruct": {
      "ObjectName": "Class'BuildingProp'",
      "ObjectPath": "/Script/FortniteGame"
    }
  },
  {
    "Type": "Apollo_Coastal_FishStickHut_Shell_01_C",
    "Name": "Default__Apollo_Coastal_FishStickHut_Shell_01_C",
    "Class": "BlueprintGeneratedClass'FortniteGame/Content/Athena/Apollo/Environments/BuildingActors/Coastal/Props/Apollo_Coastal_FishStickHut_Shell_01.Apollo_Coastal_FishStickHut_Shell_01_C'",
    "Properties": {
      "StaticMesh": {
        "ObjectName": "StaticMesh'S_Coastal_BigShell'",
        "ObjectPath": "FortniteGame/Content/Environments/Apollo/Sets/Coastal/Walls/S_Coastal_BigShell.1"
      },
      "ResourceType": "EFortResourceType::Stone",
      "bPropagatesBounceEffects": true,
      "StaticMeshComponent": {
        "ObjectName": "StaticMeshComponent'Default__Apollo_Coastal_FishStickHut_Shell_01_C:StaticMeshComponent0'",
        "ObjectPath": "FortniteGame/Content/Athena/Apollo/Environments/BuildingActors/Coastal/Props/Apollo_Coastal_FishStickHut_Shell_01.5"
      },
      "BuildingResourceAmountOverride": {
        "CurveTable": {
          "ObjectName": "CurveTable'AthenaResourceRates'",
          "ObjectPath": "FortniteGame/Content/Athena/Balance/DataTables/AthenaResourceRates.0"
        },
        "RowName": "ResourceStoneHigh"
      },
      "DeathParticles": {
        "ObjectName": "ParticleSystem'P_General_Deco_Destruction_XLarge_Stone'",
        "ObjectPath": "FortniteGame/Content/Effects/Fort_Effects/World/Destruction/Base_Effects/P_General_Deco_Destruction_XLarge_Stone.149"
      },
      "DeathParticleSocketName": "death_particles",
      "DeathSound": {
        "ObjectName": "SoundCue'Demo_Rock_Small_ImpactFinal_Cue'",
        "ObjectPath": "FortniteGame/Content/Sounds/Fort_Impact_Sounds/Demolition/Defaults/Demo_Rock_Small_ImpactFinal_Cue.0"
      },
      "BuildingAttachmentType": "ATTACH_Floor",
      "AttributeInitKeys": {
        "AttributeInitCategory": "BuildingStone",
        "AttributeInitSubCategory": "3"
      },
      "AttributeInitKeys": {
        "AttributeInitCategory": "BuildingStone",
        "AttributeInitSubCategory": "3"
      },
      "NavigationObstacleOverride": "ENavigationObstacleOverride::ForceEnabled",
      "bBlockNavigationLinks": true,
      "bCanExportNavigationCollisions": true,
      "bDoNotBlockBuildings": true,
      "bDestroyOnPlayerBuildingPlacement": true,
      "ConstTags": [],
      "CentroidOffset": {
        "X": 0.0,
        "Y": 0.0,
        "Z": 512.0
      },
      "RootComponent": {
        "ObjectName": "StaticMeshComponent'Default__Apollo_Coastal_FishStickHut_Shell_01_C:StaticMeshComponent0'",
        "ObjectPath": "FortniteGame/Content/Athena/Apollo/Environments/BuildingActors/Coastal/Props/Apollo_Coastal_FishStickHut_Shell_01.5"
      }
    }
  },
  {
    "Type": "SceneComponent",
    "Name": "SceneComponent_1386",
    "Outer": "Apollo_Coastal_FishStickHut_Shell_01_C",
    "Class": "UScriptClass'SceneComponent'"
  },
  {
    "Type": "SCS_Node",
    "Name": "SCS_Node_1390",
    "Outer": "SimpleConstructionScript_8__92D1BC99",
    "Class": "UScriptClass'SCS_Node'",
    "Properties": {
      "ComponentClass": {
        "ObjectName": "Class'SceneComponent'",
        "ObjectPath": "/Script/Engine"
      },
      "ComponentTemplate": {
        "ObjectName": "SceneComponent'Apollo_Coastal_FishStickHut_Shell_01_C:SceneComponent_1386'",
        "ObjectPath": "FortniteGame/Content/Athena/Apollo/Environments/BuildingActors/Coastal/Props/Apollo_Coastal_FishStickHut_Shell_01.2"
      },
      "VariableGuid": "56BC9799-C494E6E6-321D4295-7D5EB316",
      "InternalVariableName": "DefaultSceneRoot"
    }
  },
  {
    "Type": "SimpleConstructionScript",
    "Name": "SimpleConstructionScript_8__92D1BC99",
    "Outer": "Apollo_Coastal_FishStickHut_Shell_01_C",
    "Class": "UScriptClass'SimpleConstructionScript'",
    "Properties": {
      "DefaultSceneRootNode": {
        "ObjectName": "SCS_Node'Apollo_Coastal_FishStickHut_Shell_01_C:SimpleConstructionScript_8__92D1BC99.SCS_Node_1390'",
        "ObjectPath": "FortniteGame/Content/Athena/Apollo/Environments/BuildingActors/Coastal/Props/Apollo_Coastal_FishStickHut_Shell_01.3"
      }
    }
  },
  {
    "Type": "StaticMeshComponent",
    "Name": "StaticMeshComponent0",
    "Outer": "Default__Apollo_Coastal_FishStickHut_Shell_01_C",
    "Class": "UScriptClass'StaticMeshComponent'",
    "Properties": {
      "StaticMesh": {
        "ObjectName": "StaticMesh'S_Coastal_BigShell'",
        "ObjectPath": "FortniteGame/Content/Environments/Apollo/Sets/Coastal/Walls/S_Coastal_BigShell.1"
      },
      "CanCharacterStepUpOn": "ECB_Yes",
      "BodyInstance": {
        "bAutoWeld": false
      },
      "bCanEverAffectNavigation": true
    }
  }
]