[
  {
    "Type": "BlueprintGeneratedClass",
    "Name": "Apollo_Coastal_Giant_Clam_01_C",
    "Class": "UScriptClass'BlueprintGeneratedClass'",
    "Properties": {
      "SimpleConstructionScript": {
        "ObjectName": "SimpleConstructionScript'Apollo_Coastal_Giant_Clam_01_C:SimpleConstructionScript_305'",
        "ObjectPath": "FortniteGame/Content/Athena/Apollo/Environments/BuildingActors/Coastal/Props/Apollo_Coastal_Giant_Clam_01.4"
      }
    },
    "SuperStruct": {
      "ObjectName": "Class'BuildingProp'",
      "ObjectPath": "/Script/FortniteGame"
    }
  },
  {
    "Type": "Apollo_Coastal_Giant_Clam_01_C",
    "Name": "Default__Apollo_Coastal_Giant_Clam_01_C",
    "Class": "BlueprintGeneratedClass'FortniteGame/Content/Athena/Apollo/Environments/BuildingActors/Coastal/Props/Apollo_Coastal_Giant_Clam_01.Apollo_Coastal_Giant_Clam_01_C'",
    "Properties": {
      "StaticMesh": {
        "ObjectName": "StaticMesh'S_Coastal_GiantClam_01'",
        "ObjectPath": "FortniteGame/Content/Environments/Apollo/Sets/Coastal/Props/Meshes/S_Coastal_GiantClam_01.1"
      },
      "ResourceType": "EFortResourceType::Stone",
      "RandomScaleRange": {
        "X": 1.0,
        "Y": 1.0
      },
      "StaticMeshComponent": {
        "ObjectName": "StaticMeshComponent'Default__Apollo_Coastal_Giant_Clam_01_C:StaticMeshComponent0'",
        "ObjectPath": "FortniteGame/Content/Athena/Apollo/Environments/BuildingActors/Coastal/Props/Apollo_Coastal_Giant_Clam_01.5"
      },
      "BuildingResourceAmountOverride": {
        "CurveTable": {
          "ObjectName": "CurveTable'AthenaResourceRates'",
          "ObjectPath": "FortniteGame/Content/Athena/Balance/DataTables/AthenaResourceRates.0"
        },
        "RowName": "ResourceStoneLow"
      },
      "DeathParticles": {
        "ObjectName": "ParticleSystem'P_General_Deco_Destruction_Small'",
        "ObjectPath": "FortniteGame/Content/Effects/Fort_Effects/World/Destruction/Base_Effects/P_General_Deco_Destruction_Small.100"
      },
      "DeathSound": {
        "ObjectName": "SoundCue'Demo_Toilet_Destroy_Cue'",
        "ObjectPath": "FortniteGame/Content/Sounds/Fort_Impact_Sounds/Demolition/Building_Props/Demo_Toilet_Destroy_Cue.0"
      },
      "BuildingAttachmentType": "ATTACH_Floor",
      "AttributeInitKeys": {
        "AttributeInitCategory": "ResourceStone",
        "AttributeInitSubCategory": "1"
      },
      "AttributeInitKeys": {
        "AttributeInitCategory": "ResourceStone",
        "AttributeInitSubCategory": "1"
      },
      "NavigationObstacleOverride": "ENavigationObstacleOverride::ForceEnabled",
      "bCanExportNavigationCollisions": true,
      "bDestroyOnPlayerBuildingPlacement": true,
      "StaticGameplayTags": [
        "Building.Type.Container.Furniture.Toilet",
        "Building.Type.Prop"
      ],
      "PlayHitSound": {
        "ObjectName": "SoundCue'Demo_Toilet_Impact_Cue'",
        "ObjectPath": "FortniteGame/Content/Sounds/Fort_Impact_Sounds/Demolition/Building_Props/Demo_Toilet_Impact_Cue.0"
      },
      "bEnableAutoLODGeneration": false,
      "RootComponent": {
        "ObjectName": "StaticMeshComponent'Default__Apollo_Coastal_Giant_Clam_01_C:StaticMeshComponent0'",
        "ObjectPath": "FortniteGame/Content/Athena/Apollo/Environments/BuildingActors/Coastal/Props/Apollo_Coastal_Giant_Clam_01.5"
      }
    }
  },
  {
    "Type": "SceneComponent",
    "Name": "SceneComponent_184",
    "Outer": "Apollo_Coastal_Giant_Clam_01_C",
    "Class": "UScriptClass'SceneComponent'"
  },
  {
    "Type": "SCS_Node",
    "Name": "SCS_Node_192",
    "Outer": "SimpleConstructionScript_305",
    "Class": "UScriptClass'SCS_Node'",
    "Properties": {
      "ComponentClass": {
        "ObjectName": "Class'SceneComponent'",
        "ObjectPath": "/Script/Engine"
      },
      "ComponentTemplate": {
        "ObjectName": "SceneComponent'Apollo_Coastal_Giant_Clam_01_C:SceneComponent_184'",
        "ObjectPath": "FortniteGame/Content/Athena/Apollo/Environments/BuildingActors/Coastal/Props/Apollo_Coastal_Giant_Clam_01.2"
      },
      "VariableGuid": "56BC9799-C494E6E6-321D4295-7D5EB316",
      "InternalVariableName": "DefaultSceneRoot"
    }
  },
  {
    "Type": "SimpleConstructionScript",
    "Name": "SimpleConstructionScript_305",
    "Outer": "Apollo_Coastal_Giant_Clam_01_C",
    "Class": "UScriptClass'SimpleConstructionScript'",
    "Properties": {
      "DefaultSceneRootNode": {
        "ObjectName": "SCS_Node'Apollo_Coastal_Giant_Clam_01_C:SimpleConstructionScript_305.SCS_Node_192'",
        "ObjectPath": "FortniteGame/Content/Athena/Apollo/Environments/BuildingActors/Coastal/Props/Apollo_Coastal_Giant_Clam_01.3"
      }
    }
  },
  {
    "Type": "StaticMeshComponent",
    "Name": "StaticMeshComponent0",
    "Outer": "Default__Apollo_Coastal_Giant_Clam_01_C",
    "Class": "UScriptClass'StaticMeshComponent'",
    "Properties": {
      "StaticMesh": {
        "ObjectName": "StaticMesh'S_Coastal_GiantClam_01'",
        "ObjectPath": "FortniteGame/Content/Environments/Apollo/Sets/Coastal/Props/Meshes/S_Coastal_GiantClam_01.1"
      },
      "LDMaxDrawDistance": 22000.0,
      "CachedMaxDrawDistance": 22000.0,
      "CanCharacterStepUpOn": "ECB_Yes",
      "BodyInstance": {
        "bAutoWeld": false
      },
      "bCanEverAffectNavigation": true
    }
  }
]