[
  {
    "Type": "BlueprintGeneratedClass",
    "Name": "Apollo_Coastal_SpyGlass_01_C",
    "Class": "UScriptClass'BlueprintGeneratedClass'",
    "Properties": {
      "SimpleConstructionScript": {
        "ObjectName": "SimpleConstructionScript'Apollo_Coastal_SpyGlass_01_C:SimpleConstructionScript_367'",
        "ObjectPath": "FortniteGame/Content/Athena/Apollo/Environments/BuildingActors/Coastal/Props/Apollo_Coastal_SpyGlass_01.4"
      }
    },
    "SuperStruct": {
      "ObjectName": "Class'BuildingProp'",
      "ObjectPath": "/Script/FortniteGame"
    }
  },
  {
    "Type": "Apollo_Coastal_SpyGlass_01_C",
    "Name": "Default__Apollo_Coastal_SpyGlass_01_C",
    "Class": "BlueprintGeneratedClass'FortniteGame/Content/Athena/Apollo/Environments/BuildingActors/Coastal/Props/Apollo_Coastal_SpyGlass_01.Apollo_Coastal_SpyGlass_01_C'",
    "Properties": {
      "StaticMesh": {
        "ObjectName": "StaticMesh'S_Coastal_Spyglass_01'",
        "ObjectPath": "FortniteGame/Content/Environments/Apollo/Sets/Coastal/Props/Meshes/S_Coastal_Spyglass_01.1"
      },
      "ResourceType": "EFortResourceType::Metal",
      "StaticMeshComponent": {
        "ObjectName": "StaticMeshComponent'Default__Apollo_Coastal_SpyGlass_01_C:StaticMeshComponent0'",
        "ObjectPath": "FortniteGame/Content/Athena/Apollo/Environments/BuildingActors/Coastal/Props/Apollo_Coastal_SpyGlass_01.5"
      },
      "BuildingResourceAmountOverride": {
        "CurveTable": {
          "ObjectName": "CurveTable'AthenaResourceRates'",
          "ObjectPath": "FortniteGame/Content/Athena/Balance/DataTables/AthenaResourceRates.0"
        },
        "RowName": "PropMetalMedium"
      },
      "DeathParticles": {
        "ObjectName": "ParticleSystem'P_General_Deco_Destruction_Small'",
        "ObjectPath": "FortniteGame/Content/Effects/Fort_Effects/World/Destruction/Base_Effects/P_General_Deco_Destruction_Small.100"
      },
      "DeathParticleSocketName": "death_fx",
      "BuildingAttachmentType": "ATTACH_Floor",
      "AttributeInitKeys": {
        "AttributeInitCategory": "PropMetal",
        "AttributeInitSubCategory": "2"
      },
      "AttributeInitKeys": {
        "AttributeInitCategory": "PropMetal",
        "AttributeInitSubCategory": "2"
      },
      "NavigationObstacleOverride": "ENavigationObstacleOverride::ForceEnabled",
      "bCanExportNavigationCollisions": true,
      "bDestroyOnPlayerBuildingPlacement": true,
      "StaticGameplayTags": [
        "Building.Type.Prop"
      ],
      "bEnableAutoLODGeneration": false,
      "RootComponent": {
        "ObjectName": "StaticMeshComponent'Default__Apollo_Coastal_SpyGlass_01_C:StaticMeshComponent0'",
        "ObjectPath": "FortniteGame/Content/Athena/Apollo/Environments/BuildingActors/Coastal/Props/Apollo_Coastal_SpyGlass_01.5"
      }
    }
  },
  {
    "Type": "SceneComponent",
    "Name": "SceneComponent_431",
    "Outer": "Apollo_Coastal_SpyGlass_01_C",
    "Class": "UScriptClass'SceneComponent'"
  },
  {
    "Type": "SCS_Node",
    "Name": "SCS_Node_445",
    "Outer": "SimpleConstructionScript_367",
    "Class": "UScriptClass'SCS_Node'",
    "Properties": {
      "ComponentClass": {
        "ObjectName": "Class'SceneComponent'",
        "ObjectPath": "/Script/Engine"
      },
      "ComponentTemplate": {
        "ObjectName": "SceneComponent'Apollo_Coastal_SpyGlass_01_C:SceneComponent_431'",
        "ObjectPath": "FortniteGame/Content/Athena/Apollo/Environments/BuildingActors/Coastal/Props/Apollo_Coastal_SpyGlass_01.2"
      },
      "VariableGuid": "56BC9799-C494E6E6-321D4295-7D5EB316",
      "InternalVariableName": "DefaultSceneRoot"
    }
  },
  {
    "Type": "SimpleConstructionScript",
    "Name": "SimpleConstructionScript_367",
    "Outer": "Apollo_Coastal_SpyGlass_01_C",
    "Class": "UScriptClass'SimpleConstructionScript'",
    "Properties": {
      "DefaultSceneRootNode": {
        "ObjectName": "SCS_Node'Apollo_Coastal_SpyGlass_01_C:SimpleConstructionScript_367.SCS_Node_445'",
        "ObjectPath": "FortniteGame/Content/Athena/Apollo/Environments/BuildingActors/Coastal/Props/Apollo_Coastal_SpyGlass_01.3"
      }
    }
  },
  {
    "Type": "StaticMeshComponent",
    "Name": "StaticMeshComponent0",
    "Outer": "Default__Apollo_Coastal_SpyGlass_01_C",
    "Class": "UScriptClass'StaticMeshComponent'",
    "Properties": {
      "StaticMesh": {
        "ObjectName": "StaticMesh'S_Coastal_Spyglass_01'",
        "ObjectPath": "FortniteGame/Content/Environments/Apollo/Sets/Coastal/Props/Meshes/S_Coastal_Spyglass_01.1"
      },
      "CanCharacterStepUpOn": "ECB_Yes",
      "BodyInstance": {
        "bAutoWeld": false
      },
      "bCanEverAffectNavigation": true
    }
  }
]