[
  {
    "Type": "BlueprintGeneratedClass",
    "Name": "Apollo_Coastal_Clutter_03_C",
    "Class": "UScriptClass'BlueprintGeneratedClass'",
    "Properties": {
      "SimpleConstructionScript": {
        "ObjectName": "SimpleConstructionScript'Apollo_Coastal_Clutter_03_C:SimpleConstructionScript_979'",
        "ObjectPath": "FortniteGame/Content/Athena/Apollo/Environments/BuildingActors/Coastal/Props/Apollo_Coastal_Clutter_03.4"
      }
    },
    "SuperStruct": {
      "ObjectName": "Class'BuildingProp'",
      "ObjectPath": "/Script/FortniteGame"
    }
  },
  {
    "Type": "Apollo_Coastal_Clutter_03_C",
    "Name": "Default__Apollo_Coastal_Clutter_03_C",
    "Class": "BlueprintGeneratedClass'FortniteGame/Content/Athena/Apollo/Environments/BuildingActors/Coastal/Props/Apollo_Coastal_Clutter_03.Apollo_Coastal_Clutter_03_C'",
    "Properties": {
      "StaticMesh": {
        "ObjectName": "StaticMesh'S_Coastal_Clutter_03'",
        "ObjectPath": "FortniteGame/Content/Environments/Apollo/Sets/Coastal/Props/Meshes/S_Coastal_Clutter_03.1"
      },
      "ResourceType": "EFortResourceType::Wood",
      "bRandomScaleOnPlacement": true,
      "RandomScaleRange": {
        "X": 0.6,
        "Y": 1.2
      },
      "StaticMeshComponent": {
        "ObjectName": "StaticMeshComponent'Default__Apollo_Coastal_Clutter_03_C:StaticMeshComponent0'",
        "ObjectPath": "FortniteGame/Content/Athena/Apollo/Environments/BuildingActors/Coastal/Props/Apollo_Coastal_Clutter_03.5"
      },
      "BuildingResourceAmountOverride": {
        "CurveTable": {
          "ObjectName": "CurveTable'AthenaResourceRates'",
          "ObjectPath": "FortniteGame/Content/Athena/Balance/DataTables/AthenaResourceRates.0"
        },
        "RowName": "PropWoodHigh"
      },
      "DeathParticles": {
        "ObjectName": "ParticleSystem'P_General_Deco_Destruction_Tiny'",
        "ObjectPath": "FortniteGame/Content/Effects/Fort_Effects/World/Destruction/Base_Effects/P_General_Deco_Destruction_Tiny.73"
      },
      "BuildingAttachmentSlot": "SLOT_Floor",
      "BuildingAttachmentType": "ATTACH_Floor",
      "AreaClass": {
        "AssetPathName": "/Script/NavigationSystem.NavArea_Default",
        "SubPathString": ""
      },
      "AttributeInitKeys": {
        "AttributeInitCategory": "PropWood",
        "AttributeInitSubCategory": "3"
      },
      "AttributeInitKeys": {
        "AttributeInitCategory": "PropWood",
        "AttributeInitSubCategory": "3"
      },
      "bIsNavigationRelevant": false,
      "StaticGameplayTags": [
        "Building.Type.Prop.Organic.Tree",
        "Building.Type.Prop.Athena.Quest.Tree",
        "Building.Type.Prop"
      ],
      "CentroidOffset": {
        "X": 0.0,
        "Y": 0.0,
        "Z": 30.0
      },
      "RootComponent": {
        "ObjectName": "StaticMeshComponent'Default__Apollo_Coastal_Clutter_03_C:StaticMeshComponent0'",
        "ObjectPath": "FortniteGame/Content/Athena/Apollo/Environments/BuildingActors/Coastal/Props/Apollo_Coastal_Clutter_03.5"
      }
    }
  },
  {
    "Type": "SceneComponent",
    "Name": "SceneComponent_71",
    "Outer": "Apollo_Coastal_Clutter_03_C",
    "Class": "UScriptClass'SceneComponent'"
  },
  {
    "Type": "SCS_Node",
    "Name": "SCS_Node_76",
    "Outer": "SimpleConstructionScript_979",
    "Class": "UScriptClass'SCS_Node'",
    "Properties": {
      "ComponentClass": {
        "ObjectName": "Class'SceneComponent'",
        "ObjectPath": "/Script/Engine"
      },
      "ComponentTemplate": {
        "ObjectName": "SceneComponent'Apollo_Coastal_Clutter_03_C:SceneComponent_71'",
        "ObjectPath": "FortniteGame/Content/Athena/Apollo/Environments/BuildingActors/Coastal/Props/Apollo_Coastal_Clutter_03.2"
      },
      "VariableGuid": "56BC9799-C494E6E6-321D4295-7D5EB316",
      "InternalVariableName": "DefaultSceneRoot"
    }
  },
  {
    "Type": "SimpleConstructionScript",
    "Name": "SimpleConstructionScript_979",
    "Outer": "Apollo_Coastal_Clutter_03_C",
    "Class": "UScriptClass'SimpleConstructionScript'",
    "Properties": {
      "DefaultSceneRootNode": {
        "ObjectName": "SCS_Node'Apollo_Coastal_Clutter_03_C:SimpleConstructionScript_979.SCS_Node_76'",
        "ObjectPath": "FortniteGame/Content/Athena/Apollo/Environments/BuildingActors/Coastal/Props/Apollo_Coastal_Clutter_03.3"
      }
    }
  },
  {
    "Type": "StaticMeshComponent",
    "Name": "StaticMeshComponent0",
    "Outer": "Default__Apollo_Coastal_Clutter_03_C",
    "Class": "UScriptClass'StaticMeshComponent'",
    "Properties": {
      "StaticMesh": {
        "ObjectName": "StaticMesh'S_Coastal_Clutter_03'",
        "ObjectPath": "FortniteGame/Content/Environments/Apollo/Sets/Coastal/Props/Meshes/S_Coastal_Clutter_03.1"
      },
      "CanCharacterStepUpOn": "ECB_Yes",
      "BodyInstance": {
        "bAutoWeld": false
      },
      "bCanEverAffectNavigation": true
    }
  }
]