[
  {
    "Type": "StructProperty",
    "Name": "UberGraphFrame",
    "Outer": "Apollo_Coastal_FishstickHut_03a_C",
    "Class": "UScriptClass'StructProperty'",
    "PropertyFlags": "Transient | DuplicateTransient",
    "Struct": {
      "ObjectName": "ScriptStruct'PointerToUberGraphFrame'",
      "ObjectPath": "/Script/Engine"
    }
  },
  {
    "Type": "BlueprintGeneratedClass",
    "Name": "Apollo_Coastal_FishstickHut_03a_C",
    "Class": "UScriptClass'BlueprintGeneratedClass'",
    "Properties": {
      "ComponentTemplates": [
        {
          "ObjectName": "ParticleSystemComponent'Apollo_Coastal_FishstickHut_03a_C:NODE_AddParticleSystemComponent-0'",
          "ObjectPath": "FortniteGame/Content/Athena/Apollo/Environments/BuildingActors/Coastal/Props/Apollo_Coastal_FishstickHut_03a.17"
        }
      ],
      "SimpleConstructionScript": {
        "ObjectName": "SimpleConstructionScript'Apollo_Coastal_FishstickHut_03a_C:SimpleConstructionScript_388'",
        "ObjectPath": "FortniteGame/Content/Athena/Apollo/Environments/BuildingActors/Coastal/Props/Apollo_Coastal_FishstickHut_03a.21"
      },
      "UberGraphFramePointerProperty": {
        "ObjectName": "StructProperty'Apollo_Coastal_FishstickHut_03a_C:UberGraphFrame'",
        "ObjectPath": "FortniteGame/Content/Athena/Apollo/Environments/BuildingActors/Coastal/Props/Apollo_Coastal_FishstickHut_03a.0"
      },
      "UberGraphFunction": {
        "ObjectName": "Function'Apollo_Coastal_FishstickHut_03a_C:ExecuteUbergraph_Apollo_Coastal_FishstickHut_03a'",
        "ObjectPath": "FortniteGame/Content/Athena/Apollo/Environments/BuildingActors/Coastal/Props/Apollo_Coastal_FishstickHut_03a.6"
      }
    },
    "SuperStruct": {
      "ObjectName": "Class'BuildingProp'",
      "ObjectPath": "/Script/FortniteGame"
    },
    "Children": [
      {
        "ObjectName": "StructProperty'Apollo_Coastal_FishstickHut_03a_C:UberGraphFrame'",
        "ObjectPath": "FortniteGame/Content/Athena/Apollo/Environments/BuildingActors/Coastal/Props/Apollo_Coastal_FishstickHut_03a.0"
      },
      {
        "ObjectName": "Function'Apollo_Coastal_FishstickHut_03a_C:ReceiveBeginPlay'",
        "ObjectPath": "FortniteGame/Content/Athena/Apollo/Environments/BuildingActors/Coastal/Props/Apollo_Coastal_FishstickHut_03a.11"
      },
      {
        "ObjectName": "Function'Apollo_Coastal_FishstickHut_03a_C:OnDeathPlayEffects'",
        "ObjectPath": "FortniteGame/Content/Athena/Apollo/Environments/BuildingActors/Coastal/Props/Apollo_Coastal_FishstickHut_03a.9"
      },
      {
        "ObjectName": "Function'Apollo_Coastal_FishstickHut_03a_C:ExecuteUbergraph_Apollo_Coastal_FishstickHut_03a'",
        "ObjectPath": "FortniteGame/Content/Athena/Apollo/Environments/BuildingActors/Coastal/Props/Apollo_Coastal_FishstickHut_03a.6"
      },
      {
        "ObjectName": "ObjectProperty'Apollo_Coastal_FishstickHut_03a_C:Hut_Ambient_Sound'",
        "ObjectPath": "FortniteGame/Content/Athena/Apollo/Environments/BuildingActors/Coastal/Props/Apollo_Coastal_FishstickHut_03a.4"
      }
    ],
    "ClassFlags": "CLASS_NoExport | CLASS_NotPlaceable | CLASS_PerObjectConfig",
    "ClassWithin": null,
    "ClassConfigName": "/Game/Athena/Apollo/Environments/BuildingActors/Coastal/Props/Apollo_Coastal_FishstickHut_03a_2559",
    "ClassGeneratedBy": null
  },
  {
    "Type": "Apollo_Coastal_FishstickHut_03a_C",
    "Name": "Default__Apollo_Coastal_FishstickHut_03a_C",
    "Class": "BlueprintGeneratedClass'FortniteGame/Content/Athena/Apollo/Environments/BuildingActors/Coastal/Props/Apollo_Coastal_FishstickHut_03a.Apollo_Coastal_FishstickHut_03a_C'",
    "Properties": {
      "UberGraphFrame": {},
      "StaticMesh": {
        "ObjectName": "StaticMesh'S_Coastal_FishstickHut_03'",
        "ObjectPath": "FortniteGame/Content/Environments/Apollo/Sets/Coastal/Props/Meshes/S_Coastal_FishstickHut_03.1"
      },
      "ResourceType": "EFortResourceType::Wood",
      "StaticMeshComponent": {
        "ObjectName": "StaticMeshComponent'Default__Apollo_Coastal_FishstickHut_03a_C:StaticMeshComponent0'",
        "ObjectPath": "FortniteGame/Content/Athena/Apollo/Environments/BuildingActors/Coastal/Props/Apollo_Coastal_FishstickHut_03a.22"
      },
      "DestructionLootTierGroup": "Destruction_Gnome",
      "BuildingResourceAmountOverride": {
        "CurveTable": {
          "ObjectName": "CurveTable'AthenaResourceRates'",
          "ObjectPath": "FortniteGame/Content/Athena/Balance/DataTables/AthenaResourceRates.0"
        },
        "RowName": "PropWoodLow"
      },
      "DeathParticles": {
        "ObjectName": "ParticleSystem'P_General_Deco_Destruction_Large_Stone'",
        "ObjectPath": "FortniteGame/Content/Effects/Fort_Effects/World/Destruction/Base_Effects/P_General_Deco_Destruction_Large_Stone.149"
      },
      "DeathParticleSocketName": "death_particles",
      "DeathSound": {
        "ObjectName": "SoundCue'Demo_Wood_Small_ImpactFinal_Cue'",
        "ObjectPath": "FortniteGame/Content/Sounds/Fort_Impact_Sounds/Demolition/Wood/Demo_Wood_Small_ImpactFinal_Cue.0"
      },
      "BuildingAttachmentType": "ATTACH_Floor",
      "AttributeInitKeys": {
        "AttributeInitCategory": "ResourceWood",
        "AttributeInitSubCategory": "2"
      },
      "AttributeInitKeys": {
        "AttributeInitCategory": "ResourceWood",
        "AttributeInitSubCategory": "2"
      },
      "NavigationObstacleOverride": "ENavigationObstacleOverride::ForceEnabled",
      "bCanExportNavigationCollisions": true,
      "bDestroyOnPlayerBuildingPlacement": true,
      "StaticGameplayTags": [
        "Building.Type.Prop.Gnome",
        "Building.Type.Prop"
      ],
      "PlayHitSound": {
        "ObjectName": "SoundCue'Demo_Wood_Small_Impact_Cue'",
        "ObjectPath": "FortniteGame/Content/Sounds/Fort_Impact_Sounds/Demolition/Wood/Demo_Wood_Small_Impact_Cue.0"
      },
      "bEnableAutoLODGeneration": false,
      "RootComponent": {
        "ObjectName": "StaticMeshComponent'Default__Apollo_Coastal_FishstickHut_03a_C:StaticMeshComponent0'",
        "ObjectPath": "FortniteGame/Content/Athena/Apollo/Environments/BuildingActors/Coastal/Props/Apollo_Coastal_FishstickHut_03a.22"
      }
    }
  },
  {
    "Type": "AudioComponent",
    "Name": "Hut_Ambient_Sound_GEN_VARIABLE",
    "Outer": "Apollo_Coastal_FishstickHut_03a_C",
    "Class": "UScriptClass'AudioComponent'",
    "Properties": {
      "Sound": {
        "ObjectName": "SoundCue'FishStickHut_Tune_Cue'",
        "ObjectPath": "FortniteGame/Content/Sounds/Fort_Prop_Sounds/Exterior/FishStickHut/FishStickHut_Tune_Cue.0"
      },
      "RelativeLocation": {
        "X": 0.0,
        "Y": 7.473461,
        "Z": 37.740177
      }
    }
  },
  {
    "Type": "ObjectProperty",
    "Name": "Hut_Ambient_Sound",
    "Outer": "Apollo_Coastal_FishstickHut_03a_C",
    "Class": "UScriptClass'ObjectProperty'",
    "PropertyFlags": "BlueprintVisible | InstancedReference | NonTransactional",
    "PropertyClass": {
      "ObjectName": "Class'AudioComponent'",
      "ObjectPath": "/Script/Engine"
    }
  },
  {
    "Type": "IntProperty",
    "Name": "EntryPoint",
    "Outer": "ExecuteUbergraph_Apollo_Coastal_FishstickHut_03a",
    "Class": "UScriptClass'IntProperty'",
    "PropertyFlags": "BlueprintVisible | BlueprintReadOnly | Parm"
  },
  {
    "Type": "Function",
    "Name": "ExecuteUbergraph_Apollo_Coastal_FishstickHut_03a",
    "Outer": "Apollo_Coastal_FishstickHut_03a_C",
    "Class": "UScriptClass'Function'",
    "Children": [
      {
        "ObjectName": "IntProperty'Apollo_Coastal_FishstickHut_03a_C:ExecuteUbergraph_Apollo_Coastal_FishstickHut_03a.EntryPoint'",
        "ObjectPath": "FortniteGame/Content/Athena/Apollo/Environments/BuildingActors/Coastal/Props/Apollo_Coastal_FishstickHut_03a.5"
      },
      {
        "ObjectName": "BoolProperty'Apollo_Coastal_FishstickHut_03a_C:ExecuteUbergraph_Apollo_Coastal_FishstickHut_03a.CallFunc_HasDestructionLoot_ReturnValue'",
        "ObjectPath": "FortniteGame/Content/Athena/Apollo/Environments/BuildingActors/Coastal/Props/Apollo_Coastal_FishstickHut_03a.7"
      },
      {
        "ObjectName": "StructProperty'Apollo_Coastal_FishstickHut_03a_C:ExecuteUbergraph_Apollo_Coastal_FishstickHut_03a.CallFunc_MakeTransform_ReturnValue'",
        "ObjectPath": "FortniteGame/Content/Athena/Apollo/Environments/BuildingActors/Coastal/Props/Apollo_Coastal_FishstickHut_03a.23"
      },
      {
        "ObjectName": "ObjectProperty'Apollo_Coastal_FishstickHut_03a_C:ExecuteUbergraph_Apollo_Coastal_FishstickHut_03a.CallFunc_AddComponent_ReturnValue'",
        "ObjectPath": "FortniteGame/Content/Athena/Apollo/Environments/BuildingActors/Coastal/Props/Apollo_Coastal_FishstickHut_03a.12"
      },
      {
        "ObjectName": "FloatProperty'Apollo_Coastal_FishstickHut_03a_C:ExecuteUbergraph_Apollo_Coastal_FishstickHut_03a.K2Node_Event_Damage'",
        "ObjectPath": "FortniteGame/Content/Athena/Apollo/Environments/BuildingActors/Coastal/Props/Apollo_Coastal_FishstickHut_03a.8"
      },
      {
        "ObjectName": "StructProperty'Apollo_Coastal_FishstickHut_03a_C:ExecuteUbergraph_Apollo_Coastal_FishstickHut_03a.K2Node_Event_DamageTags'",
        "ObjectPath": "FortniteGame/Content/Athena/Apollo/Environments/BuildingActors/Coastal/Props/Apollo_Coastal_FishstickHut_03a.24"
      },
      {
        "ObjectName": "StructProperty'Apollo_Coastal_FishstickHut_03a_C:ExecuteUbergraph_Apollo_Coastal_FishstickHut_03a.K2Node_Event_Momentum'",
        "ObjectPath": "FortniteGame/Content/Athena/Apollo/Environments/BuildingActors/Coastal/Props/Apollo_Coastal_FishstickHut_03a.27"
      },
      {
        "ObjectName": "StructProperty'Apollo_Coastal_FishstickHut_03a_C:ExecuteUbergraph_Apollo_Coastal_FishstickHut_03a.K2Node_Event_HitInfo'",
        "ObjectPath": "FortniteGame/Content/Athena/Apollo/Environments/BuildingActors/Coastal/Props/Apollo_Coastal_FishstickHut_03a.26"
      },
      {
        "ObjectName": "ObjectProperty'Apollo_Coastal_FishstickHut_03a_C:ExecuteUbergraph_Apollo_Coastal_FishstickHut_03a.K2Node_Event_InstigatedBy'",
        "ObjectPath": "FortniteGame/Content/Athena/Apollo/Environments/BuildingActors/Coastal/Props/Apollo_Coastal_FishstickHut_03a.14"
      },
      {
        "ObjectName": "ObjectProperty'Apollo_Coastal_FishstickHut_03a_C:ExecuteUbergraph_Apollo_Coastal_FishstickHut_03a.K2Node_Event_DamageCauser'",
        "ObjectPath": "FortniteGame/Content/Athena/Apollo/Environments/BuildingActors/Coastal/Props/Apollo_Coastal_FishstickHut_03a.13"
      },
      {
        "ObjectName": "StructProperty'Apollo_Coastal_FishstickHut_03a_C:ExecuteUbergraph_Apollo_Coastal_FishstickHut_03a.K2Node_Event_EffectContext'",
        "ObjectPath": "FortniteGame/Content/Athena/Apollo/Environments/BuildingActors/Coastal/Props/Apollo_Coastal_FishstickHut_03a.25"
      }
    ],
    "FunctionFlags": "FUNC_None"
  },
  {
    "Type": "BoolProperty",
    "Name": "CallFunc_HasDestructionLoot_ReturnValue",
    "Outer": "ExecuteUbergraph_Apollo_Coastal_FishstickHut_03a",
    "Class": "UScriptClass'BoolProperty'",
    "BoolSize": 1,
    "bIsNativeBool": true
  },
  {
    "Type": "FloatProperty",
    "Name": "K2Node_Event_Damage",
    "Outer": "ExecuteUbergraph_Apollo_Coastal_FishstickHut_03a",
    "Class": "UScriptClass'FloatProperty'"
  },
  {
    "Type": "Function",
    "Name": "OnDeathPlayEffects",
    "Outer": "Apollo_Coastal_FishstickHut_03a_C",
    "Class": "UScriptClass'Function'",
    "SuperStruct": {
      "ObjectName": "Function'BuildingActor:OnDeathPlayEffects'",
      "ObjectPath": "/Script/FortniteGame"
    },
    "Children": [
      {
        "ObjectName": "FloatProperty'Apollo_Coastal_FishstickHut_03a_C:OnDeathPlayEffects.Damage'",
        "ObjectPath": "FortniteGame/Content/Athena/Apollo/Environments/BuildingActors/Coastal/Props/Apollo_Coastal_FishstickHut_03a.10"
      },
      {
        "ObjectName": "StructProperty'Apollo_Coastal_FishstickHut_03a_C:OnDeathPlayEffects.DamageTags'",
        "ObjectPath": "FortniteGame/Content/Athena/Apollo/Environments/BuildingActors/Coastal/Props/Apollo_Coastal_FishstickHut_03a.28"
      },
      {
        "ObjectName": "StructProperty'Apollo_Coastal_FishstickHut_03a_C:OnDeathPlayEffects.Momentum'",
        "ObjectPath": "FortniteGame/Content/Athena/Apollo/Environments/BuildingActors/Coastal/Props/Apollo_Coastal_FishstickHut_03a.31"
      },
      {
        "ObjectName": "StructProperty'Apollo_Coastal_FishstickHut_03a_C:OnDeathPlayEffects.HitInfo'",
        "ObjectPath": "FortniteGame/Content/Athena/Apollo/Environments/BuildingActors/Coastal/Props/Apollo_Coastal_FishstickHut_03a.30"
      },
      {
        "ObjectName": "ObjectProperty'Apollo_Coastal_FishstickHut_03a_C:OnDeathPlayEffects.InstigatedBy'",
        "ObjectPath": "FortniteGame/Content/Athena/Apollo/Environments/BuildingActors/Coastal/Props/Apollo_Coastal_FishstickHut_03a.16"
      },
      {
        "ObjectName": "ObjectProperty'Apollo_Coastal_FishstickHut_03a_C:OnDeathPlayEffects.DamageCauser'",
        "ObjectPath": "FortniteGame/Content/Athena/Apollo/Environments/BuildingActors/Coastal/Props/Apollo_Coastal_FishstickHut_03a.15"
      },
      {
        "ObjectName": "StructProperty'Apollo_Coastal_FishstickHut_03a_C:OnDeathPlayEffects.EffectContext'",
        "ObjectPath": "FortniteGame/Content/Athena/Apollo/Environments/BuildingActors/Coastal/Props/Apollo_Coastal_FishstickHut_03a.29"
      }
    ],
    "FunctionFlags": "FUNC_None"
  },
  {
    "Type": "FloatProperty",
    "Name": "Damage",
    "Outer": "OnDeathPlayEffects",
    "Class": "UScriptClass'FloatProperty'",
    "PropertyFlags": "BlueprintVisible | BlueprintReadOnly | Parm"
  },
  {
    "Type": "Function",
    "Name": "ReceiveBeginPlay",
    "Outer": "Apollo_Coastal_FishstickHut_03a_C",
    "Class": "UScriptClass'Function'",
    "SuperStruct": {
      "ObjectName": "Function'Actor:ReceiveBeginPlay'",
      "ObjectPath": "/Script/Engine"
    },
    "FunctionFlags": "FUNC_None"
  },
  {
    "Type": "ObjectProperty",
    "Name": "CallFunc_AddComponent_ReturnValue",
    "Outer": "ExecuteUbergraph_Apollo_Coastal_FishstickHut_03a",
    "Class": "UScriptClass'ObjectProperty'",
    "PropertyFlags": "InstancedReference",
    "PropertyClass": {
      "ObjectName": "Class'ParticleSystemComponent'",
      "ObjectPath": "/Script/Engine"
    }
  },
  {
    "Type": "ObjectProperty",
    "Name": "K2Node_Event_DamageCauser",
    "Outer": "ExecuteUbergraph_Apollo_Coastal_FishstickHut_03a",
    "Class": "UScriptClass'ObjectProperty'",
    "PropertyClass": {
      "ObjectName": "Class'Actor'",
      "ObjectPath": "/Script/Engine"
    }
  },
  {
    "Type": "ObjectProperty",
    "Name": "K2Node_Event_InstigatedBy",
    "Outer": "ExecuteUbergraph_Apollo_Coastal_FishstickHut_03a",
    "Class": "UScriptClass'ObjectProperty'",
    "PropertyClass": {
      "ObjectName": "Class'FortPawn'",
      "ObjectPath": "/Script/FortniteGame"
    }
  },
  {
    "Type": "ObjectProperty",
    "Name": "DamageCauser",
    "Outer": "OnDeathPlayEffects",
    "Class": "UScriptClass'ObjectProperty'",
    "PropertyFlags": "BlueprintVisible | BlueprintReadOnly | Parm",
    "PropertyClass": {
      "ObjectName": "Class'Actor'",
      "ObjectPath": "/Script/Engine"
    }
  },
  {
    "Type": "ObjectProperty",
    "Name": "InstigatedBy",
    "Outer": "OnDeathPlayEffects",
    "Class": "UScriptClass'ObjectProperty'",
    "PropertyFlags": "BlueprintVisible | BlueprintReadOnly | Parm",
    "PropertyClass": {
      "ObjectName": "Class'FortPawn'",
      "ObjectPath": "/Script/FortniteGame"
    }
  },
  {
    "Type": "ParticleSystemComponent",
    "Name": "NODE_AddParticleSystemComponent-0",
    "Outer": "Apollo_Coastal_FishstickHut_03a_C",
    "Class": "UScriptClass'ParticleSystemComponent'",
    "Properties": {
      "Template": {
        "ObjectName": "ParticleSystem'P_Gnome_Eyes'",
        "ObjectPath": "FortniteGame/Content/Effects/Fort_Effects/World/Containers/Gnome/P_Gnome_Eyes.22"
      },
      "PrimaryComponentTick": {
        "bStartWithTickEnabled": false
      }
    }
  },
  {
    "Type": "SceneComponent",
    "Name": "SceneComponent_491",
    "Outer": "Apollo_Coastal_FishstickHut_03a_C",
    "Class": "UScriptClass'SceneComponent'"
  },
  {
    "Type": "SCS_Node",
    "Name": "SCS_Node_1",
    "Outer": "SimpleConstructionScript_388",
    "Class": "UScriptClass'SCS_Node'",
    "Properties": {
      "ComponentClass": {
        "ObjectName": "Class'AudioComponent'",
        "ObjectPath": "/Script/Engine"
      },
      "ComponentTemplate": {
        "ObjectName": "AudioComponent'Apollo_Coastal_FishstickHut_03a_C:Hut_Ambient_Sound_GEN_VARIABLE'",
        "ObjectPath": "FortniteGame/Content/Athena/Apollo/Environments/BuildingActors/Coastal/Props/Apollo_Coastal_FishstickHut_03a.3"
      },
      "ParentComponentOrVariableName": "StaticMeshComponent0",
      "bIsParentComponentNative": true,
      "VariableGuid": "5D554565-493F5333-EA9EF197-E8D4B1AA",
      "InternalVariableName": "Hut_Ambient_Sound"
    }
  },
  {
    "Type": "SCS_Node",
    "Name": "SCS_Node_501",
    "Outer": "SimpleConstructionScript_388",
    "Class": "UScriptClass'SCS_Node'",
    "Properties": {
      "ComponentClass": {
        "ObjectName": "Class'SceneComponent'",
        "ObjectPath": "/Script/Engine"
      },
      "ComponentTemplate": {
        "ObjectName": "SceneComponent'Apollo_Coastal_FishstickHut_03a_C:SceneComponent_491'",
        "ObjectPath": "FortniteGame/Content/Athena/Apollo/Environments/BuildingActors/Coastal/Props/Apollo_Coastal_FishstickHut_03a.18"
      },
      "VariableGuid": "56BC9799-C494E6E6-321D4295-7D5EB316",
      "InternalVariableName": "DefaultSceneRoot"
    }
  },
  {
    "Type": "SimpleConstructionScript",
    "Name": "SimpleConstructionScript_388",
    "Outer": "Apollo_Coastal_FishstickHut_03a_C",
    "Class": "UScriptClass'SimpleConstructionScript'",
    "Properties": {
      "RootNodes": [
        {
          "ObjectName": "SCS_Node'Apollo_Coastal_FishstickHut_03a_C:SimpleConstructionScript_388.SCS_Node_1'",
          "ObjectPath": "FortniteGame/Content/Athena/Apollo/Environments/BuildingActors/Coastal/Props/Apollo_Coastal_FishstickHut_03a.19"
        }
      ],
      "AllNodes": [
        {
          "ObjectName": "SCS_Node'Apollo_Coastal_FishstickHut_03a_C:SimpleConstructionScript_388.SCS_Node_1'",
          "ObjectPath": "FortniteGame/Content/Athena/Apollo/Environments/BuildingActors/Coastal/Props/Apollo_Coastal_FishstickHut_03a.19"
        }
      ],
      "DefaultSceneRootNode": {
        "ObjectName": "SCS_Node'Apollo_Coastal_FishstickHut_03a_C:SimpleConstructionScript_388.SCS_Node_501'",
        "ObjectPath": "FortniteGame/Content/Athena/Apollo/Environments/BuildingActors/Coastal/Props/Apollo_Coastal_FishstickHut_03a.20"
      }
    }
  },
  {
    "Type": "StaticMeshComponent",
    "Name": "StaticMeshComponent0",
    "Outer": "Default__Apollo_Coastal_FishstickHut_03a_C",
    "Class": "UScriptClass'StaticMeshComponent'",
    "Properties": {
      "StaticMesh": {
        "ObjectName": "StaticMesh'S_Coastal_FishstickHut_03'",
        "ObjectPath": "FortniteGame/Content/Environments/Apollo/Sets/Coastal/Props/Meshes/S_Coastal_FishstickHut_03.1"
      },
      "BodyInstance": {
        "bAutoWeld": false
      },
      "bCanEverAffectNavigation": true
    }
  },
  {
    "Type": "StructProperty",
    "Name": "CallFunc_MakeTransform_ReturnValue",
    "Outer": "ExecuteUbergraph_Apollo_Coastal_FishstickHut_03a",
    "Class": "UScriptClass'StructProperty'",
    "Struct": {
      "ObjectName": "ScriptStruct'Transform'",
      "ObjectPath": "/Script/CoreUObject"
    }
  },
  {
    "Type": "StructProperty",
    "Name": "K2Node_Event_DamageTags",
    "Outer": "ExecuteUbergraph_Apollo_Coastal_FishstickHut_03a",
    "Class": "UScriptClass'StructProperty'",
    "PropertyFlags": "ConstParm",
    "Struct": {
      "ObjectName": "ScriptStruct'GameplayTagContainer'",
      "ObjectPath": "/Script/GameplayTags"
    }
  },
  {
    "Type": "StructProperty",
    "Name": "K2Node_Event_EffectContext",
    "Outer": "ExecuteUbergraph_Apollo_Coastal_FishstickHut_03a",
    "Class": "UScriptClass'StructProperty'",
    "Struct": {
      "ObjectName": "ScriptStruct'GameplayEffectContextHandle'",
      "ObjectPath": "/Script/GameplayAbilities"
    }
  },
  {
    "Type": "StructProperty",
    "Name": "K2Node_Event_HitInfo",
    "Outer": "ExecuteUbergraph_Apollo_Coastal_FishstickHut_03a",
    "Class": "UScriptClass'StructProperty'",
    "PropertyFlags": "ConstParm | ContainsInstancedReference",
    "Struct": {
      "ObjectName": "ScriptStruct'HitResult'",
      "ObjectPath": "/Script/Engine"
    }
  },
  {
    "Type": "StructProperty",
    "Name": "K2Node_Event_Momentum",
    "Outer": "ExecuteUbergraph_Apollo_Coastal_FishstickHut_03a",
    "Class": "UScriptClass'StructProperty'",
    "Struct": {
      "ObjectName": "ScriptStruct'Vector'",
      "ObjectPath": "/Script/CoreUObject"
    }
  },
  {
    "Type": "StructProperty",
    "Name": "DamageTags",
    "Outer": "OnDeathPlayEffects",
    "Class": "UScriptClass'StructProperty'",
    "PropertyFlags": "ConstParm | BlueprintVisible | BlueprintReadOnly | Parm | OutParm | ReferenceParm",
    "Struct": {
      "ObjectName": "ScriptStruct'GameplayTagContainer'",
      "ObjectPath": "/Script/GameplayTags"
    }
  },
  {
    "Type": "StructProperty",
    "Name": "EffectContext",
    "Outer": "OnDeathPlayEffects",
    "Class": "UScriptClass'StructProperty'",
    "PropertyFlags": "BlueprintVisible | BlueprintReadOnly | Parm",
    "Struct": {
      "ObjectName": "ScriptStruct'GameplayEffectContextHandle'",
      "ObjectPath": "/Script/GameplayAbilities"
    }
  },
  {
    "Type": "StructProperty",
    "Name": "HitInfo",
    "Outer": "OnDeathPlayEffects",
    "Class": "UScriptClass'StructProperty'",
    "PropertyFlags": "ConstParm | BlueprintVisible | BlueprintReadOnly | Parm | OutParm | ReferenceParm | ContainsInstancedReference",
    "Struct": {
      "ObjectName": "ScriptStruct'HitResult'",
      "ObjectPath": "/Script/Engine"
    }
  },
  {
    "Type": "StructProperty",
    "Name": "Momentum",
    "Outer": "OnDeathPlayEffects",
    "Class": "UScriptClass'StructProperty'",
    "PropertyFlags": "BlueprintVisible | BlueprintReadOnly | Parm",
    "Struct": {
      "ObjectName": "ScriptStruct'Vector'",
      "ObjectPath": "/Script/CoreUObject"
    }
  }
]