[
  {
    "Type": "BlueprintGeneratedClass",
    "Name": "Apollo_Coastal_FishingNet_04_C",
    "Class": "UScriptClass'BlueprintGeneratedClass'",
    "Properties": {
      "SimpleConstructionScript": {
        "ObjectName": "SimpleConstructionScript'Apollo_Coastal_FishingNet_04_C:SimpleConstructionScript_415'",
        "ObjectPath": "FortniteGame/Content/Athena/Apollo/Environments/BuildingActors/Coastal/Props/Apollo_Coastal_FishingNet_04.4"
      }
    },
    "SuperStruct": {
      "ObjectName": "Class'BuildingProp'",
      "ObjectPath": "/Script/FortniteGame"
    }
  },
  {
    "Type": "Apollo_Coastal_FishingNet_04_C",
    "Name": "Default__Apollo_Coastal_FishingNet_04_C",
    "Class": "BlueprintGeneratedClass'FortniteGame/Content/Athena/Apollo/Environments/BuildingActors/Coastal/Props/Apollo_Coastal_FishingNet_04.Apollo_Coastal_FishingNet_04_C'",
    "Properties": {
      "StaticMesh": {
        "ObjectName": "StaticMesh'S_Coastal_FishingNet_04'",
        "ObjectPath": "FortniteGame/Content/Environments/Apollo/Sets/Coastal/Props/Meshes/S_Coastal_FishingNet_04.1"
      },
      "ResourceType": "EFortResourceType::Wood",
      "StaticMeshComponent": {
        "ObjectName": "StaticMeshComponent'Default__Apollo_Coastal_FishingNet_04_C:StaticMeshComponent0'",
        "ObjectPath": "FortniteGame/Content/Athena/Apollo/Environments/BuildingActors/Coastal/Props/Apollo_Coastal_FishingNet_04.5"
      },
      "BuildingResourceAmountOverride": {
        "CurveTable": {
          "ObjectName": "CurveTable'AthenaResourceRates'",
          "ObjectPath": "FortniteGame/Content/Athena/Balance/DataTables/AthenaResourceRates.0"
        },
        "RowName": "PropWoodLow"
      },
      "DeathParticles": {
        "ObjectName": "ParticleSystem'P_General_Deco_Destruction_Small'",
        "ObjectPath": "FortniteGame/Content/Effects/Fort_Effects/World/Destruction/Base_Effects/P_General_Deco_Destruction_Small.100"
      },
      "DeathParticleSocketName": "death_fx",
      "DeathSound": {
        "ObjectName": "SoundCue'Demo_WoodPallet_ImpactFinal_Cue'",
        "ObjectPath": "FortniteGame/Content/Sounds/Fort_Impact_Sounds/Demolition/Wood/Demo_WoodPallet_ImpactFinal_Cue.0"
      },
      "BuildingAttachmentType": "ATTACH_Ceiling",
      "AttributeInitKeys": {
        "AttributeInitCategory": "PropWood",
        "AttributeInitSubCategory": "2"
      },
      "AttributeInitKeys": {
        "AttributeInitCategory": "PropWood",
        "AttributeInitSubCategory": "2"
      },
      "NavigationObstacleOverride": "ENavigationObstacleOverride::ForceEnabled",
      "bCanExportNavigationCollisions": true,
      "StaticGameplayTags": [
        "Building.Type.Prop"
      ],
      "PlayHitSound": {
        "ObjectName": "SoundCue'Demo_WoodPallet_Impact_Cue'",
        "ObjectPath": "FortniteGame/Content/Sounds/Fort_Impact_Sounds/Demolition/Wood/Demo_WoodPallet_Impact_Cue.0"
      },
      "bEnableAutoLODGeneration": false,
      "RootComponent": {
        "ObjectName": "StaticMeshComponent'Default__Apollo_Coastal_FishingNet_04_C:StaticMeshComponent0'",
        "ObjectPath": "FortniteGame/Content/Athena/Apollo/Environments/BuildingActors/Coastal/Props/Apollo_Coastal_FishingNet_04.5"
      }
    }
  },
  {
    "Type": "SceneComponent",
    "Name": "SceneComponent_431",
    "Outer": "Apollo_Coastal_FishingNet_04_C",
    "Class": "UScriptClass'SceneComponent'"
  },
  {
    "Type": "SCS_Node",
    "Name": "SCS_Node_445",
    "Outer": "SimpleConstructionScript_415",
    "Class": "UScriptClass'SCS_Node'",
    "Properties": {
      "ComponentClass": {
        "ObjectName": "Class'SceneComponent'",
        "ObjectPath": "/Script/Engine"
      },
      "ComponentTemplate": {
        "ObjectName": "SceneComponent'Apollo_Coastal_FishingNet_04_C:SceneComponent_431'",
        "ObjectPath": "FortniteGame/Content/Athena/Apollo/Environments/BuildingActors/Coastal/Props/Apollo_Coastal_FishingNet_04.2"
      },
      "VariableGuid": "56BC9799-C494E6E6-321D4295-7D5EB316",
      "InternalVariableName": "DefaultSceneRoot"
    }
  },
  {
    "Type": "SimpleConstructionScript",
    "Name": "SimpleConstructionScript_415",
    "Outer": "Apollo_Coastal_FishingNet_04_C",
    "Class": "UScriptClass'SimpleConstructionScript'",
    "Properties": {
      "DefaultSceneRootNode": {
        "ObjectName": "SCS_Node'Apollo_Coastal_FishingNet_04_C:SimpleConstructionScript_415.SCS_Node_445'",
        "ObjectPath": "FortniteGame/Content/Athena/Apollo/Environments/BuildingActors/Coastal/Props/Apollo_Coastal_FishingNet_04.3"
      }
    }
  },
  {
    "Type": "StaticMeshComponent",
    "Name": "StaticMeshComponent0",
    "Outer": "Default__Apollo_Coastal_FishingNet_04_C",
    "Class": "UScriptClass'StaticMeshComponent'",
    "Properties": {
      "StaticMesh": {
        "ObjectName": "StaticMesh'S_Coastal_FishingNet_04'",
        "ObjectPath": "FortniteGame/Content/Environments/Apollo/Sets/Coastal/Props/Meshes/S_Coastal_FishingNet_04.1"
      },
      "LDMaxDrawDistance": 18000.0,
      "CachedMaxDrawDistance": 18000.0,
      "CastShadow": false,
      "bCastDynamicShadow": false,
      "bCastStaticShadow": false,
      "CanCharacterStepUpOn": "ECB_Yes",
      "BodyInstance": {
        "bAutoWeld": false
      },
      "bCanEverAffectNavigation": true
    }
  }
]