[
  {
    "Type": "AudioComponent",
    "Name": "TV_Static_Day",
    "Outer": "Living_Television_01_246",
    "Class": "UScriptClass'AudioComponent'",
    "Template": {
      "ObjectName": "AudioComponent'Living_Television_01_C:AudioComponent_1762__AF512EE5'",
      "ObjectPath": "FortniteGame/Content/Building/ActorBlueprints/Containers/Living_Television_01.3"
    },
    "Properties": {
      "AttachParent": {
        "ObjectName": "StaticMeshComponent'Athena_SS_1x1_Outdoor3_011:PersistentLevel.Living_Television_01_246.StaticMeshComponent0'",
        "ObjectPath": "FortniteGame/Content/Athena/Maps/Buildings/1x1/Athena_SS_1x1_Outdoor3_011.52"
      },
      "bNetAddressable": true,
      "CreationMethod": "EComponentCreationMethod::SimpleConstructionScript"
    }
  },
  {
    "Type": "Basic_Corner_01e_Quarter_C",
    "Name": "Factory_1c_ThreeQuarter22",
    "Outer": "PersistentLevel",
    "Class": "BlueprintGeneratedClass'FortniteGame/Content/Building/ActorBlueprints/Corner/Basic_Corner_01e_Quarter.Basic_Corner_01e_Quarter_C'",
    "Template": {
      "ObjectName": "Basic_Corner_01e_Quarter_C'Default__Basic_Corner_01e_Quarter_C'",
      "ObjectPath": "FortniteGame/Content/Building/ActorBlueprints/Corner/Basic_Corner_01e_Quarter.1"
    },
    "Properties": {
      "TextureData": {
        "ObjectName": "BuildingTextureData'MI_Farm_Metal_Sheets_2'",
        "ObjectPath": "FortniteGame/Content/Building/TextureData/WallOuter/Diffuses/MI_Farm_Metal_Sheets_2.0"
      },
      "TextureData": {
        "ObjectName": "BuildingTextureData'MI_Farm_Metal_Sheets_2'",
        "ObjectPath": "FortniteGame/Content/Building/TextureData/WallOuter/Diffuses/MI_Farm_Metal_Sheets_2.0"
      },
      "ResourceType": "EFortResourceType::Metal",
      "StaticMeshComponent": {
        "ObjectName": "StaticMeshComponent'Athena_SS_1x1_Outdoor3_011:PersistentLevel.Factory_1c_ThreeQuarter22.StaticMeshComponent0'",
        "ObjectPath": "FortniteGame/Content/Athena/Maps/Buildings/1x1/Athena_SS_1x1_Outdoor3_011.36"
      },
      "BaseMaterial": {
        "ObjectName": "MaterialInstanceConstant'MI_Farm_MetalSheets'",
        "ObjectPath": "FortniteGame/Content/Environments/Sets/Barn/Materials/MI_Farm_MetalSheets.0"
      },
      "MyGuid": "D0CFBCE5-475B6C79-F3013C8E-6684B365",
      "DataVersion": 1,
      "CullDistance": 18000.0,
      "RootComponent": {
        "ObjectName": "StaticMeshComponent'Athena_SS_1x1_Outdoor3_011:PersistentLevel.Factory_1c_ThreeQuarter22.StaticMeshComponent0'",
        "ObjectPath": "FortniteGame/Content/Athena/Maps/Buildings/1x1/Athena_SS_1x1_Outdoor3_011.36"
      }
    }
  },
  {
    "Type": "Basic_Corner_01e_Quarter_C",
    "Name": "Factory_1c_ThreeQuarter27",
    "Outer": "PersistentLevel",
    "Class": "BlueprintGeneratedClass'FortniteGame/Content/Building/ActorBlueprints/Corner/Basic_Corner_01e_Quarter.Basic_Corner_01e_Quarter_C'",
    "Template": {
      "ObjectName": "Basic_Corner_01e_Quarter_C'Default__Basic_Corner_01e_Quarter_C'",
      "ObjectPath": "FortniteGame/Content/Building/ActorBlueprints/Corner/Basic_Corner_01e_Quarter.1"
    },
    "Properties": {
      "TextureData": {
        "ObjectName": "BuildingTextureData'MI_Farm_Metal_Sheets_2'",
        "ObjectPath": "FortniteGame/Content/Building/TextureData/WallOuter/Diffuses/MI_Farm_Metal_Sheets_2.0"
      },
      "TextureData": {
        "ObjectName": "BuildingTextureData'MI_Farm_Metal_Sheets_2'",
        "ObjectPath": "FortniteGame/Content/Building/TextureData/WallOuter/Diffuses/MI_Farm_Metal_Sheets_2.0"
      },
      "ResourceType": "EFortResourceType::Metal",
      "StaticMeshComponent": {
        "ObjectName": "StaticMeshComponent'Athena_SS_1x1_Outdoor3_011:PersistentLevel.Factory_1c_ThreeQuarter27.StaticMeshComponent0'",
        "ObjectPath": "FortniteGame/Content/Athena/Maps/Buildings/1x1/Athena_SS_1x1_Outdoor3_011.37"
      },
      "BaseMaterial": {
        "ObjectName": "MaterialInstanceConstant'MI_Farm_MetalSheets'",
        "ObjectPath": "FortniteGame/Content/Environments/Sets/Barn/Materials/MI_Farm_MetalSheets.0"
      },
      "MyGuid": "9B37A011-43EA8AFD-AFD5BFA3-7B0824DB",
      "DataVersion": 1,
      "CullDistance": 18000.0,
      "RootComponent": {
        "ObjectName": "StaticMeshComponent'Athena_SS_1x1_Outdoor3_011:PersistentLevel.Factory_1c_ThreeQuarter27.StaticMeshComponent0'",
        "ObjectPath": "FortniteGame/Content/Athena/Maps/Buildings/1x1/Athena_SS_1x1_Outdoor3_011.37"
      }
    }
  },
  {
    "Type": "Basic_Corner_01e_Quarter_C",
    "Name": "Factory_1c_ThreeQuarter28",
    "Outer": "PersistentLevel",
    "Class": "BlueprintGeneratedClass'FortniteGame/Content/Building/ActorBlueprints/Corner/Basic_Corner_01e_Quarter.Basic_Corner_01e_Quarter_C'",
    "Template": {
      "ObjectName": "Basic_Corner_01e_Quarter_C'Default__Basic_Corner_01e_Quarter_C'",
      "ObjectPath": "FortniteGame/Content/Building/ActorBlueprints/Corner/Basic_Corner_01e_Quarter.1"
    },
    "Properties": {
      "TextureData": {
        "ObjectName": "BuildingTextureData'MI_Farm_Metal_Sheets_2'",
        "ObjectPath": "FortniteGame/Content/Building/TextureData/WallOuter/Diffuses/MI_Farm_Metal_Sheets_2.0"
      },
      "TextureData": {
        "ObjectName": "BuildingTextureData'MI_Farm_Metal_Sheets_2'",
        "ObjectPath": "FortniteGame/Content/Building/TextureData/WallOuter/Diffuses/MI_Farm_Metal_Sheets_2.0"
      },
      "ResourceType": "EFortResourceType::Metal",
      "StaticMeshComponent": {
        "ObjectName": "StaticMeshComponent'Athena_SS_1x1_Outdoor3_011:PersistentLevel.Factory_1c_ThreeQuarter28.StaticMeshComponent0'",
        "ObjectPath": "FortniteGame/Content/Athena/Maps/Buildings/1x1/Athena_SS_1x1_Outdoor3_011.38"
      },
      "BaseMaterial": {
        "ObjectName": "MaterialInstanceConstant'MI_Farm_MetalSheets'",
        "ObjectPath": "FortniteGame/Content/Environments/Sets/Barn/Materials/MI_Farm_MetalSheets.0"
      },
      "MyGuid": "994AB7AD-464AEF2B-27015286-103AAB42",
      "DataVersion": 1,
      "CullDistance": 18000.0,
      "RootComponent": {
        "ObjectName": "StaticMeshComponent'Athena_SS_1x1_Outdoor3_011:PersistentLevel.Factory_1c_ThreeQuarter28.StaticMeshComponent0'",
        "ObjectPath": "FortniteGame/Content/Athena/Maps/Buildings/1x1/Athena_SS_1x1_Outdoor3_011.38"
      }
    }
  },
  {
    "Type": "Basic_Corner_01e_Quarter_C",
    "Name": "Factory_1c_ThreeQuarter29",
    "Outer": "PersistentLevel",
    "Class": "BlueprintGeneratedClass'FortniteGame/Content/Building/ActorBlueprints/Corner/Basic_Corner_01e_Quarter.Basic_Corner_01e_Quarter_C'",
    "Template": {
      "ObjectName": "Basic_Corner_01e_Quarter_C'Default__Basic_Corner_01e_Quarter_C'",
      "ObjectPath": "FortniteGame/Content/Building/ActorBlueprints/Corner/Basic_Corner_01e_Quarter.1"
    },
    "Properties": {
      "TextureData": {
        "ObjectName": "BuildingTextureData'MI_Farm_Metal_Sheets_2'",
        "ObjectPath": "FortniteGame/Content/Building/TextureData/WallOuter/Diffuses/MI_Farm_Metal_Sheets_2.0"
      },
      "TextureData": {
        "ObjectName": "BuildingTextureData'MI_Farm_Metal_Sheets_2'",
        "ObjectPath": "FortniteGame/Content/Building/TextureData/WallOuter/Diffuses/MI_Farm_Metal_Sheets_2.0"
      },
      "ResourceType": "EFortResourceType::Metal",
      "StaticMeshComponent": {
        "ObjectName": "StaticMeshComponent'Athena_SS_1x1_Outdoor3_011:PersistentLevel.Factory_1c_ThreeQuarter29.StaticMeshComponent0'",
        "ObjectPath": "FortniteGame/Content/Athena/Maps/Buildings/1x1/Athena_SS_1x1_Outdoor3_011.39"
      },
      "BaseMaterial": {
        "ObjectName": "MaterialInstanceConstant'MI_Farm_MetalSheets'",
        "ObjectPath": "FortniteGame/Content/Environments/Sets/Barn/Materials/MI_Farm_MetalSheets.0"
      },
      "MyGuid": "FCBC1918-4A83261E-BC112ABB-EEAF4A4C",
      "DataVersion": 1,
      "CullDistance": 18000.0,
      "RootComponent": {
        "ObjectName": "StaticMeshComponent'Athena_SS_1x1_Outdoor3_011:PersistentLevel.Factory_1c_ThreeQuarter29.StaticMeshComponent0'",
        "ObjectPath": "FortniteGame/Content/Athena/Maps/Buildings/1x1/Athena_SS_1x1_Outdoor3_011.39"
      }
    }
  },
  {
    "Type": "BoxComponent",
    "Name": "BoxComponent0",
    "Outer": "LevelBounds_0",
    "Class": "UScriptClass'BoxComponent'",
    "Properties": {
      "BodyInstance": {
        "MaxAngularVelocity": 3599.9998
      },
      "RelativeLocation": {
        "X": 69.30208,
        "Y": 67.33472,
        "Z": 290.12738
      },
      "RelativeScale3D": {
        "X": 794.3789,
        "Y": 782.31366,
        "Z": 1362.1959
      }
    }
  },
  {
    "Type": "BoxComponent",
    "Name": "Spawn_Location",
    "Outer": "Living_Television_01_246",
    "Class": "UScriptClass'BoxComponent'",
    "Template": {
      "ObjectName": "BoxComponent'Living_Television_01_C:BoxComponent_5250__44C6E966'",
      "ObjectPath": "FortniteGame/Content/Building/ActorBlueprints/Containers/Living_Television_01.13"
    },
    "Properties": {
      "LDMaxDrawDistance": 8722.484,
      "CachedMaxDrawDistance": 8722.484,
      "BodyInstance": {
        "MaxAngularVelocity": 3599.9998
      },
      "AttachParent": {
        "ObjectName": "AudioComponent'Athena_SS_1x1_Outdoor3_011:PersistentLevel.Living_Television_01_246.TV_Static_Day'",
        "ObjectPath": "FortniteGame/Content/Athena/Maps/Buildings/1x1/Athena_SS_1x1_Outdoor3_011.0"
      },
      "bNetAddressable": true,
      "CreationMethod": "EComponentCreationMethod::SimpleConstructionScript",
      "UCSModifiedProperties": [
        {
          "MemberParent": {
            "ObjectName": "Class'PrimitiveComponent'",
            "ObjectPath": "/Script/Engine"
          },
          "MemberName": "BodyInstance",
          "MemberGuid": "00000000-00000000-00000000-00000000"
        }
      ]
    }
  },
  {
    "Type": "BoxComponent",
    "Name": "Touch_Box",
    "Outer": "Utility_TrashBag_9",
    "Class": "UScriptClass'BoxComponent'",
    "Template": {
      "ObjectName": "BoxComponent'Utility_TrashBag_01_C:BoxComponent_583__594A8569'",
      "ObjectPath": "FortniteGame/Content/Building/ActorBlueprints/Containers/Utility_TrashBag_01.19"
    },
    "Properties": {
      "LDMaxDrawDistance": 6000.0,
      "CachedMaxDrawDistance": 6000.0,
      "BodyInstance": {
        "MaxAngularVelocity": 3599.9998
      },
      "AttachParent": {
        "ObjectName": "StaticMeshComponent'Athena_SS_1x1_Outdoor3_011:PersistentLevel.Utility_TrashBag_9.StaticMeshComponent0'",
        "ObjectPath": "FortniteGame/Content/Athena/Maps/Buildings/1x1/Athena_SS_1x1_Outdoor3_011.65"
      },
      "bNetAddressable": true,
      "CreationMethod": "EComponentCreationMethod::SimpleConstructionScript",
      "UCSModifiedProperties": [
        {
          "MemberParent": {
            "ObjectName": "Class'PrimitiveComponent'",
            "ObjectPath": "/Script/Engine"
          },
          "MemberName": "BodyInstance",
          "MemberGuid": "00000000-00000000-00000000-00000000"
        }
      ]
    }
  },
  {
    "Type": "Factory_Wall_18_C",
    "Name": "Factory_Wall_34",
    "Outer": "PersistentLevel",
    "Class": "BlueprintGeneratedClass'FortniteGame/Content/Building/ActorBlueprints/Wall/Factory_Wall_18.Factory_Wall_18_C'",
    "Template": {
      "ObjectName": "Factory_Wall_18_C'Default__Factory_Wall_18_C'",
      "ObjectPath": "FortniteGame/Content/Building/ActorBlueprints/Wall/Factory_Wall_18.1"
    },
    "Properties": {
      "DoorMesh": null,
      "TextureData": {
        "ObjectName": "BuildingTextureData'MI_Farm_Metal_Sheets_2'",
        "ObjectPath": "FortniteGame/Content/Building/TextureData/WallOuter/Diffuses/MI_Farm_Metal_Sheets_2.0"
      },
      "TextureData": {
        "ObjectName": "BuildingTextureData'MI_Farm_Metal_Sheets_2'",
        "ObjectPath": "FortniteGame/Content/Building/TextureData/WallOuter/Diffuses/MI_Farm_Metal_Sheets_2.0"
      },
      "ResourceType": "EFortResourceType::Metal",
      "StaticMeshComponent": {
        "ObjectName": "StaticMeshComponent'Athena_SS_1x1_Outdoor3_011:PersistentLevel.Factory_Wall_34.StaticMeshComponent0'",
        "ObjectPath": "FortniteGame/Content/Athena/Maps/Buildings/1x1/Athena_SS_1x1_Outdoor3_011.40"
      },
      "BaseMaterial": {
        "ObjectName": "MaterialInstanceConstant'MI_Farm_MetalSheets'",
        "ObjectPath": "FortniteGame/Content/Environments/Sets/Barn/Materials/MI_Farm_MetalSheets.0"
      },
      "MyGuid": "74D287FB-4A85A3D5-BFF4FB8F-E8130819",
      "DataVersion": 1,
      "CullDistance": 29115.613,
      "RootComponent": {
        "ObjectName": "StaticMeshComponent'Athena_SS_1x1_Outdoor3_011:PersistentLevel.Factory_Wall_34.StaticMeshComponent0'",
        "ObjectPath": "FortniteGame/Content/Athena/Maps/Buildings/1x1/Athena_SS_1x1_Outdoor3_011.40"
      }
    }
  },
  {
    "Type": "Factory_Wall_3_C",
    "Name": "Factory_Wall_39",
    "Outer": "PersistentLevel",
    "Class": "BlueprintGeneratedClass'FortniteGame/Content/Building/ActorBlueprints/Wall/Factory_Wall_3.Factory_Wall_3_C'",
    "Template": {
      "ObjectName": "Factory_Wall_3_C'Default__Factory_Wall_3_C'",
      "ObjectPath": "FortniteGame/Content/Building/ActorBlueprints/Wall/Factory_Wall_3.1"
    },
    "Properties": {
      "TextureData": {
        "ObjectName": "BuildingTextureData'MI_Farm_Metal_Sheets_2'",
        "ObjectPath": "FortniteGame/Content/Building/TextureData/WallOuter/Diffuses/MI_Farm_Metal_Sheets_2.0"
      },
      "TextureData": {
        "ObjectName": "BuildingTextureData'MI_Farm_Metal_Sheets_2'",
        "ObjectPath": "FortniteGame/Content/Building/TextureData/WallOuter/Diffuses/MI_Farm_Metal_Sheets_2.0"
      },
      "ResourceType": "EFortResourceType::Metal",
      "StaticMeshComponent": {
        "ObjectName": "StaticMeshComponent'Athena_SS_1x1_Outdoor3_011:PersistentLevel.Factory_Wall_39.StaticMeshComponent0'",
        "ObjectPath": "FortniteGame/Content/Athena/Maps/Buildings/1x1/Athena_SS_1x1_Outdoor3_011.41"
      },
      "BaseMaterial": {
        "ObjectName": "MaterialInstanceConstant'MI_Farm_MetalSheets'",
        "ObjectPath": "FortniteGame/Content/Environments/Sets/Barn/Materials/MI_Farm_MetalSheets.0"
      },
      "MyGuid": "56047CEB-4F990505-DE73D6A4-C13AC5DB",
      "DataVersion": 1,
      "CullDistance": 29115.613,
      "RootComponent": {
        "ObjectName": "StaticMeshComponent'Athena_SS_1x1_Outdoor3_011:PersistentLevel.Factory_Wall_39.StaticMeshComponent0'",
        "ObjectPath": "FortniteGame/Content/Athena/Maps/Buildings/1x1/Athena_SS_1x1_Outdoor3_011.41"
      }
    }
  },
  {
    "Type": "Factory_Wall_3_C",
    "Name": "Factory_Wall_40",
    "Outer": "PersistentLevel",
    "Class": "BlueprintGeneratedClass'FortniteGame/Content/Building/ActorBlueprints/Wall/Factory_Wall_3.Factory_Wall_3_C'",
    "Template": {
      "ObjectName": "Factory_Wall_3_C'Default__Factory_Wall_3_C'",
      "ObjectPath": "FortniteGame/Content/Building/ActorBlueprints/Wall/Factory_Wall_3.1"
    },
    "Properties": {
      "TextureData": {
        "ObjectName": "BuildingTextureData'MI_Farm_Metal_Sheets_2'",
        "ObjectPath": "FortniteGame/Content/Building/TextureData/WallOuter/Diffuses/MI_Farm_Metal_Sheets_2.0"
      },
      "TextureData": {
        "ObjectName": "BuildingTextureData'MI_Farm_Metal_Sheets_2'",
        "ObjectPath": "FortniteGame/Content/Building/TextureData/WallOuter/Diffuses/MI_Farm_Metal_Sheets_2.0"
      },
      "ResourceType": "EFortResourceType::Metal",
      "StaticMeshComponent": {
        "ObjectName": "StaticMeshComponent'Athena_SS_1x1_Outdoor3_011:PersistentLevel.Factory_Wall_40.StaticMeshComponent0'",
        "ObjectPath": "FortniteGame/Content/Athena/Maps/Buildings/1x1/Athena_SS_1x1_Outdoor3_011.42"
      },
      "BaseMaterial": {
        "ObjectName": "MaterialInstanceConstant'MI_Farm_MetalSheets'",
        "ObjectPath": "FortniteGame/Content/Environments/Sets/Barn/Materials/MI_Farm_MetalSheets.0"
      },
      "MyGuid": "293B9011-40447475-119616AB-B3CC7883",
      "DataVersion": 1,
      "CullDistance": 29115.613,
      "RootComponent": {
        "ObjectName": "StaticMeshComponent'Athena_SS_1x1_Outdoor3_011:PersistentLevel.Factory_Wall_40.StaticMeshComponent0'",
        "ObjectPath": "FortniteGame/Content/Athena/Maps/Buildings/1x1/Athena_SS_1x1_Outdoor3_011.42"
      }
    }
  },
  {
    "Type": "Factory_Wall_3_C",
    "Name": "Factory_Wall_41",
    "Outer": "PersistentLevel",
    "Class": "BlueprintGeneratedClass'FortniteGame/Content/Building/ActorBlueprints/Wall/Factory_Wall_3.Factory_Wall_3_C'",
    "Template": {
      "ObjectName": "Factory_Wall_3_C'Default__Factory_Wall_3_C'",
      "ObjectPath": "FortniteGame/Content/Building/ActorBlueprints/Wall/Factory_Wall_3.1"
    },
    "Properties": {
      "TextureData": {
        "ObjectName": "BuildingTextureData'MI_Farm_Metal_Sheets_2'",
        "ObjectPath": "FortniteGame/Content/Building/TextureData/WallOuter/Diffuses/MI_Farm_Metal_Sheets_2.0"
      },
      "TextureData": {
        "ObjectName": "BuildingTextureData'MI_Farm_Metal_Sheets_2'",
        "ObjectPath": "FortniteGame/Content/Building/TextureData/WallOuter/Diffuses/MI_Farm_Metal_Sheets_2.0"
      },
      "ResourceType": "EFortResourceType::Metal",
      "StaticMeshComponent": {
        "ObjectName": "StaticMeshComponent'Athena_SS_1x1_Outdoor3_011:PersistentLevel.Factory_Wall_41.StaticMeshComponent0'",
        "ObjectPath": "FortniteGame/Content/Athena/Maps/Buildings/1x1/Athena_SS_1x1_Outdoor3_011.43"
      },
      "BaseMaterial": {
        "ObjectName": "MaterialInstanceConstant'MI_Farm_MetalSheets'",
        "ObjectPath": "FortniteGame/Content/Environments/Sets/Barn/Materials/MI_Farm_MetalSheets.0"
      },
      "MyGuid": "763AF419-45739B93-1DD55690-9414CB2F",
      "DataVersion": 1,
      "CullDistance": 29115.613,
      "RootComponent": {
        "ObjectName": "StaticMeshComponent'Athena_SS_1x1_Outdoor3_011:PersistentLevel.Factory_Wall_41.StaticMeshComponent0'",
        "ObjectPath": "FortniteGame/Content/Athena/Maps/Buildings/1x1/Athena_SS_1x1_Outdoor3_011.43"
      }
    }
  },
  {
    "Type": "Farm_Roof1_Peak_C",
    "Name": "Farm_Roof1_Peak4_2",
    "Outer": "PersistentLevel",
    "Class": "BlueprintGeneratedClass'FortniteGame/Content/Building/ActorBlueprints/Roof/Farm_Roof1_Peak.Farm_Roof1_Peak_C'",
    "Template": {
      "ObjectName": "Farm_Roof1_Peak_C'Default__Farm_Roof1_Peak_C'",
      "ObjectPath": "FortniteGame/Content/Building/ActorBlueprints/Roof/Farm_Roof1_Peak.1"
    },
    "Properties": {
      "StaticMeshComponent": {
        "ObjectName": "StaticMeshComponent'Athena_SS_1x1_Outdoor3_011:PersistentLevel.Farm_Roof1_Peak4_2.StaticMeshComponent0'",
        "ObjectPath": "FortniteGame/Content/Athena/Maps/Buildings/1x1/Athena_SS_1x1_Outdoor3_011.44"
      },
      "MyGuid": "AF5900B2-4CF5339F-229067BB-56B322F5",
      "DataVersion": 1,
      "CullDistance": 29115.613,
      "RootComponent": {
        "ObjectName": "StaticMeshComponent'Athena_SS_1x1_Outdoor3_011:PersistentLevel.Farm_Roof1_Peak4_2.StaticMeshComponent0'",
        "ObjectPath": "FortniteGame/Content/Athena/Maps/Buildings/1x1/Athena_SS_1x1_Outdoor3_011.44"
      }
    }
  },
  {
    "Type": "FortWorldSettings",
    "Name": "FortWorldSettings",
    "Outer": "PersistentLevel",
    "Class": "UScriptClass'FortWorldSettings'",
    "Properties": {
      "WorldCells": [
        2147483647,
        1
      ],
      "WorldCellsOrigin": {
        "X": 512.0,
        "Y": 512.0,
        "Z": 0.0
      }
    }
  },
  {
    "Type": "Girder02_Archway_C",
    "Name": "Girder02_Archway11_2",
    "Outer": "PersistentLevel",
    "Class": "BlueprintGeneratedClass'FortniteGame/Content/Building/ActorBlueprints/Wall/Girder02_Archway.Girder02_Archway_C'",
    "Template": {
      "ObjectName": "Girder02_Archway_C'Default__Girder02_Archway_C'",
      "ObjectPath": "FortniteGame/Content/Building/ActorBlueprints/Wall/Girder02_Archway.1"
    },
    "Properties": {
      "StaticMeshComponent": {
        "ObjectName": "StaticMeshComponent'Athena_SS_1x1_Outdoor3_011:PersistentLevel.Girder02_Archway11_2.StaticMeshComponent0'",
        "ObjectPath": "FortniteGame/Content/Athena/Maps/Buildings/1x1/Athena_SS_1x1_Outdoor3_011.45"
      },
      "MyGuid": "0B89322E-44E039EE-6759799B-FB21E8AE",
      "DataVersion": 1,
      "CullDistance": 29115.613,
      "RootComponent": {
        "ObjectName": "StaticMeshComponent'Athena_SS_1x1_Outdoor3_011:PersistentLevel.Girder02_Archway11_2.StaticMeshComponent0'",
        "ObjectPath": "FortniteGame/Content/Athena/Maps/Buildings/1x1/Athena_SS_1x1_Outdoor3_011.45"
      }
    }
  },
  {
    "Type": "Girder02_Archway_C",
    "Name": "Girder02_Archway12",
    "Outer": "PersistentLevel",
    "Class": "BlueprintGeneratedClass'FortniteGame/Content/Building/ActorBlueprints/Wall/Girder02_Archway.Girder02_Archway_C'",
    "Template": {
      "ObjectName": "Girder02_Archway_C'Default__Girder02_Archway_C'",
      "ObjectPath": "FortniteGame/Content/Building/ActorBlueprints/Wall/Girder02_Archway.1"
    },
    "Properties": {
      "StaticMeshComponent": {
        "ObjectName": "StaticMeshComponent'Athena_SS_1x1_Outdoor3_011:PersistentLevel.Girder02_Archway12.StaticMeshComponent0'",
        "ObjectPath": "FortniteGame/Content/Athena/Maps/Buildings/1x1/Athena_SS_1x1_Outdoor3_011.46"
      },
      "MyGuid": "8C8268D7-406B153E-0F3D24BA-3D1A36C9",
      "DataVersion": 1,
      "CullDistance": 29115.613,
      "RootComponent": {
        "ObjectName": "StaticMeshComponent'Athena_SS_1x1_Outdoor3_011:PersistentLevel.Girder02_Archway12.StaticMeshComponent0'",
        "ObjectPath": "FortniteGame/Content/Athena/Maps/Buildings/1x1/Athena_SS_1x1_Outdoor3_011.46"
      }
    }
  },
  {
    "Type": "Girder03_C",
    "Name": "Girder5",
    "Outer": "PersistentLevel",
    "Class": "BlueprintGeneratedClass'FortniteGame/Content/Building/ActorBlueprints/Wall/Girder03.Girder03_C'",
    "Template": {
      "ObjectName": "Girder03_C'Default__Girder03_C'",
      "ObjectPath": "FortniteGame/Content/Building/ActorBlueprints/Wall/Girder03.1"
    },
    "Properties": {
      "StaticMeshComponent": {
        "ObjectName": "StaticMeshComponent'Athena_SS_1x1_Outdoor3_011:PersistentLevel.Girder5.StaticMeshComponent0'",
        "ObjectPath": "FortniteGame/Content/Athena/Maps/Buildings/1x1/Athena_SS_1x1_Outdoor3_011.47"
      },
      "MyGuid": "93F39780-4129D29D-262E6A97-9D847258",
      "DataVersion": 1,
      "CullDistance": 29115.613,
      "RootComponent": {
        "ObjectName": "StaticMeshComponent'Athena_SS_1x1_Outdoor3_011:PersistentLevel.Girder5.StaticMeshComponent0'",
        "ObjectPath": "FortniteGame/Content/Athena/Maps/Buildings/1x1/Athena_SS_1x1_Outdoor3_011.47"
      }
    }
  },
  {
    "Type": "Girder03_C",
    "Name": "Girder6",
    "Outer": "PersistentLevel",
    "Class": "BlueprintGeneratedClass'FortniteGame/Content/Building/ActorBlueprints/Wall/Girder03.Girder03_C'",
    "Template": {
      "ObjectName": "Girder03_C'Default__Girder03_C'",
      "ObjectPath": "FortniteGame/Content/Building/ActorBlueprints/Wall/Girder03.1"
    },
    "Properties": {
      "StaticMeshComponent": {
        "ObjectName": "StaticMeshComponent'Athena_SS_1x1_Outdoor3_011:PersistentLevel.Girder6.StaticMeshComponent0'",
        "ObjectPath": "FortniteGame/Content/Athena/Maps/Buildings/1x1/Athena_SS_1x1_Outdoor3_011.48"
      },
      "MyGuid": "93C7FD0C-49C74F3C-C37358AE-02066709",
      "DataVersion": 1,
      "CullDistance": 29115.613,
      "RootComponent": {
        "ObjectName": "StaticMeshComponent'Athena_SS_1x1_Outdoor3_011:PersistentLevel.Girder6.StaticMeshComponent0'",
        "ObjectPath": "FortniteGame/Content/Athena/Maps/Buildings/1x1/Athena_SS_1x1_Outdoor3_011.48"
      }
    }
  },
  {
    "Type": "Girder03_C",
    "Name": "Girder7",
    "Outer": "PersistentLevel",
    "Class": "BlueprintGeneratedClass'FortniteGame/Content/Building/ActorBlueprints/Wall/Girder03.Girder03_C'",
    "Template": {
      "ObjectName": "Girder03_C'Default__Girder03_C'",
      "ObjectPath": "FortniteGame/Content/Building/ActorBlueprints/Wall/Girder03.1"
    },
    "Properties": {
      "StaticMeshComponent": {
        "ObjectName": "StaticMeshComponent'Athena_SS_1x1_Outdoor3_011:PersistentLevel.Girder7.StaticMeshComponent0'",
        "ObjectPath": "FortniteGame/Content/Athena/Maps/Buildings/1x1/Athena_SS_1x1_Outdoor3_011.49"
      },
      "MyGuid": "92424220-4C499AE4-4F7B5A8F-58C77689",
      "DataVersion": 1,
      "CullDistance": 29115.613,
      "RootComponent": {
        "ObjectName": "StaticMeshComponent'Athena_SS_1x1_Outdoor3_011:PersistentLevel.Girder7.StaticMeshComponent0'",
        "ObjectPath": "FortniteGame/Content/Athena/Maps/Buildings/1x1/Athena_SS_1x1_Outdoor3_011.49"
      }
    }
  },
  {
    "Type": "Girder03_C",
    "Name": "Girder8",
    "Outer": "PersistentLevel",
    "Class": "BlueprintGeneratedClass'FortniteGame/Content/Building/ActorBlueprints/Wall/Girder03.Girder03_C'",
    "Template": {
      "ObjectName": "Girder03_C'Default__Girder03_C'",
      "ObjectPath": "FortniteGame/Content/Building/ActorBlueprints/Wall/Girder03.1"
    },
    "Properties": {
      "StaticMeshComponent": {
        "ObjectName": "StaticMeshComponent'Athena_SS_1x1_Outdoor3_011:PersistentLevel.Girder8.StaticMeshComponent0'",
        "ObjectPath": "FortniteGame/Content/Athena/Maps/Buildings/1x1/Athena_SS_1x1_Outdoor3_011.50"
      },
      "MyGuid": "F9A389C0-4F701A46-9A786EA2-A14B0B61",
      "DataVersion": 1,
      "CullDistance": 29115.613,
      "RootComponent": {
        "ObjectName": "StaticMeshComponent'Athena_SS_1x1_Outdoor3_011:PersistentLevel.Girder8.StaticMeshComponent0'",
        "ObjectPath": "FortniteGame/Content/Athena/Maps/Buildings/1x1/Athena_SS_1x1_Outdoor3_011.50"
      }
    }
  },
  {
    "Type": "Kitchen_Refrigerator_01_C",
    "Name": "Kitchen_Refrigerator_01_2",
    "Outer": "PersistentLevel",
    "Class": "BlueprintGeneratedClass'FortniteGame/Content/Building/ActorBlueprints/Containers/Kitchen_Refrigerator_01.Kitchen_Refrigerator_01_C'",
    "Template": {
      "ObjectName": "Kitchen_Refrigerator_01_C'Default__Kitchen_Refrigerator_01_C'",
      "ObjectPath": "FortniteGame/Content/Building/ActorBlueprints/Containers/Kitchen_Refrigerator_01.1"
    },
    "Properties": {
      "StaticMeshComponent": {
        "ObjectName": "StaticMeshComponent'Athena_SS_1x1_Outdoor3_011:PersistentLevel.Kitchen_Refrigerator_01_2.StaticMeshComponent0'",
        "ObjectPath": "FortniteGame/Content/Athena/Maps/Buildings/1x1/Athena_SS_1x1_Outdoor3_011.51"
      },
      "MyGuid": "5A6A79FF-4D936372-D6E860B8-39B53ACD",
      "DataVersion": 1,
      "CullDistance": 10584.629,
      "RootComponent": {
        "ObjectName": "StaticMeshComponent'Athena_SS_1x1_Outdoor3_011:PersistentLevel.Kitchen_Refrigerator_01_2.StaticMeshComponent0'",
        "ObjectPath": "FortniteGame/Content/Athena/Maps/Buildings/1x1/Athena_SS_1x1_Outdoor3_011.51"
      }
    }
  },
  {
    "Type": "Level",
    "Name": "PersistentLevel",
    "Outer": "Athena_SS_1x1_Outdoor3_011",
    "Class": "UScriptClass'Level'",
    "Properties": {
      "Model": {
        "ObjectName": "Model'Athena_SS_1x1_Outdoor3_011:PersistentLevel.Model_0'",
        "ObjectPath": "FortniteGame/Content/Athena/Maps/Buildings/1x1/Athena_SS_1x1_Outdoor3_011.25"
      },
      "LevelBuildDataId": "97F63E29-43F1E18C-A698FCAC-393CCC0E",
      "WorldSettings": {
        "ObjectName": "FortWorldSettings'Athena_SS_1x1_Outdoor3_011:PersistentLevel.FortWorldSettings'",
        "ObjectPath": "FortniteGame/Content/Athena/Maps/Buildings/1x1/Athena_SS_1x1_Outdoor3_011.13"
      }
    },
    "Actors": [
      {
        "ObjectName": "FortWorldSettings'Athena_SS_1x1_Outdoor3_011:PersistentLevel.FortWorldSettings'",
        "ObjectPath": "FortniteGame/Content/Athena/Maps/Buildings/1x1/Athena_SS_1x1_Outdoor3_011.13"
      },
      null,
      {
        "ObjectName": "LevelBounds'Athena_SS_1x1_Outdoor3_011:PersistentLevel.LevelBounds_0'",
        "ObjectPath": "FortniteGame/Content/Athena/Maps/Buildings/1x1/Athena_SS_1x1_Outdoor3_011.22"
      },
      {
        "ObjectName": "LODActor'Athena_SS_1x1_Outdoor3_011:PersistentLevel.LODActor_0'",
        "ObjectPath": "FortniteGame/Content/Athena/Maps/Buildings/1x1/Athena_SS_1x1_Outdoor3_011.24"
      },
      {
        "ObjectName": "Girder03_C'Athena_SS_1x1_Outdoor3_011:PersistentLevel.Girder5'",
        "ObjectPath": "FortniteGame/Content/Athena/Maps/Buildings/1x1/Athena_SS_1x1_Outdoor3_011.16"
      },
      {
        "ObjectName": "SM_FORT_Floors_Generic_BasicTile_C'Athena_SS_1x1_Outdoor3_011:PersistentLevel.SM_FORT_Floors_Generic_BasicTile2'",
        "ObjectPath": "FortniteGame/Content/Athena/Maps/Buildings/1x1/Athena_SS_1x1_Outdoor3_011.33"
      },
      {
        "ObjectName": "Storage_Crate01a_side_C'Athena_SS_1x1_Outdoor3_011:PersistentLevel.Storage_Crate01a_side3_17'",
        "ObjectPath": "FortniteGame/Content/Athena/Maps/Buildings/1x1/Athena_SS_1x1_Outdoor3_011.66"
      },
      {
        "ObjectName": "Utility_TrashBag_01_C'Athena_SS_1x1_Outdoor3_011:PersistentLevel.Utility_TrashBag_9'",
        "ObjectPath": "FortniteGame/Content/Athena/Maps/Buildings/1x1/Athena_SS_1x1_Outdoor3_011.71"
      },
      {
        "ObjectName": "Factory_Wall_3_C'Athena_SS_1x1_Outdoor3_011:PersistentLevel.Factory_Wall_39'",
        "ObjectPath": "FortniteGame/Content/Athena/Maps/Buildings/1x1/Athena_SS_1x1_Outdoor3_011.9"
      },
      {
        "ObjectName": "Girder02_Archway_C'Athena_SS_1x1_Outdoor3_011:PersistentLevel.Girder02_Archway11_2'",
        "ObjectPath": "FortniteGame/Content/Athena/Maps/Buildings/1x1/Athena_SS_1x1_Outdoor3_011.14"
      },
      {
        "ObjectName": "Girder02_Archway_C'Athena_SS_1x1_Outdoor3_011:PersistentLevel.Girder02_Archway12'",
        "ObjectPath": "FortniteGame/Content/Athena/Maps/Buildings/1x1/Athena_SS_1x1_Outdoor3_011.15"
      },
      {
        "ObjectName": "Factory_Wall_3_C'Athena_SS_1x1_Outdoor3_011:PersistentLevel.Factory_Wall_40'",
        "ObjectPath": "FortniteGame/Content/Athena/Maps/Buildings/1x1/Athena_SS_1x1_Outdoor3_011.10"
      },
      {
        "ObjectName": "Factory_Wall_3_C'Athena_SS_1x1_Outdoor3_011:PersistentLevel.Factory_Wall_41'",
        "ObjectPath": "FortniteGame/Content/Athena/Maps/Buildings/1x1/Athena_SS_1x1_Outdoor3_011.11"
      },
      {
        "ObjectName": "Basic_Corner_01e_Quarter_C'Athena_SS_1x1_Outdoor3_011:PersistentLevel.Factory_1c_ThreeQuarter22'",
        "ObjectPath": "FortniteGame/Content/Athena/Maps/Buildings/1x1/Athena_SS_1x1_Outdoor3_011.1"
      },
      {
        "ObjectName": "Basic_Corner_01e_Quarter_C'Athena_SS_1x1_Outdoor3_011:PersistentLevel.Factory_1c_ThreeQuarter29'",
        "ObjectPath": "FortniteGame/Content/Athena/Maps/Buildings/1x1/Athena_SS_1x1_Outdoor3_011.4"
      },
      {
        "ObjectName": "Basic_Corner_01e_Quarter_C'Athena_SS_1x1_Outdoor3_011:PersistentLevel.Factory_1c_ThreeQuarter27'",
        "ObjectPath": "FortniteGame/Content/Athena/Maps/Buildings/1x1/Athena_SS_1x1_Outdoor3_011.2"
      },
      {
        "ObjectName": "Basic_Corner_01e_Quarter_C'Athena_SS_1x1_Outdoor3_011:PersistentLevel.Factory_1c_ThreeQuarter28'",
        "ObjectPath": "FortniteGame/Content/Athena/Maps/Buildings/1x1/Athena_SS_1x1_Outdoor3_011.3"
      },
      {
        "ObjectName": "SM_Farm_Roof1_PeakCap_C'Athena_SS_1x1_Outdoor3_011:PersistentLevel.SM_Farm_Roof1_PeakCap3_2'",
        "ObjectPath": "FortniteGame/Content/Athena/Maps/Buildings/1x1/Athena_SS_1x1_Outdoor3_011.31"
      },
      {
        "ObjectName": "SM_Farm_Roof1_PeakCap_C'Athena_SS_1x1_Outdoor3_011:PersistentLevel.SM_Farm_Roof1_PeakCap4'",
        "ObjectPath": "FortniteGame/Content/Athena/Maps/Buildings/1x1/Athena_SS_1x1_Outdoor3_011.32"
      },
      {
        "ObjectName": "Farm_Roof1_Peak_C'Athena_SS_1x1_Outdoor3_011:PersistentLevel.Farm_Roof1_Peak4_2'",
        "ObjectPath": "FortniteGame/Content/Athena/Maps/Buildings/1x1/Athena_SS_1x1_Outdoor3_011.12"
      },
      {
        "ObjectName": "Factory_Wall_18_C'Athena_SS_1x1_Outdoor3_011:PersistentLevel.Factory_Wall_34'",
        "ObjectPath": "FortniteGame/Content/Athena/Maps/Buildings/1x1/Athena_SS_1x1_Outdoor3_011.8"
      },
      {
        "ObjectName": "Storage_Suitcases_03_C'Athena_SS_1x1_Outdoor3_011:PersistentLevel.Storage_Suitcases_7'",
        "ObjectPath": "FortniteGame/Content/Athena/Maps/Buildings/1x1/Athena_SS_1x1_Outdoor3_011.67"
      },
      {
        "ObjectName": "Living_Television_01_C'Athena_SS_1x1_Outdoor3_011:PersistentLevel.Living_Television_01_246'",
        "ObjectPath": "FortniteGame/Content/Athena/Maps/Buildings/1x1/Athena_SS_1x1_Outdoor3_011.23"
      },
      {
        "ObjectName": "Shelters_Flashlight01_C'Athena_SS_1x1_Outdoor3_011:PersistentLevel.Shelters_Flashlight01_2'",
        "ObjectPath": "FortniteGame/Content/Athena/Maps/Buildings/1x1/Athena_SS_1x1_Outdoor3_011.30"
      },
      {
        "ObjectName": "Girder03_C'Athena_SS_1x1_Outdoor3_011:PersistentLevel.Girder6'",
        "ObjectPath": "FortniteGame/Content/Athena/Maps/Buildings/1x1/Athena_SS_1x1_Outdoor3_011.17"
      },
      {
        "ObjectName": "Girder03_C'Athena_SS_1x1_Outdoor3_011:PersistentLevel.Girder7'",
        "ObjectPath": "FortniteGame/Content/Athena/Maps/Buildings/1x1/Athena_SS_1x1_Outdoor3_011.18"
      },
      {
        "ObjectName": "SM_FORT_Floors_Generic_BasicTile_C'Athena_SS_1x1_Outdoor3_011:PersistentLevel.SM_FORT_Floors_Generic_BasicTile3'",
        "ObjectPath": "FortniteGame/Content/Athena/Maps/Buildings/1x1/Athena_SS_1x1_Outdoor3_011.34"
      },
      {
        "ObjectName": "Prop_WildWest_SimpleChair_02_C'Athena_SS_1x1_Outdoor3_011:PersistentLevel.Prop_WildWest_WoodenStool_01_2'",
        "ObjectPath": "FortniteGame/Content/Athena/Maps/Buildings/1x1/Athena_SS_1x1_Outdoor3_011.29"
      },
      {
        "ObjectName": "Kitchen_Refrigerator_01_C'Athena_SS_1x1_Outdoor3_011:PersistentLevel.Kitchen_Refrigerator_01_2'",
        "ObjectPath": "FortniteGame/Content/Athena/Maps/Buildings/1x1/Athena_SS_1x1_Outdoor3_011.20"
      },
      {
        "ObjectName": "Tiered_Athena_FloorLoot_01_C'Athena_SS_1x1_Outdoor3_011:PersistentLevel.Tiered_Athena_FloorLoot_01_2'",
        "ObjectPath": "FortniteGame/Content/Athena/Maps/Buildings/1x1/Athena_SS_1x1_Outdoor3_011.68"
      },
      {
        "ObjectName": "Tiered_Athena_FloorLoot_01_C'Athena_SS_1x1_Outdoor3_011:PersistentLevel.Tiered_Athena_FloorLoot_5'",
        "ObjectPath": "FortniteGame/Content/Athena/Maps/Buildings/1x1/Athena_SS_1x1_Outdoor3_011.69"
      },
      {
        "ObjectName": "Prop_Boxes_01b_C'Athena_SS_1x1_Outdoor3_011:PersistentLevel.Prop_Boxes_01d6_25'",
        "ObjectPath": "FortniteGame/Content/Athena/Maps/Buildings/1x1/Athena_SS_1x1_Outdoor3_011.28"
      },
      {
        "ObjectName": "Girder03_C'Athena_SS_1x1_Outdoor3_011:PersistentLevel.Girder8'",
        "ObjectPath": "FortniteGame/Content/Athena/Maps/Buildings/1x1/Athena_SS_1x1_Outdoor3_011.19"
      },
      null,
      null
    ],
    "URL": {
      "Protocol": "unreal",
      "Host": "",
      "Port": 7777,
      "Valid": true,
      "Map": "/Game/Maps/FortniteEntry",
      "Op": [],
      "Portal": ""
    },
    "Model": {
      "ObjectName": "Model'Athena_SS_1x1_Outdoor3_011:PersistentLevel.Model_0'",
      "ObjectPath": "FortniteGame/Content/Athena/Maps/Buildings/1x1/Athena_SS_1x1_Outdoor3_011.25"
    },
    "ModelComponents": [],
    "LevelScriptActor": null,
    "NavListStart": null,
    "NavListEnd": null,
    "PrecomputedVisibilityHandler": {
      "PrecomputedVisibilityCellBucketOriginXY": {
        "X": 0.0,
        "Y": 0.0
      },
      "PrecomputedVisibilityCellSizeXY": 0.0,
      "PrecomputedVisibilityCellSizeZ": 0.0,
      "PrecomputedVisibilityCellBucketSizeXY": 0,
      "PrecomputedVisibilityNumCellBuckets": 0,
      "PrecomputedVisibilityCellBuckets": []
    },
    "PrecomputedVolumeDistanceField": {
      "VolumeMaxDistance": 0.0,
      "VolumeBox": {
        "Min": {
          "X": 0.0,
          "Y": 0.0,
          "Z": 0.0
        },
        "Max": {
          "X": 0.0,
          "Y": 0.0,
          "Z": 0.0
        },
        "IsValid": 0
      },
      "VolumeSizeX": 0,
      "VolumeSizeY": 0,
      "VolumeSizeZ": 0,
      "Data": []
    }
  },
  {
    "Type": "LevelBounds",
    "Name": "LevelBounds_0",
    "Outer": "PersistentLevel",
    "Class": "UScriptClass'LevelBounds'",
    "Properties": {
      "RootComponent": {
        "ObjectName": "BoxComponent'Athena_SS_1x1_Outdoor3_011:PersistentLevel.LevelBounds_0.BoxComponent0'",
        "ObjectPath": "FortniteGame/Content/Athena/Maps/Buildings/1x1/Athena_SS_1x1_Outdoor3_011.5"
      }
    }
  },
  {
    "Type": "Living_Television_01_C",
    "Name": "Living_Television_01_246",
    "Outer": "PersistentLevel",
    "Class": "BlueprintGeneratedClass'FortniteGame/Content/Building/ActorBlueprints/Containers/Living_Television_01.Living_Television_01_C'",
    "Template": {
      "ObjectName": "Living_Television_01_C'Default__Living_Television_01_C'",
      "ObjectPath": "FortniteGame/Content/Building/ActorBlueprints/Containers/Living_Television_01.2"
    },
    "Properties": {
      "Spawn_Location": {
        "ObjectName": "BoxComponent'Athena_SS_1x1_Outdoor3_011:PersistentLevel.Living_Television_01_246.Spawn_Location'",
        "ObjectPath": "FortniteGame/Content/Athena/Maps/Buildings/1x1/Athena_SS_1x1_Outdoor3_011.6"
      },
      "TV_Static_Day": {
        "ObjectName": "AudioComponent'Athena_SS_1x1_Outdoor3_011:PersistentLevel.Living_Television_01_246.TV_Static_Day'",
        "ObjectPath": "FortniteGame/Content/Athena/Maps/Buildings/1x1/Athena_SS_1x1_Outdoor3_011.0"
      },
      "Timeline_0": {
        "ObjectName": "TimelineComponent'Athena_SS_1x1_Outdoor3_011:PersistentLevel.Living_Television_01_246.Timeline_0'",
        "ObjectPath": "FortniteGame/Content/Athena/Maps/Buildings/1x1/Athena_SS_1x1_Outdoor3_011.70"
      },
      "StaticMeshComponent": {
        "ObjectName": "StaticMeshComponent'Athena_SS_1x1_Outdoor3_011:PersistentLevel.Living_Television_01_246.StaticMeshComponent0'",
        "ObjectPath": "FortniteGame/Content/Athena/Maps/Buildings/1x1/Athena_SS_1x1_Outdoor3_011.52"
      },
      "MyGuid": "D0269FC2-4B45201F-58129AA1-384A7098",
      "DataVersion": 1,
      "CullDistance": 8722.484,
      "RootComponent": {
        "ObjectName": "StaticMeshComponent'Athena_SS_1x1_Outdoor3_011:PersistentLevel.Living_Television_01_246.StaticMeshComponent0'",
        "ObjectPath": "FortniteGame/Content/Athena/Maps/Buildings/1x1/Athena_SS_1x1_Outdoor3_011.52"
      },
      "BlueprintCreatedComponents": [
        {
          "ObjectName": "AudioComponent'Athena_SS_1x1_Outdoor3_011:PersistentLevel.Living_Television_01_246.TV_Static_Day'",
          "ObjectPath": "FortniteGame/Content/Athena/Maps/Buildings/1x1/Athena_SS_1x1_Outdoor3_011.0"
        },
        {
          "ObjectName": "BoxComponent'Athena_SS_1x1_Outdoor3_011:PersistentLevel.Living_Television_01_246.Spawn_Location'",
          "ObjectPath": "FortniteGame/Content/Athena/Maps/Buildings/1x1/Athena_SS_1x1_Outdoor3_011.6"
        },
        {
          "ObjectName": "TimelineComponent'Athena_SS_1x1_Outdoor3_011:PersistentLevel.Living_Television_01_246.Timeline_0'",
          "ObjectPath": "FortniteGame/Content/Athena/Maps/Buildings/1x1/Athena_SS_1x1_Outdoor3_011.70"
        }
      ]
    }
  },
  {
    "Type": "LODActor",
    "Name": "LODActor_0",
    "Outer": "PersistentLevel",
    "Class": "UScriptClass'LODActor'",
    "Properties": {
      "StaticMeshComponent": {
        "ObjectName": "StaticMeshComponent'Athena_SS_1x1_Outdoor3_011:PersistentLevel.LODActor_0.StaticMeshComponent0'",
        "ObjectPath": "FortniteGame/Content/Athena/Maps/Buildings/1x1/Athena_SS_1x1_Outdoor3_011.53"
      },
      "SubActors": [
        {
          "ObjectName": "Girder03_C'Athena_SS_1x1_Outdoor3_011:PersistentLevel.Girder5'",
          "ObjectPath": "FortniteGame/Content/Athena/Maps/Buildings/1x1/Athena_SS_1x1_Outdoor3_011.16"
        },
        {
          "ObjectName": "SM_FORT_Floors_Generic_BasicTile_C'Athena_SS_1x1_Outdoor3_011:PersistentLevel.SM_FORT_Floors_Generic_BasicTile2'",
          "ObjectPath": "FortniteGame/Content/Athena/Maps/Buildings/1x1/Athena_SS_1x1_Outdoor3_011.33"
        },
        {
          "ObjectName": "Factory_Wall_3_C'Athena_SS_1x1_Outdoor3_011:PersistentLevel.Factory_Wall_39'",
          "ObjectPath": "FortniteGame/Content/Athena/Maps/Buildings/1x1/Athena_SS_1x1_Outdoor3_011.9"
        },
        {
          "ObjectName": "Girder02_Archway_C'Athena_SS_1x1_Outdoor3_011:PersistentLevel.Girder02_Archway11_2'",
          "ObjectPath": "FortniteGame/Content/Athena/Maps/Buildings/1x1/Athena_SS_1x1_Outdoor3_011.14"
        },
        {
          "ObjectName": "Girder02_Archway_C'Athena_SS_1x1_Outdoor3_011:PersistentLevel.Girder02_Archway12'",
          "ObjectPath": "FortniteGame/Content/Athena/Maps/Buildings/1x1/Athena_SS_1x1_Outdoor3_011.15"
        },
        {
          "ObjectName": "Factory_Wall_3_C'Athena_SS_1x1_Outdoor3_011:PersistentLevel.Factory_Wall_40'",
          "ObjectPath": "FortniteGame/Content/Athena/Maps/Buildings/1x1/Athena_SS_1x1_Outdoor3_011.10"
        },
        {
          "ObjectName": "Factory_Wall_3_C'Athena_SS_1x1_Outdoor3_011:PersistentLevel.Factory_Wall_41'",
          "ObjectPath": "FortniteGame/Content/Athena/Maps/Buildings/1x1/Athena_SS_1x1_Outdoor3_011.11"
        },
        {
          "ObjectName": "SM_Farm_Roof1_PeakCap_C'Athena_SS_1x1_Outdoor3_011:PersistentLevel.SM_Farm_Roof1_PeakCap3_2'",
          "ObjectPath": "FortniteGame/Content/Athena/Maps/Buildings/1x1/Athena_SS_1x1_Outdoor3_011.31"
        },
        {
          "ObjectName": "SM_Farm_Roof1_PeakCap_C'Athena_SS_1x1_Outdoor3_011:PersistentLevel.SM_Farm_Roof1_PeakCap4'",
          "ObjectPath": "FortniteGame/Content/Athena/Maps/Buildings/1x1/Athena_SS_1x1_Outdoor3_011.32"
        },
        {
          "ObjectName": "Farm_Roof1_Peak_C'Athena_SS_1x1_Outdoor3_011:PersistentLevel.Farm_Roof1_Peak4_2'",
          "ObjectPath": "FortniteGame/Content/Athena/Maps/Buildings/1x1/Athena_SS_1x1_Outdoor3_011.12"
        },
        {
          "ObjectName": "Factory_Wall_18_C'Athena_SS_1x1_Outdoor3_011:PersistentLevel.Factory_Wall_34'",
          "ObjectPath": "FortniteGame/Content/Athena/Maps/Buildings/1x1/Athena_SS_1x1_Outdoor3_011.8"
        },
        {
          "ObjectName": "Girder03_C'Athena_SS_1x1_Outdoor3_011:PersistentLevel.Girder6'",
          "ObjectPath": "FortniteGame/Content/Athena/Maps/Buildings/1x1/Athena_SS_1x1_Outdoor3_011.17"
        },
        {
          "ObjectName": "Girder03_C'Athena_SS_1x1_Outdoor3_011:PersistentLevel.Girder7'",
          "ObjectPath": "FortniteGame/Content/Athena/Maps/Buildings/1x1/Athena_SS_1x1_Outdoor3_011.18"
        },
        {
          "ObjectName": "SM_FORT_Floors_Generic_BasicTile_C'Athena_SS_1x1_Outdoor3_011:PersistentLevel.SM_FORT_Floors_Generic_BasicTile3'",
          "ObjectPath": "FortniteGame/Content/Athena/Maps/Buildings/1x1/Athena_SS_1x1_Outdoor3_011.34"
        },
        {
          "ObjectName": "Girder03_C'Athena_SS_1x1_Outdoor3_011:PersistentLevel.Girder8'",
          "ObjectPath": "FortniteGame/Content/Athena/Maps/Buildings/1x1/Athena_SS_1x1_Outdoor3_011.19"
        }
      ],
      "LODDrawDistance": 27565.078,
      "LODLevel": 1,
      "SubObjects": [
        {
          "ObjectName": "MaterialInstanceConstant'M_LOD_Girder5'",
          "ObjectPath": "FortniteGame/Content/Athena/Maps/Buildings/1x1/HLOD/Athena_SS_1x1_Outdoor3_011_HLOD.1"
        },
        {
          "ObjectName": "Texture2D'T_LOD_Girder5_Diffuse'",
          "ObjectPath": "FortniteGame/Content/Athena/Maps/Buildings/1x1/HLOD/Athena_SS_1x1_Outdoor3_011_HLOD.4"
        },
        {
          "ObjectName": "StaticMesh'SM_LOD_Girder5'",
          "ObjectPath": "FortniteGame/Content/Athena/Maps/Buildings/1x1/HLOD/Athena_SS_1x1_Outdoor3_011_HLOD.3"
        }
      ],
      "RootComponent": {
        "ObjectName": "StaticMeshComponent'Athena_SS_1x1_Outdoor3_011:PersistentLevel.LODActor_0.StaticMeshComponent0'",
        "ObjectPath": "FortniteGame/Content/Athena/Maps/Buildings/1x1/Athena_SS_1x1_Outdoor3_011.53"
      }
    }
  },
  {
    "Type": "Model",
    "Name": "Model_0",
    "Outer": "PersistentLevel",
    "Class": "UScriptClass'Model'",
    "Bounds": {
      "Origin": {
        "X": 0.0,
        "Y": 0.0,
        "Z": 0.0
      },
      "BoxExtent": {
        "X": 0.0,
        "Y": 0.0,
        "Z": 0.0
      },
      "SphereRadius": 0.0
    },
    "Vectors": [],
    "Points": [],
    "Nodes": [],
    "Surfs": [],
    "NumSharedSides": 4,
    "VertexBuffer": {
      "Vertices": []
    },
    "LightingGuid": "7C15FC33-4EF4A006-ACC86C90-2CEB2EDF",
    "LightmassSettings": []
  },
  {
    "Type": "ParticleSystemComponent",
    "Name": "Effect_Flies",
    "Outer": "Utility_TrashBag_9",
    "Class": "UScriptClass'ParticleSystemComponent'",
    "Template": {
      "ObjectName": "ParticleSystemComponent'Utility_TrashBag_01_C:ParticleSystemComponent_1007__38D6C920'",
      "ObjectPath": "FortniteGame/Content/Building/ActorBlueprints/Containers/Utility_TrashBag_01.34"
    },
    "Properties": {
      "LDMaxDrawDistance": 6000.0,
      "CachedMaxDrawDistance": 6000.0,
      "AttachParent": {
        "ObjectName": "BoxComponent'Athena_SS_1x1_Outdoor3_011:PersistentLevel.Utility_TrashBag_9.Touch_Box'",
        "ObjectPath": "FortniteGame/Content/Athena/Maps/Buildings/1x1/Athena_SS_1x1_Outdoor3_011.7"
      },
      "bNetAddressable": true,
      "CreationMethod": "EComponentCreationMethod::SimpleConstructionScript"
    }
  },
  {
    "Type": "ParticleSystemComponent",
    "Name": "Effect_Flies_On_Player",
    "Outer": "Utility_TrashBag_9",
    "Class": "UScriptClass'ParticleSystemComponent'",
    "Template": {
      "ObjectName": "ParticleSystemComponent'Utility_TrashBag_01_C:ParticleSystemComponent_1008__60B5D976'",
      "ObjectPath": "FortniteGame/Content/Building/ActorBlueprints/Containers/Utility_TrashBag_01.35"
    },
    "Properties": {
      "LDMaxDrawDistance": 6000.0,
      "CachedMaxDrawDistance": 6000.0,
      "AttachParent": {
        "ObjectName": "BoxComponent'Athena_SS_1x1_Outdoor3_011:PersistentLevel.Utility_TrashBag_9.Touch_Box'",
        "ObjectPath": "FortniteGame/Content/Athena/Maps/Buildings/1x1/Athena_SS_1x1_Outdoor3_011.7"
      },
      "bNetAddressable": true,
      "CreationMethod": "EComponentCreationMethod::SimpleConstructionScript"
    }
  },
  {
    "Type": "Prop_Boxes_01b_C",
    "Name": "Prop_Boxes_01d6_25",
    "Outer": "PersistentLevel",
    "Class": "BlueprintGeneratedClass'FortniteGame/Content/Building/ActorBlueprints/Prop/Prop_Boxes_01b.Prop_Boxes_01b_C'",
    "Template": {
      "ObjectName": "Prop_Boxes_01b_C'Default__Prop_Boxes_01b_C'",
      "ObjectPath": "FortniteGame/Content/Building/ActorBlueprints/Prop/Prop_Boxes_01b.1"
    },
    "Properties": {
      "StaticMeshComponent": {
        "ObjectName": "StaticMeshComponent'Athena_SS_1x1_Outdoor3_011:PersistentLevel.Prop_Boxes_01d6_25.StaticMeshComponent0'",
        "ObjectPath": "FortniteGame/Content/Athena/Maps/Buildings/1x1/Athena_SS_1x1_Outdoor3_011.54"
      },
      "MyGuid": "5A87DC74-404FBA99-B48E7BA7-A44297DC",
      "DataVersion": 1,
      "CullDistance": 6680.0713,
      "RootComponent": {
        "ObjectName": "StaticMeshComponent'Athena_SS_1x1_Outdoor3_011:PersistentLevel.Prop_Boxes_01d6_25.StaticMeshComponent0'",
        "ObjectPath": "FortniteGame/Content/Athena/Maps/Buildings/1x1/Athena_SS_1x1_Outdoor3_011.54"
      }
    }
  },
  {
    "Type": "Prop_WildWest_SimpleChair_02_C",
    "Name": "Prop_WildWest_WoodenStool_01_2",
    "Outer": "PersistentLevel",
    "Class": "BlueprintGeneratedClass'FortniteGame/Content/Building/ActorBlueprints/Prop/Prop_WildWest_SimpleChair_02.Prop_WildWest_SimpleChair_02_C'",
    "Template": {
      "ObjectName": "Prop_WildWest_SimpleChair_02_C'Default__Prop_WildWest_SimpleChair_02_C'",
      "ObjectPath": "FortniteGame/Content/Building/ActorBlueprints/Prop/Prop_WildWest_SimpleChair_02.1"
    },
    "Properties": {
      "StaticMeshComponent": {
        "ObjectName": "StaticMeshComponent'Athena_SS_1x1_Outdoor3_011:PersistentLevel.Prop_WildWest_WoodenStool_01_2.StaticMeshComponent0'",
        "ObjectPath": "FortniteGame/Content/Athena/Maps/Buildings/1x1/Athena_SS_1x1_Outdoor3_011.55"
      },
      "MyGuid": "4E047B70-46A1207C-B95FD884-AE1D3400",
      "DataVersion": 1,
      "CullDistance": 6000.0,
      "RootComponent": {
        "ObjectName": "StaticMeshComponent'Athena_SS_1x1_Outdoor3_011:PersistentLevel.Prop_WildWest_WoodenStool_01_2.StaticMeshComponent0'",
        "ObjectPath": "FortniteGame/Content/Athena/Maps/Buildings/1x1/Athena_SS_1x1_Outdoor3_011.55"
      }
    }
  },
  {
    "Type": "Shelters_Flashlight01_C",
    "Name": "Shelters_Flashlight01_2",
    "Outer": "PersistentLevel",
    "Class": "BlueprintGeneratedClass'FortniteGame/Content/Building/ActorBlueprints/Prop/Shelters_Flashlight01.Shelters_Flashlight01_C'",
    "Template": {
      "ObjectName": "Shelters_Flashlight01_C'Default__Shelters_Flashlight01_C'",
      "ObjectPath": "FortniteGame/Content/Building/ActorBlueprints/Prop/Shelters_Flashlight01.4"
    },
    "Properties": {
      "SpotLight": {
        "ObjectName": "SpotLightComponent'Athena_SS_1x1_Outdoor3_011:PersistentLevel.Shelters_Flashlight01_2.SpotLight'",
        "ObjectPath": "FortniteGame/Content/Athena/Maps/Buildings/1x1/Athena_SS_1x1_Outdoor3_011.35"
      },
      "CodeControlled_NumberOfMaterials": 1,
      "TimeOfDayControlledLightsArray": [
        {
          "ObjectName": "SpotLightComponent'Athena_SS_1x1_Outdoor3_011:PersistentLevel.Shelters_Flashlight01_2.SpotLight'",
          "ObjectPath": "FortniteGame/Content/Athena/Maps/Buildings/1x1/Athena_SS_1x1_Outdoor3_011.35"
        }
      ],
      "StaticMeshComponent": {
        "ObjectName": "StaticMeshComponent'Athena_SS_1x1_Outdoor3_011:PersistentLevel.Shelters_Flashlight01_2.StaticMeshComponent0'",
        "ObjectPath": "FortniteGame/Content/Athena/Maps/Buildings/1x1/Athena_SS_1x1_Outdoor3_011.56"
      },
      "MyGuid": "B71A3D27-4400EFCB-562C7883-271ECDF6",
      "DataVersion": 1,
      "CullDistance": 6000.0,
      "RootComponent": {
        "ObjectName": "StaticMeshComponent'Athena_SS_1x1_Outdoor3_011:PersistentLevel.Shelters_Flashlight01_2.StaticMeshComponent0'",
        "ObjectPath": "FortniteGame/Content/Athena/Maps/Buildings/1x1/Athena_SS_1x1_Outdoor3_011.56"
      },
      "BlueprintCreatedComponents": [
        {
          "ObjectName": "SpotLightComponent'Athena_SS_1x1_Outdoor3_011:PersistentLevel.Shelters_Flashlight01_2.SpotLight'",
          "ObjectPath": "FortniteGame/Content/Athena/Maps/Buildings/1x1/Athena_SS_1x1_Outdoor3_011.35"
        }
      ]
    }
  },
  {
    "Type": "SM_Farm_Roof1_PeakCap_C",
    "Name": "SM_Farm_Roof1_PeakCap3_2",
    "Outer": "PersistentLevel",
    "Class": "BlueprintGeneratedClass'FortniteGame/Content/Building/ActorBlueprints/Wall/SM_Farm_Roof1_PeakCap.SM_Farm_Roof1_PeakCap_C'",
    "Template": {
      "ObjectName": "SM_Farm_Roof1_PeakCap_C'Default__SM_Farm_Roof1_PeakCap_C'",
      "ObjectPath": "FortniteGame/Content/Building/ActorBlueprints/Wall/SM_Farm_Roof1_PeakCap.1"
    },
    "Properties": {
      "TextureData": {
        "ObjectName": "BuildingTextureData'MI_Farm_Metal_Sheets_NoOverride'",
        "ObjectPath": "FortniteGame/Content/Building/TextureData/WallOuter/Diffuses/MI_Farm_Metal_Sheets_NoOverride.0"
      },
      "TextureData": {
        "ObjectName": "BuildingTextureData'MI_Farm_Metal_Sheets_NoOverride'",
        "ObjectPath": "FortniteGame/Content/Building/TextureData/WallOuter/Diffuses/MI_Farm_Metal_Sheets_NoOverride.0"
      },
      "ResourceType": "EFortResourceType::Metal",
      "StaticMeshComponent": {
        "ObjectName": "StaticMeshComponent'Athena_SS_1x1_Outdoor3_011:PersistentLevel.SM_Farm_Roof1_PeakCap3_2.StaticMeshComponent0'",
        "ObjectPath": "FortniteGame/Content/Athena/Maps/Buildings/1x1/Athena_SS_1x1_Outdoor3_011.57"
      },
      "BaseMaterial": {
        "ObjectName": "MaterialInstanceConstant'M_Fort_Farm_Barn_1'",
        "ObjectPath": "FortniteGame/Content/Environments/Sets/Barn/Materials/M_Fort_Farm_Barn_1.0"
      },
      "MyGuid": "E056D535-43F247DB-2B5CE890-D234BCE2",
      "DataVersion": 1,
      "CullDistance": 29115.613,
      "RootComponent": {
        "ObjectName": "StaticMeshComponent'Athena_SS_1x1_Outdoor3_011:PersistentLevel.SM_Farm_Roof1_PeakCap3_2.StaticMeshComponent0'",
        "ObjectPath": "FortniteGame/Content/Athena/Maps/Buildings/1x1/Athena_SS_1x1_Outdoor3_011.57"
      }
    }
  },
  {
    "Type": "SM_Farm_Roof1_PeakCap_C",
    "Name": "SM_Farm_Roof1_PeakCap4",
    "Outer": "PersistentLevel",
    "Class": "BlueprintGeneratedClass'FortniteGame/Content/Building/ActorBlueprints/Wall/SM_Farm_Roof1_PeakCap.SM_Farm_Roof1_PeakCap_C'",
    "Template": {
      "ObjectName": "SM_Farm_Roof1_PeakCap_C'Default__SM_Farm_Roof1_PeakCap_C'",
      "ObjectPath": "FortniteGame/Content/Building/ActorBlueprints/Wall/SM_Farm_Roof1_PeakCap.1"
    },
    "Properties": {
      "TextureData": {
        "ObjectName": "BuildingTextureData'MI_Farm_Metal_Sheets_NoOverride'",
        "ObjectPath": "FortniteGame/Content/Building/TextureData/WallOuter/Diffuses/MI_Farm_Metal_Sheets_NoOverride.0"
      },
      "TextureData": {
        "ObjectName": "BuildingTextureData'MI_Farm_Metal_Sheets_NoOverride'",
        "ObjectPath": "FortniteGame/Content/Building/TextureData/WallOuter/Diffuses/MI_Farm_Metal_Sheets_NoOverride.0"
      },
      "ResourceType": "EFortResourceType::Metal",
      "StaticMeshComponent": {
        "ObjectName": "StaticMeshComponent'Athena_SS_1x1_Outdoor3_011:PersistentLevel.SM_Farm_Roof1_PeakCap4.StaticMeshComponent0'",
        "ObjectPath": "FortniteGame/Content/Athena/Maps/Buildings/1x1/Athena_SS_1x1_Outdoor3_011.58"
      },
      "BaseMaterial": {
        "ObjectName": "MaterialInstanceConstant'M_Fort_Farm_Barn_1'",
        "ObjectPath": "FortniteGame/Content/Environments/Sets/Barn/Materials/M_Fort_Farm_Barn_1.0"
      },
      "MyGuid": "32A4D286-46B6BB42-38D27894-9BFEADFF",
      "DataVersion": 1,
      "CullDistance": 29115.613,
      "RootComponent": {
        "ObjectName": "StaticMeshComponent'Athena_SS_1x1_Outdoor3_011:PersistentLevel.SM_Farm_Roof1_PeakCap4.StaticMeshComponent0'",
        "ObjectPath": "FortniteGame/Content/Athena/Maps/Buildings/1x1/Athena_SS_1x1_Outdoor3_011.58"
      }
    }
  },
  {
    "Type": "SM_FORT_Floors_Generic_BasicTile_C",
    "Name": "SM_FORT_Floors_Generic_BasicTile2",
    "Outer": "PersistentLevel",
    "Class": "BlueprintGeneratedClass'FortniteGame/Content/Building/ActorBlueprints/Floor/SM_FORT_Floors_Generic_BasicTile.SM_FORT_Floors_Generic_BasicTile_C'",
    "Template": {
      "ObjectName": "SM_FORT_Floors_Generic_BasicTile_C'Default__SM_FORT_Floors_Generic_BasicTile_C'",
      "ObjectPath": "FortniteGame/Content/Building/ActorBlueprints/Floor/SM_FORT_Floors_Generic_BasicTile.1"
    },
    "Properties": {
      "TextureData": {
        "ObjectName": "BuildingTextureData'Durr_Tile_Small'",
        "ObjectPath": "FortniteGame/Content/Building/TextureData/FloorTexture/Durr_Tile_Small.0"
      },
      "TextureData": {
        "ObjectName": "BuildingTextureData'DropCeiling03'",
        "ObjectPath": "FortniteGame/Content/Building/TextureData/Ceiling/DropCeiling03.0"
      },
      "StaticMeshComponent": {
        "ObjectName": "StaticMeshComponent'Athena_SS_1x1_Outdoor3_011:PersistentLevel.SM_FORT_Floors_Generic_BasicTile2.StaticMeshComponent0'",
        "ObjectPath": "FortniteGame/Content/Athena/Maps/Buildings/1x1/Athena_SS_1x1_Outdoor3_011.59"
      },
      "BaseMaterial": {
        "ObjectName": "MaterialInstanceConstant'MI_Fort_Floors_Generic_TilesClean'",
        "ObjectPath": "FortniteGame/Content/Packages/Fortress_Floors_Generic/SM/Materials/MI_Fort_Floors_Generic_TilesClean.0"
      },
      "MyGuid": "00CDF2D8-4B6E2B3F-D5ECC487-A91B1CF3",
      "DataVersion": 1,
      "CullDistance": 29115.613,
      "RootComponent": {
        "ObjectName": "StaticMeshComponent'Athena_SS_1x1_Outdoor3_011:PersistentLevel.SM_FORT_Floors_Generic_BasicTile2.StaticMeshComponent0'",
        "ObjectPath": "FortniteGame/Content/Athena/Maps/Buildings/1x1/Athena_SS_1x1_Outdoor3_011.59"
      }
    }
  },
  {
    "Type": "SM_FORT_Floors_Generic_BasicTile_C",
    "Name": "SM_FORT_Floors_Generic_BasicTile3",
    "Outer": "PersistentLevel",
    "Class": "BlueprintGeneratedClass'FortniteGame/Content/Building/ActorBlueprints/Floor/SM_FORT_Floors_Generic_BasicTile.SM_FORT_Floors_Generic_BasicTile_C'",
    "Template": {
      "ObjectName": "SM_FORT_Floors_Generic_BasicTile_C'Default__SM_FORT_Floors_Generic_BasicTile_C'",
      "ObjectPath": "FortniteGame/Content/Building/ActorBlueprints/Floor/SM_FORT_Floors_Generic_BasicTile.1"
    },
    "Properties": {
      "TextureData": {
        "ObjectName": "BuildingTextureData'DropCeiling03'",
        "ObjectPath": "FortniteGame/Content/Building/TextureData/Ceiling/DropCeiling03.0"
      },
      "TextureData": {
        "ObjectName": "BuildingTextureData'DropCeiling03'",
        "ObjectPath": "FortniteGame/Content/Building/TextureData/Ceiling/DropCeiling03.0"
      },
      "ResourceType": "EFortResourceType::Metal",
      "StaticMeshComponent": {
        "ObjectName": "StaticMeshComponent'Athena_SS_1x1_Outdoor3_011:PersistentLevel.SM_FORT_Floors_Generic_BasicTile3.StaticMeshComponent0'",
        "ObjectPath": "FortniteGame/Content/Athena/Maps/Buildings/1x1/Athena_SS_1x1_Outdoor3_011.60"
      },
      "BaseMaterial": {
        "ObjectName": "MaterialInstanceConstant'MI_Fort_Floors_Generic_TilesClean'",
        "ObjectPath": "FortniteGame/Content/Packages/Fortress_Floors_Generic/SM/Materials/MI_Fort_Floors_Generic_TilesClean.0"
      },
      "MyGuid": "9D6E4D3D-46059503-62BEFB89-32DAFE6F",
      "DataVersion": 1,
      "CullDistance": 29115.613,
      "RootComponent": {
        "ObjectName": "StaticMeshComponent'Athena_SS_1x1_Outdoor3_011:PersistentLevel.SM_FORT_Floors_Generic_BasicTile3.StaticMeshComponent0'",
        "ObjectPath": "FortniteGame/Content/Athena/Maps/Buildings/1x1/Athena_SS_1x1_Outdoor3_011.60"
      }
    }
  },
  {
    "Type": "SpotLightComponent",
    "Name": "SpotLight",
    "Outer": "Shelters_Flashlight01_2",
    "Class": "UScriptClass'SpotLightComponent'",
    "Template": {
      "ObjectName": "SpotLightComponent'Shelters_Flashlight01_C:SpotLight_GEN_VARIABLE'",
      "ObjectPath": "FortniteGame/Content/Building/ActorBlueprints/Prop/Shelters_Flashlight01.9"
    },
    "Properties": {
      "MaxDrawDistance": 6000.0,
      "MaxDistanceFadeRange": 2048.0,
      "LightGuid": "38CD56AC-43C1E88F-7BBDAA84-673AB6B0",
      "VolumetricScatteringIntensity": 0.5,
      "AttachParent": {
        "ObjectName": "StaticMeshComponent'Athena_SS_1x1_Outdoor3_011:PersistentLevel.Shelters_Flashlight01_2.StaticMeshComponent0'",
        "ObjectPath": "FortniteGame/Content/Athena/Maps/Buildings/1x1/Athena_SS_1x1_Outdoor3_011.56"
      },
      "bNetAddressable": true,
      "CreationMethod": "EComponentCreationMethod::SimpleConstructionScript",
      "UCSModifiedProperties": [
        {
          "MemberParent": {
            "ObjectName": "Class'LightComponentBase'",
            "ObjectPath": "/Script/Engine"
          },
          "MemberName": "VolumetricScatteringIntensity",
          "MemberGuid": "00000000-00000000-00000000-00000000"
        }
      ]
    }
  },
  {
    "Type": "StaticMeshComponent",
    "Name": "StaticMeshComponent0",
    "Outer": "Factory_1c_ThreeQuarter22",
    "Class": "UScriptClass'StaticMeshComponent'",
    "Template": {
      "ObjectName": "StaticMeshComponent'Default__Basic_Corner_01e_Quarter_C:StaticMeshComponent0'",
      "ObjectPath": "FortniteGame/Content/Building/ActorBlueprints/Corner/Basic_Corner_01e_Quarter.4"
    },
    "Properties": {
      "OverrideMaterials": [
        null
      ],
      "LDMaxDrawDistance": 18000.0,
      "CachedMaxDrawDistance": 18000.0,
      "RelativeLocation": {
        "X": -256.0,
        "Y": -255.99951,
        "Z": 384.0
      },
      "RelativeRotation": {
        "Pitch": 0.0,
        "Yaw": 90.000114,
        "Roll": 0.0
      }
    }
  },
  {
    "Type": "StaticMeshComponent",
    "Name": "StaticMeshComponent0",
    "Outer": "Factory_1c_ThreeQuarter27",
    "Class": "UScriptClass'StaticMeshComponent'",
    "Template": {
      "ObjectName": "StaticMeshComponent'Default__Basic_Corner_01e_Quarter_C:StaticMeshComponent0'",
      "ObjectPath": "FortniteGame/Content/Building/ActorBlueprints/Corner/Basic_Corner_01e_Quarter.4"
    },
    "Properties": {
      "OverrideMaterials": [
        null
      ],
      "LDMaxDrawDistance": 18000.0,
      "CachedMaxDrawDistance": 18000.0,
      "RelativeLocation": {
        "X": 256.0,
        "Y": -255.99951,
        "Z": 384.0
      },
      "RelativeRotation": {
        "Pitch": 0.0,
        "Yaw": -179.9999,
        "Roll": 0.0
      }
    }
  },
  {
    "Type": "StaticMeshComponent",
    "Name": "StaticMeshComponent0",
    "Outer": "Factory_1c_ThreeQuarter28",
    "Class": "UScriptClass'StaticMeshComponent'",
    "Template": {
      "ObjectName": "StaticMeshComponent'Default__Basic_Corner_01e_Quarter_C:StaticMeshComponent0'",
      "ObjectPath": "FortniteGame/Content/Building/ActorBlueprints/Corner/Basic_Corner_01e_Quarter.4"
    },
    "Properties": {
      "OverrideMaterials": [
        null
      ],
      "LDMaxDrawDistance": 18000.0,
      "CachedMaxDrawDistance": 18000.0,
      "RelativeLocation": {
        "X": 256.0,
        "Y": 255.99951,
        "Z": 384.0
      },
      "RelativeRotation": {
        "Pitch": 0.0,
        "Yaw": -89.99988,
        "Roll": 0.0
      }
    }
  },
  {
    "Type": "StaticMeshComponent",
    "Name": "StaticMeshComponent0",
    "Outer": "Factory_1c_ThreeQuarter29",
    "Class": "UScriptClass'StaticMeshComponent'",
    "Template": {
      "ObjectName": "StaticMeshComponent'Default__Basic_Corner_01e_Quarter_C:StaticMeshComponent0'",
      "ObjectPath": "FortniteGame/Content/Building/ActorBlueprints/Corner/Basic_Corner_01e_Quarter.4"
    },
    "Properties": {
      "OverrideMaterials": [
        null
      ],
      "LDMaxDrawDistance": 18000.0,
      "CachedMaxDrawDistance": 18000.0,
      "RelativeLocation": {
        "X": -256.0,
        "Y": 255.99945,
        "Z": 384.0
      },
      "RelativeRotation": {
        "Pitch": 0.0,
        "Yaw": 0.000122,
        "Roll": 0.0
      }
    }
  },
  {
    "Type": "StaticMeshComponent",
    "Name": "StaticMeshComponent0",
    "Outer": "Factory_Wall_34",
    "Class": "UScriptClass'StaticMeshComponent'",
    "Template": {
      "ObjectName": "StaticMeshComponent'Default__Factory_Wall_18_C:StaticMeshComponent0'",
      "ObjectPath": "FortniteGame/Content/Building/ActorBlueprints/Wall/Factory_Wall_18.4"
    },
    "Properties": {
      "OverrideMaterials": [
        null
      ],
      "LDMaxDrawDistance": 29115.613,
      "CachedMaxDrawDistance": 29115.613,
      "LODParentPrimitive": {
        "ObjectName": "StaticMeshComponent'Athena_SS_1x1_Outdoor3_011:PersistentLevel.LODActor_0.StaticMeshComponent0'",
        "ObjectPath": "FortniteGame/Content/Athena/Maps/Buildings/1x1/Athena_SS_1x1_Outdoor3_011.53"
      },
      "RelativeLocation": {
        "X": 0.0,
        "Y": 256.0,
        "Z": 384.0
      },
      "RelativeRotation": {
        "Pitch": 0.0,
        "Yaw": -179.99995,
        "Roll": 0.0
      }
    }
  },
  {
    "Type": "StaticMeshComponent",
    "Name": "StaticMeshComponent0",
    "Outer": "Factory_Wall_39",
    "Class": "UScriptClass'StaticMeshComponent'",
    "Template": {
      "ObjectName": "StaticMeshComponent'Default__Factory_Wall_3_C:StaticMeshComponent0'",
      "ObjectPath": "FortniteGame/Content/Building/ActorBlueprints/Wall/Factory_Wall_3.4"
    },
    "Properties": {
      "OverrideMaterials": [
        null
      ],
      "LDMaxDrawDistance": 29115.613,
      "CachedMaxDrawDistance": 29115.613,
      "LODParentPrimitive": {
        "ObjectName": "StaticMeshComponent'Athena_SS_1x1_Outdoor3_011:PersistentLevel.LODActor_0.StaticMeshComponent0'",
        "ObjectPath": "FortniteGame/Content/Athena/Maps/Buildings/1x1/Athena_SS_1x1_Outdoor3_011.53"
      },
      "RelativeLocation": {
        "X": 256.0,
        "Y": 0.0,
        "Z": 384.0
      },
      "RelativeRotation": {
        "Pitch": 0.0,
        "Yaw": 89.999954,
        "Roll": 0.0
      }
    }
  },
  {
    "Type": "StaticMeshComponent",
    "Name": "StaticMeshComponent0",
    "Outer": "Factory_Wall_40",
    "Class": "UScriptClass'StaticMeshComponent'",
    "Template": {
      "ObjectName": "StaticMeshComponent'Default__Factory_Wall_3_C:StaticMeshComponent0'",
      "ObjectPath": "FortniteGame/Content/Building/ActorBlueprints/Wall/Factory_Wall_3.4"
    },
    "Properties": {
      "OverrideMaterials": [
        null
      ],
      "LDMaxDrawDistance": 29115.613,
      "CachedMaxDrawDistance": 29115.613,
      "LODParentPrimitive": {
        "ObjectName": "StaticMeshComponent'Athena_SS_1x1_Outdoor3_011:PersistentLevel.LODActor_0.StaticMeshComponent0'",
        "ObjectPath": "FortniteGame/Content/Athena/Maps/Buildings/1x1/Athena_SS_1x1_Outdoor3_011.53"
      },
      "RelativeLocation": {
        "X": 0.0,
        "Y": -256.0,
        "Z": 384.0
      },
      "RelativeRotation": {
        "Pitch": 0.0,
        "Yaw": -179.99995,
        "Roll": 0.0
      }
    }
  },
  {
    "Type": "StaticMeshComponent",
    "Name": "StaticMeshComponent0",
    "Outer": "Factory_Wall_41",
    "Class": "UScriptClass'StaticMeshComponent'",
    "Template": {
      "ObjectName": "StaticMeshComponent'Default__Factory_Wall_3_C:StaticMeshComponent0'",
      "ObjectPath": "FortniteGame/Content/Building/ActorBlueprints/Wall/Factory_Wall_3.4"
    },
    "Properties": {
      "OverrideMaterials": [
        null
      ],
      "LDMaxDrawDistance": 29115.613,
      "CachedMaxDrawDistance": 29115.613,
      "LODParentPrimitive": {
        "ObjectName": "StaticMeshComponent'Athena_SS_1x1_Outdoor3_011:PersistentLevel.LODActor_0.StaticMeshComponent0'",
        "ObjectPath": "FortniteGame/Content/Athena/Maps/Buildings/1x1/Athena_SS_1x1_Outdoor3_011.53"
      },
      "RelativeLocation": {
        "X": -256.0,
        "Y": 0.0,
        "Z": 384.0
      },
      "RelativeRotation": {
        "Pitch": 0.0,
        "Yaw": 89.999954,
        "Roll": 0.0
      }
    }
  },
  {
    "Type": "StaticMeshComponent",
    "Name": "StaticMeshComponent0",
    "Outer": "Farm_Roof1_Peak4_2",
    "Class": "UScriptClass'StaticMeshComponent'",
    "Template": {
      "ObjectName": "StaticMeshComponent'Default__Farm_Roof1_Peak_C:StaticMeshComponent0'",
      "ObjectPath": "FortniteGame/Content/Building/ActorBlueprints/Roof/Farm_Roof1_Peak.4"
    },
    "Properties": {
      "OverrideMaterials": [
        null
      ],
      "LDMaxDrawDistance": 29115.613,
      "CachedMaxDrawDistance": 29115.613,
      "LODParentPrimitive": {
        "ObjectName": "StaticMeshComponent'Athena_SS_1x1_Outdoor3_011:PersistentLevel.LODActor_0.StaticMeshComponent0'",
        "ObjectPath": "FortniteGame/Content/Athena/Maps/Buildings/1x1/Athena_SS_1x1_Outdoor3_011.53"
      },
      "RelativeLocation": {
        "X": 0.0,
        "Y": -256.0,
        "Z": 768.0
      }
    }
  },
  {
    "Type": "StaticMeshComponent",
    "Name": "StaticMeshComponent0",
    "Outer": "Girder02_Archway11_2",
    "Class": "UScriptClass'StaticMeshComponent'",
    "Template": {
      "ObjectName": "StaticMeshComponent'Default__Girder02_Archway_C:StaticMeshComponent0'",
      "ObjectPath": "FortniteGame/Content/Building/ActorBlueprints/Wall/Girder02_Archway.4"
    },
    "Properties": {
      "OverrideMaterials": [
        null
      ],
      "LDMaxDrawDistance": 29115.613,
      "CachedMaxDrawDistance": 29115.613,
      "LODParentPrimitive": {
        "ObjectName": "StaticMeshComponent'Athena_SS_1x1_Outdoor3_011:PersistentLevel.LODActor_0.StaticMeshComponent0'",
        "ObjectPath": "FortniteGame/Content/Athena/Maps/Buildings/1x1/Athena_SS_1x1_Outdoor3_011.53"
      },
      "RelativeLocation": {
        "X": 256.0,
        "Y": 0.0,
        "Z": 0.0
      },
      "RelativeRotation": {
        "Pitch": 0.0,
        "Yaw": -89.99994,
        "Roll": 0.0
      }
    }
  },
  {
    "Type": "StaticMeshComponent",
    "Name": "StaticMeshComponent0",
    "Outer": "Girder02_Archway12",
    "Class": "UScriptClass'StaticMeshComponent'",
    "Template": {
      "ObjectName": "StaticMeshComponent'Default__Girder02_Archway_C:StaticMeshComponent0'",
      "ObjectPath": "FortniteGame/Content/Building/ActorBlueprints/Wall/Girder02_Archway.4"
    },
    "Properties": {
      "OverrideMaterials": [
        null
      ],
      "LDMaxDrawDistance": 29115.613,
      "CachedMaxDrawDistance": 29115.613,
      "LODParentPrimitive": {
        "ObjectName": "StaticMeshComponent'Athena_SS_1x1_Outdoor3_011:PersistentLevel.LODActor_0.StaticMeshComponent0'",
        "ObjectPath": "FortniteGame/Content/Athena/Maps/Buildings/1x1/Athena_SS_1x1_Outdoor3_011.53"
      },
      "RelativeLocation": {
        "X": -256.0,
        "Y": 0.0,
        "Z": 0.0
      },
      "RelativeRotation": {
        "Pitch": 0.0,
        "Yaw": -89.99994,
        "Roll": 0.0
      }
    }
  },
  {
    "Type": "StaticMeshComponent",
    "Name": "StaticMeshComponent0",
    "Outer": "Girder5",
    "Class": "UScriptClass'StaticMeshComponent'",
    "Template": {
      "ObjectName": "StaticMeshComponent'Default__Girder03_C:StaticMeshComponent0'",
      "ObjectPath": "FortniteGame/Content/Building/ActorBlueprints/Wall/Girder03.4"
    },
    "Properties": {
      "OverrideMaterials": [
        null
      ],
      "LDMaxDrawDistance": 29115.613,
      "CachedMaxDrawDistance": 29115.613,
      "LODParentPrimitive": {
        "ObjectName": "StaticMeshComponent'Athena_SS_1x1_Outdoor3_011:PersistentLevel.LODActor_0.StaticMeshComponent0'",
        "ObjectPath": "FortniteGame/Content/Athena/Maps/Buildings/1x1/Athena_SS_1x1_Outdoor3_011.53"
      },
      "RelativeLocation": {
        "X": 0.0,
        "Y": -256.0,
        "Z": 0.0
      }
    }
  },
  {
    "Type": "StaticMeshComponent",
    "Name": "StaticMeshComponent0",
    "Outer": "Girder6",
    "Class": "UScriptClass'StaticMeshComponent'",
    "Template": {
      "ObjectName": "StaticMeshComponent'Default__Girder03_C:StaticMeshComponent0'",
      "ObjectPath": "FortniteGame/Content/Building/ActorBlueprints/Wall/Girder03.4"
    },
    "Properties": {
      "OverrideMaterials": [
        null
      ],
      "LDMaxDrawDistance": 29115.613,
      "CachedMaxDrawDistance": 29115.613,
      "LODParentPrimitive": {
        "ObjectName": "StaticMeshComponent'Athena_SS_1x1_Outdoor3_011:PersistentLevel.LODActor_0.StaticMeshComponent0'",
        "ObjectPath": "FortniteGame/Content/Athena/Maps/Buildings/1x1/Athena_SS_1x1_Outdoor3_011.53"
      },
      "RelativeLocation": {
        "X": 0.0,
        "Y": -256.0,
        "Z": -384.0
      }
    }
  },
  {
    "Type": "StaticMeshComponent",
    "Name": "StaticMeshComponent0",
    "Outer": "Girder7",
    "Class": "UScriptClass'StaticMeshComponent'",
    "Template": {
      "ObjectName": "StaticMeshComponent'Default__Girder03_C:StaticMeshComponent0'",
      "ObjectPath": "FortniteGame/Content/Building/ActorBlueprints/Wall/Girder03.4"
    },
    "Properties": {
      "OverrideMaterials": [
        null
      ],
      "LDMaxDrawDistance": 29115.613,
      "CachedMaxDrawDistance": 29115.613,
      "LODParentPrimitive": {
        "ObjectName": "StaticMeshComponent'Athena_SS_1x1_Outdoor3_011:PersistentLevel.LODActor_0.StaticMeshComponent0'",
        "ObjectPath": "FortniteGame/Content/Athena/Maps/Buildings/1x1/Athena_SS_1x1_Outdoor3_011.53"
      },
      "RelativeLocation": {
        "X": 0.0,
        "Y": 256.0,
        "Z": -384.0
      }
    }
  },
  {
    "Type": "StaticMeshComponent",
    "Name": "StaticMeshComponent0",
    "Outer": "Girder8",
    "Class": "UScriptClass'StaticMeshComponent'",
    "Template": {
      "ObjectName": "StaticMeshComponent'Default__Girder03_C:StaticMeshComponent0'",
      "ObjectPath": "FortniteGame/Content/Building/ActorBlueprints/Wall/Girder03.4"
    },
    "Properties": {
      "OverrideMaterials": [
        null
      ],
      "LDMaxDrawDistance": 29115.613,
      "CachedMaxDrawDistance": 29115.613,
      "LODParentPrimitive": {
        "ObjectName": "StaticMeshComponent'Athena_SS_1x1_Outdoor3_011:PersistentLevel.LODActor_0.StaticMeshComponent0'",
        "ObjectPath": "FortniteGame/Content/Athena/Maps/Buildings/1x1/Athena_SS_1x1_Outdoor3_011.53"
      },
      "RelativeLocation": {
        "X": 0.0,
        "Y": 256.0,
        "Z": 0.0
      }
    }
  },
  {
    "Type": "StaticMeshComponent",
    "Name": "StaticMeshComponent0",
    "Outer": "Kitchen_Refrigerator_01_2",
    "Class": "UScriptClass'StaticMeshComponent'",
    "Template": {
      "ObjectName": "StaticMeshComponent'Default__Kitchen_Refrigerator_01_C:StaticMeshComponent0'",
      "ObjectPath": "FortniteGame/Content/Building/ActorBlueprints/Containers/Kitchen_Refrigerator_01.4"
    },
    "Properties": {
      "OverrideMaterials": [
        null
      ],
      "LDMaxDrawDistance": 10584.629,
      "CachedMaxDrawDistance": 10584.629,
      "RelativeLocation": {
        "X": -196.0,
        "Y": 204.0,
        "Z": 392.0
      },
      "RelativeRotation": {
        "Pitch": 0.0,
        "Yaw": -126.56244,
        "Roll": 0.0
      }
    }
  },
  {
    "Type": "StaticMeshComponent",
    "Name": "StaticMeshComponent0",
    "Outer": "Living_Television_01_246",
    "Class": "UScriptClass'StaticMeshComponent'",
    "Template": {
      "ObjectName": "StaticMeshComponent'Default__Living_Television_01_C:StaticMeshComponent0'",
      "ObjectPath": "FortniteGame/Content/Building/ActorBlueprints/Containers/Living_Television_01.37"
    },
    "Properties": {
      "OverrideMaterials": [
        null
      ],
      "LDMaxDrawDistance": 8722.484,
      "CachedMaxDrawDistance": 8722.484,
      "RelativeLocation": {
        "X": 192.0,
        "Y": -164.0,
        "Z": 392.00073
      },
      "RelativeRotation": {
        "Pitch": 0.0,
        "Yaw": 53.65705,
        "Roll": 0.0
      }
    }
  },
  {
    "Type": "StaticMeshComponent",
    "Name": "StaticMeshComponent0",
    "Outer": "LODActor_0",
    "Class": "UScriptClass'StaticMeshComponent'",
    "Properties": {
      "StaticMesh": {
        "ObjectName": "StaticMesh'SM_LOD_Girder5'",
        "ObjectPath": "FortniteGame/Content/Athena/Maps/Buildings/1x1/HLOD/Athena_SS_1x1_Outdoor3_011_HLOD.3"
      },
      "MinDrawDistance": 27565.078,
      "CastShadow": true,
      "bCastStaticShadow": true
    }
  },
  {
    "Type": "StaticMeshComponent",
    "Name": "StaticMeshComponent0",
    "Outer": "Prop_Boxes_01d6_25",
    "Class": "UScriptClass'StaticMeshComponent'",
    "Template": {
      "ObjectName": "StaticMeshComponent'Default__Prop_Boxes_01b_C:StaticMeshComponent0'",
      "ObjectPath": "FortniteGame/Content/Building/ActorBlueprints/Prop/Prop_Boxes_01b.4"
    },
    "Properties": {
      "OverrideMaterials": [
        null
      ],
      "LDMaxDrawDistance": 6680.0713,
      "CachedMaxDrawDistance": 6680.0713,
      "RelativeLocation": {
        "X": -188.0,
        "Y": -192.0,
        "Z": 8.0
      },
      "RelativeRotation": {
        "Pitch": 0.0,
        "Yaw": 142.52412,
        "Roll": 0.0
      }
    }
  },
  {
    "Type": "StaticMeshComponent",
    "Name": "StaticMeshComponent0",
    "Outer": "Prop_WildWest_WoodenStool_01_2",
    "Class": "UScriptClass'StaticMeshComponent'",
    "Template": {
      "ObjectName": "StaticMeshComponent'Default__Prop_WildWest_SimpleChair_02_C:StaticMeshComponent0'",
      "ObjectPath": "FortniteGame/Content/Building/ActorBlueprints/Prop/Prop_WildWest_SimpleChair_02.4"
    },
    "Properties": {
      "OverrideMaterials": [
        null
      ],
      "LDMaxDrawDistance": 6000.0,
      "CachedMaxDrawDistance": 6000.0,
      "RelativeLocation": {
        "X": 216.0,
        "Y": -24.0,
        "Z": 392.0
      }
    }
  },
  {
    "Type": "StaticMeshComponent",
    "Name": "StaticMeshComponent0",
    "Outer": "Shelters_Flashlight01_2",
    "Class": "UScriptClass'StaticMeshComponent'",
    "Template": {
      "ObjectName": "StaticMeshComponent'Default__Shelters_Flashlight01_C:StaticMeshComponent0'",
      "ObjectPath": "FortniteGame/Content/Building/ActorBlueprints/Prop/Shelters_Flashlight01.10"
    },
    "Properties": {
      "OverrideMaterials": [
        null
      ],
      "LDMaxDrawDistance": 6000.0,
      "CachedMaxDrawDistance": 6000.0,
      "RelativeLocation": {
        "X": 216.0,
        "Y": -24.0,
        "Z": 444.0
      },
      "RelativeRotation": {
        "Pitch": 0.0,
        "Yaw": 112.49941,
        "Roll": 0.0
      }
    }
  },
  {
    "Type": "StaticMeshComponent",
    "Name": "StaticMeshComponent0",
    "Outer": "SM_Farm_Roof1_PeakCap3_2",
    "Class": "UScriptClass'StaticMeshComponent'",
    "Template": {
      "ObjectName": "StaticMeshComponent'Default__SM_Farm_Roof1_PeakCap_C:StaticMeshComponent0'",
      "ObjectPath": "FortniteGame/Content/Building/ActorBlueprints/Wall/SM_Farm_Roof1_PeakCap.4"
    },
    "Properties": {
      "OverrideMaterials": [
        null
      ],
      "LDMaxDrawDistance": 29115.613,
      "CachedMaxDrawDistance": 29115.613,
      "LODParentPrimitive": {
        "ObjectName": "StaticMeshComponent'Athena_SS_1x1_Outdoor3_011:PersistentLevel.LODActor_0.StaticMeshComponent0'",
        "ObjectPath": "FortniteGame/Content/Athena/Maps/Buildings/1x1/Athena_SS_1x1_Outdoor3_011.53"
      },
      "RelativeLocation": {
        "X": 256.0,
        "Y": 0.0,
        "Z": 768.0
      },
      "RelativeRotation": {
        "Pitch": 0.0,
        "Yaw": -89.99994,
        "Roll": 0.0
      }
    }
  },
  {
    "Type": "StaticMeshComponent",
    "Name": "StaticMeshComponent0",
    "Outer": "SM_Farm_Roof1_PeakCap4",
    "Class": "UScriptClass'StaticMeshComponent'",
    "Template": {
      "ObjectName": "StaticMeshComponent'Default__SM_Farm_Roof1_PeakCap_C:StaticMeshComponent0'",
      "ObjectPath": "FortniteGame/Content/Building/ActorBlueprints/Wall/SM_Farm_Roof1_PeakCap.4"
    },
    "Properties": {
      "OverrideMaterials": [
        null
      ],
      "LDMaxDrawDistance": 29115.613,
      "CachedMaxDrawDistance": 29115.613,
      "LODParentPrimitive": {
        "ObjectName": "StaticMeshComponent'Athena_SS_1x1_Outdoor3_011:PersistentLevel.LODActor_0.StaticMeshComponent0'",
        "ObjectPath": "FortniteGame/Content/Athena/Maps/Buildings/1x1/Athena_SS_1x1_Outdoor3_011.53"
      },
      "RelativeLocation": {
        "X": -256.0,
        "Y": 0.0,
        "Z": 768.0
      },
      "RelativeRotation": {
        "Pitch": 0.0,
        "Yaw": 89.999954,
        "Roll": 0.0
      }
    }
  },
  {
    "Type": "StaticMeshComponent",
    "Name": "StaticMeshComponent0",
    "Outer": "SM_FORT_Floors_Generic_BasicTile2",
    "Class": "UScriptClass'StaticMeshComponent'",
    "Template": {
      "ObjectName": "StaticMeshComponent'Default__SM_FORT_Floors_Generic_BasicTile_C:StaticMeshComponent0'",
      "ObjectPath": "FortniteGame/Content/Building/ActorBlueprints/Floor/SM_FORT_Floors_Generic_BasicTile.4"
    },
    "Properties": {
      "OverrideMaterials": [
        null
      ],
      "LDMaxDrawDistance": 29115.613,
      "CachedMaxDrawDistance": 29115.613,
      "LODParentPrimitive": {
        "ObjectName": "StaticMeshComponent'Athena_SS_1x1_Outdoor3_011:PersistentLevel.LODActor_0.StaticMeshComponent0'",
        "ObjectPath": "FortniteGame/Content/Athena/Maps/Buildings/1x1/Athena_SS_1x1_Outdoor3_011.53"
      },
      "RelativeLocation": {
        "X": -0.001953125,
        "Y": -256.0,
        "Z": 384.0
      },
      "RelativeRotation": {
        "Pitch": 0.0,
        "Yaw": -0.00036621094,
        "Roll": 0.0
      }
    }
  },
  {
    "Type": "StaticMeshComponent",
    "Name": "StaticMeshComponent0",
    "Outer": "SM_FORT_Floors_Generic_BasicTile3",
    "Class": "UScriptClass'StaticMeshComponent'",
    "Template": {
      "ObjectName": "StaticMeshComponent'Default__SM_FORT_Floors_Generic_BasicTile_C:StaticMeshComponent0'",
      "ObjectPath": "FortniteGame/Content/Building/ActorBlueprints/Floor/SM_FORT_Floors_Generic_BasicTile.4"
    },
    "Properties": {
      "OverrideMaterials": [
        null
      ],
      "LDMaxDrawDistance": 29115.613,
      "CachedMaxDrawDistance": 29115.613,
      "LODParentPrimitive": {
        "ObjectName": "StaticMeshComponent'Athena_SS_1x1_Outdoor3_011:PersistentLevel.LODActor_0.StaticMeshComponent0'",
        "ObjectPath": "FortniteGame/Content/Athena/Maps/Buildings/1x1/Athena_SS_1x1_Outdoor3_011.53"
      },
      "RelativeLocation": {
        "X": -0.001953125,
        "Y": -256.0,
        "Z": 0.0
      },
      "RelativeRotation": {
        "Pitch": 0.0,
        "Yaw": -0.00036621094,
        "Roll": 0.0
      }
    }
  },
  {
    "Type": "StaticMeshComponent",
    "Name": "StaticMeshComponent0",
    "Outer": "Storage_Crate01a_side3_17",
    "Class": "UScriptClass'StaticMeshComponent'",
    "Template": {
      "ObjectName": "StaticMeshComponent'Default__Storage_Crate01a_side_C:StaticMeshComponent0'",
      "ObjectPath": "FortniteGame/Content/Building/ActorBlueprints/Containers/Storage_Crate01a_Side.5"
    },
    "Properties": {
      "OverrideMaterials": [
        null
      ],
      "LDMaxDrawDistance": 8930.115,
      "CachedMaxDrawDistance": 8930.115,
      "RelativeLocation": {
        "X": 188.0,
        "Y": 184.0,
        "Z": 8.0
      },
      "RelativeRotation": {
        "Pitch": 0.0,
        "Yaw": 179.99986,
        "Roll": 0.0
      }
    }
  },
  {
    "Type": "StaticMeshComponent",
    "Name": "StaticMeshComponent0",
    "Outer": "Storage_Suitcases_7",
    "Class": "UScriptClass'StaticMeshComponent'",
    "Template": {
      "ObjectName": "StaticMeshComponent'Default__Storage_Suitcases_03_C:StaticMeshComponent0'",
      "ObjectPath": "FortniteGame/Content/Building/ActorBlueprints/Containers/Storage_Suitcases_03.4"
    },
    "Properties": {
      "OverrideMaterials": [
        null
      ],
      "LDMaxDrawDistance": 6749.221,
      "CachedMaxDrawDistance": 6749.221,
      "RelativeLocation": {
        "X": -188.0,
        "Y": -164.0,
        "Z": 392.01355
      },
      "RelativeRotation": {
        "Pitch": 0.0,
        "Yaw": -70.05258,
        "Roll": 0.0
      }
    }
  },
  {
    "Type": "StaticMeshComponent",
    "Name": "StaticMeshComponent0",
    "Outer": "Tiered_Athena_FloorLoot_01_2",
    "Class": "UScriptClass'StaticMeshComponent'",
    "Template": {
      "ObjectName": "StaticMeshComponent'Default__Tiered_Athena_FloorLoot_01_C:StaticMeshComponent0'",
      "ObjectPath": "FortniteGame/Content/Athena/Environments/Blueprints/Tiered_Athena_FloorLoot_01.5"
    },
    "Properties": {
      "OverrideMaterials": [
        null
      ],
      "LDMaxDrawDistance": 10807.396,
      "CachedMaxDrawDistance": 10807.396,
      "RelativeLocation": {
        "X": 32.0,
        "Y": -8.0,
        "Z": 392.0
      }
    }
  },
  {
    "Type": "StaticMeshComponent",
    "Name": "StaticMeshComponent0",
    "Outer": "Tiered_Athena_FloorLoot_5",
    "Class": "UScriptClass'StaticMeshComponent'",
    "Template": {
      "ObjectName": "StaticMeshComponent'Default__Tiered_Athena_FloorLoot_01_C:StaticMeshComponent0'",
      "ObjectPath": "FortniteGame/Content/Athena/Environments/Blueprints/Tiered_Athena_FloorLoot_01.5"
    },
    "Properties": {
      "OverrideMaterials": [
        null
      ],
      "LDMaxDrawDistance": 10807.396,
      "CachedMaxDrawDistance": 10807.396,
      "RelativeLocation": {
        "X": 0.0,
        "Y": 0.0,
        "Z": 8.0
      }
    }
  },
  {
    "Type": "StaticMeshComponent",
    "Name": "StaticMeshComponent0",
    "Outer": "Utility_TrashBag_9",
    "Class": "UScriptClass'StaticMeshComponent'",
    "Template": {
      "ObjectName": "StaticMeshComponent'Default__Utility_TrashBag_01_C:StaticMeshComponent0'",
      "ObjectPath": "FortniteGame/Content/Building/ActorBlueprints/Containers/Utility_TrashBag_01.41"
    },
    "Properties": {
      "OverrideMaterials": [
        null
      ],
      "LDMaxDrawDistance": 6000.0,
      "CachedMaxDrawDistance": 6000.0,
      "RelativeLocation": {
        "X": 216.0,
        "Y": 208.0,
        "Z": 392.0
      },
      "RelativeRotation": {
        "Pitch": 0.0,
        "Yaw": 99.283325,
        "Roll": 0.0
      },
      "RelativeScale3D": {
        "X": 1.090783,
        "Y": 1.090783,
        "Z": 1.090783
      }
    }
  },
  {
    "Type": "Storage_Crate01a_side_C",
    "Name": "Storage_Crate01a_side3_17",
    "Outer": "PersistentLevel",
    "Class": "BlueprintGeneratedClass'FortniteGame/Content/Building/ActorBlueprints/Containers/Storage_Crate01a_Side.Storage_Crate01a_side_C'",
    "Template": {
      "ObjectName": "Storage_Crate01a_side_C'Default__Storage_Crate01a_side_C'",
      "ObjectPath": "FortniteGame/Content/Building/ActorBlueprints/Containers/Storage_Crate01a_Side.1"
    },
    "Properties": {
      "bAlwaysShowContainer": true,
      "StaticMeshComponent": {
        "ObjectName": "StaticMeshComponent'Athena_SS_1x1_Outdoor3_011:PersistentLevel.Storage_Crate01a_side3_17.StaticMeshComponent0'",
        "ObjectPath": "FortniteGame/Content/Athena/Maps/Buildings/1x1/Athena_SS_1x1_Outdoor3_011.61"
      },
      "MyGuid": "9973063A-4C292EC0-D7F15D86-AE41B5F9",
      "DataVersion": 1,
      "CullDistance": 8930.115,
      "RootComponent": {
        "ObjectName": "StaticMeshComponent'Athena_SS_1x1_Outdoor3_011:PersistentLevel.Storage_Crate01a_side3_17.StaticMeshComponent0'",
        "ObjectPath": "FortniteGame/Content/Athena/Maps/Buildings/1x1/Athena_SS_1x1_Outdoor3_011.61"
      }
    }
  },
  {
    "Type": "Storage_Suitcases_03_C",
    "Name": "Storage_Suitcases_7",
    "Outer": "PersistentLevel",
    "Class": "BlueprintGeneratedClass'FortniteGame/Content/Building/ActorBlueprints/Containers/Storage_Suitcases_03.Storage_Suitcases_03_C'",
    "Template": {
      "ObjectName": "Storage_Suitcases_03_C'Default__Storage_Suitcases_03_C'",
      "ObjectPath": "FortniteGame/Content/Building/ActorBlueprints/Containers/Storage_Suitcases_03.1"
    },
    "Properties": {
      "StaticMeshComponent": {
        "ObjectName": "StaticMeshComponent'Athena_SS_1x1_Outdoor3_011:PersistentLevel.Storage_Suitcases_7.StaticMeshComponent0'",
        "ObjectPath": "FortniteGame/Content/Athena/Maps/Buildings/1x1/Athena_SS_1x1_Outdoor3_011.62"
      },
      "MyGuid": "5BCAA0E5-4DFA1108-D6E36199-FDC90EB2",
      "DataVersion": 1,
      "CullDistance": 6749.221,
      "RootComponent": {
        "ObjectName": "StaticMeshComponent'Athena_SS_1x1_Outdoor3_011:PersistentLevel.Storage_Suitcases_7.StaticMeshComponent0'",
        "ObjectPath": "FortniteGame/Content/Athena/Maps/Buildings/1x1/Athena_SS_1x1_Outdoor3_011.62"
      }
    }
  },
  {
    "Type": "Tiered_Athena_FloorLoot_01_C",
    "Name": "Tiered_Athena_FloorLoot_01_2",
    "Outer": "PersistentLevel",
    "Class": "BlueprintGeneratedClass'FortniteGame/Content/Athena/Environments/Blueprints/Tiered_Athena_FloorLoot_01.Tiered_Athena_FloorLoot_01_C'",
    "Template": {
      "ObjectName": "Tiered_Athena_FloorLoot_01_C'Default__Tiered_Athena_FloorLoot_01_C'",
      "ObjectPath": "FortniteGame/Content/Athena/Environments/Blueprints/Tiered_Athena_FloorLoot_01.1"
    },
    "Properties": {
      "StaticMeshComponent": {
        "ObjectName": "StaticMeshComponent'Athena_SS_1x1_Outdoor3_011:PersistentLevel.Tiered_Athena_FloorLoot_01_2.StaticMeshComponent0'",
        "ObjectPath": "FortniteGame/Content/Athena/Maps/Buildings/1x1/Athena_SS_1x1_Outdoor3_011.63"
      },
      "MyGuid": "95A5440F-496D91A2-28B100AA-B1124A1D",
      "DataVersion": 1,
      "CullDistance": 10807.396,
      "RootComponent": {
        "ObjectName": "StaticMeshComponent'Athena_SS_1x1_Outdoor3_011:PersistentLevel.Tiered_Athena_FloorLoot_01_2.StaticMeshComponent0'",
        "ObjectPath": "FortniteGame/Content/Athena/Maps/Buildings/1x1/Athena_SS_1x1_Outdoor3_011.63"
      }
    }
  },
  {
    "Type": "Tiered_Athena_FloorLoot_01_C",
    "Name": "Tiered_Athena_FloorLoot_5",
    "Outer": "PersistentLevel",
    "Class": "BlueprintGeneratedClass'FortniteGame/Content/Athena/Environments/Blueprints/Tiered_Athena_FloorLoot_01.Tiered_Athena_FloorLoot_01_C'",
    "Template": {
      "ObjectName": "Tiered_Athena_FloorLoot_01_C'Default__Tiered_Athena_FloorLoot_01_C'",
      "ObjectPath": "FortniteGame/Content/Athena/Environments/Blueprints/Tiered_Athena_FloorLoot_01.1"
    },
    "Properties": {
      "StaticMeshComponent": {
        "ObjectName": "StaticMeshComponent'Athena_SS_1x1_Outdoor3_011:PersistentLevel.Tiered_Athena_FloorLoot_5.StaticMeshComponent0'",
        "ObjectPath": "FortniteGame/Content/Athena/Maps/Buildings/1x1/Athena_SS_1x1_Outdoor3_011.64"
      },
      "MyGuid": "AA6BF553-453E161B-A8B5B394-91465F0A",
      "DataVersion": 1,
      "CullDistance": 10807.396,
      "RootComponent": {
        "ObjectName": "StaticMeshComponent'Athena_SS_1x1_Outdoor3_011:PersistentLevel.Tiered_Athena_FloorLoot_5.StaticMeshComponent0'",
        "ObjectPath": "FortniteGame/Content/Athena/Maps/Buildings/1x1/Athena_SS_1x1_Outdoor3_011.64"
      }
    }
  },
  {
    "Type": "TimelineComponent",
    "Name": "Timeline_0",
    "Outer": "Living_Television_01_246",
    "Class": "UScriptClass'TimelineComponent'",
    "Properties": {
      "TheTimeline": {
        "LengthMode": "TL_TimelineLength",
        "Length": 4.0,
        "InterpFloats": [
          {
            "FloatCurve": {
              "ObjectName": "CurveFloat'Living_Television_01_C:CurveFloat_0__256DA8D9'",
              "ObjectPath": "FortniteGame/Content/Building/ActorBlueprints/Containers/Living_Television_01.15"
            },
            "InterpFunc": {
              "Num": 0,
              "Name": "None"
            },
            "TrackName": "BlendTime",
            "FloatPropertyName": "Timeline_0_BlendTime_3F2320D644D75A5898F55EB7DDFA9E3C"
          }
        ],
        "TimelinePostUpdateFunc": {
          "Num": 24,
          "Name": "Timeline_0__UpdateFunc"
        },
        "TimelineFinishedFunc": {
          "Num": 24,
          "Name": "Timeline_0__FinishedFunc"
        },
        "PropertySetObject": {
          "ObjectName": "Living_Television_01_C'Athena_SS_1x1_Outdoor3_011:PersistentLevel.Living_Television_01_246'",
          "ObjectPath": "FortniteGame/Content/Athena/Maps/Buildings/1x1/Athena_SS_1x1_Outdoor3_011.23"
        },
        "DirectionPropertyName": "Timeline_0__Direction_3F2320D644D75A5898F55EB7DDFA9E3C"
      },
      "bNetAddressable": true,
      "CreationMethod": "EComponentCreationMethod::UserConstructionScript"
    }
  },
  {
    "Type": "Utility_TrashBag_01_C",
    "Name": "Utility_TrashBag_9",
    "Outer": "PersistentLevel",
    "Class": "BlueprintGeneratedClass'FortniteGame/Content/Building/ActorBlueprints/Containers/Utility_TrashBag_01.Utility_TrashBag_01_C'",
    "Template": {
      "ObjectName": "Utility_TrashBag_01_C'Default__Utility_TrashBag_01_C'",
      "ObjectPath": "FortniteGame/Content/Building/ActorBlueprints/Containers/Utility_TrashBag_01.2"
    },
    "Properties": {
      "Effect_Flies_On_Player": {
        "ObjectName": "ParticleSystemComponent'Athena_SS_1x1_Outdoor3_011:PersistentLevel.Utility_TrashBag_9.Effect_Flies_On_Player'",
        "ObjectPath": "FortniteGame/Content/Athena/Maps/Buildings/1x1/Athena_SS_1x1_Outdoor3_011.27"
      },
      "Effect_Flies": {
        "ObjectName": "ParticleSystemComponent'Athena_SS_1x1_Outdoor3_011:PersistentLevel.Utility_TrashBag_9.Effect_Flies'",
        "ObjectPath": "FortniteGame/Content/Athena/Maps/Buildings/1x1/Athena_SS_1x1_Outdoor3_011.26"
      },
      "Touch_Box": {
        "ObjectName": "BoxComponent'Athena_SS_1x1_Outdoor3_011:PersistentLevel.Utility_TrashBag_9.Touch_Box'",
        "ObjectPath": "FortniteGame/Content/Athena/Maps/Buildings/1x1/Athena_SS_1x1_Outdoor3_011.7"
      },
      "StaticMeshComponent": {
        "ObjectName": "StaticMeshComponent'Athena_SS_1x1_Outdoor3_011:PersistentLevel.Utility_TrashBag_9.StaticMeshComponent0'",
        "ObjectPath": "FortniteGame/Content/Athena/Maps/Buildings/1x1/Athena_SS_1x1_Outdoor3_011.65"
      },
      "MyGuid": "3CC36C43-4677E928-94ED19AC-F23557BC",
      "DataVersion": 1,
      "CullDistance": 6000.0,
      "RootComponent": {
        "ObjectName": "StaticMeshComponent'Athena_SS_1x1_Outdoor3_011:PersistentLevel.Utility_TrashBag_9.StaticMeshComponent0'",
        "ObjectPath": "FortniteGame/Content/Athena/Maps/Buildings/1x1/Athena_SS_1x1_Outdoor3_011.65"
      },
      "BlueprintCreatedComponents": [
        {
          "ObjectName": "BoxComponent'Athena_SS_1x1_Outdoor3_011:PersistentLevel.Utility_TrashBag_9.Touch_Box'",
          "ObjectPath": "FortniteGame/Content/Athena/Maps/Buildings/1x1/Athena_SS_1x1_Outdoor3_011.7"
        },
        {
          "ObjectName": "ParticleSystemComponent'Athena_SS_1x1_Outdoor3_011:PersistentLevel.Utility_TrashBag_9.Effect_Flies'",
          "ObjectPath": "FortniteGame/Content/Athena/Maps/Buildings/1x1/Athena_SS_1x1_Outdoor3_011.26"
        },
        {
          "ObjectName": "ParticleSystemComponent'Athena_SS_1x1_Outdoor3_011:PersistentLevel.Utility_TrashBag_9.Effect_Flies_On_Player'",
          "ObjectPath": "FortniteGame/Content/Athena/Maps/Buildings/1x1/Athena_SS_1x1_Outdoor3_011.27"
        }
      ]
    }
  },
  {
    "Type": "World",
    "Name": "Athena_SS_1x1_Outdoor3_011",
    "Class": "UScriptClass'World'",
    "Properties": {
      "DefaultPhysicsVolume": null
    },
    "PersistentLevel": {
      "ObjectName": "Level'Athena_SS_1x1_Outdoor3_011:PersistentLevel'",
      "ObjectPath": "FortniteGame/Content/Athena/Maps/Buildings/1x1/Athena_SS_1x1_Outdoor3_011.21"
    },
    "ExtraReferencedObjects": [],
    "StreamingLevels": []
  }
]