[
  {
    "Type": "Boardwalk_Archway_C",
    "Name": "Boardwalk_Archway_28",
    "Outer": "PersistentLevel",
    "Class": "BlueprintGeneratedClass'FortniteGame/Content/Building/ActorBlueprints/Wall/Boardwalk_Archway.Boardwalk_Archway_C'",
    "Template": {
      "ObjectName": "Boardwalk_Archway_C'Default__Boardwalk_Archway_C'",
      "ObjectPath": "FortniteGame/Content/Building/ActorBlueprints/Wall/Boardwalk_Archway.1"
    },
    "Properties": {
      "StaticMeshComponent": {
        "ObjectName": "StaticMeshComponent'Athena_REM_1x1_Shack_a:PersistentLevel.Boardwalk_Archway_28.StaticMeshComponent0'",
        "ObjectPath": "FortniteGame/Content/Athena/Maps/Buildings/1x1/Athena_REM_1x1_Shack_a.21"
      },
      "MyGuid": "D70F67FC-468341B1-A24A6B88-E27EC681",
      "DataVersion": 1,
      "CullDistance": 22767.445,
      "RootComponent": {
        "ObjectName": "StaticMeshComponent'Athena_REM_1x1_Shack_a:PersistentLevel.Boardwalk_Archway_28.StaticMeshComponent0'",
        "ObjectPath": "FortniteGame/Content/Athena/Maps/Buildings/1x1/Athena_REM_1x1_Shack_a.21"
      }
    }
  },
  {
    "Type": "Boardwalk_Archway_C",
    "Name": "Boardwalk_Archway_29",
    "Outer": "PersistentLevel",
    "Class": "BlueprintGeneratedClass'FortniteGame/Content/Building/ActorBlueprints/Wall/Boardwalk_Archway.Boardwalk_Archway_C'",
    "Template": {
      "ObjectName": "Boardwalk_Archway_C'Default__Boardwalk_Archway_C'",
      "ObjectPath": "FortniteGame/Content/Building/ActorBlueprints/Wall/Boardwalk_Archway.1"
    },
    "Properties": {
      "StaticMeshComponent": {
        "ObjectName": "StaticMeshComponent'Athena_REM_1x1_Shack_a:PersistentLevel.Boardwalk_Archway_29.StaticMeshComponent0'",
        "ObjectPath": "FortniteGame/Content/Athena/Maps/Buildings/1x1/Athena_REM_1x1_Shack_a.22"
      },
      "MyGuid": "E6B14BFB-4D0CA1DB-7CBB4CA0-8ED9D3CF",
      "DataVersion": 1,
      "CullDistance": 22767.445,
      "RootComponent": {
        "ObjectName": "StaticMeshComponent'Athena_REM_1x1_Shack_a:PersistentLevel.Boardwalk_Archway_29.StaticMeshComponent0'",
        "ObjectPath": "FortniteGame/Content/Athena/Maps/Buildings/1x1/Athena_REM_1x1_Shack_a.22"
      }
    }
  },
  {
    "Type": "Boardwalk_Archway_C",
    "Name": "Boardwalk_Archway_31",
    "Outer": "PersistentLevel",
    "Class": "BlueprintGeneratedClass'FortniteGame/Content/Building/ActorBlueprints/Wall/Boardwalk_Archway.Boardwalk_Archway_C'",
    "Template": {
      "ObjectName": "Boardwalk_Archway_C'Default__Boardwalk_Archway_C'",
      "ObjectPath": "FortniteGame/Content/Building/ActorBlueprints/Wall/Boardwalk_Archway.1"
    },
    "Properties": {
      "StaticMeshComponent": {
        "ObjectName": "StaticMeshComponent'Athena_REM_1x1_Shack_a:PersistentLevel.Boardwalk_Archway_31.StaticMeshComponent0'",
        "ObjectPath": "FortniteGame/Content/Athena/Maps/Buildings/1x1/Athena_REM_1x1_Shack_a.23"
      },
      "MyGuid": "F86705C1-4F497BBD-4DF85999-D56C955A",
      "DataVersion": 1,
      "CullDistance": 22767.445,
      "RootComponent": {
        "ObjectName": "StaticMeshComponent'Athena_REM_1x1_Shack_a:PersistentLevel.Boardwalk_Archway_31.StaticMeshComponent0'",
        "ObjectPath": "FortniteGame/Content/Athena/Maps/Buildings/1x1/Athena_REM_1x1_Shack_a.23"
      }
    }
  },
  {
    "Type": "Boardwalk_Archway_C",
    "Name": "Boardwalk_Archway_37",
    "Outer": "PersistentLevel",
    "Class": "BlueprintGeneratedClass'FortniteGame/Content/Building/ActorBlueprints/Wall/Boardwalk_Archway.Boardwalk_Archway_C'",
    "Template": {
      "ObjectName": "Boardwalk_Archway_C'Default__Boardwalk_Archway_C'",
      "ObjectPath": "FortniteGame/Content/Building/ActorBlueprints/Wall/Boardwalk_Archway.1"
    },
    "Properties": {
      "StaticMeshComponent": {
        "ObjectName": "StaticMeshComponent'Athena_REM_1x1_Shack_a:PersistentLevel.Boardwalk_Archway_37.StaticMeshComponent0'",
        "ObjectPath": "FortniteGame/Content/Athena/Maps/Buildings/1x1/Athena_REM_1x1_Shack_a.24"
      },
      "MyGuid": "253B6DA1-4FA12941-C105BBA2-FA558F3C",
      "DataVersion": 1,
      "CullDistance": 22767.445,
      "RootComponent": {
        "ObjectName": "StaticMeshComponent'Athena_REM_1x1_Shack_a:PersistentLevel.Boardwalk_Archway_37.StaticMeshComponent0'",
        "ObjectPath": "FortniteGame/Content/Athena/Maps/Buildings/1x1/Athena_REM_1x1_Shack_a.24"
      }
    }
  },
  {
    "Type": "Boardwalk_Floor_C",
    "Name": "Boardwalk_Floor_16",
    "Outer": "PersistentLevel",
    "Class": "BlueprintGeneratedClass'FortniteGame/Content/Building/ActorBlueprints/Floor/Boardwalk_Floor.Boardwalk_Floor_C'",
    "Template": {
      "ObjectName": "Boardwalk_Floor_C'Default__Boardwalk_Floor_C'",
      "ObjectPath": "FortniteGame/Content/Building/ActorBlueprints/Floor/Boardwalk_Floor.1"
    },
    "Properties": {
      "StaticMeshComponent": {
        "ObjectName": "StaticMeshComponent'Athena_REM_1x1_Shack_a:PersistentLevel.Boardwalk_Floor_16.StaticMeshComponent0'",
        "ObjectPath": "FortniteGame/Content/Athena/Maps/Buildings/1x1/Athena_REM_1x1_Shack_a.25"
      },
      "MyGuid": "310A81A6-4CD6065C-8F1BCE80-C5376532",
      "DataVersion": 1,
      "CullDistance": 22767.445,
      "RootComponent": {
        "ObjectName": "StaticMeshComponent'Athena_REM_1x1_Shack_a:PersistentLevel.Boardwalk_Floor_16.StaticMeshComponent0'",
        "ObjectPath": "FortniteGame/Content/Athena/Maps/Buildings/1x1/Athena_REM_1x1_Shack_a.25"
      }
    }
  },
  {
    "Type": "BoxComponent",
    "Name": "BoxComponent0",
    "Outer": "LevelBounds_0",
    "Class": "UScriptClass'BoxComponent'",
    "Properties": {
      "BodyInstance": {
        "MaxAngularVelocity": 3599.9998
      },
      "RelativeLocation": {
        "X": 0.37054443,
        "Y": 0.10772705,
        "Z": 94.07831
      },
      "RelativeScale3D": {
        "X": 971.3479,
        "Y": 971.3479,
        "Z": 971.3479
      }
    }
  },
  {
    "Type": "Chair_Kitchen02_C",
    "Name": "Prop_WildWest_SimpleChair_02_2",
    "Outer": "PersistentLevel",
    "Class": "BlueprintGeneratedClass'FortniteGame/Content/Building/ActorBlueprints/Prop/Chair_Kitchen02.Chair_Kitchen02_C'",
    "Template": {
      "ObjectName": "Chair_Kitchen02_C'Default__Chair_Kitchen02_C'",
      "ObjectPath": "FortniteGame/Content/Building/ActorBlueprints/Prop/Chair_Kitchen02.1"
    },
    "Properties": {
      "StaticMeshComponent": {
        "ObjectName": "StaticMeshComponent'Athena_REM_1x1_Shack_a:PersistentLevel.Prop_WildWest_SimpleChair_02_2.StaticMeshComponent0'",
        "ObjectPath": "FortniteGame/Content/Athena/Maps/Buildings/1x1/Athena_REM_1x1_Shack_a.33"
      },
      "MyGuid": "7E49F6F1-43D4618F-68221D92-834E70B0",
      "DataVersion": 1,
      "CullDistance": 7718.2383,
      "RootComponent": {
        "ObjectName": "StaticMeshComponent'Athena_REM_1x1_Shack_a:PersistentLevel.Prop_WildWest_SimpleChair_02_2.StaticMeshComponent0'",
        "ObjectPath": "FortniteGame/Content/Athena/Maps/Buildings/1x1/Athena_REM_1x1_Shack_a.33"
      }
    }
  },
  {
    "Type": "Farm_Roof1_Peak_C",
    "Name": "Farm_Roof1_Peak_5",
    "Outer": "PersistentLevel",
    "Class": "BlueprintGeneratedClass'FortniteGame/Content/Building/ActorBlueprints/Roof/Farm_Roof1_Peak.Farm_Roof1_Peak_C'",
    "Template": {
      "ObjectName": "Farm_Roof1_Peak_C'Default__Farm_Roof1_Peak_C'",
      "ObjectPath": "FortniteGame/Content/Building/ActorBlueprints/Roof/Farm_Roof1_Peak.1"
    },
    "Properties": {
      "StaticMeshComponent": {
        "ObjectName": "StaticMeshComponent'Athena_REM_1x1_Shack_a:PersistentLevel.Farm_Roof1_Peak_5.StaticMeshComponent0'",
        "ObjectPath": "FortniteGame/Content/Athena/Maps/Buildings/1x1/Athena_REM_1x1_Shack_a.26"
      },
      "MyGuid": "C38F708E-421B8EAF-50D3869C-D86C20AA",
      "DataVersion": 1,
      "CullDistance": 22767.445,
      "RootComponent": {
        "ObjectName": "StaticMeshComponent'Athena_REM_1x1_Shack_a:PersistentLevel.Farm_Roof1_Peak_5.StaticMeshComponent0'",
        "ObjectPath": "FortniteGame/Content/Athena/Maps/Buildings/1x1/Athena_REM_1x1_Shack_a.26"
      }
    }
  },
  {
    "Type": "FortWorldSettings",
    "Name": "FortWorldSettings",
    "Outer": "PersistentLevel",
    "Class": "UScriptClass'FortWorldSettings'",
    "Properties": {
      "WorldCells": [
        2147483647,
        1
      ],
      "WorldCellsOrigin": {
        "X": 512.0,
        "Y": 512.0,
        "Z": 0.0
      }
    }
  },
  {
    "Type": "Hobopile_A_C",
    "Name": "Hobopile_A_5",
    "Outer": "PersistentLevel",
    "Class": "BlueprintGeneratedClass'FortniteGame/Content/Building/ActorBlueprints/Containers/Hobopile_A.Hobopile_A_C'",
    "Template": {
      "ObjectName": "Hobopile_A_C'Default__Hobopile_A_C'",
      "ObjectPath": "FortniteGame/Content/Building/ActorBlueprints/Containers/Hobopile_A.1"
    },
    "Properties": {
      "StaticMeshComponent": {
        "ObjectName": "StaticMeshComponent'Athena_REM_1x1_Shack_a:PersistentLevel.Hobopile_A_5.StaticMeshComponent0'",
        "ObjectPath": "FortniteGame/Content/Athena/Maps/Buildings/1x1/Athena_REM_1x1_Shack_a.27"
      },
      "MyGuid": "98A3F2E6-4D1747B7-1AE5DB9A-4081DF08",
      "DataVersion": 1,
      "CullDistance": 13971.059,
      "RootComponent": {
        "ObjectName": "StaticMeshComponent'Athena_REM_1x1_Shack_a:PersistentLevel.Hobopile_A_5.StaticMeshComponent0'",
        "ObjectPath": "FortniteGame/Content/Athena/Maps/Buildings/1x1/Athena_REM_1x1_Shack_a.27"
      }
    }
  },
  {
    "Type": "Kitchen_Shelf_C",
    "Name": "Kitchen_Shelf_2",
    "Outer": "PersistentLevel",
    "Class": "BlueprintGeneratedClass'FortniteGame/Content/Building/ActorBlueprints/Deco/Kitchen_Shelf.Kitchen_Shelf_C'",
    "Template": {
      "ObjectName": "Kitchen_Shelf_C'Default__Kitchen_Shelf_C'",
      "ObjectPath": "FortniteGame/Content/Building/ActorBlueprints/Deco/Kitchen_Shelf.1"
    },
    "Properties": {
      "StaticMeshComponent": {
        "ObjectName": "StaticMeshComponent'Athena_REM_1x1_Shack_a:PersistentLevel.Kitchen_Shelf_2.StaticMeshComponent0'",
        "ObjectPath": "FortniteGame/Content/Athena/Maps/Buildings/1x1/Athena_REM_1x1_Shack_a.28"
      },
      "ParentActorToAttachTo": {
        "ObjectName": "SM_Farm_Wall_1_C'Athena_REM_1x1_Shack_a:PersistentLevel.SM_Farm_Wall_14'",
        "ObjectPath": "FortniteGame/Content/Athena/Maps/Buildings/1x1/Athena_REM_1x1_Shack_a.18"
      },
      "MyGuid": "385C0CD4-44F70C06-ED1B138D-0AA0E2C1",
      "DataVersion": 1,
      "CullDistance": 6000.0,
      "RootComponent": {
        "ObjectName": "StaticMeshComponent'Athena_REM_1x1_Shack_a:PersistentLevel.Kitchen_Shelf_2.StaticMeshComponent0'",
        "ObjectPath": "FortniteGame/Content/Athena/Maps/Buildings/1x1/Athena_REM_1x1_Shack_a.28"
      }
    }
  },
  {
    "Type": "Level",
    "Name": "PersistentLevel",
    "Outer": "Athena_REM_1x1_Shack_a",
    "Class": "UScriptClass'Level'",
    "Properties": {
      "Model": {
        "ObjectName": "Model'Athena_REM_1x1_Shack_a:PersistentLevel.Model_0'",
        "ObjectPath": "FortniteGame/Content/Athena/Maps/Buildings/1x1/Athena_REM_1x1_Shack_a.14"
      },
      "LevelBuildDataId": "69ADE370-47F50189-D08FCA81-69EF4AE7",
      "WorldSettings": {
        "ObjectName": "FortWorldSettings'Athena_REM_1x1_Shack_a:PersistentLevel.FortWorldSettings'",
        "ObjectPath": "FortniteGame/Content/Athena/Maps/Buildings/1x1/Athena_REM_1x1_Shack_a.8"
      }
    },
    "Actors": [
      {
        "ObjectName": "FortWorldSettings'Athena_REM_1x1_Shack_a:PersistentLevel.FortWorldSettings'",
        "ObjectPath": "FortniteGame/Content/Athena/Maps/Buildings/1x1/Athena_REM_1x1_Shack_a.8"
      },
      null,
      {
        "ObjectName": "LevelBounds'Athena_REM_1x1_Shack_a:PersistentLevel.LevelBounds_0'",
        "ObjectPath": "FortniteGame/Content/Athena/Maps/Buildings/1x1/Athena_REM_1x1_Shack_a.12"
      },
      {
        "ObjectName": "LODActor'Athena_REM_1x1_Shack_a:PersistentLevel.LODActor_0'",
        "ObjectPath": "FortniteGame/Content/Athena/Maps/Buildings/1x1/Athena_REM_1x1_Shack_a.13"
      },
      {
        "ObjectName": "Boardwalk_Archway_C'Athena_REM_1x1_Shack_a:PersistentLevel.Boardwalk_Archway_28'",
        "ObjectPath": "FortniteGame/Content/Athena/Maps/Buildings/1x1/Athena_REM_1x1_Shack_a.0"
      },
      {
        "ObjectName": "SM_Farm_Doorway_1_C'Athena_REM_1x1_Shack_a:PersistentLevel.SM_Farm_Wall_52'",
        "ObjectPath": "FortniteGame/Content/Athena/Maps/Buildings/1x1/Athena_REM_1x1_Shack_a.15"
      },
      {
        "ObjectName": "Farm_Roof1_Peak_C'Athena_REM_1x1_Shack_a:PersistentLevel.Farm_Roof1_Peak_5'",
        "ObjectPath": "FortniteGame/Content/Athena/Maps/Buildings/1x1/Athena_REM_1x1_Shack_a.7"
      },
      {
        "ObjectName": "SM_Farm_Roof1_PeakCap_C'Athena_REM_1x1_Shack_a:PersistentLevel.SM_Farm_Roof1_PeakCap_7'",
        "ObjectPath": "FortniteGame/Content/Athena/Maps/Buildings/1x1/Athena_REM_1x1_Shack_a.16"
      },
      {
        "ObjectName": "SM_Farm_Roof1_PeakCap_C'Athena_REM_1x1_Shack_a:PersistentLevel.SM_Farm_Roof1_PeakCap_8'",
        "ObjectPath": "FortniteGame/Content/Athena/Maps/Buildings/1x1/Athena_REM_1x1_Shack_a.17"
      },
      {
        "ObjectName": "SM_Farm_Window_1_C'Athena_REM_1x1_Shack_a:PersistentLevel.SM_Farm_Wall_12'",
        "ObjectPath": "FortniteGame/Content/Athena/Maps/Buildings/1x1/Athena_REM_1x1_Shack_a.19"
      },
      {
        "ObjectName": "SM_Farm_Window_1_C'Athena_REM_1x1_Shack_a:PersistentLevel.SM_Farm_Wall_13'",
        "ObjectPath": "FortniteGame/Content/Athena/Maps/Buildings/1x1/Athena_REM_1x1_Shack_a.20"
      },
      {
        "ObjectName": "SM_Farm_Wall_1_C'Athena_REM_1x1_Shack_a:PersistentLevel.SM_Farm_Wall_14'",
        "ObjectPath": "FortniteGame/Content/Athena/Maps/Buildings/1x1/Athena_REM_1x1_Shack_a.18"
      },
      {
        "ObjectName": "Boardwalk_Archway_C'Athena_REM_1x1_Shack_a:PersistentLevel.Boardwalk_Archway_29'",
        "ObjectPath": "FortniteGame/Content/Athena/Maps/Buildings/1x1/Athena_REM_1x1_Shack_a.1"
      },
      {
        "ObjectName": "Boardwalk_Archway_C'Athena_REM_1x1_Shack_a:PersistentLevel.Boardwalk_Archway_31'",
        "ObjectPath": "FortniteGame/Content/Athena/Maps/Buildings/1x1/Athena_REM_1x1_Shack_a.2"
      },
      {
        "ObjectName": "Boardwalk_Archway_C'Athena_REM_1x1_Shack_a:PersistentLevel.Boardwalk_Archway_37'",
        "ObjectPath": "FortniteGame/Content/Athena/Maps/Buildings/1x1/Athena_REM_1x1_Shack_a.3"
      },
      {
        "ObjectName": "Boardwalk_Floor_C'Athena_REM_1x1_Shack_a:PersistentLevel.Boardwalk_Floor_16'",
        "ObjectPath": "FortniteGame/Content/Athena/Maps/Buildings/1x1/Athena_REM_1x1_Shack_a.4"
      },
      {
        "ObjectName": "Storage_Barrel_02_C'Athena_REM_1x1_Shack_a:PersistentLevel.LCD_Barrel_02_16'",
        "ObjectPath": "FortniteGame/Content/Athena/Maps/Buildings/1x1/Athena_REM_1x1_Shack_a.41"
      },
      {
        "ObjectName": "Storage_Barrel_02_C'Athena_REM_1x1_Shack_a:PersistentLevel.LCD_Barrel_3'",
        "ObjectPath": "FortniteGame/Content/Athena/Maps/Buildings/1x1/Athena_REM_1x1_Shack_a.42"
      },
      {
        "ObjectName": "Hobopile_A_C'Athena_REM_1x1_Shack_a:PersistentLevel.Hobopile_A_5'",
        "ObjectPath": "FortniteGame/Content/Athena/Maps/Buildings/1x1/Athena_REM_1x1_Shack_a.9"
      },
      {
        "ObjectName": "Kitchen_Shelf_C'Athena_REM_1x1_Shack_a:PersistentLevel.Kitchen_Shelf_2'",
        "ObjectPath": "FortniteGame/Content/Athena/Maps/Buildings/1x1/Athena_REM_1x1_Shack_a.10"
      },
      {
        "ObjectName": "Chair_Kitchen02_C'Athena_REM_1x1_Shack_a:PersistentLevel.Prop_WildWest_SimpleChair_02_2'",
        "ObjectPath": "FortniteGame/Content/Athena/Maps/Buildings/1x1/Athena_REM_1x1_Shack_a.6"
      },
      {
        "ObjectName": "Tiered_Athena_FloorLoot_01_C'Athena_REM_1x1_Shack_a:PersistentLevel.Tiered_Athena_FloorLoot_01_2'",
        "ObjectPath": "FortniteGame/Content/Athena/Maps/Buildings/1x1/Athena_REM_1x1_Shack_a.44"
      },
      {
        "ObjectName": "Storage_Crate01a_side_C'Athena_REM_1x1_Shack_a:PersistentLevel.LCD_Crate01_8'",
        "ObjectPath": "FortniteGame/Content/Athena/Maps/Buildings/1x1/Athena_REM_1x1_Shack_a.43"
      },
      null,
      null
    ],
    "URL": {
      "Protocol": "unreal",
      "Host": "",
      "Port": 7777,
      "Valid": true,
      "Map": "/Game/Maps/Frontend",
      "Op": [],
      "Portal": ""
    },
    "Model": {
      "ObjectName": "Model'Athena_REM_1x1_Shack_a:PersistentLevel.Model_0'",
      "ObjectPath": "FortniteGame/Content/Athena/Maps/Buildings/1x1/Athena_REM_1x1_Shack_a.14"
    },
    "ModelComponents": [],
    "LevelScriptActor": null,
    "NavListStart": null,
    "NavListEnd": null,
    "PrecomputedVisibilityHandler": {
      "PrecomputedVisibilityCellBucketOriginXY": {
        "X": 0.0,
        "Y": 0.0
      },
      "PrecomputedVisibilityCellSizeXY": 0.0,
      "PrecomputedVisibilityCellSizeZ": 0.0,
      "PrecomputedVisibilityCellBucketSizeXY": 0,
      "PrecomputedVisibilityNumCellBuckets": 0,
      "PrecomputedVisibilityCellBuckets": []
    },
    "PrecomputedVolumeDistanceField": {
      "VolumeMaxDistance": 0.0,
      "VolumeBox": {
        "Min": {
          "X": 0.0,
          "Y": 0.0,
          "Z": 0.0
        },
        "Max": {
          "X": 0.0,
          "Y": 0.0,
          "Z": 0.0
        },
        "IsValid": 0
      },
      "VolumeSizeX": 0,
      "VolumeSizeY": 0,
      "VolumeSizeZ": 0,
      "Data": []
    }
  },
  {
    "Type": "LevelBounds",
    "Name": "LevelBounds_0",
    "Outer": "PersistentLevel",
    "Class": "UScriptClass'LevelBounds'",
    "Properties": {
      "RootComponent": {
        "ObjectName": "BoxComponent'Athena_REM_1x1_Shack_a:PersistentLevel.LevelBounds_0.BoxComponent0'",
        "ObjectPath": "FortniteGame/Content/Athena/Maps/Buildings/1x1/Athena_REM_1x1_Shack_a.5"
      }
    }
  },
  {
    "Type": "LODActor",
    "Name": "LODActor_0",
    "Outer": "PersistentLevel",
    "Class": "UScriptClass'LODActor'",
    "Properties": {
      "StaticMeshComponent": {
        "ObjectName": "StaticMeshComponent'Athena_REM_1x1_Shack_a:PersistentLevel.LODActor_0.StaticMeshComponent0'",
        "ObjectPath": "FortniteGame/Content/Athena/Maps/Buildings/1x1/Athena_REM_1x1_Shack_a.32"
      },
      "SubActors": [
        {
          "ObjectName": "Boardwalk_Archway_C'Athena_REM_1x1_Shack_a:PersistentLevel.Boardwalk_Archway_28'",
          "ObjectPath": "FortniteGame/Content/Athena/Maps/Buildings/1x1/Athena_REM_1x1_Shack_a.0"
        },
        {
          "ObjectName": "SM_Farm_Doorway_1_C'Athena_REM_1x1_Shack_a:PersistentLevel.SM_Farm_Wall_52'",
          "ObjectPath": "FortniteGame/Content/Athena/Maps/Buildings/1x1/Athena_REM_1x1_Shack_a.15"
        },
        {
          "ObjectName": "Farm_Roof1_Peak_C'Athena_REM_1x1_Shack_a:PersistentLevel.Farm_Roof1_Peak_5'",
          "ObjectPath": "FortniteGame/Content/Athena/Maps/Buildings/1x1/Athena_REM_1x1_Shack_a.7"
        },
        {
          "ObjectName": "SM_Farm_Roof1_PeakCap_C'Athena_REM_1x1_Shack_a:PersistentLevel.SM_Farm_Roof1_PeakCap_7'",
          "ObjectPath": "FortniteGame/Content/Athena/Maps/Buildings/1x1/Athena_REM_1x1_Shack_a.16"
        },
        {
          "ObjectName": "SM_Farm_Roof1_PeakCap_C'Athena_REM_1x1_Shack_a:PersistentLevel.SM_Farm_Roof1_PeakCap_8'",
          "ObjectPath": "FortniteGame/Content/Athena/Maps/Buildings/1x1/Athena_REM_1x1_Shack_a.17"
        },
        {
          "ObjectName": "SM_Farm_Window_1_C'Athena_REM_1x1_Shack_a:PersistentLevel.SM_Farm_Wall_12'",
          "ObjectPath": "FortniteGame/Content/Athena/Maps/Buildings/1x1/Athena_REM_1x1_Shack_a.19"
        },
        {
          "ObjectName": "SM_Farm_Window_1_C'Athena_REM_1x1_Shack_a:PersistentLevel.SM_Farm_Wall_13'",
          "ObjectPath": "FortniteGame/Content/Athena/Maps/Buildings/1x1/Athena_REM_1x1_Shack_a.20"
        },
        {
          "ObjectName": "SM_Farm_Wall_1_C'Athena_REM_1x1_Shack_a:PersistentLevel.SM_Farm_Wall_14'",
          "ObjectPath": "FortniteGame/Content/Athena/Maps/Buildings/1x1/Athena_REM_1x1_Shack_a.18"
        },
        {
          "ObjectName": "Boardwalk_Archway_C'Athena_REM_1x1_Shack_a:PersistentLevel.Boardwalk_Archway_29'",
          "ObjectPath": "FortniteGame/Content/Athena/Maps/Buildings/1x1/Athena_REM_1x1_Shack_a.1"
        },
        {
          "ObjectName": "Boardwalk_Archway_C'Athena_REM_1x1_Shack_a:PersistentLevel.Boardwalk_Archway_31'",
          "ObjectPath": "FortniteGame/Content/Athena/Maps/Buildings/1x1/Athena_REM_1x1_Shack_a.2"
        },
        {
          "ObjectName": "Boardwalk_Archway_C'Athena_REM_1x1_Shack_a:PersistentLevel.Boardwalk_Archway_37'",
          "ObjectPath": "FortniteGame/Content/Athena/Maps/Buildings/1x1/Athena_REM_1x1_Shack_a.3"
        },
        {
          "ObjectName": "Boardwalk_Floor_C'Athena_REM_1x1_Shack_a:PersistentLevel.Boardwalk_Floor_16'",
          "ObjectPath": "FortniteGame/Content/Athena/Maps/Buildings/1x1/Athena_REM_1x1_Shack_a.4"
        }
      ],
      "LODDrawDistance": 21554.979,
      "LODLevel": 1,
      "SubObjects": [
        {
          "ObjectName": "MaterialInstanceConstant'M_LOD_Boardwalk_Archway_28'",
          "ObjectPath": "FortniteGame/Content/Athena/Maps/Buildings/1x1/HLOD/Athena_REM_1x1_Shack_a_HLOD.1"
        },
        {
          "ObjectName": "Texture2D'T_LOD_Boardwalk_Archway_28_Diffuse'",
          "ObjectPath": "FortniteGame/Content/Athena/Maps/Buildings/1x1/HLOD/Athena_REM_1x1_Shack_a_HLOD.4"
        },
        {
          "ObjectName": "StaticMesh'SM_LOD_Boardwalk_Archway_28'",
          "ObjectPath": "FortniteGame/Content/Athena/Maps/Buildings/1x1/HLOD/Athena_REM_1x1_Shack_a_HLOD.3"
        }
      ],
      "RootComponent": {
        "ObjectName": "StaticMeshComponent'Athena_REM_1x1_Shack_a:PersistentLevel.LODActor_0.StaticMeshComponent0'",
        "ObjectPath": "FortniteGame/Content/Athena/Maps/Buildings/1x1/Athena_REM_1x1_Shack_a.32"
      }
    }
  },
  {
    "Type": "Model",
    "Name": "Model_0",
    "Outer": "PersistentLevel",
    "Class": "UScriptClass'Model'",
    "Bounds": {
      "Origin": {
        "X": 0.0,
        "Y": 0.0,
        "Z": 0.0
      },
      "BoxExtent": {
        "X": 0.0,
        "Y": 0.0,
        "Z": 0.0
      },
      "SphereRadius": 0.0
    },
    "Vectors": [],
    "Points": [],
    "Nodes": [],
    "Surfs": [],
    "NumSharedSides": 4,
    "VertexBuffer": {
      "Vertices": []
    },
    "LightingGuid": "57912112-49A92C5B-5D10EF96-FC6DC31D",
    "LightmassSettings": []
  },
  {
    "Type": "SM_Farm_Doorway_1_C",
    "Name": "SM_Farm_Wall_52",
    "Outer": "PersistentLevel",
    "Class": "BlueprintGeneratedClass'FortniteGame/Content/Building/ActorBlueprints/Wall/SM_Farm_Doorway_1.SM_Farm_Doorway_1_C'",
    "Template": {
      "ObjectName": "SM_Farm_Doorway_1_C'Default__SM_Farm_Doorway_1_C'",
      "ObjectPath": "FortniteGame/Content/Building/ActorBlueprints/Wall/SM_Farm_Doorway_1.1"
    },
    "Properties": {
      "TextureData": {
        "ObjectName": "BuildingTextureData'MI_Farm_Wood_2'",
        "ObjectPath": "FortniteGame/Content/Building/TextureData/WallOuter/Diffuses/MI_Farm_Wood_2.0"
      },
      "TextureData": {
        "ObjectName": "BuildingTextureData'MI_Farm_Wood_2'",
        "ObjectPath": "FortniteGame/Content/Building/TextureData/WallOuter/Diffuses/MI_Farm_Wood_2.0"
      },
      "StaticMeshComponent": {
        "ObjectName": "StaticMeshComponent'Athena_REM_1x1_Shack_a:PersistentLevel.SM_Farm_Wall_52.StaticMeshComponent0'",
        "ObjectPath": "FortniteGame/Content/Athena/Maps/Buildings/1x1/Athena_REM_1x1_Shack_a.39"
      },
      "BaseMaterial": {
        "ObjectName": "MaterialInstanceConstant'M_Fort_Farm_Barn_1'",
        "ObjectPath": "FortniteGame/Content/Environments/Sets/Barn/Materials/M_Fort_Farm_Barn_1.0"
      },
      "MyGuid": "E2B3039A-4F905446-F1BCEAA4-1B38FE3E",
      "DataVersion": 1,
      "CullDistance": 22767.445,
      "RootComponent": {
        "ObjectName": "StaticMeshComponent'Athena_REM_1x1_Shack_a:PersistentLevel.SM_Farm_Wall_52.StaticMeshComponent0'",
        "ObjectPath": "FortniteGame/Content/Athena/Maps/Buildings/1x1/Athena_REM_1x1_Shack_a.39"
      }
    }
  },
  {
    "Type": "SM_Farm_Roof1_PeakCap_C",
    "Name": "SM_Farm_Roof1_PeakCap_7",
    "Outer": "PersistentLevel",
    "Class": "BlueprintGeneratedClass'FortniteGame/Content/Building/ActorBlueprints/Wall/SM_Farm_Roof1_PeakCap.SM_Farm_Roof1_PeakCap_C'",
    "Template": {
      "ObjectName": "SM_Farm_Roof1_PeakCap_C'Default__SM_Farm_Roof1_PeakCap_C'",
      "ObjectPath": "FortniteGame/Content/Building/ActorBlueprints/Wall/SM_Farm_Roof1_PeakCap.1"
    },
    "Properties": {
      "TextureData": {
        "ObjectName": "BuildingTextureData'MI_Farm_Wood_2'",
        "ObjectPath": "FortniteGame/Content/Building/TextureData/WallOuter/Diffuses/MI_Farm_Wood_2.0"
      },
      "TextureData": {
        "ObjectName": "BuildingTextureData'MI_Farm_Wood_2'",
        "ObjectPath": "FortniteGame/Content/Building/TextureData/WallOuter/Diffuses/MI_Farm_Wood_2.0"
      },
      "StaticMeshComponent": {
        "ObjectName": "StaticMeshComponent'Athena_REM_1x1_Shack_a:PersistentLevel.SM_Farm_Roof1_PeakCap_7.StaticMeshComponent0'",
        "ObjectPath": "FortniteGame/Content/Athena/Maps/Buildings/1x1/Athena_REM_1x1_Shack_a.34"
      },
      "BaseMaterial": {
        "ObjectName": "MaterialInstanceConstant'M_Fort_Farm_Barn_1'",
        "ObjectPath": "FortniteGame/Content/Environments/Sets/Barn/Materials/M_Fort_Farm_Barn_1.0"
      },
      "MyGuid": "1CE963D5-4C8B3140-5539048E-4E4DAA17",
      "DataVersion": 1,
      "CullDistance": 22767.445,
      "RootComponent": {
        "ObjectName": "StaticMeshComponent'Athena_REM_1x1_Shack_a:PersistentLevel.SM_Farm_Roof1_PeakCap_7.StaticMeshComponent0'",
        "ObjectPath": "FortniteGame/Content/Athena/Maps/Buildings/1x1/Athena_REM_1x1_Shack_a.34"
      }
    }
  },
  {
    "Type": "SM_Farm_Roof1_PeakCap_C",
    "Name": "SM_Farm_Roof1_PeakCap_8",
    "Outer": "PersistentLevel",
    "Class": "BlueprintGeneratedClass'FortniteGame/Content/Building/ActorBlueprints/Wall/SM_Farm_Roof1_PeakCap.SM_Farm_Roof1_PeakCap_C'",
    "Template": {
      "ObjectName": "SM_Farm_Roof1_PeakCap_C'Default__SM_Farm_Roof1_PeakCap_C'",
      "ObjectPath": "FortniteGame/Content/Building/ActorBlueprints/Wall/SM_Farm_Roof1_PeakCap.1"
    },
    "Properties": {
      "TextureData": {
        "ObjectName": "BuildingTextureData'MI_Farm_Wood_2'",
        "ObjectPath": "FortniteGame/Content/Building/TextureData/WallOuter/Diffuses/MI_Farm_Wood_2.0"
      },
      "TextureData": {
        "ObjectName": "BuildingTextureData'MI_Farm_Wood_2'",
        "ObjectPath": "FortniteGame/Content/Building/TextureData/WallOuter/Diffuses/MI_Farm_Wood_2.0"
      },
      "StaticMeshComponent": {
        "ObjectName": "StaticMeshComponent'Athena_REM_1x1_Shack_a:PersistentLevel.SM_Farm_Roof1_PeakCap_8.StaticMeshComponent0'",
        "ObjectPath": "FortniteGame/Content/Athena/Maps/Buildings/1x1/Athena_REM_1x1_Shack_a.35"
      },
      "BaseMaterial": {
        "ObjectName": "MaterialInstanceConstant'M_Fort_Farm_Barn_1'",
        "ObjectPath": "FortniteGame/Content/Environments/Sets/Barn/Materials/M_Fort_Farm_Barn_1.0"
      },
      "MyGuid": "30B7290C-4829D864-4CA06797-7B8E3D45",
      "DataVersion": 1,
      "CullDistance": 22767.445,
      "RootComponent": {
        "ObjectName": "StaticMeshComponent'Athena_REM_1x1_Shack_a:PersistentLevel.SM_Farm_Roof1_PeakCap_8.StaticMeshComponent0'",
        "ObjectPath": "FortniteGame/Content/Athena/Maps/Buildings/1x1/Athena_REM_1x1_Shack_a.35"
      }
    }
  },
  {
    "Type": "SM_Farm_Wall_1_C",
    "Name": "SM_Farm_Wall_14",
    "Outer": "PersistentLevel",
    "Class": "BlueprintGeneratedClass'FortniteGame/Content/Building/ActorBlueprints/Wall/SM_Farm_Wall_1.SM_Farm_Wall_1_C'",
    "Template": {
      "ObjectName": "SM_Farm_Wall_1_C'Default__SM_Farm_Wall_1_C'",
      "ObjectPath": "FortniteGame/Content/Building/ActorBlueprints/Wall/SM_Farm_Wall_1.1"
    },
    "Properties": {
      "TextureData": {
        "ObjectName": "BuildingTextureData'MI_Farm_Wood_2'",
        "ObjectPath": "FortniteGame/Content/Building/TextureData/WallOuter/Diffuses/MI_Farm_Wood_2.0"
      },
      "TextureData": {
        "ObjectName": "BuildingTextureData'MI_Farm_Wood_2'",
        "ObjectPath": "FortniteGame/Content/Building/TextureData/WallOuter/Diffuses/MI_Farm_Wood_2.0"
      },
      "StaticMeshComponent": {
        "ObjectName": "StaticMeshComponent'Athena_REM_1x1_Shack_a:PersistentLevel.SM_Farm_Wall_14.StaticMeshComponent0'",
        "ObjectPath": "FortniteGame/Content/Athena/Maps/Buildings/1x1/Athena_REM_1x1_Shack_a.38"
      },
      "BaseMaterial": {
        "ObjectName": "MaterialInstanceConstant'M_Fort_Farm_Barn_1'",
        "ObjectPath": "FortniteGame/Content/Environments/Sets/Barn/Materials/M_Fort_Farm_Barn_1.0"
      },
      "MyGuid": "0D1E3E2A-4FF81BF7-4641F3AC-BC6717DF",
      "DataVersion": 1,
      "CullDistance": 22767.445,
      "RootComponent": {
        "ObjectName": "StaticMeshComponent'Athena_REM_1x1_Shack_a:PersistentLevel.SM_Farm_Wall_14.StaticMeshComponent0'",
        "ObjectPath": "FortniteGame/Content/Athena/Maps/Buildings/1x1/Athena_REM_1x1_Shack_a.38"
      }
    }
  },
  {
    "Type": "SM_Farm_Window_1_C",
    "Name": "SM_Farm_Wall_12",
    "Outer": "PersistentLevel",
    "Class": "BlueprintGeneratedClass'FortniteGame/Content/Building/ActorBlueprints/Wall/SM_Farm_Window_1.SM_Farm_Window_1_C'",
    "Template": {
      "ObjectName": "SM_Farm_Window_1_C'Default__SM_Farm_Window_1_C'",
      "ObjectPath": "FortniteGame/Content/Building/ActorBlueprints/Wall/SM_Farm_Window_1.1"
    },
    "Properties": {
      "TextureData": {
        "ObjectName": "BuildingTextureData'MI_Farm_Wood_2'",
        "ObjectPath": "FortniteGame/Content/Building/TextureData/WallOuter/Diffuses/MI_Farm_Wood_2.0"
      },
      "TextureData": {
        "ObjectName": "BuildingTextureData'MI_Farm_Wood_2'",
        "ObjectPath": "FortniteGame/Content/Building/TextureData/WallOuter/Diffuses/MI_Farm_Wood_2.0"
      },
      "StaticMeshComponent": {
        "ObjectName": "StaticMeshComponent'Athena_REM_1x1_Shack_a:PersistentLevel.SM_Farm_Wall_12.StaticMeshComponent0'",
        "ObjectPath": "FortniteGame/Content/Athena/Maps/Buildings/1x1/Athena_REM_1x1_Shack_a.36"
      },
      "BaseMaterial": {
        "ObjectName": "MaterialInstanceConstant'M_Fort_Farm_Barn_1'",
        "ObjectPath": "FortniteGame/Content/Environments/Sets/Barn/Materials/M_Fort_Farm_Barn_1.0"
      },
      "MyGuid": "E200DE0F-421122B5-BBBB0897-25E1A445",
      "DataVersion": 1,
      "CullDistance": 22767.445,
      "RootComponent": {
        "ObjectName": "StaticMeshComponent'Athena_REM_1x1_Shack_a:PersistentLevel.SM_Farm_Wall_12.StaticMeshComponent0'",
        "ObjectPath": "FortniteGame/Content/Athena/Maps/Buildings/1x1/Athena_REM_1x1_Shack_a.36"
      }
    }
  },
  {
    "Type": "SM_Farm_Window_1_C",
    "Name": "SM_Farm_Wall_13",
    "Outer": "PersistentLevel",
    "Class": "BlueprintGeneratedClass'FortniteGame/Content/Building/ActorBlueprints/Wall/SM_Farm_Window_1.SM_Farm_Window_1_C'",
    "Template": {
      "ObjectName": "SM_Farm_Window_1_C'Default__SM_Farm_Window_1_C'",
      "ObjectPath": "FortniteGame/Content/Building/ActorBlueprints/Wall/SM_Farm_Window_1.1"
    },
    "Properties": {
      "TextureData": {
        "ObjectName": "BuildingTextureData'MI_Farm_Wood_2'",
        "ObjectPath": "FortniteGame/Content/Building/TextureData/WallOuter/Diffuses/MI_Farm_Wood_2.0"
      },
      "TextureData": {
        "ObjectName": "BuildingTextureData'MI_Farm_Wood_2'",
        "ObjectPath": "FortniteGame/Content/Building/TextureData/WallOuter/Diffuses/MI_Farm_Wood_2.0"
      },
      "StaticMeshComponent": {
        "ObjectName": "StaticMeshComponent'Athena_REM_1x1_Shack_a:PersistentLevel.SM_Farm_Wall_13.StaticMeshComponent0'",
        "ObjectPath": "FortniteGame/Content/Athena/Maps/Buildings/1x1/Athena_REM_1x1_Shack_a.37"
      },
      "BaseMaterial": {
        "ObjectName": "MaterialInstanceConstant'M_Fort_Farm_Barn_1'",
        "ObjectPath": "FortniteGame/Content/Environments/Sets/Barn/Materials/M_Fort_Farm_Barn_1.0"
      },
      "MyGuid": "02092366-4BD2EE0E-A9C1CD81-8BD22127",
      "DataVersion": 1,
      "CullDistance": 22767.445,
      "RootComponent": {
        "ObjectName": "StaticMeshComponent'Athena_REM_1x1_Shack_a:PersistentLevel.SM_Farm_Wall_13.StaticMeshComponent0'",
        "ObjectPath": "FortniteGame/Content/Athena/Maps/Buildings/1x1/Athena_REM_1x1_Shack_a.37"
      }
    }
  },
  {
    "Type": "StaticMeshComponent",
    "Name": "StaticMeshComponent0",
    "Outer": "Boardwalk_Archway_28",
    "Class": "UScriptClass'StaticMeshComponent'",
    "Template": {
      "ObjectName": "StaticMeshComponent'Default__Boardwalk_Archway_C:StaticMeshComponent0'",
      "ObjectPath": "FortniteGame/Content/Building/ActorBlueprints/Wall/Boardwalk_Archway.4"
    },
    "Properties": {
      "OverrideMaterials": [
        null
      ],
      "LDMaxDrawDistance": 22767.445,
      "CachedMaxDrawDistance": 22767.445,
      "LODParentPrimitive": {
        "ObjectName": "StaticMeshComponent'Athena_REM_1x1_Shack_a:PersistentLevel.LODActor_0.StaticMeshComponent0'",
        "ObjectPath": "FortniteGame/Content/Athena/Maps/Buildings/1x1/Athena_REM_1x1_Shack_a.32"
      },
      "RelativeLocation": {
        "X": -256.0,
        "Y": 0.0,
        "Z": -384.0
      },
      "RelativeRotation": {
        "Pitch": 0.0,
        "Yaw": 89.99999,
        "Roll": 0.0
      }
    }
  },
  {
    "Type": "StaticMeshComponent",
    "Name": "StaticMeshComponent0",
    "Outer": "Boardwalk_Archway_29",
    "Class": "UScriptClass'StaticMeshComponent'",
    "Template": {
      "ObjectName": "StaticMeshComponent'Default__Boardwalk_Archway_C:StaticMeshComponent0'",
      "ObjectPath": "FortniteGame/Content/Building/ActorBlueprints/Wall/Boardwalk_Archway.4"
    },
    "Properties": {
      "OverrideMaterials": [
        null
      ],
      "LDMaxDrawDistance": 22767.445,
      "CachedMaxDrawDistance": 22767.445,
      "LODParentPrimitive": {
        "ObjectName": "StaticMeshComponent'Athena_REM_1x1_Shack_a:PersistentLevel.LODActor_0.StaticMeshComponent0'",
        "ObjectPath": "FortniteGame/Content/Athena/Maps/Buildings/1x1/Athena_REM_1x1_Shack_a.32"
      },
      "RelativeLocation": {
        "X": 0.0,
        "Y": -256.0,
        "Z": -384.0
      },
      "RelativeRotation": {
        "Pitch": 0.0,
        "Yaw": -179.99998,
        "Roll": 0.0
      }
    }
  },
  {
    "Type": "StaticMeshComponent",
    "Name": "StaticMeshComponent0",
    "Outer": "Boardwalk_Archway_31",
    "Class": "UScriptClass'StaticMeshComponent'",
    "Template": {
      "ObjectName": "StaticMeshComponent'Default__Boardwalk_Archway_C:StaticMeshComponent0'",
      "ObjectPath": "FortniteGame/Content/Building/ActorBlueprints/Wall/Boardwalk_Archway.4"
    },
    "Properties": {
      "OverrideMaterials": [
        null
      ],
      "LDMaxDrawDistance": 22767.445,
      "CachedMaxDrawDistance": 22767.445,
      "LODParentPrimitive": {
        "ObjectName": "StaticMeshComponent'Athena_REM_1x1_Shack_a:PersistentLevel.LODActor_0.StaticMeshComponent0'",
        "ObjectPath": "FortniteGame/Content/Athena/Maps/Buildings/1x1/Athena_REM_1x1_Shack_a.32"
      },
      "RelativeLocation": {
        "X": 256.0,
        "Y": 0.0,
        "Z": -384.0
      },
      "RelativeRotation": {
        "Pitch": 0.0,
        "Yaw": 89.99999,
        "Roll": 0.0
      }
    }
  },
  {
    "Type": "StaticMeshComponent",
    "Name": "StaticMeshComponent0",
    "Outer": "Boardwalk_Archway_37",
    "Class": "UScriptClass'StaticMeshComponent'",
    "Template": {
      "ObjectName": "StaticMeshComponent'Default__Boardwalk_Archway_C:StaticMeshComponent0'",
      "ObjectPath": "FortniteGame/Content/Building/ActorBlueprints/Wall/Boardwalk_Archway.4"
    },
    "Properties": {
      "OverrideMaterials": [
        null
      ],
      "LDMaxDrawDistance": 22767.445,
      "CachedMaxDrawDistance": 22767.445,
      "LODParentPrimitive": {
        "ObjectName": "StaticMeshComponent'Athena_REM_1x1_Shack_a:PersistentLevel.LODActor_0.StaticMeshComponent0'",
        "ObjectPath": "FortniteGame/Content/Athena/Maps/Buildings/1x1/Athena_REM_1x1_Shack_a.32"
      },
      "RelativeLocation": {
        "X": 0.0,
        "Y": 256.0,
        "Z": -384.0
      },
      "RelativeRotation": {
        "Pitch": 0.0,
        "Yaw": -179.99998,
        "Roll": 0.0
      }
    }
  },
  {
    "Type": "StaticMeshComponent",
    "Name": "StaticMeshComponent0",
    "Outer": "Boardwalk_Floor_16",
    "Class": "UScriptClass'StaticMeshComponent'",
    "Template": {
      "ObjectName": "StaticMeshComponent'Default__Boardwalk_Floor_C:StaticMeshComponent0'",
      "ObjectPath": "FortniteGame/Content/Building/ActorBlueprints/Floor/Boardwalk_Floor.4"
    },
    "Properties": {
      "OverrideMaterials": [
        null
      ],
      "LDMaxDrawDistance": 22767.445,
      "CachedMaxDrawDistance": 22767.445,
      "LODParentPrimitive": {
        "ObjectName": "StaticMeshComponent'Athena_REM_1x1_Shack_a:PersistentLevel.LODActor_0.StaticMeshComponent0'",
        "ObjectPath": "FortniteGame/Content/Athena/Maps/Buildings/1x1/Athena_REM_1x1_Shack_a.32"
      },
      "RelativeLocation": {
        "X": -256.0,
        "Y": 0.00039672852,
        "Z": 0.0
      },
      "RelativeRotation": {
        "Pitch": 0.0,
        "Yaw": -90.00009,
        "Roll": 0.0
      }
    }
  },
  {
    "Type": "StaticMeshComponent",
    "Name": "StaticMeshComponent0",
    "Outer": "Farm_Roof1_Peak_5",
    "Class": "UScriptClass'StaticMeshComponent'",
    "Template": {
      "ObjectName": "StaticMeshComponent'Default__Farm_Roof1_Peak_C:StaticMeshComponent0'",
      "ObjectPath": "FortniteGame/Content/Building/ActorBlueprints/Roof/Farm_Roof1_Peak.4"
    },
    "Properties": {
      "OverrideMaterials": [
        null
      ],
      "LDMaxDrawDistance": 22767.445,
      "CachedMaxDrawDistance": 22767.445,
      "LODParentPrimitive": {
        "ObjectName": "StaticMeshComponent'Athena_REM_1x1_Shack_a:PersistentLevel.LODActor_0.StaticMeshComponent0'",
        "ObjectPath": "FortniteGame/Content/Athena/Maps/Buildings/1x1/Athena_REM_1x1_Shack_a.32"
      },
      "RelativeLocation": {
        "X": -255.99998,
        "Y": -4.5776367E-05,
        "Z": 384.0
      },
      "RelativeRotation": {
        "Pitch": 0.0,
        "Yaw": -90.0,
        "Roll": 0.0
      }
    }
  },
  {
    "Type": "StaticMeshComponent",
    "Name": "StaticMeshComponent0",
    "Outer": "Hobopile_A_5",
    "Class": "UScriptClass'StaticMeshComponent'",
    "Template": {
      "ObjectName": "StaticMeshComponent'Default__Hobopile_A_C:StaticMeshComponent0'",
      "ObjectPath": "FortniteGame/Content/Building/ActorBlueprints/Containers/Hobopile_A.4"
    },
    "Properties": {
      "OverrideMaterials": [
        null
      ],
      "LDMaxDrawDistance": 13971.059,
      "CachedMaxDrawDistance": 13971.059,
      "RelativeLocation": {
        "X": 72.00012,
        "Y": 47.999313,
        "Z": 8.0
      },
      "RelativeRotation": {
        "Pitch": 0.0,
        "Yaw": 156.80898,
        "Roll": 0.0
      }
    }
  },
  {
    "Type": "StaticMeshComponent",
    "Name": "StaticMeshComponent0",
    "Outer": "Kitchen_Shelf_2",
    "Class": "UScriptClass'StaticMeshComponent'",
    "Template": {
      "ObjectName": "StaticMeshComponent'Default__Kitchen_Shelf_C:StaticMeshComponent0'",
      "ObjectPath": "FortniteGame/Content/Building/ActorBlueprints/Deco/Kitchen_Shelf.4"
    },
    "Properties": {
      "OverrideMaterials": [
        null
      ],
      "LDMaxDrawDistance": 6000.0,
      "CachedMaxDrawDistance": 6000.0,
      "RelativeLocation": {
        "X": 152.00058,
        "Y": 239.99928,
        "Z": 160.0
      },
      "RelativeRotation": {
        "Pitch": -3.0517578E-05,
        "Yaw": -179.99971,
        "Roll": 8.578155E-12
      }
    }
  },
  {
    "Type": "StaticMeshComponent",
    "Name": "StaticMeshComponent0",
    "Outer": "LCD_Barrel_02_16",
    "Class": "UScriptClass'StaticMeshComponent'",
    "Template": {
      "ObjectName": "StaticMeshComponent'Default__Storage_Barrel_02_C:StaticMeshComponent0'",
      "ObjectPath": "FortniteGame/Content/Building/ActorBlueprints/Containers/Storage_Barrel_02.4"
    },
    "Properties": {
      "OverrideMaterials": [
        null
      ],
      "LDMaxDrawDistance": 6000.0,
      "CachedMaxDrawDistance": 6000.0,
      "CanCharacterStepUpOn": "ECB_Yes",
      "RelativeLocation": {
        "X": -202.00092,
        "Y": -335.00037,
        "Z": 0.0
      },
      "RelativeRotation": {
        "Pitch": 0.0,
        "Yaw": 27.514961,
        "Roll": 0.0
      }
    }
  },
  {
    "Type": "StaticMeshComponent",
    "Name": "StaticMeshComponent0",
    "Outer": "LCD_Barrel_3",
    "Class": "UScriptClass'StaticMeshComponent'",
    "Template": {
      "ObjectName": "StaticMeshComponent'Default__Storage_Barrel_02_C:StaticMeshComponent0'",
      "ObjectPath": "FortniteGame/Content/Building/ActorBlueprints/Containers/Storage_Barrel_02.4"
    },
    "Properties": {
      "OverrideMaterials": [
        null
      ],
      "LDMaxDrawDistance": 6000.0,
      "CachedMaxDrawDistance": 6000.0,
      "CanCharacterStepUpOn": "ECB_Yes",
      "RelativeLocation": {
        "X": -102.00076,
        "Y": -343.00055,
        "Z": 0.0
      },
      "RelativeRotation": {
        "Pitch": 0.0,
        "Yaw": -89.07944,
        "Roll": 0.0
      }
    }
  },
  {
    "Type": "StaticMeshComponent",
    "Name": "StaticMeshComponent0",
    "Outer": "LCD_Crate01_8",
    "Class": "UScriptClass'StaticMeshComponent'",
    "Template": {
      "ObjectName": "StaticMeshComponent'Default__Storage_Crate01a_side_C:StaticMeshComponent0'",
      "ObjectPath": "FortniteGame/Content/Building/ActorBlueprints/Containers/Storage_Crate01a_Side.5"
    },
    "Properties": {
      "OverrideMaterials": [
        null
      ],
      "LDMaxDrawDistance": 8930.115,
      "CachedMaxDrawDistance": 8930.115,
      "RelativeLocation": {
        "X": 5.000046,
        "Y": -176.00018,
        "Z": 8.0
      },
      "RelativeRotation": {
        "Pitch": 0.0,
        "Yaw": -95.624626,
        "Roll": 0.0
      }
    }
  },
  {
    "Type": "StaticMeshComponent",
    "Name": "StaticMeshComponent0",
    "Outer": "LODActor_0",
    "Class": "UScriptClass'StaticMeshComponent'",
    "Properties": {
      "StaticMesh": {
        "ObjectName": "StaticMesh'SM_LOD_Boardwalk_Archway_28'",
        "ObjectPath": "FortniteGame/Content/Athena/Maps/Buildings/1x1/HLOD/Athena_REM_1x1_Shack_a_HLOD.3"
      },
      "MinDrawDistance": 21554.979,
      "CastShadow": true,
      "bCastStaticShadow": true
    }
  },
  {
    "Type": "StaticMeshComponent",
    "Name": "StaticMeshComponent0",
    "Outer": "Prop_WildWest_SimpleChair_02_2",
    "Class": "UScriptClass'StaticMeshComponent'",
    "Template": {
      "ObjectName": "StaticMeshComponent'Default__Chair_Kitchen02_C:StaticMeshComponent0'",
      "ObjectPath": "FortniteGame/Content/Building/ActorBlueprints/Prop/Chair_Kitchen02.4"
    },
    "Properties": {
      "OverrideMaterials": [
        null
      ],
      "LDMaxDrawDistance": 7718.2383,
      "CachedMaxDrawDistance": 7718.2383,
      "RelativeLocation": {
        "X": 184.00034,
        "Y": 171.9991,
        "Z": 8.0
      },
      "RelativeRotation": {
        "Pitch": 0.0,
        "Yaw": -123.75003,
        "Roll": 0.0
      }
    }
  },
  {
    "Type": "StaticMeshComponent",
    "Name": "StaticMeshComponent0",
    "Outer": "SM_Farm_Roof1_PeakCap_7",
    "Class": "UScriptClass'StaticMeshComponent'",
    "Template": {
      "ObjectName": "StaticMeshComponent'Default__SM_Farm_Roof1_PeakCap_C:StaticMeshComponent0'",
      "ObjectPath": "FortniteGame/Content/Building/ActorBlueprints/Wall/SM_Farm_Roof1_PeakCap.4"
    },
    "Properties": {
      "OverrideMaterials": [
        null
      ],
      "LDMaxDrawDistance": 22767.445,
      "CachedMaxDrawDistance": 22767.445,
      "LODParentPrimitive": {
        "ObjectName": "StaticMeshComponent'Athena_REM_1x1_Shack_a:PersistentLevel.LODActor_0.StaticMeshComponent0'",
        "ObjectPath": "FortniteGame/Content/Athena/Maps/Buildings/1x1/Athena_REM_1x1_Shack_a.32"
      },
      "RelativeLocation": {
        "X": 0.0,
        "Y": -256.0,
        "Z": 384.0
      },
      "RelativeRotation": {
        "Pitch": 0.0,
        "Yaw": -179.99998,
        "Roll": 0.0
      }
    }
  },
  {
    "Type": "StaticMeshComponent",
    "Name": "StaticMeshComponent0",
    "Outer": "SM_Farm_Roof1_PeakCap_8",
    "Class": "UScriptClass'StaticMeshComponent'",
    "Template": {
      "ObjectName": "StaticMeshComponent'Default__SM_Farm_Roof1_PeakCap_C:StaticMeshComponent0'",
      "ObjectPath": "FortniteGame/Content/Building/ActorBlueprints/Wall/SM_Farm_Roof1_PeakCap.4"
    },
    "Properties": {
      "OverrideMaterials": [
        null
      ],
      "LDMaxDrawDistance": 22767.445,
      "CachedMaxDrawDistance": 22767.445,
      "LODParentPrimitive": {
        "ObjectName": "StaticMeshComponent'Athena_REM_1x1_Shack_a:PersistentLevel.LODActor_0.StaticMeshComponent0'",
        "ObjectPath": "FortniteGame/Content/Athena/Maps/Buildings/1x1/Athena_REM_1x1_Shack_a.32"
      },
      "RelativeLocation": {
        "X": 0.0,
        "Y": 256.0,
        "Z": 384.0
      }
    }
  },
  {
    "Type": "StaticMeshComponent",
    "Name": "StaticMeshComponent0",
    "Outer": "SM_Farm_Wall_12",
    "Class": "UScriptClass'StaticMeshComponent'",
    "Template": {
      "ObjectName": "StaticMeshComponent'Default__SM_Farm_Window_1_C:StaticMeshComponent0'",
      "ObjectPath": "FortniteGame/Content/Building/ActorBlueprints/Wall/SM_Farm_Window_1.4"
    },
    "Properties": {
      "OverrideMaterials": [
        null
      ],
      "LDMaxDrawDistance": 22767.445,
      "CachedMaxDrawDistance": 22767.445,
      "LODParentPrimitive": {
        "ObjectName": "StaticMeshComponent'Athena_REM_1x1_Shack_a:PersistentLevel.LODActor_0.StaticMeshComponent0'",
        "ObjectPath": "FortniteGame/Content/Athena/Maps/Buildings/1x1/Athena_REM_1x1_Shack_a.32"
      },
      "RelativeLocation": {
        "X": -256.0,
        "Y": 0.0,
        "Z": 0.0
      },
      "RelativeRotation": {
        "Pitch": 0.0,
        "Yaw": 89.99999,
        "Roll": 0.0
      }
    }
  },
  {
    "Type": "StaticMeshComponent",
    "Name": "StaticMeshComponent0",
    "Outer": "SM_Farm_Wall_13",
    "Class": "UScriptClass'StaticMeshComponent'",
    "Template": {
      "ObjectName": "StaticMeshComponent'Default__SM_Farm_Window_1_C:StaticMeshComponent0'",
      "ObjectPath": "FortniteGame/Content/Building/ActorBlueprints/Wall/SM_Farm_Window_1.4"
    },
    "Properties": {
      "OverrideMaterials": [
        null
      ],
      "LDMaxDrawDistance": 22767.445,
      "CachedMaxDrawDistance": 22767.445,
      "LODParentPrimitive": {
        "ObjectName": "StaticMeshComponent'Athena_REM_1x1_Shack_a:PersistentLevel.LODActor_0.StaticMeshComponent0'",
        "ObjectPath": "FortniteGame/Content/Athena/Maps/Buildings/1x1/Athena_REM_1x1_Shack_a.32"
      },
      "RelativeLocation": {
        "X": 256.0,
        "Y": 0.0,
        "Z": 0.0
      },
      "RelativeRotation": {
        "Pitch": 0.0,
        "Yaw": -89.99997,
        "Roll": 0.0
      }
    }
  },
  {
    "Type": "StaticMeshComponent",
    "Name": "StaticMeshComponent0",
    "Outer": "SM_Farm_Wall_14",
    "Class": "UScriptClass'StaticMeshComponent'",
    "Template": {
      "ObjectName": "StaticMeshComponent'Default__SM_Farm_Wall_1_C:StaticMeshComponent0'",
      "ObjectPath": "FortniteGame/Content/Building/ActorBlueprints/Wall/SM_Farm_Wall_1.4"
    },
    "Properties": {
      "OverrideMaterials": [
        null
      ],
      "LDMaxDrawDistance": 22767.445,
      "CachedMaxDrawDistance": 22767.445,
      "LODParentPrimitive": {
        "ObjectName": "StaticMeshComponent'Athena_REM_1x1_Shack_a:PersistentLevel.LODActor_0.StaticMeshComponent0'",
        "ObjectPath": "FortniteGame/Content/Athena/Maps/Buildings/1x1/Athena_REM_1x1_Shack_a.32"
      },
      "RelativeLocation": {
        "X": 0.0,
        "Y": 256.0,
        "Z": 0.0
      }
    }
  },
  {
    "Type": "StaticMeshComponent",
    "Name": "StaticMeshComponent0",
    "Outer": "SM_Farm_Wall_52",
    "Class": "UScriptClass'StaticMeshComponent'",
    "Template": {
      "ObjectName": "StaticMeshComponent'Default__SM_Farm_Doorway_1_C:StaticMeshComponent0'",
      "ObjectPath": "FortniteGame/Content/Building/ActorBlueprints/Wall/SM_Farm_Doorway_1.4"
    },
    "Properties": {
      "OverrideMaterials": [
        null
      ],
      "LDMaxDrawDistance": 22767.445,
      "CachedMaxDrawDistance": 22767.445,
      "LODParentPrimitive": {
        "ObjectName": "StaticMeshComponent'Athena_REM_1x1_Shack_a:PersistentLevel.LODActor_0.StaticMeshComponent0'",
        "ObjectPath": "FortniteGame/Content/Athena/Maps/Buildings/1x1/Athena_REM_1x1_Shack_a.32"
      },
      "RelativeLocation": {
        "X": 0.0,
        "Y": -256.0,
        "Z": 0.0
      },
      "RelativeRotation": {
        "Pitch": 0.0,
        "Yaw": -179.9999,
        "Roll": 0.0
      }
    }
  },
  {
    "Type": "StaticMeshComponent",
    "Name": "StaticMeshComponent0",
    "Outer": "Tiered_Athena_FloorLoot_01_2",
    "Class": "UScriptClass'StaticMeshComponent'",
    "Template": {
      "ObjectName": "StaticMeshComponent'Default__Tiered_Athena_FloorLoot_01_C:StaticMeshComponent0'",
      "ObjectPath": "FortniteGame/Content/Athena/Environments/Blueprints/Tiered_Athena_FloorLoot_01.5"
    },
    "Properties": {
      "OverrideMaterials": [
        null
      ],
      "LDMaxDrawDistance": 10807.396,
      "CachedMaxDrawDistance": 10807.396,
      "RelativeLocation": {
        "X": -57.0,
        "Y": 61.0,
        "Z": 30.304077
      }
    }
  },
  {
    "Type": "Storage_Barrel_02_C",
    "Name": "LCD_Barrel_02_16",
    "Outer": "PersistentLevel",
    "Class": "BlueprintGeneratedClass'FortniteGame/Content/Building/ActorBlueprints/Containers/Storage_Barrel_02.Storage_Barrel_02_C'",
    "Template": {
      "ObjectName": "Storage_Barrel_02_C'Default__Storage_Barrel_02_C'",
      "ObjectPath": "FortniteGame/Content/Building/ActorBlueprints/Containers/Storage_Barrel_02.1"
    },
    "Properties": {
      "StaticMeshComponent": {
        "ObjectName": "StaticMeshComponent'Athena_REM_1x1_Shack_a:PersistentLevel.LCD_Barrel_02_16.StaticMeshComponent0'",
        "ObjectPath": "FortniteGame/Content/Athena/Maps/Buildings/1x1/Athena_REM_1x1_Shack_a.29"
      },
      "MyGuid": "6587D841-483598C0-9F568CAC-F8DA020C",
      "DataVersion": 1,
      "CullDistance": 6000.0,
      "RootComponent": {
        "ObjectName": "StaticMeshComponent'Athena_REM_1x1_Shack_a:PersistentLevel.LCD_Barrel_02_16.StaticMeshComponent0'",
        "ObjectPath": "FortniteGame/Content/Athena/Maps/Buildings/1x1/Athena_REM_1x1_Shack_a.29"
      }
    }
  },
  {
    "Type": "Storage_Barrel_02_C",
    "Name": "LCD_Barrel_3",
    "Outer": "PersistentLevel",
    "Class": "BlueprintGeneratedClass'FortniteGame/Content/Building/ActorBlueprints/Containers/Storage_Barrel_02.Storage_Barrel_02_C'",
    "Template": {
      "ObjectName": "Storage_Barrel_02_C'Default__Storage_Barrel_02_C'",
      "ObjectPath": "FortniteGame/Content/Building/ActorBlueprints/Containers/Storage_Barrel_02.1"
    },
    "Properties": {
      "StaticMeshComponent": {
        "ObjectName": "StaticMeshComponent'Athena_REM_1x1_Shack_a:PersistentLevel.LCD_Barrel_3.StaticMeshComponent0'",
        "ObjectPath": "FortniteGame/Content/Athena/Maps/Buildings/1x1/Athena_REM_1x1_Shack_a.30"
      },
      "MyGuid": "1867576E-4D97DC4C-1B3F769E-31D0B5DE",
      "DataVersion": 1,
      "CullDistance": 6000.0,
      "RootComponent": {
        "ObjectName": "StaticMeshComponent'Athena_REM_1x1_Shack_a:PersistentLevel.LCD_Barrel_3.StaticMeshComponent0'",
        "ObjectPath": "FortniteGame/Content/Athena/Maps/Buildings/1x1/Athena_REM_1x1_Shack_a.30"
      }
    }
  },
  {
    "Type": "Storage_Crate01a_side_C",
    "Name": "LCD_Crate01_8",
    "Outer": "PersistentLevel",
    "Class": "BlueprintGeneratedClass'FortniteGame/Content/Building/ActorBlueprints/Containers/Storage_Crate01a_Side.Storage_Crate01a_side_C'",
    "Template": {
      "ObjectName": "Storage_Crate01a_side_C'Default__Storage_Crate01a_side_C'",
      "ObjectPath": "FortniteGame/Content/Building/ActorBlueprints/Containers/Storage_Crate01a_Side.1"
    },
    "Properties": {
      "StaticMeshComponent": {
        "ObjectName": "StaticMeshComponent'Athena_REM_1x1_Shack_a:PersistentLevel.LCD_Crate01_8.StaticMeshComponent0'",
        "ObjectPath": "FortniteGame/Content/Athena/Maps/Buildings/1x1/Athena_REM_1x1_Shack_a.31"
      },
      "MyGuid": "5A5F532D-43D082A9-4584B985-8B557377",
      "DataVersion": 1,
      "CullDistance": 8930.115,
      "RootComponent": {
        "ObjectName": "StaticMeshComponent'Athena_REM_1x1_Shack_a:PersistentLevel.LCD_Crate01_8.StaticMeshComponent0'",
        "ObjectPath": "FortniteGame/Content/Athena/Maps/Buildings/1x1/Athena_REM_1x1_Shack_a.31"
      }
    }
  },
  {
    "Type": "Tiered_Athena_FloorLoot_01_C",
    "Name": "Tiered_Athena_FloorLoot_01_2",
    "Outer": "PersistentLevel",
    "Class": "BlueprintGeneratedClass'FortniteGame/Content/Athena/Environments/Blueprints/Tiered_Athena_FloorLoot_01.Tiered_Athena_FloorLoot_01_C'",
    "Template": {
      "ObjectName": "Tiered_Athena_FloorLoot_01_C'Default__Tiered_Athena_FloorLoot_01_C'",
      "ObjectPath": "FortniteGame/Content/Athena/Environments/Blueprints/Tiered_Athena_FloorLoot_01.1"
    },
    "Properties": {
      "StaticMeshComponent": {
        "ObjectName": "StaticMeshComponent'Athena_REM_1x1_Shack_a:PersistentLevel.Tiered_Athena_FloorLoot_01_2.StaticMeshComponent0'",
        "ObjectPath": "FortniteGame/Content/Athena/Maps/Buildings/1x1/Athena_REM_1x1_Shack_a.40"
      },
      "MyGuid": "EF7671C8-48500FD5-413134AC-00F30F57",
      "DataVersion": 1,
      "CullDistance": 10807.396,
      "RootComponent": {
        "ObjectName": "StaticMeshComponent'Athena_REM_1x1_Shack_a:PersistentLevel.Tiered_Athena_FloorLoot_01_2.StaticMeshComponent0'",
        "ObjectPath": "FortniteGame/Content/Athena/Maps/Buildings/1x1/Athena_REM_1x1_Shack_a.40"
      }
    }
  },
  {
    "Type": "World",
    "Name": "Athena_REM_1x1_Shack_a",
    "Class": "UScriptClass'World'",
    "Properties": {
      "DefaultPhysicsVolume": null
    },
    "PersistentLevel": {
      "ObjectName": "Level'Athena_REM_1x1_Shack_a:PersistentLevel'",
      "ObjectPath": "FortniteGame/Content/Athena/Maps/Buildings/1x1/Athena_REM_1x1_Shack_a.11"
    },
    "ExtraReferencedObjects": [],
    "StreamingLevels": []
  }
]