[
  {
    "Type": "AudioComponent",
    "Name": "WoodCreakSound",
    "Outer": "Girder35",
    "Class": "UScriptClass'AudioComponent'",
    "Template": {
      "ObjectName": "AudioComponent'WoodMines_Archway_C:AudioComponent_2__5D67AF7F'",
      "ObjectPath": "FortniteGame/Content/Building/ActorBlueprints/Wall/WoodMines_Archway.3"
    },
    "Properties": {
      "AttachParent": {
        "ObjectName": "StaticMeshComponent'Athena_NP_1x1_Shack_001:PersistentLevel.Girder35.StaticMeshComponent0'",
        "ObjectPath": "FortniteGame/Content/Athena/Maps/Buildings/1x1/Athena_NP_1x1_Shack_001.24"
      },
      "bNetAddressable": true,
      "CreationMethod": "EComponentCreationMethod::SimpleConstructionScript"
    }
  },
  {
    "Type": "AudioComponent",
    "Name": "WoodCreakSound",
    "Outer": "Girder36",
    "Class": "UScriptClass'AudioComponent'",
    "Template": {
      "ObjectName": "AudioComponent'WoodMines_Archway_C:AudioComponent_2__5D67AF7F'",
      "ObjectPath": "FortniteGame/Content/Building/ActorBlueprints/Wall/WoodMines_Archway.3"
    },
    "Properties": {
      "AttachParent": {
        "ObjectName": "StaticMeshComponent'Athena_NP_1x1_Shack_001:PersistentLevel.Girder36.StaticMeshComponent0'",
        "ObjectPath": "FortniteGame/Content/Athena/Maps/Buildings/1x1/Athena_NP_1x1_Shack_001.25"
      },
      "bNetAddressable": true,
      "CreationMethod": "EComponentCreationMethod::SimpleConstructionScript"
    }
  },
  {
    "Type": "AudioComponent",
    "Name": "WoodCreakSound",
    "Outer": "Girder37",
    "Class": "UScriptClass'AudioComponent'",
    "Template": {
      "ObjectName": "AudioComponent'WoodMines_Archway_C:AudioComponent_2__5D67AF7F'",
      "ObjectPath": "FortniteGame/Content/Building/ActorBlueprints/Wall/WoodMines_Archway.3"
    },
    "Properties": {
      "AttachParent": {
        "ObjectName": "StaticMeshComponent'Athena_NP_1x1_Shack_001:PersistentLevel.Girder37.StaticMeshComponent0'",
        "ObjectPath": "FortniteGame/Content/Athena/Maps/Buildings/1x1/Athena_NP_1x1_Shack_001.26"
      },
      "bNetAddressable": true,
      "CreationMethod": "EComponentCreationMethod::SimpleConstructionScript"
    }
  },
  {
    "Type": "AudioComponent",
    "Name": "WoodCreakSound",
    "Outer": "Girder38",
    "Class": "UScriptClass'AudioComponent'",
    "Template": {
      "ObjectName": "AudioComponent'WoodMines_Archway_C:AudioComponent_2__5D67AF7F'",
      "ObjectPath": "FortniteGame/Content/Building/ActorBlueprints/Wall/WoodMines_Archway.3"
    },
    "Properties": {
      "AttachParent": {
        "ObjectName": "StaticMeshComponent'Athena_NP_1x1_Shack_001:PersistentLevel.Girder38.StaticMeshComponent0'",
        "ObjectPath": "FortniteGame/Content/Athena/Maps/Buildings/1x1/Athena_NP_1x1_Shack_001.27"
      },
      "bNetAddressable": true,
      "CreationMethod": "EComponentCreationMethod::SimpleConstructionScript"
    }
  },
  {
    "Type": "AudioComponent",
    "Name": "WoodCreakSound",
    "Outer": "Girder39",
    "Class": "UScriptClass'AudioComponent'",
    "Template": {
      "ObjectName": "AudioComponent'WoodMines_Archway_C:AudioComponent_2__5D67AF7F'",
      "ObjectPath": "FortniteGame/Content/Building/ActorBlueprints/Wall/WoodMines_Archway.3"
    },
    "Properties": {
      "AttachParent": {
        "ObjectName": "StaticMeshComponent'Athena_NP_1x1_Shack_001:PersistentLevel.Girder39.StaticMeshComponent0'",
        "ObjectPath": "FortniteGame/Content/Athena/Maps/Buildings/1x1/Athena_NP_1x1_Shack_001.28"
      },
      "bNetAddressable": true,
      "CreationMethod": "EComponentCreationMethod::SimpleConstructionScript"
    }
  },
  {
    "Type": "AudioComponent",
    "Name": "WoodStressSound",
    "Outer": "WoodMines_Floor_66",
    "Class": "UScriptClass'AudioComponent'",
    "Template": {
      "ObjectName": "AudioComponent'WoodMines_Floor_C:AudioComponent_7'",
      "ObjectPath": "FortniteGame/Content/Building/ActorBlueprints/Floor/WoodMines_Floor.4"
    },
    "Properties": {
      "AttachParent": {
        "ObjectName": "StaticMeshComponent'Athena_NP_1x1_Shack_001:PersistentLevel.WoodMines_Floor_66.StaticMeshComponent0'",
        "ObjectPath": "FortniteGame/Content/Athena/Maps/Buildings/1x1/Athena_NP_1x1_Shack_001.39"
      },
      "bNetAddressable": true,
      "CreationMethod": "EComponentCreationMethod::SimpleConstructionScript"
    }
  },
  {
    "Type": "BoxComponent",
    "Name": "Box Collision",
    "Outer": "CobWebs01_83",
    "Class": "UScriptClass'BoxComponent'",
    "Template": {
      "ObjectName": "BoxComponent'CobWebs01_C:BoxComponent_242__C2C11ECC'",
      "ObjectPath": "FortniteGame/Content/Building/ActorBlueprints/Prop/CobWebs01.15"
    },
    "Properties": {
      "BoxExtent": {
        "X": 90.0,
        "Y": 10.0,
        "Z": 100.0
      },
      "LDMaxDrawDistance": 12329.369,
      "CachedMaxDrawDistance": 12329.369,
      "BodyInstance": {
        "MaxAngularVelocity": 3599.9998
      },
      "OnComponentBeginOverlap": {
        "InvocationList": [
          {
            "Object": {
              "ObjectName": "CobWebs01_C'Athena_NP_1x1_Shack_001:PersistentLevel.CobWebs01_83'",
              "ObjectPath": "FortniteGame/Content/Athena/Maps/Buildings/1x1/Athena_NP_1x1_Shack_001.8"
            },
            "FunctionName": "BndEvt__Box Collision_K2Node_ComponentBoundEvent_21_ComponentBeginOverlapSignature__DelegateSignature"
          }
        ]
      },
      "AttachParent": {
        "ObjectName": "StaticMeshComponent'Athena_NP_1x1_Shack_001:PersistentLevel.CobWebs01_83.StaticMeshComponent0'",
        "ObjectPath": "FortniteGame/Content/Athena/Maps/Buildings/1x1/Athena_NP_1x1_Shack_001.22"
      },
      "RelativeLocation": {
        "X": 9.999999,
        "Y": 2.1457672E-06,
        "Z": -7.1525574E-07
      },
      "bNetAddressable": true,
      "CreationMethod": "EComponentCreationMethod::SimpleConstructionScript",
      "UCSModifiedProperties": [
        {
          "MemberParent": {
            "ObjectName": "Class'BoxComponent'",
            "ObjectPath": "/Script/Engine"
          },
          "MemberName": "BoxExtent",
          "MemberGuid": "00000000-00000000-00000000-00000000"
        },
        {
          "MemberParent": {
            "ObjectName": "Class'PrimitiveComponent'",
            "ObjectPath": "/Script/Engine"
          },
          "MemberName": "BodyInstance",
          "MemberGuid": "00000000-00000000-00000000-00000000"
        },
        {
          "MemberParent": {
            "ObjectName": "Class'SceneComponent'",
            "ObjectPath": "/Script/Engine"
          },
          "MemberName": "RelativeLocation",
          "MemberGuid": "00000000-00000000-00000000-00000000"
        }
      ]
    }
  },
  {
    "Type": "BoxComponent",
    "Name": "BoxComponent0",
    "Outer": "LevelBounds_1",
    "Class": "UScriptClass'BoxComponent'",
    "Properties": {
      "BodyInstance": {
        "MaxAngularVelocity": 3599.9998
      },
      "RelativeLocation": {
        "X": 0.03378296,
        "Y": -27.146103,
        "Z": 94.63617
      },
      "RelativeScale3D": {
        "X": 968.90735,
        "Y": 1029.7859,
        "Z": 968.90735
      }
    }
  },
  {
    "Type": "CobWebs01_C",
    "Name": "CobWebs01_83",
    "Outer": "PersistentLevel",
    "Class": "BlueprintGeneratedClass'FortniteGame/Content/Building/ActorBlueprints/Prop/CobWebs01.CobWebs01_C'",
    "Template": {
      "ObjectName": "CobWebs01_C'Default__CobWebs01_C'",
      "ObjectPath": "FortniteGame/Content/Building/ActorBlueprints/Prop/CobWebs01.2"
    },
    "Properties": {
      "Box Collision": {
        "ObjectName": "BoxComponent'Athena_NP_1x1_Shack_001:PersistentLevel.CobWebs01_83.Box Collision'",
        "ObjectPath": "FortniteGame/Content/Athena/Maps/Buildings/1x1/Athena_NP_1x1_Shack_001.6"
      },
      "CodeControlled_NumberOfMaterials": 1,
      "StaticMeshComponent": {
        "ObjectName": "StaticMeshComponent'Athena_NP_1x1_Shack_001:PersistentLevel.CobWebs01_83.StaticMeshComponent0'",
        "ObjectPath": "FortniteGame/Content/Athena/Maps/Buildings/1x1/Athena_NP_1x1_Shack_001.22"
      },
      "ParentActorToAttachTo": {
        "ObjectName": "SM_Farm_Wall_2_C'Athena_NP_1x1_Shack_001:PersistentLevel.SM_Farm_Wall_13'",
        "ObjectPath": "FortniteGame/Content/Athena/Maps/Buildings/1x1/Athena_NP_1x1_Shack_001.21"
      },
      "MyGuid": "C15226F8-40D45C74-8D5C4AA8-0F4E3B5F",
      "DataVersion": 1,
      "CullDistance": 12329.369,
      "RootComponent": {
        "ObjectName": "StaticMeshComponent'Athena_NP_1x1_Shack_001:PersistentLevel.CobWebs01_83.StaticMeshComponent0'",
        "ObjectPath": "FortniteGame/Content/Athena/Maps/Buildings/1x1/Athena_NP_1x1_Shack_001.22"
      },
      "BlueprintCreatedComponents": [
        {
          "ObjectName": "BoxComponent'Athena_NP_1x1_Shack_001:PersistentLevel.CobWebs01_83.Box Collision'",
          "ObjectPath": "FortniteGame/Content/Athena/Maps/Buildings/1x1/Athena_NP_1x1_Shack_001.6"
        }
      ]
    }
  },
  {
    "Type": "Farm_Roof1_Peak_C",
    "Name": "Farm_Roof1_Peak3",
    "Outer": "PersistentLevel",
    "Class": "BlueprintGeneratedClass'FortniteGame/Content/Building/ActorBlueprints/Roof/Farm_Roof1_Peak.Farm_Roof1_Peak_C'",
    "Template": {
      "ObjectName": "Farm_Roof1_Peak_C'Default__Farm_Roof1_Peak_C'",
      "ObjectPath": "FortniteGame/Content/Building/ActorBlueprints/Roof/Farm_Roof1_Peak.1"
    },
    "Properties": {
      "StaticMeshComponent": {
        "ObjectName": "StaticMeshComponent'Athena_NP_1x1_Shack_001:PersistentLevel.Farm_Roof1_Peak3.StaticMeshComponent0'",
        "ObjectPath": "FortniteGame/Content/Athena/Maps/Buildings/1x1/Athena_NP_1x1_Shack_001.23"
      },
      "MyGuid": "9213B0A5-46BDA5F5-72A5D584-3BB0896C",
      "DataVersion": 1,
      "CullDistance": 22943.184,
      "RootComponent": {
        "ObjectName": "StaticMeshComponent'Athena_NP_1x1_Shack_001:PersistentLevel.Farm_Roof1_Peak3.StaticMeshComponent0'",
        "ObjectPath": "FortniteGame/Content/Athena/Maps/Buildings/1x1/Athena_NP_1x1_Shack_001.23"
      }
    }
  },
  {
    "Type": "FortWorldSettings",
    "Name": "FortWorldSettings",
    "Outer": "PersistentLevel",
    "Class": "UScriptClass'FortWorldSettings'",
    "Properties": {
      "WorldCells": [
        2147483647,
        1
      ],
      "WorldCellsOrigin": {
        "X": 512.0,
        "Y": 512.0,
        "Z": 0.0
      }
    }
  },
  {
    "Type": "Level",
    "Name": "PersistentLevel",
    "Outer": "Athena_NP_1x1_Shack_001",
    "Class": "UScriptClass'Level'",
    "Properties": {
      "Model": {
        "ObjectName": "Model'Athena_NP_1x1_Shack_001:PersistentLevel.Model_0'",
        "ObjectPath": "FortniteGame/Content/Athena/Maps/Buildings/1x1/Athena_NP_1x1_Shack_001.14"
      },
      "LevelBuildDataId": "1B9FE51D-4CBEE860-28F78DA5-D7D0C81F",
      "WorldSettings": {
        "ObjectName": "FortWorldSettings'Athena_NP_1x1_Shack_001:PersistentLevel.FortWorldSettings'",
        "ObjectPath": "FortniteGame/Content/Athena/Maps/Buildings/1x1/Athena_NP_1x1_Shack_001.10"
      }
    },
    "Actors": [
      {
        "ObjectName": "FortWorldSettings'Athena_NP_1x1_Shack_001:PersistentLevel.FortWorldSettings'",
        "ObjectPath": "FortniteGame/Content/Athena/Maps/Buildings/1x1/Athena_NP_1x1_Shack_001.10"
      },
      null,
      {
        "ObjectName": "LevelBounds'Athena_NP_1x1_Shack_001:PersistentLevel.LevelBounds_1'",
        "ObjectPath": "FortniteGame/Content/Athena/Maps/Buildings/1x1/Athena_NP_1x1_Shack_001.12"
      },
      null,
      {
        "ObjectName": "LODActor'Athena_NP_1x1_Shack_001:PersistentLevel.LODActor_0'",
        "ObjectPath": "FortniteGame/Content/Athena/Maps/Buildings/1x1/Athena_NP_1x1_Shack_001.13"
      },
      {
        "ObjectName": "Farm_Roof1_Peak_C'Athena_NP_1x1_Shack_001:PersistentLevel.Farm_Roof1_Peak3'",
        "ObjectPath": "FortniteGame/Content/Athena/Maps/Buildings/1x1/Athena_NP_1x1_Shack_001.9"
      },
      {
        "ObjectName": "SM_Farm_Wall_2_C'Athena_NP_1x1_Shack_001:PersistentLevel.SM_Farm_Wall_11'",
        "ObjectPath": "FortniteGame/Content/Athena/Maps/Buildings/1x1/Athena_NP_1x1_Shack_001.19"
      },
      {
        "ObjectName": "SM_Farm_Wall_2_C'Athena_NP_1x1_Shack_001:PersistentLevel.SM_Farm_Wall_13'",
        "ObjectPath": "FortniteGame/Content/Athena/Maps/Buildings/1x1/Athena_NP_1x1_Shack_001.21"
      },
      {
        "ObjectName": "SM_Farm_Roof1_PeakCap_C'Athena_NP_1x1_Shack_001:PersistentLevel.SM_Farm_Wall_14'",
        "ObjectPath": "FortniteGame/Content/Athena/Maps/Buildings/1x1/Athena_NP_1x1_Shack_001.17"
      },
      {
        "ObjectName": "SM_Farm_Roof1_PeakCap_C'Athena_NP_1x1_Shack_001:PersistentLevel.SM_Farm_Wall_15'",
        "ObjectPath": "FortniteGame/Content/Athena/Maps/Buildings/1x1/Athena_NP_1x1_Shack_001.18"
      },
      {
        "ObjectName": "WoodMines_Archway_C'Athena_NP_1x1_Shack_001:PersistentLevel.Girder35'",
        "ObjectPath": "FortniteGame/Content/Athena/Maps/Buildings/1x1/Athena_NP_1x1_Shack_001.43"
      },
      {
        "ObjectName": "WoodMines_Archway_C'Athena_NP_1x1_Shack_001:PersistentLevel.Girder36'",
        "ObjectPath": "FortniteGame/Content/Athena/Maps/Buildings/1x1/Athena_NP_1x1_Shack_001.44"
      },
      {
        "ObjectName": "WoodMines_Archway_C'Athena_NP_1x1_Shack_001:PersistentLevel.Girder37'",
        "ObjectPath": "FortniteGame/Content/Athena/Maps/Buildings/1x1/Athena_NP_1x1_Shack_001.45"
      },
      {
        "ObjectName": "WoodMines_Archway_C'Athena_NP_1x1_Shack_001:PersistentLevel.Girder38'",
        "ObjectPath": "FortniteGame/Content/Athena/Maps/Buildings/1x1/Athena_NP_1x1_Shack_001.46"
      },
      {
        "ObjectName": "WoodMines_Archway_C'Athena_NP_1x1_Shack_001:PersistentLevel.Girder39'",
        "ObjectPath": "FortniteGame/Content/Athena/Maps/Buildings/1x1/Athena_NP_1x1_Shack_001.47"
      },
      {
        "ObjectName": "WoodMines_Floor_C'Athena_NP_1x1_Shack_001:PersistentLevel.WoodMines_Floor_66'",
        "ObjectPath": "FortniteGame/Content/Athena/Maps/Buildings/1x1/Athena_NP_1x1_Shack_001.48"
      },
      {
        "ObjectName": "SM_Farm_Wall_2_C'Athena_NP_1x1_Shack_001:PersistentLevel.SM_Farm_Wall_12'",
        "ObjectPath": "FortniteGame/Content/Athena/Maps/Buildings/1x1/Athena_NP_1x1_Shack_001.20"
      },
      {
        "ObjectName": "Storage_Crate_Small01_C'Athena_NP_1x1_Shack_001:PersistentLevel.LCD_Crate_Small01_2'",
        "ObjectPath": "FortniteGame/Content/Athena/Maps/Buildings/1x1/Athena_NP_1x1_Shack_001.41"
      },
      {
        "ObjectName": "CobWebs01_C'Athena_NP_1x1_Shack_001:PersistentLevel.CobWebs01_83'",
        "ObjectPath": "FortniteGame/Content/Athena/Maps/Buildings/1x1/Athena_NP_1x1_Shack_001.8"
      },
      {
        "ObjectName": "Ranger_Lightpost_C'Athena_NP_1x1_Shack_001:PersistentLevel.Streetlight_Suburban15'",
        "ObjectPath": "FortniteGame/Content/Athena/Maps/Buildings/1x1/Athena_NP_1x1_Shack_001.16"
      },
      {
        "ObjectName": "Tiered_Athena_FloorLoot_01_C'Athena_NP_1x1_Shack_001:PersistentLevel.Tiered_Athena_FloorLoot_01_2'",
        "ObjectPath": "FortniteGame/Content/Athena/Maps/Buildings/1x1/Athena_NP_1x1_Shack_001.42"
      },
      {
        "ObjectName": "Storage_Crate01a_side_C'Athena_NP_1x1_Shack_001:PersistentLevel.Storage_Crate01a_side_2'",
        "ObjectPath": "FortniteGame/Content/Athena/Maps/Buildings/1x1/Athena_NP_1x1_Shack_001.40"
      },
      null,
      null
    ],
    "URL": {
      "Protocol": "unreal",
      "Host": "",
      "Port": 7777,
      "Valid": true,
      "Map": "/Game/Maps/FortniteEntry",
      "Op": [],
      "Portal": ""
    },
    "Model": {
      "ObjectName": "Model'Athena_NP_1x1_Shack_001:PersistentLevel.Model_0'",
      "ObjectPath": "FortniteGame/Content/Athena/Maps/Buildings/1x1/Athena_NP_1x1_Shack_001.14"
    },
    "ModelComponents": [],
    "LevelScriptActor": null,
    "NavListStart": null,
    "NavListEnd": null,
    "PrecomputedVisibilityHandler": {
      "PrecomputedVisibilityCellBucketOriginXY": {
        "X": 0.0,
        "Y": 0.0
      },
      "PrecomputedVisibilityCellSizeXY": 0.0,
      "PrecomputedVisibilityCellSizeZ": 0.0,
      "PrecomputedVisibilityCellBucketSizeXY": 0,
      "PrecomputedVisibilityNumCellBuckets": 0,
      "PrecomputedVisibilityCellBuckets": []
    },
    "PrecomputedVolumeDistanceField": {
      "VolumeMaxDistance": 0.0,
      "VolumeBox": {
        "Min": {
          "X": 0.0,
          "Y": 0.0,
          "Z": 0.0
        },
        "Max": {
          "X": 0.0,
          "Y": 0.0,
          "Z": 0.0
        },
        "IsValid": 0
      },
      "VolumeSizeX": 0,
      "VolumeSizeY": 0,
      "VolumeSizeZ": 0,
      "Data": []
    }
  },
  {
    "Type": "LevelBounds",
    "Name": "LevelBounds_1",
    "Outer": "PersistentLevel",
    "Class": "UScriptClass'LevelBounds'",
    "Properties": {
      "RootComponent": {
        "ObjectName": "BoxComponent'Athena_NP_1x1_Shack_001:PersistentLevel.LevelBounds_1.BoxComponent0'",
        "ObjectPath": "FortniteGame/Content/Athena/Maps/Buildings/1x1/Athena_NP_1x1_Shack_001.7"
      }
    }
  },
  {
    "Type": "LODActor",
    "Name": "LODActor_0",
    "Outer": "PersistentLevel",
    "Class": "UScriptClass'LODActor'",
    "Properties": {
      "StaticMeshComponent": {
        "ObjectName": "StaticMeshComponent'Athena_NP_1x1_Shack_001:PersistentLevel.LODActor_0.StaticMeshComponent0'",
        "ObjectPath": "FortniteGame/Content/Athena/Maps/Buildings/1x1/Athena_NP_1x1_Shack_001.30"
      },
      "SubActors": [
        {
          "ObjectName": "Farm_Roof1_Peak_C'Athena_NP_1x1_Shack_001:PersistentLevel.Farm_Roof1_Peak3'",
          "ObjectPath": "FortniteGame/Content/Athena/Maps/Buildings/1x1/Athena_NP_1x1_Shack_001.9"
        },
        {
          "ObjectName": "SM_Farm_Wall_2_C'Athena_NP_1x1_Shack_001:PersistentLevel.SM_Farm_Wall_11'",
          "ObjectPath": "FortniteGame/Content/Athena/Maps/Buildings/1x1/Athena_NP_1x1_Shack_001.19"
        },
        {
          "ObjectName": "SM_Farm_Wall_2_C'Athena_NP_1x1_Shack_001:PersistentLevel.SM_Farm_Wall_13'",
          "ObjectPath": "FortniteGame/Content/Athena/Maps/Buildings/1x1/Athena_NP_1x1_Shack_001.21"
        },
        {
          "ObjectName": "SM_Farm_Roof1_PeakCap_C'Athena_NP_1x1_Shack_001:PersistentLevel.SM_Farm_Wall_14'",
          "ObjectPath": "FortniteGame/Content/Athena/Maps/Buildings/1x1/Athena_NP_1x1_Shack_001.17"
        },
        {
          "ObjectName": "SM_Farm_Roof1_PeakCap_C'Athena_NP_1x1_Shack_001:PersistentLevel.SM_Farm_Wall_15'",
          "ObjectPath": "FortniteGame/Content/Athena/Maps/Buildings/1x1/Athena_NP_1x1_Shack_001.18"
        },
        {
          "ObjectName": "WoodMines_Archway_C'Athena_NP_1x1_Shack_001:PersistentLevel.Girder35'",
          "ObjectPath": "FortniteGame/Content/Athena/Maps/Buildings/1x1/Athena_NP_1x1_Shack_001.43"
        },
        {
          "ObjectName": "WoodMines_Archway_C'Athena_NP_1x1_Shack_001:PersistentLevel.Girder36'",
          "ObjectPath": "FortniteGame/Content/Athena/Maps/Buildings/1x1/Athena_NP_1x1_Shack_001.44"
        },
        {
          "ObjectName": "WoodMines_Archway_C'Athena_NP_1x1_Shack_001:PersistentLevel.Girder37'",
          "ObjectPath": "FortniteGame/Content/Athena/Maps/Buildings/1x1/Athena_NP_1x1_Shack_001.45"
        },
        {
          "ObjectName": "WoodMines_Archway_C'Athena_NP_1x1_Shack_001:PersistentLevel.Girder38'",
          "ObjectPath": "FortniteGame/Content/Athena/Maps/Buildings/1x1/Athena_NP_1x1_Shack_001.46"
        },
        {
          "ObjectName": "WoodMines_Archway_C'Athena_NP_1x1_Shack_001:PersistentLevel.Girder39'",
          "ObjectPath": "FortniteGame/Content/Athena/Maps/Buildings/1x1/Athena_NP_1x1_Shack_001.47"
        },
        {
          "ObjectName": "WoodMines_Floor_C'Athena_NP_1x1_Shack_001:PersistentLevel.WoodMines_Floor_66'",
          "ObjectPath": "FortniteGame/Content/Athena/Maps/Buildings/1x1/Athena_NP_1x1_Shack_001.48"
        },
        {
          "ObjectName": "SM_Farm_Wall_2_C'Athena_NP_1x1_Shack_001:PersistentLevel.SM_Farm_Wall_12'",
          "ObjectPath": "FortniteGame/Content/Athena/Maps/Buildings/1x1/Athena_NP_1x1_Shack_001.20"
        }
      ],
      "LODDrawDistance": 21721.357,
      "LODLevel": 1,
      "SubObjects": [
        {
          "ObjectName": "MaterialInstanceConstant'M_LOD_Farm_Roof1_Peak3'",
          "ObjectPath": "FortniteGame/Content/Athena/Maps/Buildings/1x1/HLOD/Athena_NP_1x1_Shack_001_HLOD.1"
        },
        {
          "ObjectName": "Texture2D'T_LOD_Farm_Roof1_Peak3_Diffuse'",
          "ObjectPath": "FortniteGame/Content/Athena/Maps/Buildings/1x1/HLOD/Athena_NP_1x1_Shack_001_HLOD.4"
        },
        {
          "ObjectName": "StaticMesh'SM_LOD_Farm_Roof1_Peak3'",
          "ObjectPath": "FortniteGame/Content/Athena/Maps/Buildings/1x1/HLOD/Athena_NP_1x1_Shack_001_HLOD.3"
        }
      ],
      "RootComponent": {
        "ObjectName": "StaticMeshComponent'Athena_NP_1x1_Shack_001:PersistentLevel.LODActor_0.StaticMeshComponent0'",
        "ObjectPath": "FortniteGame/Content/Athena/Maps/Buildings/1x1/Athena_NP_1x1_Shack_001.30"
      }
    }
  },
  {
    "Type": "Model",
    "Name": "Model_0",
    "Outer": "PersistentLevel",
    "Class": "UScriptClass'Model'",
    "Bounds": {
      "Origin": {
        "X": 0.0,
        "Y": 0.0,
        "Z": 0.0
      },
      "BoxExtent": {
        "X": 0.0,
        "Y": 0.0,
        "Z": 0.0
      },
      "SphereRadius": 0.0
    },
    "Vectors": [],
    "Points": [],
    "Nodes": [],
    "Surfs": [],
    "NumSharedSides": 4,
    "VertexBuffer": {
      "Vertices": []
    },
    "LightingGuid": "79D0E6BE-44D4B089-7EA01F96-BE9D010F",
    "LightmassSettings": []
  },
  {
    "Type": "PointLightComponent",
    "Name": "PointLight",
    "Outer": "Streetlight_Suburban15",
    "Class": "UScriptClass'PointLightComponent'",
    "Template": {
      "ObjectName": "PointLightComponent'Ranger_Lightpost_C:PointLight_GEN_VARIABLE'",
      "ObjectPath": "FortniteGame/Content/Building/ActorBlueprints/Prop/Ranger_Lightpost.5"
    },
    "Properties": {
      "MaxDrawDistance": 13572.281,
      "MaxDistanceFadeRange": 2048.0,
      "LightGuid": "D2409AF8-410FFEDD-0A00DC9B-0AA05DD0",
      "VolumetricScatteringIntensity": 0.0,
      "AttachParent": {
        "ObjectName": "StaticMeshComponent'Athena_NP_1x1_Shack_001:PersistentLevel.Streetlight_Suburban15.StaticMeshComponent0'",
        "ObjectPath": "FortniteGame/Content/Athena/Maps/Buildings/1x1/Athena_NP_1x1_Shack_001.37"
      },
      "bNetAddressable": true,
      "CreationMethod": "EComponentCreationMethod::SimpleConstructionScript",
      "UCSModifiedProperties": [
        {
          "MemberParent": {
            "ObjectName": "Class'LightComponentBase'",
            "ObjectPath": "/Script/Engine"
          },
          "MemberName": "VolumetricScatteringIntensity",
          "MemberGuid": "00000000-00000000-00000000-00000000"
        }
      ]
    }
  },
  {
    "Type": "Ranger_Lightpost_C",
    "Name": "Streetlight_Suburban15",
    "Outer": "PersistentLevel",
    "Class": "BlueprintGeneratedClass'FortniteGame/Content/Building/ActorBlueprints/Prop/Ranger_Lightpost.Ranger_Lightpost_C'",
    "Template": {
      "ObjectName": "Ranger_Lightpost_C'Default__Ranger_Lightpost_C'",
      "ObjectPath": "FortniteGame/Content/Building/ActorBlueprints/Prop/Ranger_Lightpost.4"
    },
    "Properties": {
      "PointLight": {
        "ObjectName": "PointLightComponent'Athena_NP_1x1_Shack_001:PersistentLevel.Streetlight_Suburban15.PointLight'",
        "ObjectPath": "FortniteGame/Content/Athena/Maps/Buildings/1x1/Athena_NP_1x1_Shack_001.15"
      },
      "CodeControlled_NumberOfMaterials": 2,
      "TimeOfDayControlledLightsArray": [
        {
          "ObjectName": "PointLightComponent'Athena_NP_1x1_Shack_001:PersistentLevel.Streetlight_Suburban15.PointLight'",
          "ObjectPath": "FortniteGame/Content/Athena/Maps/Buildings/1x1/Athena_NP_1x1_Shack_001.15"
        }
      ],
      "StaticMesh": {
        "ObjectName": "StaticMesh'SM_Prop_Ranger_Lightpost_alternate'",
        "ObjectPath": "FortniteGame/Content/Environments/Props/Ranger/Meshes/SM_Prop_Ranger_Lightpost_alternate.2"
      },
      "StaticMeshComponent": {
        "ObjectName": "StaticMeshComponent'Athena_NP_1x1_Shack_001:PersistentLevel.Streetlight_Suburban15.StaticMeshComponent0'",
        "ObjectPath": "FortniteGame/Content/Athena/Maps/Buildings/1x1/Athena_NP_1x1_Shack_001.37"
      },
      "MyGuid": "D2C7BA08-48D76356-DDD966A7-FED8C246",
      "DataVersion": 1,
      "CullDistance": 13572.281,
      "RootComponent": {
        "ObjectName": "StaticMeshComponent'Athena_NP_1x1_Shack_001:PersistentLevel.Streetlight_Suburban15.StaticMeshComponent0'",
        "ObjectPath": "FortniteGame/Content/Athena/Maps/Buildings/1x1/Athena_NP_1x1_Shack_001.37"
      },
      "BlueprintCreatedComponents": [
        {
          "ObjectName": "PointLightComponent'Athena_NP_1x1_Shack_001:PersistentLevel.Streetlight_Suburban15.PointLight'",
          "ObjectPath": "FortniteGame/Content/Athena/Maps/Buildings/1x1/Athena_NP_1x1_Shack_001.15"
        }
      ]
    }
  },
  {
    "Type": "SM_Farm_Roof1_PeakCap_C",
    "Name": "SM_Farm_Wall_14",
    "Outer": "PersistentLevel",
    "Class": "BlueprintGeneratedClass'FortniteGame/Content/Building/ActorBlueprints/Wall/SM_Farm_Roof1_PeakCap.SM_Farm_Roof1_PeakCap_C'",
    "Template": {
      "ObjectName": "SM_Farm_Roof1_PeakCap_C'Default__SM_Farm_Roof1_PeakCap_C'",
      "ObjectPath": "FortniteGame/Content/Building/ActorBlueprints/Wall/SM_Farm_Roof1_PeakCap.1"
    },
    "Properties": {
      "TextureData": {
        "ObjectName": "BuildingTextureData'MI_Farm_Set_WoodMines'",
        "ObjectPath": "FortniteGame/Content/Building/TextureData/WallOuter/Diffuses/MI_Farm_Set_WoodMines.0"
      },
      "TextureData": {
        "ObjectName": "BuildingTextureData'MI_Farm_Set_WoodMines'",
        "ObjectPath": "FortniteGame/Content/Building/TextureData/WallOuter/Diffuses/MI_Farm_Set_WoodMines.0"
      },
      "StaticMeshComponent": {
        "ObjectName": "StaticMeshComponent'Athena_NP_1x1_Shack_001:PersistentLevel.SM_Farm_Wall_14.StaticMeshComponent0'",
        "ObjectPath": "FortniteGame/Content/Athena/Maps/Buildings/1x1/Athena_NP_1x1_Shack_001.34"
      },
      "BaseMaterial": {
        "ObjectName": "MaterialInstanceConstant'M_Fort_Farm_Barn_1'",
        "ObjectPath": "FortniteGame/Content/Environments/Sets/Barn/Materials/M_Fort_Farm_Barn_1.0"
      },
      "MyGuid": "068A0206-4D87DB66-FEFEAF80-9348F2CB",
      "DataVersion": 1,
      "CullDistance": 22943.184,
      "RootComponent": {
        "ObjectName": "StaticMeshComponent'Athena_NP_1x1_Shack_001:PersistentLevel.SM_Farm_Wall_14.StaticMeshComponent0'",
        "ObjectPath": "FortniteGame/Content/Athena/Maps/Buildings/1x1/Athena_NP_1x1_Shack_001.34"
      }
    }
  },
  {
    "Type": "SM_Farm_Roof1_PeakCap_C",
    "Name": "SM_Farm_Wall_15",
    "Outer": "PersistentLevel",
    "Class": "BlueprintGeneratedClass'FortniteGame/Content/Building/ActorBlueprints/Wall/SM_Farm_Roof1_PeakCap.SM_Farm_Roof1_PeakCap_C'",
    "Template": {
      "ObjectName": "SM_Farm_Roof1_PeakCap_C'Default__SM_Farm_Roof1_PeakCap_C'",
      "ObjectPath": "FortniteGame/Content/Building/ActorBlueprints/Wall/SM_Farm_Roof1_PeakCap.1"
    },
    "Properties": {
      "TextureData": {
        "ObjectName": "BuildingTextureData'MI_Farm_Set_WoodMines'",
        "ObjectPath": "FortniteGame/Content/Building/TextureData/WallOuter/Diffuses/MI_Farm_Set_WoodMines.0"
      },
      "TextureData": {
        "ObjectName": "BuildingTextureData'MI_Farm_Set_WoodMines'",
        "ObjectPath": "FortniteGame/Content/Building/TextureData/WallOuter/Diffuses/MI_Farm_Set_WoodMines.0"
      },
      "StaticMeshComponent": {
        "ObjectName": "StaticMeshComponent'Athena_NP_1x1_Shack_001:PersistentLevel.SM_Farm_Wall_15.StaticMeshComponent0'",
        "ObjectPath": "FortniteGame/Content/Athena/Maps/Buildings/1x1/Athena_NP_1x1_Shack_001.35"
      },
      "BaseMaterial": {
        "ObjectName": "MaterialInstanceConstant'M_Fort_Farm_Barn_1'",
        "ObjectPath": "FortniteGame/Content/Environments/Sets/Barn/Materials/M_Fort_Farm_Barn_1.0"
      },
      "MyGuid": "235D7FAA-46DEFD38-65807F98-AE677502",
      "DataVersion": 1,
      "CullDistance": 22943.184,
      "RootComponent": {
        "ObjectName": "StaticMeshComponent'Athena_NP_1x1_Shack_001:PersistentLevel.SM_Farm_Wall_15.StaticMeshComponent0'",
        "ObjectPath": "FortniteGame/Content/Athena/Maps/Buildings/1x1/Athena_NP_1x1_Shack_001.35"
      }
    }
  },
  {
    "Type": "SM_Farm_Wall_2_C",
    "Name": "SM_Farm_Wall_11",
    "Outer": "PersistentLevel",
    "Class": "BlueprintGeneratedClass'FortniteGame/Content/Building/ActorBlueprints/Wall/SM_Farm_Wall_2.SM_Farm_Wall_2_C'",
    "Template": {
      "ObjectName": "SM_Farm_Wall_2_C'Default__SM_Farm_Wall_2_C'",
      "ObjectPath": "FortniteGame/Content/Building/ActorBlueprints/Wall/SM_Farm_Wall_2.1"
    },
    "Properties": {
      "TextureData": {
        "ObjectName": "BuildingTextureData'MI_Farm_Set_WoodMines'",
        "ObjectPath": "FortniteGame/Content/Building/TextureData/WallOuter/Diffuses/MI_Farm_Set_WoodMines.0"
      },
      "TextureData": {
        "ObjectName": "BuildingTextureData'MI_Farm_Set_WoodMines'",
        "ObjectPath": "FortniteGame/Content/Building/TextureData/WallOuter/Diffuses/MI_Farm_Set_WoodMines.0"
      },
      "StaticMeshComponent": {
        "ObjectName": "StaticMeshComponent'Athena_NP_1x1_Shack_001:PersistentLevel.SM_Farm_Wall_11.StaticMeshComponent0'",
        "ObjectPath": "FortniteGame/Content/Athena/Maps/Buildings/1x1/Athena_NP_1x1_Shack_001.31"
      },
      "BaseMaterial": {
        "ObjectName": "MaterialInstanceConstant'M_Fort_Farm_Barn_1'",
        "ObjectPath": "FortniteGame/Content/Environments/Sets/Barn/Materials/M_Fort_Farm_Barn_1.0"
      },
      "MyGuid": "DA67E934-45AB1C95-4344999B-15E68BAF",
      "DataVersion": 1,
      "CullDistance": 22943.184,
      "RootComponent": {
        "ObjectName": "StaticMeshComponent'Athena_NP_1x1_Shack_001:PersistentLevel.SM_Farm_Wall_11.StaticMeshComponent0'",
        "ObjectPath": "FortniteGame/Content/Athena/Maps/Buildings/1x1/Athena_NP_1x1_Shack_001.31"
      }
    }
  },
  {
    "Type": "SM_Farm_Wall_2_C",
    "Name": "SM_Farm_Wall_12",
    "Outer": "PersistentLevel",
    "Class": "BlueprintGeneratedClass'FortniteGame/Content/Building/ActorBlueprints/Wall/SM_Farm_Wall_2.SM_Farm_Wall_2_C'",
    "Template": {
      "ObjectName": "SM_Farm_Wall_2_C'Default__SM_Farm_Wall_2_C'",
      "ObjectPath": "FortniteGame/Content/Building/ActorBlueprints/Wall/SM_Farm_Wall_2.1"
    },
    "Properties": {
      "TextureData": {
        "ObjectName": "BuildingTextureData'MI_Farm_Set_WoodMines'",
        "ObjectPath": "FortniteGame/Content/Building/TextureData/WallOuter/Diffuses/MI_Farm_Set_WoodMines.0"
      },
      "TextureData": {
        "ObjectName": "BuildingTextureData'MI_Farm_Set_WoodMines'",
        "ObjectPath": "FortniteGame/Content/Building/TextureData/WallOuter/Diffuses/MI_Farm_Set_WoodMines.0"
      },
      "StaticMeshComponent": {
        "ObjectName": "StaticMeshComponent'Athena_NP_1x1_Shack_001:PersistentLevel.SM_Farm_Wall_12.StaticMeshComponent0'",
        "ObjectPath": "FortniteGame/Content/Athena/Maps/Buildings/1x1/Athena_NP_1x1_Shack_001.32"
      },
      "BaseMaterial": {
        "ObjectName": "MaterialInstanceConstant'M_Fort_Farm_Barn_1'",
        "ObjectPath": "FortniteGame/Content/Environments/Sets/Barn/Materials/M_Fort_Farm_Barn_1.0"
      },
      "MyGuid": "D1D53BD4-405B5C6A-18B4BA89-C564F833",
      "DataVersion": 1,
      "CullDistance": 22943.184,
      "RootComponent": {
        "ObjectName": "StaticMeshComponent'Athena_NP_1x1_Shack_001:PersistentLevel.SM_Farm_Wall_12.StaticMeshComponent0'",
        "ObjectPath": "FortniteGame/Content/Athena/Maps/Buildings/1x1/Athena_NP_1x1_Shack_001.32"
      }
    }
  },
  {
    "Type": "SM_Farm_Wall_2_C",
    "Name": "SM_Farm_Wall_13",
    "Outer": "PersistentLevel",
    "Class": "BlueprintGeneratedClass'FortniteGame/Content/Building/ActorBlueprints/Wall/SM_Farm_Wall_2.SM_Farm_Wall_2_C'",
    "Template": {
      "ObjectName": "SM_Farm_Wall_2_C'Default__SM_Farm_Wall_2_C'",
      "ObjectPath": "FortniteGame/Content/Building/ActorBlueprints/Wall/SM_Farm_Wall_2.1"
    },
    "Properties": {
      "TextureData": {
        "ObjectName": "BuildingTextureData'MI_Farm_Set_WoodMines'",
        "ObjectPath": "FortniteGame/Content/Building/TextureData/WallOuter/Diffuses/MI_Farm_Set_WoodMines.0"
      },
      "TextureData": {
        "ObjectName": "BuildingTextureData'MI_Farm_Set_WoodMines'",
        "ObjectPath": "FortniteGame/Content/Building/TextureData/WallOuter/Diffuses/MI_Farm_Set_WoodMines.0"
      },
      "StaticMeshComponent": {
        "ObjectName": "StaticMeshComponent'Athena_NP_1x1_Shack_001:PersistentLevel.SM_Farm_Wall_13.StaticMeshComponent0'",
        "ObjectPath": "FortniteGame/Content/Athena/Maps/Buildings/1x1/Athena_NP_1x1_Shack_001.33"
      },
      "BaseMaterial": {
        "ObjectName": "MaterialInstanceConstant'M_Fort_Farm_Barn_1'",
        "ObjectPath": "FortniteGame/Content/Environments/Sets/Barn/Materials/M_Fort_Farm_Barn_1.0"
      },
      "MyGuid": "412B8926-4CC1C52E-6EB8ABB3-BB6AE4C2",
      "DataVersion": 1,
      "CullDistance": 22943.184,
      "RootComponent": {
        "ObjectName": "StaticMeshComponent'Athena_NP_1x1_Shack_001:PersistentLevel.SM_Farm_Wall_13.StaticMeshComponent0'",
        "ObjectPath": "FortniteGame/Content/Athena/Maps/Buildings/1x1/Athena_NP_1x1_Shack_001.33"
      }
    }
  },
  {
    "Type": "StaticMeshComponent",
    "Name": "StaticMeshComponent0",
    "Outer": "CobWebs01_83",
    "Class": "UScriptClass'StaticMeshComponent'",
    "Template": {
      "ObjectName": "StaticMeshComponent'Default__CobWebs01_C:StaticMeshComponent0'",
      "ObjectPath": "FortniteGame/Content/Building/ActorBlueprints/Prop/CobWebs01.37"
    },
    "Properties": {
      "OverrideMaterials": [
        null
      ],
      "LDMaxDrawDistance": 12329.369,
      "CachedMaxDrawDistance": 12329.369,
      "RelativeLocation": {
        "X": 144.0,
        "Y": 176.0,
        "Z": 288.0
      },
      "RelativeRotation": {
        "Pitch": 0.0,
        "Yaw": -36.561916,
        "Roll": -22.499825
      }
    }
  },
  {
    "Type": "StaticMeshComponent",
    "Name": "StaticMeshComponent0",
    "Outer": "Farm_Roof1_Peak3",
    "Class": "UScriptClass'StaticMeshComponent'",
    "Template": {
      "ObjectName": "StaticMeshComponent'Default__Farm_Roof1_Peak_C:StaticMeshComponent0'",
      "ObjectPath": "FortniteGame/Content/Building/ActorBlueprints/Roof/Farm_Roof1_Peak.4"
    },
    "Properties": {
      "OverrideMaterials": [
        null
      ],
      "LDMaxDrawDistance": 22943.184,
      "CachedMaxDrawDistance": 22943.184,
      "LODParentPrimitive": {
        "ObjectName": "StaticMeshComponent'Athena_NP_1x1_Shack_001:PersistentLevel.LODActor_0.StaticMeshComponent0'",
        "ObjectPath": "FortniteGame/Content/Athena/Maps/Buildings/1x1/Athena_NP_1x1_Shack_001.30"
      },
      "RelativeLocation": {
        "X": 256.0,
        "Y": -0.00048828125,
        "Z": 384.0
      },
      "RelativeRotation": {
        "Pitch": 0.0,
        "Yaw": 89.99987,
        "Roll": 0.0
      }
    }
  },
  {
    "Type": "StaticMeshComponent",
    "Name": "StaticMeshComponent0",
    "Outer": "Girder35",
    "Class": "UScriptClass'StaticMeshComponent'",
    "Template": {
      "ObjectName": "StaticMeshComponent'Default__WoodMines_Archway_C:StaticMeshComponent0'",
      "ObjectPath": "FortniteGame/Content/Building/ActorBlueprints/Wall/WoodMines_Archway.13"
    },
    "Properties": {
      "OverrideMaterials": [
        null
      ],
      "LDMaxDrawDistance": 22943.184,
      "CachedMaxDrawDistance": 22943.184,
      "LODParentPrimitive": {
        "ObjectName": "StaticMeshComponent'Athena_NP_1x1_Shack_001:PersistentLevel.LODActor_0.StaticMeshComponent0'",
        "ObjectPath": "FortniteGame/Content/Athena/Maps/Buildings/1x1/Athena_NP_1x1_Shack_001.30"
      },
      "RelativeLocation": {
        "X": 0.0,
        "Y": -256.0,
        "Z": 0.0
      }
    }
  },
  {
    "Type": "StaticMeshComponent",
    "Name": "StaticMeshComponent0",
    "Outer": "Girder36",
    "Class": "UScriptClass'StaticMeshComponent'",
    "Template": {
      "ObjectName": "StaticMeshComponent'Default__WoodMines_Archway_C:StaticMeshComponent0'",
      "ObjectPath": "FortniteGame/Content/Building/ActorBlueprints/Wall/WoodMines_Archway.13"
    },
    "Properties": {
      "OverrideMaterials": [
        null
      ],
      "LDMaxDrawDistance": 22943.184,
      "CachedMaxDrawDistance": 22943.184,
      "LODParentPrimitive": {
        "ObjectName": "StaticMeshComponent'Athena_NP_1x1_Shack_001:PersistentLevel.LODActor_0.StaticMeshComponent0'",
        "ObjectPath": "FortniteGame/Content/Athena/Maps/Buildings/1x1/Athena_NP_1x1_Shack_001.30"
      },
      "RelativeLocation": {
        "X": 0.0,
        "Y": -256.0,
        "Z": -384.0
      }
    }
  },
  {
    "Type": "StaticMeshComponent",
    "Name": "StaticMeshComponent0",
    "Outer": "Girder37",
    "Class": "UScriptClass'StaticMeshComponent'",
    "Template": {
      "ObjectName": "StaticMeshComponent'Default__WoodMines_Archway_C:StaticMeshComponent0'",
      "ObjectPath": "FortniteGame/Content/Building/ActorBlueprints/Wall/WoodMines_Archway.13"
    },
    "Properties": {
      "OverrideMaterials": [
        null
      ],
      "LDMaxDrawDistance": 22943.184,
      "CachedMaxDrawDistance": 22943.184,
      "LODParentPrimitive": {
        "ObjectName": "StaticMeshComponent'Athena_NP_1x1_Shack_001:PersistentLevel.LODActor_0.StaticMeshComponent0'",
        "ObjectPath": "FortniteGame/Content/Athena/Maps/Buildings/1x1/Athena_NP_1x1_Shack_001.30"
      },
      "RelativeLocation": {
        "X": 0.0,
        "Y": 256.0,
        "Z": -384.0
      }
    }
  },
  {
    "Type": "StaticMeshComponent",
    "Name": "StaticMeshComponent0",
    "Outer": "Girder38",
    "Class": "UScriptClass'StaticMeshComponent'",
    "Template": {
      "ObjectName": "StaticMeshComponent'Default__WoodMines_Archway_C:StaticMeshComponent0'",
      "ObjectPath": "FortniteGame/Content/Building/ActorBlueprints/Wall/WoodMines_Archway.13"
    },
    "Properties": {
      "OverrideMaterials": [
        null
      ],
      "LDMaxDrawDistance": 22943.184,
      "CachedMaxDrawDistance": 22943.184,
      "LODParentPrimitive": {
        "ObjectName": "StaticMeshComponent'Athena_NP_1x1_Shack_001:PersistentLevel.LODActor_0.StaticMeshComponent0'",
        "ObjectPath": "FortniteGame/Content/Athena/Maps/Buildings/1x1/Athena_NP_1x1_Shack_001.30"
      },
      "RelativeLocation": {
        "X": 256.0,
        "Y": 0.0,
        "Z": -384.0
      },
      "RelativeRotation": {
        "Pitch": 0.0,
        "Yaw": 89.999954,
        "Roll": 0.0
      }
    }
  },
  {
    "Type": "StaticMeshComponent",
    "Name": "StaticMeshComponent0",
    "Outer": "Girder39",
    "Class": "UScriptClass'StaticMeshComponent'",
    "Template": {
      "ObjectName": "StaticMeshComponent'Default__WoodMines_Archway_C:StaticMeshComponent0'",
      "ObjectPath": "FortniteGame/Content/Building/ActorBlueprints/Wall/WoodMines_Archway.13"
    },
    "Properties": {
      "OverrideMaterials": [
        null
      ],
      "LDMaxDrawDistance": 22943.184,
      "CachedMaxDrawDistance": 22943.184,
      "LODParentPrimitive": {
        "ObjectName": "StaticMeshComponent'Athena_NP_1x1_Shack_001:PersistentLevel.LODActor_0.StaticMeshComponent0'",
        "ObjectPath": "FortniteGame/Content/Athena/Maps/Buildings/1x1/Athena_NP_1x1_Shack_001.30"
      },
      "RelativeLocation": {
        "X": -256.0,
        "Y": 0.0,
        "Z": -384.0
      },
      "RelativeRotation": {
        "Pitch": 0.0,
        "Yaw": -90.00001,
        "Roll": 0.0
      }
    }
  },
  {
    "Type": "StaticMeshComponent",
    "Name": "StaticMeshComponent0",
    "Outer": "LCD_Crate_Small01_2",
    "Class": "UScriptClass'StaticMeshComponent'",
    "Template": {
      "ObjectName": "StaticMeshComponent'Default__Storage_Crate_Small01_C:StaticMeshComponent0'",
      "ObjectPath": "FortniteGame/Content/Building/ActorBlueprints/Containers/Storage_Crate_Small01.4"
    },
    "Properties": {
      "OverrideMaterials": [
        null
      ],
      "LDMaxDrawDistance": 6283.4297,
      "CachedMaxDrawDistance": 6283.4297,
      "CanCharacterStepUpOn": "ECB_Yes",
      "RelativeLocation": {
        "X": -171.0,
        "Y": 120.0,
        "Z": 8.0
      },
      "RelativeRotation": {
        "Pitch": 0.0,
        "Yaw": 65.97683,
        "Roll": 0.0
      }
    }
  },
  {
    "Type": "StaticMeshComponent",
    "Name": "StaticMeshComponent0",
    "Outer": "LODActor_0",
    "Class": "UScriptClass'StaticMeshComponent'",
    "Properties": {
      "StaticMesh": {
        "ObjectName": "StaticMesh'SM_LOD_Farm_Roof1_Peak3'",
        "ObjectPath": "FortniteGame/Content/Athena/Maps/Buildings/1x1/HLOD/Athena_NP_1x1_Shack_001_HLOD.3"
      },
      "MinDrawDistance": 21721.357,
      "CastShadow": true,
      "bCastStaticShadow": true
    }
  },
  {
    "Type": "StaticMeshComponent",
    "Name": "StaticMeshComponent0",
    "Outer": "SM_Farm_Wall_11",
    "Class": "UScriptClass'StaticMeshComponent'",
    "Template": {
      "ObjectName": "StaticMeshComponent'Default__SM_Farm_Wall_2_C:StaticMeshComponent0'",
      "ObjectPath": "FortniteGame/Content/Building/ActorBlueprints/Wall/SM_Farm_Wall_2.5"
    },
    "Properties": {
      "OverrideMaterials": [
        null
      ],
      "LDMaxDrawDistance": 22943.184,
      "CachedMaxDrawDistance": 22943.184,
      "LODParentPrimitive": {
        "ObjectName": "StaticMeshComponent'Athena_NP_1x1_Shack_001:PersistentLevel.LODActor_0.StaticMeshComponent0'",
        "ObjectPath": "FortniteGame/Content/Athena/Maps/Buildings/1x1/Athena_NP_1x1_Shack_001.30"
      },
      "RelativeLocation": {
        "X": -256.0,
        "Y": 0.0,
        "Z": 0.0
      },
      "RelativeRotation": {
        "Pitch": 0.0,
        "Yaw": 89.999954,
        "Roll": 0.0
      }
    }
  },
  {
    "Type": "StaticMeshComponent",
    "Name": "StaticMeshComponent0",
    "Outer": "SM_Farm_Wall_12",
    "Class": "UScriptClass'StaticMeshComponent'",
    "Template": {
      "ObjectName": "StaticMeshComponent'Default__SM_Farm_Wall_2_C:StaticMeshComponent0'",
      "ObjectPath": "FortniteGame/Content/Building/ActorBlueprints/Wall/SM_Farm_Wall_2.5"
    },
    "Properties": {
      "OverrideMaterials": [
        null
      ],
      "LDMaxDrawDistance": 22943.184,
      "CachedMaxDrawDistance": 22943.184,
      "LODParentPrimitive": {
        "ObjectName": "StaticMeshComponent'Athena_NP_1x1_Shack_001:PersistentLevel.LODActor_0.StaticMeshComponent0'",
        "ObjectPath": "FortniteGame/Content/Athena/Maps/Buildings/1x1/Athena_NP_1x1_Shack_001.30"
      },
      "RelativeLocation": {
        "X": 0.0,
        "Y": 256.0,
        "Z": 0.0
      }
    }
  },
  {
    "Type": "StaticMeshComponent",
    "Name": "StaticMeshComponent0",
    "Outer": "SM_Farm_Wall_13",
    "Class": "UScriptClass'StaticMeshComponent'",
    "Template": {
      "ObjectName": "StaticMeshComponent'Default__SM_Farm_Wall_2_C:StaticMeshComponent0'",
      "ObjectPath": "FortniteGame/Content/Building/ActorBlueprints/Wall/SM_Farm_Wall_2.5"
    },
    "Properties": {
      "OverrideMaterials": [
        null
      ],
      "LDMaxDrawDistance": 22943.184,
      "CachedMaxDrawDistance": 22943.184,
      "LODParentPrimitive": {
        "ObjectName": "StaticMeshComponent'Athena_NP_1x1_Shack_001:PersistentLevel.LODActor_0.StaticMeshComponent0'",
        "ObjectPath": "FortniteGame/Content/Athena/Maps/Buildings/1x1/Athena_NP_1x1_Shack_001.30"
      },
      "RelativeLocation": {
        "X": 256.0,
        "Y": 0.0,
        "Z": 0.0
      },
      "RelativeRotation": {
        "Pitch": 0.0,
        "Yaw": -90.00001,
        "Roll": 0.0
      }
    }
  },
  {
    "Type": "StaticMeshComponent",
    "Name": "StaticMeshComponent0",
    "Outer": "SM_Farm_Wall_14",
    "Class": "UScriptClass'StaticMeshComponent'",
    "Template": {
      "ObjectName": "StaticMeshComponent'Default__SM_Farm_Roof1_PeakCap_C:StaticMeshComponent0'",
      "ObjectPath": "FortniteGame/Content/Building/ActorBlueprints/Wall/SM_Farm_Roof1_PeakCap.4"
    },
    "Properties": {
      "OverrideMaterials": [
        null
      ],
      "LDMaxDrawDistance": 22943.184,
      "CachedMaxDrawDistance": 22943.184,
      "LODParentPrimitive": {
        "ObjectName": "StaticMeshComponent'Athena_NP_1x1_Shack_001:PersistentLevel.LODActor_0.StaticMeshComponent0'",
        "ObjectPath": "FortniteGame/Content/Athena/Maps/Buildings/1x1/Athena_NP_1x1_Shack_001.30"
      },
      "RelativeLocation": {
        "X": 0.0,
        "Y": -256.0,
        "Z": 384.0
      },
      "RelativeRotation": {
        "Pitch": 0.0,
        "Yaw": -179.99995,
        "Roll": 0.0
      }
    }
  },
  {
    "Type": "StaticMeshComponent",
    "Name": "StaticMeshComponent0",
    "Outer": "SM_Farm_Wall_15",
    "Class": "UScriptClass'StaticMeshComponent'",
    "Template": {
      "ObjectName": "StaticMeshComponent'Default__SM_Farm_Roof1_PeakCap_C:StaticMeshComponent0'",
      "ObjectPath": "FortniteGame/Content/Building/ActorBlueprints/Wall/SM_Farm_Roof1_PeakCap.4"
    },
    "Properties": {
      "OverrideMaterials": [
        null
      ],
      "LDMaxDrawDistance": 22943.184,
      "CachedMaxDrawDistance": 22943.184,
      "LODParentPrimitive": {
        "ObjectName": "StaticMeshComponent'Athena_NP_1x1_Shack_001:PersistentLevel.LODActor_0.StaticMeshComponent0'",
        "ObjectPath": "FortniteGame/Content/Athena/Maps/Buildings/1x1/Athena_NP_1x1_Shack_001.30"
      },
      "RelativeLocation": {
        "X": 0.0,
        "Y": 256.0,
        "Z": 384.0
      },
      "RelativeRotation": {
        "Pitch": 0.0,
        "Yaw": 4.7206868E-05,
        "Roll": 0.0
      }
    }
  },
  {
    "Type": "StaticMeshComponent",
    "Name": "StaticMeshComponent0",
    "Outer": "Storage_Crate01a_side_2",
    "Class": "UScriptClass'StaticMeshComponent'",
    "Template": {
      "ObjectName": "StaticMeshComponent'Default__Storage_Crate01a_side_C:StaticMeshComponent0'",
      "ObjectPath": "FortniteGame/Content/Building/ActorBlueprints/Containers/Storage_Crate01a_Side.5"
    },
    "Properties": {
      "OverrideMaterials": [
        null
      ],
      "LDMaxDrawDistance": 8930.115,
      "CachedMaxDrawDistance": 8930.115,
      "RelativeLocation": {
        "X": 161.03857,
        "Y": 163.88281,
        "Z": 8.0
      },
      "RelativeRotation": {
        "Pitch": 0.0,
        "Yaw": 103.908745,
        "Roll": 0.0
      }
    }
  },
  {
    "Type": "StaticMeshComponent",
    "Name": "StaticMeshComponent0",
    "Outer": "Streetlight_Suburban15",
    "Class": "UScriptClass'StaticMeshComponent'",
    "Template": {
      "ObjectName": "StaticMeshComponent'Default__Ranger_Lightpost_C:StaticMeshComponent0'",
      "ObjectPath": "FortniteGame/Content/Building/ActorBlueprints/Prop/Ranger_Lightpost.10"
    },
    "Properties": {
      "StaticMesh": {
        "ObjectName": "StaticMesh'SM_Prop_Ranger_Lightpost_alternate'",
        "ObjectPath": "FortniteGame/Content/Environments/Props/Ranger/Meshes/SM_Prop_Ranger_Lightpost_alternate.2"
      },
      "OverrideMaterials": [
        null
      ],
      "LDMaxDrawDistance": 13572.281,
      "CachedMaxDrawDistance": 13572.281,
      "RelativeLocation": {
        "X": -220.0,
        "Y": -344.0,
        "Z": -32.0
      },
      "RelativeRotation": {
        "Pitch": 0.0,
        "Yaw": -51.006264,
        "Roll": 0.0
      }
    }
  },
  {
    "Type": "StaticMeshComponent",
    "Name": "StaticMeshComponent0",
    "Outer": "Tiered_Athena_FloorLoot_01_2",
    "Class": "UScriptClass'StaticMeshComponent'",
    "Template": {
      "ObjectName": "StaticMeshComponent'Default__Tiered_Athena_FloorLoot_01_C:StaticMeshComponent0'",
      "ObjectPath": "FortniteGame/Content/Athena/Environments/Blueprints/Tiered_Athena_FloorLoot_01.5"
    },
    "Properties": {
      "OverrideMaterials": [
        null
      ],
      "LDMaxDrawDistance": 10807.396,
      "CachedMaxDrawDistance": 10807.396,
      "RelativeLocation": {
        "X": -5.0,
        "Y": -39.0,
        "Z": 8.018253
      }
    }
  },
  {
    "Type": "StaticMeshComponent",
    "Name": "StaticMeshComponent0",
    "Outer": "WoodMines_Floor_66",
    "Class": "UScriptClass'StaticMeshComponent'",
    "Template": {
      "ObjectName": "StaticMeshComponent'Default__WoodMines_Floor_C:StaticMeshComponent0'",
      "ObjectPath": "FortniteGame/Content/Building/ActorBlueprints/Floor/WoodMines_Floor.8"
    },
    "Properties": {
      "OverrideMaterials": [
        null
      ],
      "LDMaxDrawDistance": 22943.184,
      "CachedMaxDrawDistance": 22943.184,
      "LODParentPrimitive": {
        "ObjectName": "StaticMeshComponent'Athena_NP_1x1_Shack_001:PersistentLevel.LODActor_0.StaticMeshComponent0'",
        "ObjectPath": "FortniteGame/Content/Athena/Maps/Buildings/1x1/Athena_NP_1x1_Shack_001.30"
      },
      "RelativeLocation": {
        "X": 0.0,
        "Y": -256.0,
        "Z": 0.0
      }
    }
  },
  {
    "Type": "Storage_Crate01a_side_C",
    "Name": "Storage_Crate01a_side_2",
    "Outer": "PersistentLevel",
    "Class": "BlueprintGeneratedClass'FortniteGame/Content/Building/ActorBlueprints/Containers/Storage_Crate01a_Side.Storage_Crate01a_side_C'",
    "Template": {
      "ObjectName": "Storage_Crate01a_side_C'Default__Storage_Crate01a_side_C'",
      "ObjectPath": "FortniteGame/Content/Building/ActorBlueprints/Containers/Storage_Crate01a_Side.1"
    },
    "Properties": {
      "StaticMeshComponent": {
        "ObjectName": "StaticMeshComponent'Athena_NP_1x1_Shack_001:PersistentLevel.Storage_Crate01a_side_2.StaticMeshComponent0'",
        "ObjectPath": "FortniteGame/Content/Athena/Maps/Buildings/1x1/Athena_NP_1x1_Shack_001.36"
      },
      "MyGuid": "CAC3EDEC-4AF1D171-4EB0288A-0C9A23F7",
      "DataVersion": 1,
      "CullDistance": 8930.115,
      "RootComponent": {
        "ObjectName": "StaticMeshComponent'Athena_NP_1x1_Shack_001:PersistentLevel.Storage_Crate01a_side_2.StaticMeshComponent0'",
        "ObjectPath": "FortniteGame/Content/Athena/Maps/Buildings/1x1/Athena_NP_1x1_Shack_001.36"
      }
    }
  },
  {
    "Type": "Storage_Crate_Small01_C",
    "Name": "LCD_Crate_Small01_2",
    "Outer": "PersistentLevel",
    "Class": "BlueprintGeneratedClass'FortniteGame/Content/Building/ActorBlueprints/Containers/Storage_Crate_Small01.Storage_Crate_Small01_C'",
    "Template": {
      "ObjectName": "Storage_Crate_Small01_C'Default__Storage_Crate_Small01_C'",
      "ObjectPath": "FortniteGame/Content/Building/ActorBlueprints/Containers/Storage_Crate_Small01.1"
    },
    "Properties": {
      "StaticMeshComponent": {
        "ObjectName": "StaticMeshComponent'Athena_NP_1x1_Shack_001:PersistentLevel.LCD_Crate_Small01_2.StaticMeshComponent0'",
        "ObjectPath": "FortniteGame/Content/Athena/Maps/Buildings/1x1/Athena_NP_1x1_Shack_001.29"
      },
      "MyGuid": "B3354B38-4D3C8034-A51334AE-4A56C0BD",
      "DataVersion": 1,
      "CullDistance": 6283.4297,
      "RootComponent": {
        "ObjectName": "StaticMeshComponent'Athena_NP_1x1_Shack_001:PersistentLevel.LCD_Crate_Small01_2.StaticMeshComponent0'",
        "ObjectPath": "FortniteGame/Content/Athena/Maps/Buildings/1x1/Athena_NP_1x1_Shack_001.29"
      }
    }
  },
  {
    "Type": "Tiered_Athena_FloorLoot_01_C",
    "Name": "Tiered_Athena_FloorLoot_01_2",
    "Outer": "PersistentLevel",
    "Class": "BlueprintGeneratedClass'FortniteGame/Content/Athena/Environments/Blueprints/Tiered_Athena_FloorLoot_01.Tiered_Athena_FloorLoot_01_C'",
    "Template": {
      "ObjectName": "Tiered_Athena_FloorLoot_01_C'Default__Tiered_Athena_FloorLoot_01_C'",
      "ObjectPath": "FortniteGame/Content/Athena/Environments/Blueprints/Tiered_Athena_FloorLoot_01.1"
    },
    "Properties": {
      "StaticMeshComponent": {
        "ObjectName": "StaticMeshComponent'Athena_NP_1x1_Shack_001:PersistentLevel.Tiered_Athena_FloorLoot_01_2.StaticMeshComponent0'",
        "ObjectPath": "FortniteGame/Content/Athena/Maps/Buildings/1x1/Athena_NP_1x1_Shack_001.38"
      },
      "MyGuid": "D17C33DF-45AD3E49-573745A0-9355D6D5",
      "DataVersion": 1,
      "CullDistance": 10807.396,
      "RootComponent": {
        "ObjectName": "StaticMeshComponent'Athena_NP_1x1_Shack_001:PersistentLevel.Tiered_Athena_FloorLoot_01_2.StaticMeshComponent0'",
        "ObjectPath": "FortniteGame/Content/Athena/Maps/Buildings/1x1/Athena_NP_1x1_Shack_001.38"
      }
    }
  },
  {
    "Type": "WoodMines_Archway_C",
    "Name": "Girder35",
    "Outer": "PersistentLevel",
    "Class": "BlueprintGeneratedClass'FortniteGame/Content/Building/ActorBlueprints/Wall/WoodMines_Archway.WoodMines_Archway_C'",
    "Template": {
      "ObjectName": "WoodMines_Archway_C'Default__WoodMines_Archway_C'",
      "ObjectPath": "FortniteGame/Content/Building/ActorBlueprints/Wall/WoodMines_Archway.2"
    },
    "Properties": {
      "WoodCreakSound": {
        "ObjectName": "AudioComponent'Athena_NP_1x1_Shack_001:PersistentLevel.Girder35.WoodCreakSound'",
        "ObjectPath": "FortniteGame/Content/Athena/Maps/Buildings/1x1/Athena_NP_1x1_Shack_001.0"
      },
      "StaticMeshComponent": {
        "ObjectName": "StaticMeshComponent'Athena_NP_1x1_Shack_001:PersistentLevel.Girder35.StaticMeshComponent0'",
        "ObjectPath": "FortniteGame/Content/Athena/Maps/Buildings/1x1/Athena_NP_1x1_Shack_001.24"
      },
      "MyGuid": "DEE7E19B-4189AB3F-A8512396-4707EDEB",
      "DataVersion": 1,
      "CullDistance": 22943.184,
      "RootComponent": {
        "ObjectName": "StaticMeshComponent'Athena_NP_1x1_Shack_001:PersistentLevel.Girder35.StaticMeshComponent0'",
        "ObjectPath": "FortniteGame/Content/Athena/Maps/Buildings/1x1/Athena_NP_1x1_Shack_001.24"
      },
      "BlueprintCreatedComponents": [
        {
          "ObjectName": "AudioComponent'Athena_NP_1x1_Shack_001:PersistentLevel.Girder35.WoodCreakSound'",
          "ObjectPath": "FortniteGame/Content/Athena/Maps/Buildings/1x1/Athena_NP_1x1_Shack_001.0"
        }
      ]
    }
  },
  {
    "Type": "WoodMines_Archway_C",
    "Name": "Girder36",
    "Outer": "PersistentLevel",
    "Class": "BlueprintGeneratedClass'FortniteGame/Content/Building/ActorBlueprints/Wall/WoodMines_Archway.WoodMines_Archway_C'",
    "Template": {
      "ObjectName": "WoodMines_Archway_C'Default__WoodMines_Archway_C'",
      "ObjectPath": "FortniteGame/Content/Building/ActorBlueprints/Wall/WoodMines_Archway.2"
    },
    "Properties": {
      "WoodCreakSound": {
        "ObjectName": "AudioComponent'Athena_NP_1x1_Shack_001:PersistentLevel.Girder36.WoodCreakSound'",
        "ObjectPath": "FortniteGame/Content/Athena/Maps/Buildings/1x1/Athena_NP_1x1_Shack_001.1"
      },
      "StaticMeshComponent": {
        "ObjectName": "StaticMeshComponent'Athena_NP_1x1_Shack_001:PersistentLevel.Girder36.StaticMeshComponent0'",
        "ObjectPath": "FortniteGame/Content/Athena/Maps/Buildings/1x1/Athena_NP_1x1_Shack_001.25"
      },
      "MyGuid": "9B64C09D-48676C2F-2458FBBC-83935855",
      "DataVersion": 1,
      "CullDistance": 22943.184,
      "RootComponent": {
        "ObjectName": "StaticMeshComponent'Athena_NP_1x1_Shack_001:PersistentLevel.Girder36.StaticMeshComponent0'",
        "ObjectPath": "FortniteGame/Content/Athena/Maps/Buildings/1x1/Athena_NP_1x1_Shack_001.25"
      },
      "BlueprintCreatedComponents": [
        {
          "ObjectName": "AudioComponent'Athena_NP_1x1_Shack_001:PersistentLevel.Girder36.WoodCreakSound'",
          "ObjectPath": "FortniteGame/Content/Athena/Maps/Buildings/1x1/Athena_NP_1x1_Shack_001.1"
        }
      ]
    }
  },
  {
    "Type": "WoodMines_Archway_C",
    "Name": "Girder37",
    "Outer": "PersistentLevel",
    "Class": "BlueprintGeneratedClass'FortniteGame/Content/Building/ActorBlueprints/Wall/WoodMines_Archway.WoodMines_Archway_C'",
    "Template": {
      "ObjectName": "WoodMines_Archway_C'Default__WoodMines_Archway_C'",
      "ObjectPath": "FortniteGame/Content/Building/ActorBlueprints/Wall/WoodMines_Archway.2"
    },
    "Properties": {
      "WoodCreakSound": {
        "ObjectName": "AudioComponent'Athena_NP_1x1_Shack_001:PersistentLevel.Girder37.WoodCreakSound'",
        "ObjectPath": "FortniteGame/Content/Athena/Maps/Buildings/1x1/Athena_NP_1x1_Shack_001.2"
      },
      "StaticMeshComponent": {
        "ObjectName": "StaticMeshComponent'Athena_NP_1x1_Shack_001:PersistentLevel.Girder37.StaticMeshComponent0'",
        "ObjectPath": "FortniteGame/Content/Athena/Maps/Buildings/1x1/Athena_NP_1x1_Shack_001.26"
      },
      "MyGuid": "46B4A0FC-4D4B0D7F-6F3FED92-D01C242C",
      "DataVersion": 1,
      "CullDistance": 22943.184,
      "RootComponent": {
        "ObjectName": "StaticMeshComponent'Athena_NP_1x1_Shack_001:PersistentLevel.Girder37.StaticMeshComponent0'",
        "ObjectPath": "FortniteGame/Content/Athena/Maps/Buildings/1x1/Athena_NP_1x1_Shack_001.26"
      },
      "BlueprintCreatedComponents": [
        {
          "ObjectName": "AudioComponent'Athena_NP_1x1_Shack_001:PersistentLevel.Girder37.WoodCreakSound'",
          "ObjectPath": "FortniteGame/Content/Athena/Maps/Buildings/1x1/Athena_NP_1x1_Shack_001.2"
        }
      ]
    }
  },
  {
    "Type": "WoodMines_Archway_C",
    "Name": "Girder38",
    "Outer": "PersistentLevel",
    "Class": "BlueprintGeneratedClass'FortniteGame/Content/Building/ActorBlueprints/Wall/WoodMines_Archway.WoodMines_Archway_C'",
    "Template": {
      "ObjectName": "WoodMines_Archway_C'Default__WoodMines_Archway_C'",
      "ObjectPath": "FortniteGame/Content/Building/ActorBlueprints/Wall/WoodMines_Archway.2"
    },
    "Properties": {
      "WoodCreakSound": {
        "ObjectName": "AudioComponent'Athena_NP_1x1_Shack_001:PersistentLevel.Girder38.WoodCreakSound'",
        "ObjectPath": "FortniteGame/Content/Athena/Maps/Buildings/1x1/Athena_NP_1x1_Shack_001.3"
      },
      "StaticMeshComponent": {
        "ObjectName": "StaticMeshComponent'Athena_NP_1x1_Shack_001:PersistentLevel.Girder38.StaticMeshComponent0'",
        "ObjectPath": "FortniteGame/Content/Athena/Maps/Buildings/1x1/Athena_NP_1x1_Shack_001.27"
      },
      "MyGuid": "58E0A20C-4D52EFFA-00091E93-9BF3A079",
      "DataVersion": 1,
      "CullDistance": 22943.184,
      "RootComponent": {
        "ObjectName": "StaticMeshComponent'Athena_NP_1x1_Shack_001:PersistentLevel.Girder38.StaticMeshComponent0'",
        "ObjectPath": "FortniteGame/Content/Athena/Maps/Buildings/1x1/Athena_NP_1x1_Shack_001.27"
      },
      "BlueprintCreatedComponents": [
        {
          "ObjectName": "AudioComponent'Athena_NP_1x1_Shack_001:PersistentLevel.Girder38.WoodCreakSound'",
          "ObjectPath": "FortniteGame/Content/Athena/Maps/Buildings/1x1/Athena_NP_1x1_Shack_001.3"
        }
      ]
    }
  },
  {
    "Type": "WoodMines_Archway_C",
    "Name": "Girder39",
    "Outer": "PersistentLevel",
    "Class": "BlueprintGeneratedClass'FortniteGame/Content/Building/ActorBlueprints/Wall/WoodMines_Archway.WoodMines_Archway_C'",
    "Template": {
      "ObjectName": "WoodMines_Archway_C'Default__WoodMines_Archway_C'",
      "ObjectPath": "FortniteGame/Content/Building/ActorBlueprints/Wall/WoodMines_Archway.2"
    },
    "Properties": {
      "WoodCreakSound": {
        "ObjectName": "AudioComponent'Athena_NP_1x1_Shack_001:PersistentLevel.Girder39.WoodCreakSound'",
        "ObjectPath": "FortniteGame/Content/Athena/Maps/Buildings/1x1/Athena_NP_1x1_Shack_001.4"
      },
      "StaticMeshComponent": {
        "ObjectName": "StaticMeshComponent'Athena_NP_1x1_Shack_001:PersistentLevel.Girder39.StaticMeshComponent0'",
        "ObjectPath": "FortniteGame/Content/Athena/Maps/Buildings/1x1/Athena_NP_1x1_Shack_001.28"
      },
      "MyGuid": "CB69343B-401F9650-ADAB32B2-7BE429F3",
      "DataVersion": 1,
      "CullDistance": 22943.184,
      "RootComponent": {
        "ObjectName": "StaticMeshComponent'Athena_NP_1x1_Shack_001:PersistentLevel.Girder39.StaticMeshComponent0'",
        "ObjectPath": "FortniteGame/Content/Athena/Maps/Buildings/1x1/Athena_NP_1x1_Shack_001.28"
      },
      "BlueprintCreatedComponents": [
        {
          "ObjectName": "AudioComponent'Athena_NP_1x1_Shack_001:PersistentLevel.Girder39.WoodCreakSound'",
          "ObjectPath": "FortniteGame/Content/Athena/Maps/Buildings/1x1/Athena_NP_1x1_Shack_001.4"
        }
      ]
    }
  },
  {
    "Type": "WoodMines_Floor_C",
    "Name": "WoodMines_Floor_66",
    "Outer": "PersistentLevel",
    "Class": "BlueprintGeneratedClass'FortniteGame/Content/Building/ActorBlueprints/Floor/WoodMines_Floor.WoodMines_Floor_C'",
    "Template": {
      "ObjectName": "WoodMines_Floor_C'Default__WoodMines_Floor_C'",
      "ObjectPath": "FortniteGame/Content/Building/ActorBlueprints/Floor/WoodMines_Floor.3"
    },
    "Properties": {
      "WoodStressSound": {
        "ObjectName": "AudioComponent'Athena_NP_1x1_Shack_001:PersistentLevel.WoodMines_Floor_66.WoodStressSound'",
        "ObjectPath": "FortniteGame/Content/Athena/Maps/Buildings/1x1/Athena_NP_1x1_Shack_001.5"
      },
      "StaticMeshComponent": {
        "ObjectName": "StaticMeshComponent'Athena_NP_1x1_Shack_001:PersistentLevel.WoodMines_Floor_66.StaticMeshComponent0'",
        "ObjectPath": "FortniteGame/Content/Athena/Maps/Buildings/1x1/Athena_NP_1x1_Shack_001.39"
      },
      "MyGuid": "881D7E6B-4FC71667-3BCD94B0-9C5477E9",
      "DataVersion": 1,
      "CullDistance": 22943.184,
      "RootComponent": {
        "ObjectName": "StaticMeshComponent'Athena_NP_1x1_Shack_001:PersistentLevel.WoodMines_Floor_66.StaticMeshComponent0'",
        "ObjectPath": "FortniteGame/Content/Athena/Maps/Buildings/1x1/Athena_NP_1x1_Shack_001.39"
      },
      "BlueprintCreatedComponents": [
        {
          "ObjectName": "AudioComponent'Athena_NP_1x1_Shack_001:PersistentLevel.WoodMines_Floor_66.WoodStressSound'",
          "ObjectPath": "FortniteGame/Content/Athena/Maps/Buildings/1x1/Athena_NP_1x1_Shack_001.5"
        }
      ]
    }
  },
  {
    "Type": "World",
    "Name": "Athena_NP_1x1_Shack_001",
    "Class": "UScriptClass'World'",
    "Properties": {
      "DefaultPhysicsVolume": null
    },
    "PersistentLevel": {
      "ObjectName": "Level'Athena_NP_1x1_Shack_001:PersistentLevel'",
      "ObjectPath": "FortniteGame/Content/Athena/Maps/Buildings/1x1/Athena_NP_1x1_Shack_001.11"
    },
    "ExtraReferencedObjects": [],
    "StreamingLevels": []
  }
]