[
  {
    "Type": "BodySetup",
    "Name": "BodySetup_1",
    "Outer": "SM_Athena_REM_3x3_Shack_a_1_Factory_GarageDoorWay6",
    "Class": "UScriptClass'BodySetup'",
    "Properties": {
      "DefaultInstance": {
        "ObjectType": "ECC_WorldStatic",
        "CollisionEnabled": "ECollisionEnabled::QueryOnly",
        "CollisionProfileName": "BlockAll",
        "CollisionResponses": {
          "ResponseArray": [
            {
              "Channel": "FCC_Trace_WeaponCapsule",
              "Response": "ECR_Block"
            },
            {
              "Channel": "FCC_Object_PawnAI",
              "Response": "ECR_Block"
            },
            {
              "Channel": "FCC_Trace_WeaponMulti",
              "Response": "ECR_Block"
            },
            {
              "Channel": "FCC_Trace_Weapon",
              "Response": "ECR_Block"
            },
            {
              "Channel": "FCC_Object_Projectile",
              "Response": "ECR_Block"
            },
            {
              "Channel": "FCC_Object_ProjectileIgnoreAI",
              "Response": "ECR_Block"
            },
            {
              "Channel": "FCC_Object_ProjectileMesh",
              "Response": "ECR_Block"
            },
            {
              "Channel": "FCC_Object_SpectatorDroneCamera",
              "Response": "ECR_Block"
            },
            {
              "Channel": "FCC_Trace_WeaponPawnAndWorldMulti",
              "Response": "ECR_Block"
            }
          ]
        }
      }
    },
    "BodySetupGuid": "41CCB66D4AD849C71A2E2F8C3883C256"
  },
  {
    "Type": "HLODProxy",
    "Name": "Athena_REM_3x3_Shack_a_1_HLOD",
    "Class": "UScriptClass'HLODProxy'",
    "Properties": {
      "ProxyMeshes": [
        {
          "LODActor": {
            "Guid": "31A8FBC7-44CD4941-0E0422B1-C939C55C"
          },
          "StaticMesh": {
            "ObjectName": "StaticMesh'SM_Athena_REM_3x3_Shack_a_1_Factory_GarageDoorWay6'",
            "ObjectPath": "FortniteGame/Content/Athena/Maps/Buildings/3x3/HLOD/Athena_REM_3x3_Shack_a_1_HLOD.3"
          },
          "Key": "76927B120C6645ACB9200E7FB8896AC3_31A8FBC744CD49410E0422B1C939C55C_417DC273_D16D8ABA_E34FC738_ProxyLODMeshReduction"
        }
      ]
    }
  },
  {
    "Type": "MaterialInstanceConstant",
    "Name": "M_Athena_REM_3x3_Shack_a_1_Factory_GarageDoorWay6",
    "Class": "UScriptClass'MaterialInstanceConstant'",
    "Properties": {
      "Parent": {
        "ObjectName": "MaterialInstanceConstant'BaseFlattenMaterialAthena_MedHLOD_GrassReplace'",
        "ObjectPath": "FortniteGame/Content/Athena/HLODSetup/Materials/BaseFlattenMaterialAthena_MedHLOD_GrassReplace.0"
      },
      "bHasStaticPermutationResource": true,
      "ScalarParameterValues": [
        {
          "ParameterInfo": {
            "Name": "MetallicConst",
            "Association": "GlobalParameter",
            "Index": -1
          },
          "ParameterValue": 0.0,
          "ExpressionGUID": "DF762E36-47C779AB-3231ABBC-84920D01"
        },
        {
          "ParameterInfo": {
            "Name": "RoughnessConst",
            "Association": "GlobalParameter",
            "Index": -1
          },
          "ParameterValue": 1.0,
          "ExpressionGUID": "67948A44-4E72B482-DC859C95-1C1BEB62"
        },
        {
          "ParameterInfo": {
            "Name": "SpecularConst",
            "Association": "GlobalParameter",
            "Index": -1
          },
          "ParameterValue": 0.075,
          "ExpressionGUID": "F223E3CB-45C3161C-A86098BD-0550F837"
        },
        {
          "ParameterInfo": {
            "Name": "OpacityConst",
            "Association": "GlobalParameter",
            "Index": -1
          },
          "ParameterValue": 1.0,
          "ExpressionGUID": "5CD49B72-46AFD6EA-081F26B9-DF50808B"
        },
        {
          "ParameterInfo": {
            "Name": "OpacityMaskConst",
            "Association": "GlobalParameter",
            "Index": -1
          },
          "ParameterValue": 1.0,
          "ExpressionGUID": "C019A35E-469F1FBE-A5FA559C-9B07F150"
        },
        {
          "ParameterInfo": {
            "Name": "AmbientOcclusionConst",
            "Association": "GlobalParameter",
            "Index": -1
          },
          "ParameterValue": 1.0,
          "ExpressionGUID": "A4B0120B-45121C51-549CB6AE-11CBEC3D"
        }
      ],
      "TextureParameterValues": [
        {
          "ParameterInfo": {
            "Name": "DiffuseTexture",
            "Association": "GlobalParameter",
            "Index": -1
          },
          "ParameterValue": {
            "ObjectName": "Texture2D'T_Athena_REM_3x3_Shack_a_1_Factory_GarageDoorWay6_Diffuse'",
            "ObjectPath": "FortniteGame/Content/Athena/Maps/Buildings/3x3/HLOD/Athena_REM_3x3_Shack_a_1_HLOD.4"
          },
          "ExpressionGUID": "4E7AD77A-43D375BA-CEB77C86-73756268"
        }
      ],
      "BasePropertyOverrides": {
        "bOverride_DitheredLODTransition": true,
        "DitheredLODTransition": true,
        "OpacityMaskClipValue": 0.3333
      },
      "StaticParameters": {
        "StaticSwitchParameters": [
          {
            "ParameterInfo": {
              "Name": "UseDiffuse",
              "Association": "GlobalParameter",
              "Index": -1
            },
            "Value": true,
            "bOverride": true,
            "ExpressionGUID": "99BA8635-4EAA882F-9D4136AF-958BF760"
          }
        ]
      }
    }
  },
  {
    "Type": "StaticMesh",
    "Name": "SM_Athena_REM_3x3_Shack_a_1_Factory_GarageDoorWay6",
    "Class": "UScriptClass'StaticMesh'",
    "Properties": {
      "StaticMaterials": [
        {
          "MaterialInterface": {
            "ObjectName": "MaterialInstanceConstant'M_Athena_REM_3x3_Shack_a_1_Factory_GarageDoorWay6'",
            "ObjectPath": "FortniteGame/Content/Athena/Maps/Buildings/3x3/HLOD/Athena_REM_3x3_Shack_a_1_HLOD.2"
          },
          "MaterialSlotName": "M_Athena_REM_3x3_Shack_a_1_Factory_GarageDoorWay6",
          "ImportedMaterialSlotName": "M_Athena_REM_3x3_Shack_a_1_Factory_GarageDoorWay6",
          "UVChannelData": {
            "bInitialized": true,
            "bOverrideDensities": false,
            "LocalUVDensities": 3688.5986,
            "LocalUVDensities": 3688.5986,
            "LocalUVDensities": 0.0,
            "LocalUVDensities": 0.0
          }
        },
        {
          "MaterialInterface": {
            "ObjectName": "MaterialInstanceConstant'MI_Tree_02b_Impostor'",
            "ObjectPath": "FortniteGame/Content/ImpostorBaker/ImpostorLODs/Tree_02b/MI_Tree_02b_Impostor.0"
          },
          "MaterialSlotName": "MI_Tree_02b_Impostor",
          "ImportedMaterialSlotName": "MI_Tree_02b_Impostor",
          "UVChannelData": {
            "bInitialized": true,
            "bOverrideDensities": false,
            "LocalUVDensities": 7945.7896,
            "LocalUVDensities": 78.117874,
            "LocalUVDensities": 0.0,
            "LocalUVDensities": 0.0
          }
        },
        {
          "MaterialInterface": {
            "ObjectName": "MaterialInstanceConstant'MI_AthenaTreeMedium_01_Impostor'",
            "ObjectPath": "FortniteGame/Content/ImpostorBaker/ImpostorLODs/AthenaTreeMedium_01/MI_AthenaTreeMedium_01_Impostor.0"
          },
          "MaterialSlotName": "MI_AthenaTreeMedium_01_Impostor",
          "ImportedMaterialSlotName": "MI_AthenaTreeMedium_01_Impostor",
          "UVChannelData": {
            "bInitialized": true,
            "bOverrideDensities": false,
            "LocalUVDensities": 14479.593,
            "LocalUVDensities": 122.56106,
            "LocalUVDensities": 0.0,
            "LocalUVDensities": 0.0
          }
        }
      ],
      "LightmapUVDensity": 3773.0122,
      "LightMapResolution": 32,
      "PositiveBoundsExtension": {
        "X": 444.903,
        "Y": 412.255,
        "Z": 358.21472
      },
      "NegativeBoundsExtension": {
        "X": 0.0,
        "Y": 48.375122,
        "Z": 10.298737
      },
      "ExtendedBounds": {
        "Origin": {
          "X": -317.50284,
          "Y": 702.6112,
          "Z": 543.1581
        },
        "BoxExtent": {
          "X": 1019.9093,
          "Y": 1006.7731,
          "Z": 578.57214
        },
        "SphereRadius": 1545.4944
      }
    },
    "BodySetup": {
      "ObjectName": "BodySetup'SM_Athena_REM_3x3_Shack_a_1_Factory_GarageDoorWay6:BodySetup_1'",
      "ObjectPath": "FortniteGame/Content/Athena/Maps/Buildings/3x3/HLOD/Athena_REM_3x3_Shack_a_1_HLOD.0"
    },
    "NavCollision": null,
    "LightingGuid": "9F150D14-4DC84E4B-F9F5BEB0-8136BC33",
    "RenderData": {
      "LODs": [
        {
          "Sections": [
            {
              "MaterialIndex": 0,
              "FirstIndex": 0,
              "NumTriangles": 168,
              "MinVertexIndex": 0,
              "MaxVertexIndex": 160,
              "bEnableCollision": false,
              "bCastShadow": true,
              "bForceOpaque": false,
              "bVisibleInRayTracing": true
            },
            {
              "MaterialIndex": 1,
              "FirstIndex": 504,
              "NumTriangles": 2,
              "MinVertexIndex": 161,
              "MaxVertexIndex": 164,
              "bEnableCollision": false,
              "bCastShadow": true,
              "bForceOpaque": false,
              "bVisibleInRayTracing": true
            },
            {
              "MaterialIndex": 2,
              "FirstIndex": 510,
              "NumTriangles": 2,
              "MinVertexIndex": 165,
              "MaxVertexIndex": 168,
              "bEnableCollision": false,
              "bCastShadow": true,
              "bForceOpaque": false,
              "bVisibleInRayTracing": true
            }
          ],
          "MaxDeviation": 0.0,
          "PositionVertexBuffer": {
            "Stride": 12,
            "NumVertices": 169
          },
          "VertexBuffer": {
            "NumTexCoords": 4,
            "NumVertices": 169,
            "Strides": -1,
            "UseHighPrecisionTangentBasis": false,
            "UseFullPrecisionUVs": false
          },
          "ColorVertexBuffer": {
            "Data": [],
            "Stride": 0,
            "NumVertices": 0
          }
        }
      ],
      "Bounds": {
        "Origin": {
          "X": -539.95435,
          "Y": 520.67126,
          "Z": 369.2001
        },
        "BoxExtent": {
          "X": 797.45776,
          "Y": 776.458,
          "Z": 394.31543
        },
        "SphereRadius": 1164.3099
      },
      "bLODsShareStaticLighting": true,
      "ScreenSize": [
        1.0,
        0.0,
        0.0,
        0.0,
        0.0,
        0.0,
        0.0,
        0.0
      ]
    }
  },
  {
    "Type": "Texture2D",
    "Name": "T_Athena_REM_3x3_Shack_a_1_Factory_GarageDoorWay6_Diffuse",
    "Class": "UScriptClass'Texture2D'",
    "Properties": {
      "ImportedSize": {
        "X": 256,
        "Y": 256
      },
      "LightingGuid": "9208F4D0-4688F37F-47007D8A-01B57FCA",
      "LODGroup": "TEXTUREGROUP_HierarchicalLOD"
    },
    "SizeX": 0,
    "SizeY": 0,
    "PackedData": 0,
    "PixelFormat": "PF_Unknown",
    "FirstMipToSerialize": -1
  }
]