[
  {
    "Type": "BodySetup",
    "Name": "BodySetup_1",
    "Outer": "SM_Athena_ICE_3x3_Statues_001_1_SM_Athena_IceCliff_02_Chunk3_2",
    "Class": "UScriptClass'BodySetup'",
    "Properties": {
      "DefaultInstance": {
        "ObjectType": "ECC_WorldStatic",
        "CollisionEnabled": "ECollisionEnabled::QueryOnly",
        "CollisionProfileName": "BlockAll",
        "CollisionResponses": {
          "ResponseArray": [
            {
              "Channel": "FCC_Trace_WeaponCapsule",
              "Response": "ECR_Block"
            },
            {
              "Channel": "FCC_Object_PawnAI",
              "Response": "ECR_Block"
            },
            {
              "Channel": "FCC_Trace_WeaponMulti",
              "Response": "ECR_Block"
            },
            {
              "Channel": "FCC_Trace_Weapon",
              "Response": "ECR_Block"
            },
            {
              "Channel": "FCC_Object_Projectile",
              "Response": "ECR_Block"
            },
            {
              "Channel": "FCC_Object_ProjectileIgnoreAI",
              "Response": "ECR_Block"
            },
            {
              "Channel": "FCC_Object_ProjectileMesh",
              "Response": "ECR_Block"
            },
            {
              "Channel": "FCC_Object_SpectatorDroneCamera",
              "Response": "ECR_Block"
            },
            {
              "Channel": "FCC_Trace_WeaponPawnAndWorldMulti",
              "Response": "ECR_Block"
            }
          ]
        }
      }
    },
    "BodySetupGuid": "2156AE904F23074E71493A9B6043E18E"
  },
  {
    "Type": "HLODProxy",
    "Name": "Athena_ICE_3x3_Statues_001_1_HLOD",
    "Class": "UScriptClass'HLODProxy'",
    "Properties": {
      "ProxyMeshes": [
        {
          "LODActor": {
            "Guid": "4162311F-4E255C5A-93A1F19A-C9E70420"
          },
          "StaticMesh": {
            "ObjectName": "StaticMesh'SM_Athena_ICE_3x3_Statues_001_1_SM_Athena_IceCliff_02_Chunk3_2'",
            "ObjectPath": "FortniteGame/Content/Athena/Maps/Buildings/3x3/HLOD/Athena_ICE_3x3_Statues_001_1_HLOD.3"
          },
          "Key": "76927B120C6645ACB9200E7FB8896AC3_4162311F4E255C5A93A1F19AC9E70420_417DC273_36D64577_A89DA217_ProxyLODMeshReduction"
        }
      ]
    }
  },
  {
    "Type": "MaterialInstanceConstant",
    "Name": "M_Athena_ICE_3x3_Statues_001_1_SM_Athena_IceCliff_02_Chunk3_2",
    "Class": "UScriptClass'MaterialInstanceConstant'",
    "Properties": {
      "Parent": {
        "ObjectName": "Material'BaseFlattenMaterialAthena_MedHLOD'",
        "ObjectPath": "FortniteGame/Content/Athena/HLODSetup/Materials/BaseFlattenMaterialAthena_MedHLOD.0"
      },
      "bHasStaticPermutationResource": true,
      "ScalarParameterValues": [
        {
          "ParameterInfo": {
            "Name": "MetallicConst",
            "Association": "GlobalParameter",
            "Index": -1
          },
          "ParameterValue": 0.0,
          "ExpressionGUID": "DF762E36-47C779AB-3231ABBC-84920D01"
        },
        {
          "ParameterInfo": {
            "Name": "RoughnessConst",
            "Association": "GlobalParameter",
            "Index": -1
          },
          "ParameterValue": 1.0,
          "ExpressionGUID": "67948A44-4E72B482-DC859C95-1C1BEB62"
        },
        {
          "ParameterInfo": {
            "Name": "SpecularConst",
            "Association": "GlobalParameter",
            "Index": -1
          },
          "ParameterValue": 0.075,
          "ExpressionGUID": "F223E3CB-45C3161C-A86098BD-0550F837"
        },
        {
          "ParameterInfo": {
            "Name": "OpacityConst",
            "Association": "GlobalParameter",
            "Index": -1
          },
          "ParameterValue": 1.0,
          "ExpressionGUID": "5CD49B72-46AFD6EA-081F26B9-DF50808B"
        },
        {
          "ParameterInfo": {
            "Name": "OpacityMaskConst",
            "Association": "GlobalParameter",
            "Index": -1
          },
          "ParameterValue": 1.0,
          "ExpressionGUID": "C019A35E-469F1FBE-A5FA559C-9B07F150"
        },
        {
          "ParameterInfo": {
            "Name": "AmbientOcclusionConst",
            "Association": "GlobalParameter",
            "Index": -1
          },
          "ParameterValue": 1.0,
          "ExpressionGUID": "A4B0120B-45121C51-549CB6AE-11CBEC3D"
        },
        {
          "ParameterInfo": {
            "Name": "NumInstances",
            "Association": "GlobalParameter",
            "Index": -1
          },
          "ParameterValue": 4.0,
          "ExpressionGUID": "89A789C9-4BD3AB18-EE75FA87-09B6B661"
        }
      ],
      "TextureParameterValues": [
        {
          "ParameterInfo": {
            "Name": "DiffuseTexture",
            "Association": "GlobalParameter",
            "Index": -1
          },
          "ParameterValue": {
            "ObjectName": "Texture2D'T_Athena_ICE_3x3_Statues_001_1_SM_Athena_IceCliff_02_Chunk3_2_Diffuse'",
            "ObjectPath": "FortniteGame/Content/Athena/Maps/Buildings/3x3/HLOD/Athena_ICE_3x3_Statues_001_1_HLOD.4"
          },
          "ExpressionGUID": "4E7AD77A-43D375BA-CEB77C86-73756268"
        }
      ],
      "BasePropertyOverrides": {
        "bOverride_DitheredLODTransition": true,
        "bOverride_TwoSided": true,
        "DitheredLODTransition": true,
        "OpacityMaskClipValue": 0.3333
      },
      "StaticParameters": {
        "StaticSwitchParameters": [
          {
            "ParameterInfo": {
              "Name": "UseDiffuse",
              "Association": "GlobalParameter",
              "Index": -1
            },
            "Value": true,
            "bOverride": true,
            "ExpressionGUID": "99BA8635-4EAA882F-9D4136AF-958BF760"
          },
          {
            "ParameterInfo": {
              "Name": "UseDamageEffect",
              "Association": "GlobalParameter",
              "Index": -1
            },
            "Value": true,
            "bOverride": true,
            "ExpressionGUID": "8099A180-4AE6F418-74A76194-DDFE7CBD"
          },
          {
            "ParameterInfo": {
              "Name": "UseWobbleEffect",
              "Association": "GlobalParameter",
              "Index": -1
            },
            "Value": true,
            "bOverride": true,
            "ExpressionGUID": "A6968D12-4DC0F094-C07B9F86-2999B019"
          }
        ]
      }
    }
  },
  {
    "Type": "StaticMesh",
    "Name": "SM_Athena_ICE_3x3_Statues_001_1_SM_Athena_IceCliff_02_Chunk3_2",
    "Class": "UScriptClass'StaticMesh'",
    "Properties": {
      "StaticMaterials": [
        {
          "MaterialInterface": {
            "ObjectName": "MaterialInstanceConstant'M_Athena_ICE_3x3_Statues_001_1_SM_Athena_IceCliff_02_Chunk3_2'",
            "ObjectPath": "FortniteGame/Content/Athena/Maps/Buildings/3x3/HLOD/Athena_ICE_3x3_Statues_001_1_HLOD.2"
          },
          "MaterialSlotName": "M_Athena_ICE_3x3_Statues_001_1_SM_Athena_IceCliff_02_Chunk3_2",
          "ImportedMaterialSlotName": "M_Athena_ICE_3x3_Statues_001_1_SM_Athena_IceCliff_02_Chunk3_2",
          "UVChannelData": {
            "bInitialized": true,
            "bOverrideDensities": false,
            "LocalUVDensities": 1787.6024,
            "LocalUVDensities": 1787.6024,
            "LocalUVDensities": 0.0,
            "LocalUVDensities": 0.0
          }
        }
      ],
      "LightmapUVDensity": 1787.6024,
      "LightMapResolution": 32,
      "ExtendedBounds": {
        "Origin": {
          "X": -317.65216,
          "Y": 444.52432,
          "Z": 115.95834
        },
        "BoxExtent": {
          "X": 367.97516,
          "Y": 350.5671,
          "Z": 466.40738
        },
        "SphereRadius": 481.6531
      }
    },
    "BodySetup": {
      "ObjectName": "BodySetup'SM_Athena_ICE_3x3_Statues_001_1_SM_Athena_IceCliff_02_Chunk3_2:BodySetup_1'",
      "ObjectPath": "FortniteGame/Content/Athena/Maps/Buildings/3x3/HLOD/Athena_ICE_3x3_Statues_001_1_HLOD.0"
    },
    "NavCollision": null,
    "LightingGuid": "B5F9C8D0-4C782421-17B346B8-F4B8D27E",
    "RenderData": {
      "LODs": [
        {
          "Sections": [
            {
              "MaterialIndex": 0,
              "FirstIndex": 0,
              "NumTriangles": 186,
              "MinVertexIndex": 0,
              "MaxVertexIndex": 152,
              "bEnableCollision": false,
              "bCastShadow": true,
              "bForceOpaque": false,
              "bVisibleInRayTracing": true
            }
          ],
          "MaxDeviation": 0.0,
          "PositionVertexBuffer": {
            "Stride": 12,
            "NumVertices": 153
          },
          "VertexBuffer": {
            "NumTexCoords": 2,
            "NumVertices": 153,
            "Strides": -1,
            "UseHighPrecisionTangentBasis": false,
            "UseFullPrecisionUVs": false
          },
          "ColorVertexBuffer": {
            "Data": [],
            "Stride": 0,
            "NumVertices": 0
          }
        }
      ],
      "Bounds": {
        "Origin": {
          "X": -317.65216,
          "Y": 444.52432,
          "Z": 115.95834
        },
        "BoxExtent": {
          "X": 367.97516,
          "Y": 350.5671,
          "Z": 466.40738
        },
        "SphereRadius": 481.6531
      },
      "bLODsShareStaticLighting": true,
      "ScreenSize": [
        1.0,
        0.0,
        0.0,
        0.0,
        0.0,
        0.0,
        0.0,
        0.0
      ]
    }
  },
  {
    "Type": "Texture2D",
    "Name": "T_Athena_ICE_3x3_Statues_001_1_SM_Athena_IceCliff_02_Chunk3_2_Diffuse",
    "Class": "UScriptClass'Texture2D'",
    "Properties": {
      "ImportedSize": {
        "X": 256,
        "Y": 256
      },
      "LightingGuid": "E0374CF0-4B2C91EF-2C468784-93341A5E",
      "LODGroup": "TEXTUREGROUP_HierarchicalLOD"
    },
    "SizeX": 0,
    "SizeY": 0,
    "PackedData": 0,
    "PixelFormat": "PF_Unknown",
    "FirstMipToSerialize": -1
  }
]