[
  {
    "Type": "BodySetup",
    "Name": "BodySetup_1",
    "Outer": "Athena_ARID_3x3_BridgeShack_a_0_WoodMines_Floor54",
    "Class": "UScriptClass'BodySetup'",
    "Properties": {
      "DefaultInstance": {
        "ObjectType": "ECC_WorldStatic",
        "CollisionEnabled": "ECollisionEnabled::QueryOnly",
        "CollisionProfileName": "BlockAll",
        "CollisionResponses": {
          "ResponseArray": [
            {
              "Channel": "FCC_Trace_WeaponCapsule",
              "Response": "ECR_Block"
            },
            {
              "Channel": "FCC_Object_PawnAI",
              "Response": "ECR_Block"
            },
            {
              "Channel": "FCC_Trace_WeaponMulti",
              "Response": "ECR_Block"
            },
            {
              "Channel": "FCC_Trace_Weapon",
              "Response": "ECR_Block"
            },
            {
              "Channel": "FCC_Object_Projectile",
              "Response": "ECR_Block"
            },
            {
              "Channel": "FCC_Object_ProjectileIgnoreAI",
              "Response": "ECR_Block"
            },
            {
              "Channel": "FCC_Object_ProjectileMesh",
              "Response": "ECR_Block"
            },
            {
              "Channel": "FCC_Object_SpectatorDroneCamera",
              "Response": "ECR_Block"
            },
            {
              "Channel": "FCC_Trace_WeaponPawnAndWorldMulti",
              "Response": "ECR_Block"
            }
          ]
        }
      }
    },
    "BodySetupGuid": "FE681884495864407061C7BD70CE2E1E"
  },
  {
    "Type": "HLODProxy",
    "Name": "Athena_ARID_3x3_BridgeShack_a_0_HLOD",
    "Class": "UScriptClass'HLODProxy'",
    "Properties": {
      "ProxyMeshes": [
        {
          "LODActor": {
            "Guid": "008222F9-4FB82410-B396AC84-5DB4EAFF"
          },
          "StaticMesh": {
            "ObjectName": "StaticMesh'Athena_ARID_3x3_BridgeShack_a_0_WoodMines_Floor54'",
            "ObjectPath": "FortniteGame/Content/Athena/Maps/Buildings/3x3/HLOD/Athena_ARID_3x3_BridgeShack_a_0_HLOD.3"
          },
          "Key": "76927B120C6645ACB9200E7FB8896AC3_008222F94FB82410B396AC845DB4EAFF_F8B99ED8_36D64577_B68E8E76_ProxyLODMeshReduction"
        }
      ]
    }
  },
  {
    "Type": "MaterialInstanceConstant",
    "Name": "M_M_Athena_ARID_3x3_BridgeShack_a_0_WoodMines_Floor54",
    "Class": "UScriptClass'MaterialInstanceConstant'",
    "Properties": {
      "Parent": {
        "ObjectName": "Material'BaseFlattenMaterialAthena_MedHLOD'",
        "ObjectPath": "FortniteGame/Content/Athena/HLODSetup/Materials/BaseFlattenMaterialAthena_MedHLOD.0"
      },
      "bHasStaticPermutationResource": true,
      "ScalarParameterValues": [
        {
          "ParameterInfo": {
            "Name": "MetallicConst",
            "Association": "GlobalParameter",
            "Index": -1
          },
          "ParameterValue": 0.0,
          "ExpressionGUID": "DF762E36-47C779AB-3231ABBC-84920D01"
        },
        {
          "ParameterInfo": {
            "Name": "RoughnessConst",
            "Association": "GlobalParameter",
            "Index": -1
          },
          "ParameterValue": 1.0,
          "ExpressionGUID": "67948A44-4E72B482-DC859C95-1C1BEB62"
        },
        {
          "ParameterInfo": {
            "Name": "SpecularConst",
            "Association": "GlobalParameter",
            "Index": -1
          },
          "ParameterValue": 0.5,
          "ExpressionGUID": "F223E3CB-45C3161C-A86098BD-0550F837"
        },
        {
          "ParameterInfo": {
            "Name": "OpacityConst",
            "Association": "GlobalParameter",
            "Index": -1
          },
          "ParameterValue": 1.0,
          "ExpressionGUID": "5CD49B72-46AFD6EA-081F26B9-DF50808B"
        },
        {
          "ParameterInfo": {
            "Name": "OpacityMaskConst",
            "Association": "GlobalParameter",
            "Index": -1
          },
          "ParameterValue": 1.0,
          "ExpressionGUID": "C019A35E-469F1FBE-A5FA559C-9B07F150"
        },
        {
          "ParameterInfo": {
            "Name": "AmbientOcclusionConst",
            "Association": "GlobalParameter",
            "Index": -1
          },
          "ParameterValue": 1.0,
          "ExpressionGUID": "A4B0120B-45121C51-549CB6AE-11CBEC3D"
        },
        {
          "ParameterInfo": {
            "Name": "NumInstances",
            "Association": "GlobalParameter",
            "Index": -1
          },
          "ParameterValue": 32.0,
          "ExpressionGUID": "89A789C9-4BD3AB18-EE75FA87-09B6B661"
        }
      ],
      "TextureParameterValues": [
        {
          "ParameterInfo": {
            "Name": "DiffuseTexture",
            "Association": "GlobalParameter",
            "Index": -1
          },
          "ParameterValue": {
            "ObjectName": "Texture2D'M_Athena_ARID_3x3_BridgeShack_a_0_WoodMines_Floor54_Diffuse'",
            "ObjectPath": "FortniteGame/Content/Athena/Maps/Buildings/3x3/HLOD/Athena_ARID_3x3_BridgeShack_a_0_HLOD.4"
          },
          "ExpressionGUID": "4E7AD77A-43D375BA-CEB77C86-73756268"
        }
      ],
      "BasePropertyOverrides": {
        "bOverride_DitheredLODTransition": true,
        "bOverride_TwoSided": true,
        "DitheredLODTransition": true,
        "OpacityMaskClipValue": 0.3333
      },
      "StaticParameters": {
        "StaticSwitchParameters": [
          {
            "ParameterInfo": {
              "Name": "UseDiffuse",
              "Association": "GlobalParameter",
              "Index": -1
            },
            "Value": true,
            "bOverride": true,
            "ExpressionGUID": "99BA8635-4EAA882F-9D4136AF-958BF760"
          },
          {
            "ParameterInfo": {
              "Name": "UseDamageEffect",
              "Association": "GlobalParameter",
              "Index": -1
            },
            "Value": true,
            "bOverride": true,
            "ExpressionGUID": "8099A180-4AE6F418-74A76194-DDFE7CBD"
          },
          {
            "ParameterInfo": {
              "Name": "UseWobbleEffect",
              "Association": "GlobalParameter",
              "Index": -1
            },
            "Value": true,
            "bOverride": true,
            "ExpressionGUID": "A6968D12-4DC0F094-C07B9F86-2999B019"
          }
        ]
      }
    }
  },
  {
    "Type": "StaticMesh",
    "Name": "Athena_ARID_3x3_BridgeShack_a_0_WoodMines_Floor54",
    "Class": "UScriptClass'StaticMesh'",
    "Properties": {
      "StaticMaterials": [
        {
          "MaterialInterface": {
            "ObjectName": "MaterialInstanceConstant'M_M_Athena_ARID_3x3_BridgeShack_a_0_WoodMines_Floor54'",
            "ObjectPath": "FortniteGame/Content/Athena/Maps/Buildings/3x3/HLOD/Athena_ARID_3x3_BridgeShack_a_0_HLOD.2"
          },
          "MaterialSlotName": "M_M_Athena_ARID_3x3_BridgeShack_a_0_WoodMines_Floor54",
          "ImportedMaterialSlotName": "M_M_Athena_ARID_3x3_BridgeShack_a_0_WoodMines_Floor54",
          "UVChannelData": {
            "bInitialized": true,
            "bOverrideDensities": false,
            "LocalUVDensities": 2909.8022,
            "LocalUVDensities": 0.0,
            "LocalUVDensities": 0.0,
            "LocalUVDensities": 0.0
          }
        }
      ],
      "LightmapUVDensity": 2909.8022,
      "LightMapResolution": 256,
      "bHasNavigationData": false,
      "ExtendedBounds": {
        "Origin": {
          "X": 717.90375,
          "Y": -288.88623,
          "Z": 455.66943
        },
        "BoxExtent": {
          "X": 842.8952,
          "Y": 608.88654,
          "Z": 504.37637
        },
        "SphereRadius": 1098.1078
      }
    },
    "BodySetup": {
      "ObjectName": "BodySetup'Athena_ARID_3x3_BridgeShack_a_0_WoodMines_Floor54:BodySetup_1'",
      "ObjectPath": "FortniteGame/Content/Athena/Maps/Buildings/3x3/HLOD/Athena_ARID_3x3_BridgeShack_a_0_HLOD.0"
    },
    "NavCollision": null,
    "LightingGuid": "1D11B9EA-424ABF60-48FB4194-55E221FD",
    "RenderData": {
      "LODs": [
        {
          "Sections": [
            {
              "MaterialIndex": 0,
              "FirstIndex": 0,
              "NumTriangles": 2452,
              "MinVertexIndex": 0,
              "MaxVertexIndex": 3314,
              "bEnableCollision": false,
              "bCastShadow": true,
              "bForceOpaque": false,
              "bVisibleInRayTracing": true
            }
          ],
          "MaxDeviation": 0.0,
          "PositionVertexBuffer": {
            "Stride": 12,
            "NumVertices": 3315
          },
          "VertexBuffer": {
            "NumTexCoords": 1,
            "NumVertices": 3315,
            "Strides": -1,
            "UseHighPrecisionTangentBasis": false,
            "UseFullPrecisionUVs": false
          },
          "ColorVertexBuffer": {
            "Data": [
              "00000007",
              "00000007",
              "00000007",
              "00000008",
              "00000008",
              "00000008",
              "0000000A",
              "0000000A",
              "0000000A",
              "0000000A",
              "0000000A",
              "0000000A",
              "0000000A",
              "0000000A",
              "0000000A",
              "0000000B",
              "0000000B",
              "0000000B",
              "0000000B",
              "0000000B",
              "0000000B",
              "00000010",
              "00000010",
              "00000010",
              "00000010",
              "00000010",
              "00000010",
              "00000010",
              "00000010",
              "00000010",
              "00000015",
              "00000015",
              "00000015",
              "00000015",
              "00000015",
              "00000015",
              "00000015",
              "00000015",
              "00000015",
              "00000015",
              "00000015",
              "00000015",
              "00000015",
              "00000015",
              "00000015",
              "00000015",
              "00000015",
              "00000015",
              "00000015",
              "00000015",
              "00000015",
              "00000015",
              "00000015",
              "00000015",
              "00000015",
              "00000015",
              "00000015",
              "00000015",
              "00000015",
              "00000015",
              "00000016",
              "00000016",
              "00000016",
              "00000016",
              "00000016",
              "00000016",
              "00000016",
              "00000016",
              "00000016",
              "00000016",
              "00000016",
              "00000016",
              "00000017",
              "00000017",
              "00000017",
              "00000017",
              "00000017",
              "00000017",
              "00000017",
              "00000017",
              "00000017",
              "00000017",
              "00000017",
              "00000017",
              "00000018",
              "00000018",
              "00000018",
              "00000018",
              "00000018",
              "00000018",
              "00000018",
              "00000018",
              "00000018",
              "00000018",
              "00000018",
              "00000018",
              "0000001D",
              "0000001D",
              "0000001D",
              "0000001D",
              "0000001D",
              "0000001D",
              "0000001D",
              "0000001D",
              "0000001D",
              "0000001D",
              "0000001D",
              "0000001D",
              "0000001D",
              "0000001D",
              "0000001D",
              "0000001D",
              "0000001D",
              "0000001D",
              "0000001D",
              "0000001D",
              "0000001D",
              "0000001D",
              "0000001D",
              "0000001D",
              "0000001D",
              "0000001D",
              "0000001D",
              "0000001D",
              "0000001D",
              "0000001D",
              "00000001",
              "00000001",
              "00000001",
              "00000001",
              "00000001",
              "00000001",
              "00000001",
              "00000001",
              "00000001",
              "00000001",
              "00000001",
              "00000001",
              "00000001",
              "00000001",
              "00000001",
              "00000001",
              "00000001",
              "00000001",
              "00000001",
              "00000001",
              "00000001",
              "00000001",
              "00000001",
              "00000001",
              "00000001",
              "00000001",
              "00000001",
              "00000001",
              "00000001",
              "00000001",
              "00000001",
              "00000001",
              "00000001",
              "00000001",
              "00000001",
              "00000001",
              "00000001",
              "00000001",
              "00000001",
              "00000001",
              "00000001",
              "00000001",
              "00000001",
              "00000001",
              "00000001",
              "00000001",
              "00000001",
              "00000001",
              "00000001",
              "00000001",
              "00000001",
              "00000001",
              "00000001",
              "00000001",
              "00000001",
              "00000001",
              "00000001",
              "00000001",
              "00000001",
              "00000001",
              "00000001",
              "00000001",
              "00000001",
              "00000001",
              "00000001",
              "00000001",
              "00000001",
              "00000001",
              "00000001",
              "00000001",
              "00000001",
              "00000001",
              "00000001",
              "00000001",
              "00000001",
              "00000001",
              "00000001",
              "00000001",
              "00000001",
              "00000001",
              "00000001",
              "00000001",
              "00000001",
              "00000001",
              "00000001",
              "00000001",
              "00000001",
              "00000001",
              "00000001",
              "00000001",
              "00000001",
              "00000001",
              "00000001",
              "00000001",
              "00000001",
              "00000001",
              "00000001",
              "00000001",
              "00000001",
              "00000001",
              "00000001",
              "00000001",
              "00000001",
              "00000001",
              "00000001",
              "00000001",
              "00000001",
              "00000001",
              "00000001",
              "00000001",
              "00000001",
              "00000001",
              "00000001",
              "00000001",
              "00000001",
              "00000001",
              "00000001",
              "00000001",
              "00000001",
              "00000001",
              "00000001",
              "00000001",
              "00000001",
              "00000001",
              "00000001",
              "00000001",
              "00000001",
              "00000001",
              "00000001",
              "00000001",
              "00000001",
              "00000001",
              "00000001",
              "00000001",
              "00000001",
              "00000001",
              "00000001",
              "00000001",
              "00000001",
              "00000001",
              "00000001",
              "00000001",
              "00000001",
              "00000001",
              "00000001",
              "00000001",
              "00000001",
              "00000001",
              "00000001",
              "00000001",
              "00000001",
              "00000001",
              "00000001",
              "00000001",
              "00000001",
              "00000001",
              "00000001",
              "00000001",
              "00000001",
              "00000001",
              "00000001",
              "00000001",
              "00000001",
              "00000001",
              "00000001",
              "00000001",
              "00000001",
              "00000001",
              "00000001",
              "00000001",
              "00000001",
              "00000001",
              "00000001",
              "00000001",
              "00000001",
              "00000001",
              "00000001",
              "00000001",
              "00000001",
              "00000001",
              "00000001",
              "00000001",
              "00000001",
              "00000001",
              "00000001",
              "00000001",
              "00000001",
              "00000001",
              "00000001",
              "00000001",
              "00000001",
              "00000001",
              "00000001",
              "00000001",
              "00000001",
              "00000001",
              "00000001",
              "00000001",
              "00000001",
              "00000001",
              "00000001",
              "00000001",
              "00000001",
              "00000001",
              "00000001",
              "00000001",
              "00000001",
              "00000001",
              "00000006",
              "00000006",
              "00000006",
              "00000006",
              "00000006",
              "00000006",
              "00000006",
              "00000006",
              "00000007",
              "00000007",
              "00000007",
              "00000007",
              "00000007",
              "00000007",
              "00000007",
              "00000007",
              "00000007",
              "00000007",
              "00000007",
              "00000007",
              "00000007",
              "00000007",
              "00000007",
              "00000007",
              "00000007",
              "00000007",
              "00000007",
              "00000007",
              "00000007",
              "00000007",
              "00000007",
              "00000007",
              "00000007",
              "00000007",
              "00000007",
              "00000007",
              "00000007",
              "00000007",
              "00000007",
              "00000007",
              "00000008",
              "00000008",
              "00000008",
              "00000008",
              "00000008",
              "00000008",
              "00000008",
              "00000008",
              "00000008",
              "00000008",
              "00000008",
              "00000008",
              "00000008",
              "00000008",
              "00000008",
              "00000008",
              "00000008",
              "00000008",
              "00000008",
              "00000008",
              "00000008",
              "00000008",
              "00000008",
              "00000008",
              "00000008",
              "00000008",
              "00000008",
              "00000008",
              "00000008",
              "00000008",
              "00000008",
              "00000008",
              "00000009",
              "00000009",
              "00000009",
              "00000009",
              "00000009",
              "00000009",
              "00000009",
              "00000009",
              "0000000A",
              "0000000A",
              "0000000A",
              "0000000A",
              "0000000A",
              "0000000A",
              "0000000A",
              "0000000A",
              "0000000A",
              "0000000A",
              "0000000A",
              "0000000A",
              "0000000A",
              "0000000A",
              "0000000A",
              "0000000A",
              "0000000A",
              "0000000A",
              "0000000A",
              "0000000A",
              "0000000A",
              "0000000A",
              "0000000A",
              "0000000A",
              "0000000A",
              "0000000A",
              "0000000A",
              "0000000A",
              "0000000A",
              "0000000A",
              "0000000A",
              "0000000A",
              "0000000A",
              "0000000A",
              "0000000A",
              "0000000A",
              "0000000B",
              "0000000B",
              "0000000B",
              "0000000B",
              "0000000B",
              "0000000B",
              "0000000B",
              "0000000B",
              "0000000B",
              "0000000B",
              "0000000B",
              "0000000B",
              "0000000B",
              "0000000B",
              "0000000B",
              "0000000B",
              "00000010",
              "00000010",
              "00000010",
              "00000010",
              "00000010",
              "00000010",
              "00000010",
              "00000010",
              "00000010",
              "00000010",
              "00000010",
              "00000010",
              "00000010",
              "00000010",
              "00000010",
              "00000010",
              "00000010",
              "00000010",
              "00000010",
              "00000010",
              "00000010",
              "00000010",
              "00000010",
              "00000010",
              "00000010",
              "00000010",
              "00000010",
              "00000010",
              "00000010",
              "00000010",
              "00000010",
              "00000010",
              "00000010",
              "00000010",
              "00000010",
              "00000010",
              "00000011",
              "00000011",
              "00000011",
              "00000011",
              "00000011",
              "00000011",
              "00000011",
              "00000011",
              "00000011",
              "00000011",
              "00000011",
              "00000011",
              "00000011",
              "00000011",
              "00000011",
              "00000011",
              "00000011",
              "00000011",
              "00000011",
              "00000011",
              "00000012",
              "00000012",
              "00000012",
              "00000012",
              "00000012",
              "00000012",
              "00000012",
              "00000012",
              "00000012",
              "00000012",
              "00000012",
              "00000012",
              "00000012",
              "00000012",
              "00000012",
              "00000012",
              "00000012",
              "00000012",
              "00000012",
              "00000012",
              "00000012",
              "00000012",
              "00000012",
              "00000012",
              "00000012",
              "00000012",
              "00000012",
              "00000012",
              "00000012",
              "00000012",
              "00000012",
              "00000012",
              "00000013",
              "00000013",
              "00000013",
              "00000013",
              "00000013",
              "00000013",
              "00000013",
              "00000013",
              "00000013",
              "00000013",
              "00000013",
              "00000013",
              "00000013",
              "00000013",
              "00000013",
              "00000013",
              "00000013",
              "00000013",
              "00000013",
              "00000013",
              "00000013",
              "00000013",
              "00000013",
              "00000013",
              "00000013",
              "00000013",
              "00000013",
              "00000013",
              "00000013",
              "00000013",
              "00000013",
              "00000013",
              "00000014",
              "00000014",
              "00000014",
              "00000014",
              "00000014",
              "00000014",
              "00000014",
              "00000014",
              "00000014",
              "00000014",
              "00000014",
              "00000014",
              "00000014",
              "00000014",
              "00000014",
              "00000014",
              "00000014",
              "00000014",
              "00000014",
              "00000014",
              "00000014",
              "00000014",
              "00000014",
              "00000014",
              "00000014",
              "00000014",
              "00000014",
              "00000014",
              "00000014",
              "00000014",
              "00000014",
              "00000014",
              "00000014",
              "00000014",
              "00000014",
              "00000014",
              "00000014",
              "00000014",
              "00000014",
              "00000014",
              "00000014",
              "00000014",
              "00000014",
              "00000014",
              "00000014",
              "00000014",
              "00000014",
              "00000014",
              "00000014",
              "00000014",
              "00000014",
              "00000014",
              "00000014",
              "00000014",
              "00000014",
              "00000014",
              "00000014",
              "00000014",
              "00000014",
              "00000014",
              "00000014",
              "00000014",
              "00000014",
              "00000014",
              "00000014",
              "00000014",
              "00000014",
              "00000014",
              "00000014",
              "00000014",
              "00000014",
              "00000014",
              "00000014",
              "00000014",
              "00000014",
              "00000014",
              "00000014",
              "00000014",
              "00000014",
              "00000014",
              "00000014",
              "00000014",
              "00000014",
              "00000014",
              "00000014",
              "00000014",
              "00000014",
              "00000014",
              "00000014",
              "00000014",
              "00000014",
              "00000014",
              "00000014",
              "00000014",
              "00000014",
              "00000014",
              "00000014",
              "00000014",
              "00000014",
              "00000014",
              "00000014",
              "00000014",
              "00000014",
              "00000014",
              "00000014",
              "00000014",
              "00000014",
              "00000014",
              "00000014",
              "00000014",
              "00000014",
              "00000014",
              "00000014",
              "00000014",
              "00000014",
              "00000014",
              "00000014",
              "00000014",
              "00000014",
              "00000014",
              "00000014",
              "00000014",
              "00000014",
              "00000014",
              "00000014",
              "00000014",
              "00000014",
              "00000014",
              "00000014",
              "00000014",
              "00000014",
              "00000014",
              "00000014",
              "00000014",
              "00000014",
              "00000014",
              "00000014",
              "00000014",
              "00000014",
              "00000014",
              "00000014",
              "00000014",
              "00000014",
              "00000014",
              "00000014",
              "00000014",
              "00000014",
              "00000014",
              "00000014",
              "00000014",
              "00000014",
              "00000014",
              "00000014",
              "00000014",
              "00000014",
              "00000014",
              "00000014",
              "00000014",
              "00000014",
              "00000014",
              "00000014",
              "00000014",
              "00000014",
              "00000014",
              "00000014",
              "00000014",
              "00000014",
              "00000014",
              "00000014",
              "00000014",
              "00000014",
              "00000014",
              "00000014",
              "00000014",
              "00000014",
              "00000014",
              "00000014",
              "00000014",
              "00000014",
              "00000014",
              "00000014",
              "00000014",
              "00000014",
              "00000014",
              "00000014",
              "00000014",
              "00000014",
              "00000014",
              "00000014",
              "00000014",
              "00000014",
              "00000014",
              "00000014",
              "00000014",
              "00000014",
              "00000014",
              "00000014",
              "00000014",
              "00000014",
              "00000014",
              "00000014",
              "00000014",
              "00000014",
              "00000014",
              "00000014",
              "00000014",
              "00000014",
              "00000014",
              "00000015",
              "00000015",
              "00000015",
              "00000015",
              "00000015",
              "00000015",
              "00000015",
              "00000015",
              "00000015",
              "00000015",
              "00000015",
              "00000015",
              "00000015",
              "00000015",
              "00000015",
              "00000015",
              "00000015",
              "00000015",
              "00000015",
              "00000015",
              "00000015",
              "00000015",
              "00000015",
              "00000015",
              "00000015",
              "00000015",
              "00000015",
              "00000015",
              "00000015",
              "00000015",
              "00000015",
              "00000015",
              "00000016",
              "00000016",
              "00000016",
              "00000016",
              "00000016",
              "00000016",
              "00000016",
              "00000016",
              "00000017",
              "00000017",
              "00000017",
              "00000017",
              "00000017",
              "00000017",
              "00000017",
              "00000017",
              "00000018",
              "00000018",
              "00000018",
              "00000018",
              "00000018",
              "00000018",
              "00000018",
              "00000018",
              "00000019",
              "00000019",
              "00000019",
              "00000019",
              "00000019",
              "00000019",
              "00000019",
              "00000019",
              "00000019",
              "00000019",
              "00000019",
              "00000019",
              "00000019",
              "00000019",
              "00000019",
              "00000019",
              "00000019",
              "00000019",
              "00000019",
              "00000019",
              "0000001A",
              "0000001A",
              "0000001A",
              "0000001A",
              "0000001A",
              "0000001A",
              "0000001A",
              "0000001A",
              "0000001A",
              "0000001A",
              "0000001A",
              "0000001A",
              "0000001A",
              "0000001A",
              "0000001A",
              "0000001A",
              "0000001A",
              "0000001A",
              "0000001A",
              "0000001A",
              "0000001A",
              "0000001A",
              "0000001A",
              "0000001A",
              "0000001B",
              "0000001B",
              "0000001B",
              "0000001B",
              "0000001B",
              "0000001B",
              "0000001B",
              "0000001B",
              "0000001B",
              "0000001B",
              "0000001B",
              "0000001B",
              "0000001B",
              "0000001B",
              "0000001B",
              "0000001B",
              "0000001B",
              "0000001B",
              "0000001B",
              "0000001B",
              "0000001B",
              "0000001B",
              "0000001B",
              "0000001B",
              "0000001C",
              "0000001C",
              "0000001C",
              "0000001C",
              "0000001C",
              "0000001C",
              "0000001C",
              "0000001C",
              "0000001C",
              "0000001C",
              "0000001C",
              "0000001C",
              "0000001C",
              "0000001C",
              "0000001C",
              "0000001C",
              "0000001C",
              "0000001C",
              "0000001C",
              "0000001C",
              "0000001C",
              "0000001C",
              "0000001C",
              "0000001C",
              "0000001D",
              "0000001D",
              "0000001D",
              "0000001D",
              "0000001D",
              "0000001D",
              "0000001D",
              "0000001D",
              "0000001D",
              "0000001D",
              "0000001D",
              "0000001D",
              "0000001D",
              "0000001D",
              "0000001D",
              "0000001D",
              "0000001D",
              "0000001D",
              "0000001D",
              "0000001D",
              "0000001D",
              "0000001D",
              "0000001D",
              "0000001D",
              "0000001D",
              "0000001D",
              "0000001D",
              "0000001D",
              "0000001D",
              "0000001D",
              "0000001D",
              "0000001D",
              "0000001F",
              "0000001F",
              "0000001F",
              "0000001F",
              "0000001F",
              "0000001F",
              "0000001F",
              "0000001F",
              "0000001F",
              "0000001F",
              "0000001F",
              "0000001F",
              "00000020",
              "00000020",
              "00000020",
              "00000020",
              "00000020",
              "00000020",
              "00000020",
              "00000020",
              "00000020",
              "00000020",
              "00000020",
              "00000020",
              "00000020",
              "00000020",
              "00000020",
              "00000020",
              "00000020",
              "00000020",
              "00000020",
              "00000020",
              "00000020",
              "00000020",
              "00000020",
              "00000020",
              "00000020",
              "00000020",
              "00000020",
              "00000020",
              "00000020",
              "00000020",
              "00000020",
              "00000020",
              "00000020",
              "00000020",
              "00000020",
              "00000020",
              "00000020",
              "00000020",
              "00000020",
              "00000020",
              "00000020",
              "00000020",
              "00000020",
              "00000020",
              "00000020",
              "00000020",
              "00000020",
              "00000020",
              "00000020",
              "00000020",
              "00000020",
              "00000020",
              "00000020",
              "00000020",
              "00000020",
              "00000020",
              "00000020",
              "00000020",
              "00000020",
              "00000020",
              "00000020",
              "00000020",
              "00000020",
              "00000020",
              "00000020",
              "00000020",
              "00000020",
              "00000020",
              "00000020",
              "00000020",
              "00000020",
              "00000020",
              "00000020",
              "00000020",
              "00000020",
              "00000020",
              "00000020",
              "00000020",
              "00000020",
              "00000020",
              "00000020",
              "00000020",
              "00000020",
              "00000020",
              "00000020",
              "00000020",
              "00000020",
              "00000020",
              "00000020",
              "00000020",
              "00000020",
              "00000020",
              "00000020",
              "00000020",
              "00000020",
              "00000020",
              "00000020",
              "00000020",
              "00000020",
              "00000020",
              "00000020",
              "00000020",
              "00000020",
              "00000020",
              "00000020",
              "00000020",
              "00000020",
              "00000020",
              "00000020",
              "00000020",
              "00000020",
              "00000020",
              "00000020",
              "00000020",
              "00000020",
              "00000020",
              "00000020",
              "00000020",
              "00000020",
              "00000020",
              "00000020",
              "00000020",
              "00000020",
              "00000020",
              "00000020",
              "00000020",
              "00000020",
              "00000020",
              "00000020",
              "00000020",
              "00000020",
              "00000020",
              "00000020",
              "00000020",
              "00000020",
              "00000020",
              "00000020",
              "00000020",
              "00000020",
              "00000020",
              "00000020",
              "00000020",
              "00000020",
              "00000020",
              "00000020",
              "00000020",
              "00000020",
              "00000020",
              "00000020",
              "00000020",
              "00000020",
              "00000020",
              "00000020",
              "00000020",
              "00000020",
              "00000020",
              "00000020",
              "00000020",
              "00000020",
              "00000020",
              "00000020",
              "00000020",
              "00000020",
              "00000020",
              "00000020",
              "00000020",
              "00000020",
              "00000020",
              "00000020",
              "00000020",
              "00000020",
              "00000020",
              "00000020",
              "00000020",
              "00000020",
              "00000020",
              "00000020",
              "00000020",
              "00000020",
              "00000020",
              "00000020",
              "00000020",
              "00000020",
              "00000020",
              "00000020",
              "00000020",
              "00000020",
              "00000020",
              "00000020",
              "00000020",
              "00000020",
              "00000020",
              "00000020",
              "00000020",
              "00000020",
              "00000020",
              "00000020",
              "00000020",
              "00000020",
              "00000020",
              "00000020",
              "00000020",
              "00000020",
              "00000020",
              "00000020",
              "00000020",
              "00000020",
              "00000020",
              "00000001",
              "00000001",
              "00000001",
              "00000001",
              "00000001",
              "00000001",
              "00000002",
              "00000002",
              "00000002",
              "00000002",
              "00000002",
              "00000002",
              "00000002",
              "00000002",
              "00000003",
              "00000003",
              "00000003",
              "00000003",
              "00000003",
              "00000003",
              "00000003",
              "00000003",
              "00000004",
              "00000004",
              "00000004",
              "00000004",
              "00000004",
              "00000004",
              "00000004",
              "00000004",
              "00000005",
              "00000005",
              "00000005",
              "00000005",
              "00000005",
              "00000005",
              "00000005",
              "00000005",
              "00000007",
              "00000007",
              "00000007",
              "00000007",
              "00000007",
              "00000007",
              "00000007",
              "00000007",
              "00000007",
              "00000007",
              "00000007",
              "00000007",
              "00000007",
              "00000007",
              "00000007",
              "00000007",
              "00000007",
              "00000007",
              "00000007",
              "00000007",
              "00000007",
              "00000007",
              "00000007",
              "00000007",
              "00000007",
              "00000007",
              "00000007",
              "00000007",
              "00000007",
              "00000007",
              "00000007",
              "00000007",
              "00000007",
              "00000007",
              "00000007",
              "00000007",
              "00000007",
              "00000007",
              "00000007",
              "00000007",
              "00000007",
              "00000007",
              "00000007",
              "00000007",
              "00000007",
              "00000007",
              "00000007",
              "00000007",
              "00000007",
              "00000007",
              "00000007",
              "00000007",
              "00000007",
              "00000007",
              "00000007",
              "00000007",
              "00000007",
              "00000007",
              "00000007",
              "00000007",
              "00000007",
              "00000007",
              "00000007",
              "00000007",
              "00000007",
              "00000007",
              "00000007",
              "00000007",
              "00000007",
              "00000007",
              "00000007",
              "00000007",
              "00000007",
              "00000007",
              "00000007",
              "00000007",
              "00000007",
              "00000007",
              "00000007",
              "00000007",
              "00000007",
              "00000007",
              "00000007",
              "00000007",
              "00000008",
              "00000008",
              "00000008",
              "00000008",
              "00000008",
              "00000008",
              "00000008",
              "00000008",
              "00000008",
              "00000008",
              "00000008",
              "00000008",
              "00000008",
              "00000008",
              "00000008",
              "00000008",
              "00000008",
              "00000008",
              "00000008",
              "00000008",
              "00000008",
              "00000008",
              "00000008",
              "00000008",
              "00000008",
              "00000008",
              "00000008",
              "00000008",
              "00000008",
              "00000008",
              "00000008",
              "00000008",
              "00000008",
              "00000008",
              "00000008",
              "00000008",
              "00000008",
              "00000008",
              "00000008",
              "00000008",
              "00000008",
              "00000008",
              "00000008",
              "00000008",
              "00000008",
              "00000008",
              "00000008",
              "00000008",
              "00000008",
              "00000008",
              "00000008",
              "00000008",
              "00000008",
              "00000008",
              "00000008",
              "00000008",
              "00000008",
              "00000008",
              "00000008",
              "00000008",
              "00000008",
              "00000008",
              "00000008",
              "00000008",
              "00000008",
              "00000008",
              "00000008",
              "00000008",
              "00000008",
              "00000008",
              "00000008",
              "00000008",
              "00000008",
              "00000008",
              "00000008",
              "00000008",
              "00000008",
              "00000008",
              "00000008",
              "00000008",
              "00000008",
              "00000008",
              "00000008",
              "00000008",
              "0000000A",
              "0000000A",
              "0000000A",
              "0000000A",
              "0000000A",
              "0000000A",
              "0000000A",
              "0000000A",
              "0000000A",
              "0000000A",
              "0000000A",
              "0000000A",
              "0000000A",
              "0000000A",
              "0000000A",
              "0000000A",
              "0000000A",
              "0000000A",
              "0000000B",
              "0000000B",
              "0000000B",
              "0000000B",
              "0000000B",
              "0000000B",
              "0000000B",
              "0000000B",
              "0000000B",
              "0000000B",
              "0000000B",
              "0000000B",
              "0000000B",
              "0000000B",
              "0000000B",
              "0000000B",
              "0000000B",
              "0000000B",
              "0000000B",
              "0000000B",
              "0000000B",
              "0000000B",
              "0000000B",
              "0000000B",
              "0000000C",
              "0000000C",
              "0000000C",
              "0000000C",
              "0000000C",
              "0000000C",
              "0000000C",
              "0000000C",
              "0000000D",
              "0000000D",
              "0000000D",
              "0000000D",
              "0000000D",
              "0000000D",
              "0000000D",
              "0000000D",
              "0000000E",
              "0000000E",
              "0000000E",
              "0000000E",
              "0000000E",
              "0000000E",
              "0000000E",
              "0000000E",
              "0000000F",
              "0000000F",
              "0000000F",
              "0000000F",
              "0000000F",
              "0000000F",
              "0000000F",
              "0000000F",
              "00000010",
              "00000010",
              "00000010",
              "00000010",
              "00000010",
              "00000010",
              "00000010",
              "00000010",
              "00000014",
              "00000014",
              "00000014",
              "00000014",
              "00000014",
              "00000014",
              "00000015",
              "00000015",
              "00000015",
              "00000015",
              "00000015",
              "00000015",
              "00000016",
              "00000016",
              "00000016",
              "00000016",
              "00000016",
              "00000016",
              "00000016",
              "00000016",
              "00000016",
              "00000016",
              "00000016",
              "00000016",
              "00000016",
              "00000016",
              "00000016",
              "00000016",
              "00000016",
              "00000016",
              "00000016",
              "00000016",
              "00000017",
              "00000017",
              "00000017",
              "00000017",
              "00000017",
              "00000017",
              "00000017",
              "00000017",
              "00000017",
              "00000017",
              "00000017",
              "00000017",
              "00000017",
              "00000017",
              "00000017",
              "00000017",
              "00000017",
              "00000017",
              "00000017",
              "00000017",
              "00000018",
              "00000018",
              "00000018",
              "00000018",
              "00000018",
              "00000018",
              "00000018",
              "00000018",
              "00000018",
              "00000018",
              "00000018",
              "00000018",
              "00000018",
              "00000018",
              "00000018",
              "00000018",
              "00000018",
              "00000018",
              "00000018",
              "00000018",
              "0000001D",
              "0000001D",
              "0000001D",
              "0000001D",
              "0000001D",
              "0000001D",
              "00000020",
              "00000020",
              "00000020",
              "00000020",
              "00000020",
              "00000020",
              "00000001",
              "00000001",
              "00000001",
              "00000001",
              "00000001",
              "00000001",
              "00000001",
              "00000001",
              "00000001",
              "00000001",
              "00000001",
              "00000001",
              "00000001",
              "00000001",
              "00000001",
              "00000001",
              "00000001",
              "00000001",
              "00000001",
              "00000001",
              "00000001",
              "00000001",
              "00000001",
              "00000001",
              "00000001",
              "00000001",
              "00000001",
              "00000001",
              "00000001",
              "00000001",
              "00000001",
              "00000001",
              "00000001",
              "00000001",
              "00000002",
              "00000002",
              "00000002",
              "00000002",
              "00000002",
              "00000002",
              "00000002",
              "00000002",
              "00000003",
              "00000003",
              "00000003",
              "00000003",
              "00000003",
              "00000003",
              "00000003",
              "00000003",
              "00000004",
              "00000004",
              "00000004",
              "00000004",
              "00000004",
              "00000004",
              "00000004",
              "00000004",
              "00000005",
              "00000005",
              "00000005",
              "00000005",
              "00000005",
              "00000005",
              "00000005",
              "00000005",
              "00000006",
              "00000006",
              "00000006",
              "00000006",
              "00000006",
              "00000006",
              "00000006",
              "00000006",
              "00000006",
              "00000006",
              "00000006",
              "00000006",
              "00000006",
              "00000006",
              "00000006",
              "00000006",
              "00000006",
              "00000006",
              "00000006",
              "00000006",
              "00000006",
              "00000006",
              "00000006",
              "00000006",
              "00000006",
              "00000006",
              "00000006",
              "00000006",
              "00000006",
              "00000006",
              "00000006",
              "00000006",
              "00000006",
              "00000006",
              "00000006",
              "00000006",
              "00000006",
              "00000006",
              "00000006",
              "00000006",
              "00000006",
              "00000006",
              "00000006",
              "00000006",
              "00000006",
              "00000006",
              "00000006",
              "00000006",
              "00000006",
              "00000006",
              "00000006",
              "00000006",
              "00000006",
              "00000006",
              "00000006",
              "00000006",
              "00000006",
              "00000006",
              "00000006",
              "00000006",
              "00000006",
              "00000006",
              "00000006",
              "00000006",
              "00000006",
              "00000006",
              "00000006",
              "00000006",
              "00000006",
              "00000006",
              "00000006",
              "00000006",
              "00000006",
              "00000006",
              "00000006",
              "00000006",
              "00000007",
              "00000007",
              "00000007",
              "00000007",
              "00000007",
              "00000007",
              "00000007",
              "00000007",
              "00000007",
              "00000007",
              "00000007",
              "00000007",
              "00000007",
              "00000007",
              "00000007",
              "00000007",
              "00000007",
              "00000007",
              "00000007",
              "00000007",
              "00000007",
              "00000007",
              "00000007",
              "00000007",
              "00000007",
              "00000007",
              "00000007",
              "00000007",
              "00000007",
              "00000007",
              "00000007",
              "00000007",
              "00000007",
              "00000007",
              "00000007",
              "00000007",
              "00000007",
              "00000007",
              "00000007",
              "00000007",
              "00000007",
              "00000007",
              "00000007",
              "00000007",
              "00000007",
              "00000007",
              "00000007",
              "00000007",
              "00000007",
              "00000007",
              "00000007",
              "00000007",
              "00000007",
              "00000007",
              "00000007",
              "00000007",
              "00000007",
              "00000007",
              "00000007",
              "00000007",
              "00000007",
              "00000007",
              "00000007",
              "00000007",
              "00000007",
              "00000007",
              "00000007",
              "00000007",
              "00000007",
              "00000007",
              "00000007",
              "00000007",
              "00000007",
              "00000007",
              "00000007",
              "00000007",
              "00000007",
              "00000007",
              "00000007",
              "00000007",
              "00000007",
              "00000007",
              "00000007",
              "00000007",
              "00000007",
              "00000007",
              "00000007",
              "00000007",
              "00000007",
              "00000007",
              "00000007",
              "00000007",
              "00000007",
              "00000007",
              "00000007",
              "00000007",
              "00000007",
              "00000007",
              "00000007",
              "00000007",
              "00000007",
              "00000007",
              "00000007",
              "00000007",
              "00000007",
              "00000007",
              "00000007",
              "00000007",
              "00000007",
              "00000007",
              "00000007",
              "00000007",
              "00000007",
              "00000007",
              "00000007",
              "00000007",
              "00000007",
              "00000007",
              "00000007",
              "00000007",
              "00000007",
              "00000007",
              "00000007",
              "00000007",
              "00000007",
              "00000007",
              "00000007",
              "00000007",
              "00000007",
              "00000007",
              "00000007",
              "00000007",
              "00000007",
              "00000007",
              "00000007",
              "00000007",
              "00000007",
              "00000007",
              "00000007",
              "00000007",
              "00000007",
              "00000007",
              "00000007",
              "00000007",
              "00000007",
              "00000007",
              "00000007",
              "00000007",
              "00000007",
              "00000007",
              "00000007",
              "00000007",
              "00000007",
              "00000007",
              "00000007",
              "00000007",
              "00000007",
              "00000007",
              "00000007",
              "00000007",
              "00000007",
              "00000007",
              "00000007",
              "00000007",
              "00000007",
              "00000007",
              "00000007",
              "00000007",
              "00000007",
              "00000007",
              "00000007",
              "00000007",
              "00000007",
              "00000007",
              "00000007",
              "00000007",
              "00000007",
              "00000007",
              "00000007",
              "00000007",
              "00000007",
              "00000007",
              "00000007",
              "00000007",
              "00000007",
              "00000007",
              "00000007",
              "00000007",
              "00000007",
              "00000007",
              "00000007",
              "00000007",
              "00000007",
              "00000007",
              "00000008",
              "00000008",
              "00000008",
              "00000008",
              "00000008",
              "00000008",
              "00000008",
              "00000008",
              "00000008",
              "00000008",
              "00000008",
              "00000008",
              "00000008",
              "00000008",
              "00000008",
              "00000008",
              "00000008",
              "00000008",
              "00000008",
              "00000008",
              "00000008",
              "00000008",
              "00000008",
              "00000008",
              "00000008",
              "00000008",
              "00000008",
              "00000008",
              "00000008",
              "00000008",
              "00000008",
              "00000008",
              "00000008",
              "00000008",
              "00000008",
              "00000008",
              "00000008",
              "00000008",
              "00000008",
              "00000008",
              "00000008",
              "00000008",
              "00000008",
              "00000008",
              "00000008",
              "00000008",
              "00000008",
              "00000008",
              "00000008",
              "00000008",
              "00000008",
              "00000008",
              "00000008",
              "00000008",
              "00000008",
              "00000008",
              "00000008",
              "00000008",
              "00000008",
              "00000008",
              "00000008",
              "00000008",
              "00000008",
              "00000008",
              "00000008",
              "00000008",
              "00000008",
              "00000008",
              "00000008",
              "00000008",
              "00000008",
              "00000008",
              "00000008",
              "00000008",
              "00000008",
              "00000008",
              "00000008",
              "00000008",
              "00000008",
              "00000008",
              "00000008",
              "00000008",
              "00000008",
              "00000008",
              "00000008",
              "00000008",
              "00000008",
              "00000008",
              "00000008",
              "00000008",
              "00000008",
              "00000008",
              "00000008",
              "00000008",
              "00000008",
              "00000008",
              "00000008",
              "00000008",
              "00000008",
              "00000008",
              "00000008",
              "00000008",
              "00000008",
              "00000008",
              "00000008",
              "00000008",
              "00000008",
              "00000008",
              "00000008",
              "00000008",
              "00000008",
              "00000008",
              "00000008",
              "00000008",
              "00000008",
              "00000008",
              "00000008",
              "00000008",
              "00000008",
              "00000008",
              "00000008",
              "00000008",
              "00000008",
              "00000008",
              "00000008",
              "00000008",
              "00000008",
              "00000008",
              "00000008",
              "00000008",
              "00000008",
              "00000008",
              "00000008",
              "00000008",
              "00000008",
              "00000008",
              "00000008",
              "00000008",
              "00000008",
              "00000008",
              "00000008",
              "00000008",
              "00000008",
              "00000008",
              "00000008",
              "00000008",
              "00000008",
              "00000008",
              "00000008",
              "00000008",
              "00000008",
              "00000008",
              "00000008",
              "00000008",
              "00000008",
              "00000008",
              "00000008",
              "00000008",
              "00000008",
              "00000008",
              "00000008",
              "00000008",
              "00000008",
              "00000008",
              "00000008",
              "00000008",
              "00000008",
              "00000008",
              "00000008",
              "00000008",
              "00000008",
              "00000008",
              "00000008",
              "00000008",
              "00000008",
              "00000008",
              "00000008",
              "00000008",
              "00000008",
              "00000008",
              "00000008",
              "00000008",
              "00000008",
              "00000008",
              "00000008",
              "00000008",
              "00000008",
              "00000008",
              "00000008",
              "00000008",
              "00000008",
              "00000008",
              "00000008",
              "00000008",
              "00000009",
              "00000009",
              "00000009",
              "00000009",
              "00000009",
              "00000009",
              "00000009",
              "00000009",
              "00000009",
              "00000009",
              "00000009",
              "00000009",
              "00000009",
              "00000009",
              "00000009",
              "00000009",
              "00000009",
              "00000009",
              "00000009",
              "00000009",
              "00000009",
              "00000009",
              "00000009",
              "00000009",
              "00000009",
              "00000009",
              "00000009",
              "00000009",
              "00000009",
              "00000009",
              "00000009",
              "00000009",
              "00000009",
              "00000009",
              "00000009",
              "00000009",
              "00000009",
              "00000009",
              "00000009",
              "00000009",
              "00000009",
              "00000009",
              "00000009",
              "00000009",
              "00000009",
              "00000009",
              "00000009",
              "00000009",
              "00000009",
              "00000009",
              "00000009",
              "00000009",
              "00000009",
              "00000009",
              "00000009",
              "00000009",
              "00000009",
              "00000009",
              "00000009",
              "00000009",
              "00000009",
              "00000009",
              "00000009",
              "00000009",
              "00000009",
              "00000009",
              "00000009",
              "00000009",
              "00000009",
              "00000009",
              "00000009",
              "00000009",
              "00000009",
              "00000009",
              "00000009",
              "00000009",
              "0000000A",
              "0000000A",
              "0000000A",
              "0000000A",
              "0000000A",
              "0000000A",
              "0000000A",
              "0000000A",
              "0000000A",
              "0000000A",
              "0000000A",
              "0000000A",
              "0000000A",
              "0000000A",
              "0000000A",
              "0000000A",
              "0000000A",
              "0000000A",
              "0000000A",
              "0000000A",
              "0000000B",
              "0000000B",
              "0000000B",
              "0000000B",
              "0000000B",
              "0000000B",
              "0000000B",
              "0000000B",
              "0000000B",
              "0000000B",
              "0000000B",
              "0000000B",
              "0000000B",
              "0000000B",
              "0000000B",
              "0000000B",
              "0000000B",
              "0000000B",
              "0000000B",
              "0000000B",
              "0000000B",
              "0000000B",
              "0000000B",
              "0000000B",
              "0000000B",
              "0000000B",
              "0000000B",
              "0000000B",
              "0000000B",
              "0000000B",
              "0000000B",
              "0000000B",
              "0000000B",
              "0000000B",
              "0000000B",
              "0000000B",
              "0000000B",
              "0000000B",
              "0000000B",
              "0000000B",
              "0000000B",
              "0000000B",
              "0000000B",
              "0000000B",
              "0000000B",
              "0000000B",
              "0000000B",
              "0000000B",
              "0000000B",
              "0000000B",
              "0000000B",
              "0000000B",
              "0000000B",
              "0000000B",
              "0000000B",
              "0000000B",
              "0000000B",
              "0000000B",
              "0000000B",
              "0000000B",
              "0000000B",
              "0000000B",
              "0000000B",
              "0000000B",
              "0000000B",
              "0000000B",
              "0000000B",
              "0000000B",
              "0000000B",
              "0000000B",
              "0000000B",
              "0000000B",
              "0000000B",
              "0000000B",
              "0000000C",
              "0000000C",
              "0000000C",
              "0000000C",
              "0000000C",
              "0000000C",
              "0000000C",
              "0000000C",
              "0000000D",
              "0000000D",
              "0000000D",
              "0000000D",
              "0000000D",
              "0000000D",
              "0000000D",
              "0000000D",
              "0000000E",
              "0000000E",
              "0000000E",
              "0000000E",
              "0000000E",
              "0000000E",
              "0000000E",
              "0000000E",
              "0000000F",
              "0000000F",
              "0000000F",
              "0000000F",
              "0000000F",
              "0000000F",
              "0000000F",
              "0000000F",
              "00000010",
              "00000010",
              "00000010",
              "00000010",
              "00000010",
              "00000010",
              "00000010",
              "00000010",
              "00000010",
              "00000010",
              "00000010",
              "00000010",
              "00000010",
              "00000010",
              "00000010",
              "00000010",
              "00000010",
              "00000010",
              "00000010",
              "00000010",
              "00000010",
              "00000010",
              "00000010",
              "00000010",
              "00000010",
              "00000010",
              "00000010",
              "00000010",
              "00000010",
              "00000010",
              "00000011",
              "00000011",
              "00000011",
              "00000011",
              "00000011",
              "00000011",
              "00000011",
              "00000011",
              "00000011",
              "00000011",
              "00000011",
              "00000011",
              "00000011",
              "00000011",
              "00000011",
              "00000011",
              "00000011",
              "00000011",
              "00000011",
              "00000011",
              "00000011",
              "00000011",
              "00000014",
              "00000014",
              "00000014",
              "00000014",
              "00000014",
              "00000014",
              "00000014",
              "00000014",
              "00000014",
              "00000014",
              "00000014",
              "00000014",
              "00000014",
              "00000014",
              "00000014",
              "00000014",
              "00000014",
              "00000014",
              "00000014",
              "00000014",
              "00000014",
              "00000014",
              "00000014",
              "00000014",
              "00000014",
              "00000014",
              "00000014",
              "00000014",
              "00000014",
              "00000014",
              "00000014",
              "00000014",
              "00000014",
              "00000014",
              "00000016",
              "00000016",
              "00000016",
              "00000016",
              "00000016",
              "00000016",
              "00000016",
              "00000016",
              "00000016",
              "00000016",
              "00000016",
              "00000016",
              "00000016",
              "00000016",
              "00000016",
              "00000016",
              "00000016",
              "00000016",
              "00000016",
              "00000016",
              "00000017",
              "00000017",
              "00000017",
              "00000017",
              "00000017",
              "00000017",
              "00000017",
              "00000017",
              "00000017",
              "00000017",
              "00000017",
              "00000017",
              "00000017",
              "00000017",
              "00000017",
              "00000017",
              "00000017",
              "00000017",
              "00000017",
              "00000017",
              "00000018",
              "00000018",
              "00000018",
              "00000018",
              "00000018",
              "00000018",
              "00000018",
              "00000018",
              "00000018",
              "00000018",
              "00000018",
              "00000018",
              "00000018",
              "00000018",
              "00000018",
              "00000018",
              "00000018",
              "00000018",
              "00000018",
              "00000018",
              "00000019",
              "00000019",
              "00000019",
              "00000019",
              "00000019",
              "00000019",
              "00000019",
              "00000019",
              "00000019",
              "00000019",
              "00000019",
              "00000019",
              "00000019",
              "00000019",
              "00000019",
              "00000019",
              "00000019",
              "00000019",
              "00000019",
              "00000019",
              "00000019",
              "00000019",
              "00000020",
              "00000020",
              "00000020",
              "00000020",
              "00000020",
              "00000020",
              "00000020",
              "00000020",
              "00000020",
              "00000020",
              "00000020",
              "00000020",
              "00000020",
              "00000020",
              "00000020",
              "00000020",
              "00000020",
              "00000020",
              "00000020",
              "00000020",
              "00000020",
              "00000020",
              "00000020",
              "00000020",
              "00000020",
              "00000020",
              "00000020",
              "00000020",
              "00000020",
              "00000020",
              "00000020",
              "00000020",
              "00000020",
              "00000020",
              "00000006",
              "00000006",
              "00000006",
              "00000006",
              "00000006",
              "00000006",
              "00000006",
              "00000006",
              "00000006",
              "00000006",
              "00000006",
              "00000006",
              "00000006",
              "00000006",
              "00000006",
              "00000006",
              "00000006",
              "00000006",
              "00000006",
              "00000006",
              "00000006",
              "00000006",
              "00000006",
              "00000006",
              "00000006",
              "00000006",
              "00000006",
              "00000006",
              "00000006",
              "00000006",
              "00000006",
              "00000006",
              "00000006",
              "00000006",
              "00000006",
              "00000006",
              "00000006",
              "00000006",
              "00000006",
              "00000006",
              "00000006",
              "00000006",
              "00000006",
              "00000006",
              "00000006",
              "00000006",
              "00000006",
              "00000006",
              "00000006",
              "00000006",
              "00000006",
              "00000006",
              "00000006",
              "00000006",
              "00000006",
              "00000006",
              "00000006",
              "00000006",
              "00000006",
              "00000006",
              "00000006",
              "00000006",
              "00000006",
              "00000006",
              "00000006",
              "00000006",
              "00000006",
              "00000006",
              "00000006",
              "00000006",
              "00000006",
              "00000006",
              "00000006",
              "00000006",
              "00000006",
              "00000006",
              "00000006",
              "00000006",
              "00000006",
              "00000006",
              "00000006",
              "00000006",
              "00000006",
              "00000006",
              "00000006",
              "00000006",
              "00000006",
              "00000006",
              "00000006",
              "00000006",
              "00000006",
              "00000006",
              "00000006",
              "00000006",
              "00000006",
              "00000006",
              "00000006",
              "00000006",
              "00000006",
              "00000006",
              "00000006",
              "00000006",
              "00000006",
              "00000006",
              "00000006",
              "00000006",
              "00000006",
              "00000006",
              "00000006",
              "00000006",
              "00000006",
              "00000006",
              "00000006",
              "00000006",
              "00000006",
              "00000006",
              "00000007",
              "00000007",
              "00000007",
              "00000007",
              "00000007",
              "00000007",
              "00000007",
              "00000007",
              "00000007",
              "00000007",
              "00000007",
              "00000007",
              "00000007",
              "00000007",
              "00000007",
              "00000007",
              "00000007",
              "00000007",
              "00000007",
              "00000007",
              "00000007",
              "00000007",
              "00000007",
              "00000007",
              "00000007",
              "00000007",
              "00000007",
              "00000007",
              "00000007",
              "00000007",
              "00000007",
              "00000007",
              "00000007",
              "00000007",
              "00000007",
              "00000007",
              "00000007",
              "00000007",
              "00000007",
              "00000007",
              "00000007",
              "00000007",
              "00000007",
              "00000007",
              "00000007",
              "00000007",
              "00000007",
              "00000007",
              "00000007",
              "00000007",
              "00000007",
              "00000007",
              "00000007",
              "00000007",
              "00000007",
              "00000007",
              "00000007",
              "00000007",
              "00000007",
              "00000007",
              "00000007",
              "00000007",
              "00000007",
              "00000007",
              "00000007",
              "00000007",
              "00000007",
              "00000007",
              "00000007",
              "00000007",
              "00000007",
              "00000007",
              "00000007",
              "00000007",
              "00000007",
              "00000007",
              "00000007",
              "00000007",
              "00000007",
              "00000007",
              "00000007",
              "00000007",
              "00000007",
              "00000007",
              "00000007",
              "00000007",
              "00000007",
              "00000007",
              "00000007",
              "00000007",
              "00000007",
              "00000007",
              "00000007",
              "00000007",
              "00000007",
              "00000007",
              "00000007",
              "00000007",
              "00000007",
              "00000007",
              "00000007",
              "00000007",
              "00000007",
              "00000007",
              "00000007",
              "00000007",
              "00000007",
              "00000007",
              "00000007",
              "00000007",
              "00000007",
              "00000007",
              "00000007",
              "00000007",
              "00000007",
              "00000007",
              "00000007",
              "00000007",
              "00000007",
              "00000007",
              "00000007",
              "00000007",
              "00000007",
              "00000007",
              "00000007",
              "00000007",
              "00000007",
              "00000007",
              "00000007",
              "00000007",
              "00000007",
              "00000007",
              "00000007",
              "00000007",
              "00000007",
              "00000007",
              "00000007",
              "00000007",
              "00000007",
              "00000007",
              "00000007",
              "00000008",
              "00000008",
              "00000008",
              "00000008",
              "00000008",
              "00000008",
              "00000008",
              "00000008",
              "00000008",
              "00000008",
              "00000008",
              "00000008",
              "00000008",
              "00000008",
              "00000008",
              "00000008",
              "00000008",
              "00000008",
              "00000008",
              "00000008",
              "00000008",
              "00000008",
              "00000008",
              "00000008",
              "00000008",
              "00000008",
              "00000008",
              "00000008",
              "00000008",
              "00000008",
              "00000008",
              "00000008",
              "00000008",
              "00000008",
              "00000008",
              "00000008",
              "00000008",
              "00000008",
              "00000008",
              "00000008",
              "00000008",
              "00000008",
              "00000008",
              "00000008",
              "00000008",
              "00000008",
              "00000008",
              "00000008",
              "00000008",
              "00000008",
              "00000008",
              "00000008",
              "00000008",
              "00000008",
              "00000008",
              "00000008",
              "00000008",
              "00000008",
              "00000008",
              "00000008",
              "00000008",
              "00000008",
              "00000008",
              "00000008",
              "00000008",
              "00000008",
              "00000008",
              "00000008",
              "00000008",
              "00000008",
              "00000008",
              "00000008",
              "00000008",
              "00000008",
              "00000008",
              "00000008",
              "00000008",
              "00000008",
              "00000008",
              "00000008",
              "00000008",
              "00000008",
              "00000008",
              "00000008",
              "00000008",
              "00000008",
              "00000008",
              "00000008",
              "00000008",
              "00000008",
              "00000008",
              "00000008",
              "00000008",
              "00000008",
              "00000008",
              "00000008",
              "00000008",
              "00000008",
              "00000008",
              "00000008",
              "00000008",
              "00000008",
              "00000008",
              "00000008",
              "00000008",
              "00000008",
              "00000008",
              "00000008",
              "00000008",
              "00000008",
              "00000008",
              "00000008",
              "00000008",
              "00000008",
              "00000008",
              "00000008",
              "00000008",
              "00000008",
              "00000008",
              "00000008",
              "00000008",
              "00000008",
              "00000008",
              "00000008",
              "00000008",
              "00000008",
              "00000008",
              "00000008",
              "00000008",
              "00000008",
              "00000008",
              "00000008",
              "00000008",
              "00000008",
              "00000008",
              "00000008",
              "00000008",
              "00000008",
              "00000008",
              "00000008",
              "00000008",
              "00000009",
              "00000009",
              "00000009",
              "00000009",
              "00000009",
              "00000009",
              "00000009",
              "00000009",
              "00000009",
              "00000009",
              "00000009",
              "00000009",
              "00000009",
              "00000009",
              "00000009",
              "00000009",
              "00000009",
              "00000009",
              "00000009",
              "00000009",
              "00000009",
              "00000009",
              "00000009",
              "00000009",
              "00000009",
              "00000009",
              "00000009",
              "00000009",
              "00000009",
              "00000009",
              "00000009",
              "00000009",
              "00000009",
              "00000009",
              "00000009",
              "00000009",
              "00000009",
              "00000009",
              "00000009",
              "00000009",
              "00000009",
              "00000009",
              "00000009",
              "00000009",
              "00000009",
              "00000009",
              "00000009",
              "00000009",
              "00000009",
              "00000009",
              "00000009",
              "00000009",
              "00000009",
              "00000009",
              "00000009",
              "00000009",
              "00000009",
              "00000009",
              "00000009",
              "00000009",
              "00000009",
              "00000009",
              "00000009",
              "00000009",
              "00000009",
              "00000009",
              "00000009",
              "00000009",
              "00000009",
              "00000009",
              "00000009",
              "00000009",
              "00000009",
              "00000009",
              "00000009",
              "00000009",
              "00000009",
              "00000009",
              "00000009",
              "00000009",
              "00000009",
              "00000009",
              "00000009",
              "00000009",
              "00000009",
              "00000009",
              "00000009",
              "00000009",
              "00000009",
              "00000009",
              "00000009",
              "00000009",
              "00000009",
              "00000009",
              "00000009",
              "00000009",
              "00000009",
              "00000009",
              "00000009",
              "00000009",
              "00000009",
              "00000009",
              "00000009",
              "00000009",
              "00000009",
              "00000009",
              "00000009",
              "00000009",
              "00000009",
              "00000009",
              "00000009",
              "00000009",
              "00000009",
              "00000009",
              "00000009",
              "00000009",
              "0000000A",
              "0000000A",
              "0000000A",
              "0000000A",
              "0000000A",
              "0000000A",
              "0000000B",
              "0000000B",
              "0000000B",
              "0000000B",
              "0000000B",
              "0000000B",
              "0000000B",
              "0000000B",
              "0000000B",
              "0000000B",
              "0000000B",
              "0000000B",
              "0000000B",
              "0000000B",
              "0000000B",
              "0000000B",
              "0000000B",
              "0000000B",
              "0000000B",
              "0000000B",
              "0000000B",
              "0000000B",
              "0000000B",
              "0000000B",
              "0000000B",
              "0000000B",
              "0000000B",
              "0000000B",
              "0000000B",
              "0000000B",
              "0000000B",
              "0000000B",
              "0000000B",
              "0000000B",
              "0000000B",
              "0000000B",
              "0000000B",
              "0000000B",
              "0000000B",
              "0000000B",
              "00000010",
              "00000010",
              "00000010",
              "00000010",
              "00000010",
              "00000010",
              "00000016",
              "00000016",
              "00000016",
              "00000016",
              "00000016",
              "00000016",
              "00000016",
              "00000016",
              "00000016",
              "00000016",
              "00000017",
              "00000017",
              "00000017",
              "00000017",
              "00000017",
              "00000017",
              "00000017",
              "00000017",
              "00000017",
              "00000017",
              "00000018",
              "00000018",
              "00000018",
              "00000018",
              "00000018",
              "00000018",
              "00000018",
              "00000018",
              "00000018",
              "00000018",
              "0000001F",
              "0000001F",
              "0000001F",
              "0000001F",
              "0000001F",
              "0000001F",
              "0000001F",
              "0000001F",
              "0000001F",
              "0000001F",
              "0000001F",
              "0000001F",
              "0000001F",
              "0000001F",
              "0000001F",
              "0000001F",
              "0000001F",
              "0000001F",
              "0000001F",
              "0000001F",
              "0000001F",
              "0000001F",
              "0000001F",
              "0000001F",
              "0000001F",
              "0000001F",
              "0000001F",
              "0000001F",
              "0000000B",
              "0000000B",
              "0000000B",
              "0000000B",
              "0000000B",
              "0000000B",
              "0000000B",
              "0000000B",
              "0000000B",
              "0000000B",
              "0000000B",
              "0000000B",
              "0000000B",
              "0000000B",
              "0000000B",
              "0000000B",
              "00000001",
              "00000001",
              "00000001",
              "00000001",
              "00000001",
              "00000001",
              "00000001",
              "00000001",
              "00000001",
              "00000001",
              "00000001",
              "00000001",
              "00000001",
              "00000001",
              "00000001",
              "00000001",
              "00000001",
              "00000001",
              "00000001",
              "00000001",
              "00000001",
              "00000001",
              "00000001",
              "00000001",
              "00000001",
              "00000001",
              "00000001",
              "00000001",
              "00000001",
              "00000001",
              "00000014",
              "00000014",
              "00000014",
              "00000014",
              "00000014",
              "00000014",
              "00000014",
              "00000014",
              "00000014",
              "00000014",
              "00000014",
              "00000014",
              "00000014",
              "00000014",
              "00000014",
              "00000014",
              "00000014",
              "00000014",
              "00000014",
              "00000014",
              "00000014",
              "00000014",
              "00000014",
              "00000014",
              "00000014",
              "00000014",
              "00000014",
              "00000014",
              "00000014",
              "00000014",
              "00000020",
              "00000020",
              "00000020",
              "00000020",
              "00000020",
              "00000020",
              "00000020",
              "00000020",
              "00000020",
              "00000020",
              "00000020",
              "00000020",
              "00000020",
              "00000020",
              "00000020",
              "00000020",
              "00000020",
              "00000020",
              "00000020",
              "00000020",
              "00000020",
              "00000020",
              "00000020",
              "00000020",
              "00000020",
              "00000020",
              "00000020",
              "00000020",
              "00000020",
              "00000020",
              "00000012",
              "00000012",
              "00000012",
              "00000012",
              "00000012",
              "00000012",
              "00000012",
              "00000012",
              "00000012",
              "00000012",
              "00000012",
              "00000012",
              "00000012",
              "00000012",
              "00000012",
              "00000012",
              "00000013",
              "00000013",
              "00000013",
              "00000013",
              "00000013",
              "00000013",
              "00000013",
              "00000013",
              "00000013",
              "00000013",
              "00000013",
              "00000013",
              "00000013",
              "00000013",
              "00000013",
              "00000013",
              "0000001E",
              "0000001E",
              "0000001E",
              "0000001E",
              "0000001E",
              "0000001E",
              "0000001E",
              "0000001E",
              "0000001E",
              "0000001E",
              "0000001E",
              "0000001E",
              "0000001E",
              "0000001E",
              "0000001E",
              "0000001E",
              "0000001E",
              "0000001E",
              "0000001E",
              "0000001E",
              "0000001E",
              "0000001E",
              "0000001E",
              "0000001E",
              "0000001E",
              "0000001E",
              "0000001E",
              "0000001E",
              "0000001E",
              "0000001E",
              "0000001E",
              "0000001E",
              "0000001E",
              "0000001E",
              "0000001E",
              "0000001E",
              "0000001E",
              "0000001E",
              "0000001E",
              "0000001E",
              "0000001E",
              "0000001E",
              "0000001E",
              "0000001E",
              "0000001E",
              "0000001E",
              "0000001E",
              "0000001E",
              "0000001E",
              "0000001E",
              "0000001E",
              "0000001E",
              "0000001E"
            ],
            "Stride": 4,
            "NumVertices": 3315
          }
        }
      ],
      "Bounds": {
        "Origin": {
          "X": 717.90375,
          "Y": -288.88623,
          "Z": 455.66943
        },
        "BoxExtent": {
          "X": 842.8952,
          "Y": 608.88654,
          "Z": 504.37637
        },
        "SphereRadius": 1098.1078
      },
      "bLODsShareStaticLighting": true,
      "ScreenSize": [
        1.0,
        0.0,
        0.0,
        0.0,
        0.0,
        0.0,
        0.0,
        0.0
      ]
    }
  },
  {
    "Type": "Texture2D",
    "Name": "M_Athena_ARID_3x3_BridgeShack_a_0_WoodMines_Floor54_Diffuse",
    "Class": "UScriptClass'Texture2D'",
    "Properties": {
      "ImportedSize": {
        "X": 1024,
        "Y": 1024
      },
      "LightingGuid": "B7FC2848-41CDF714-4E367EBD-2AD42591",
      "LODGroup": "TEXTUREGROUP_HierarchicalLOD"
    },
    "SizeX": 0,
    "SizeY": 0,
    "PackedData": 0,
    "PixelFormat": "PF_Unknown",
    "FirstMipToSerialize": -1
  }
]