[
  {
    "Type": "BodySetup",
    "Name": "BodySetup_0",
    "Outer": "SM_Athena_URB_3x3_Plaza_g_1_S_Sidewalk_1x3_82",
    "Class": "UScriptClass'BodySetup'",
    "Properties": {
      "DefaultInstance": {
        "ObjectType": "ECC_WorldStatic",
        "CollisionEnabled": "ECollisionEnabled::QueryOnly",
        "CollisionProfileName": "BlockAll",
        "CollisionResponses": {
          "ResponseArray": [
            {
              "Channel": "FCC_Trace_WeaponCapsule",
              "Response": "ECR_Block"
            },
            {
              "Channel": "FCC_Object_PawnAI",
              "Response": "ECR_Block"
            },
            {
              "Channel": "FCC_Trace_WeaponMulti",
              "Response": "ECR_Block"
            },
            {
              "Channel": "FCC_Trace_Weapon",
              "Response": "ECR_Block"
            },
            {
              "Channel": "FCC_Object_Projectile",
              "Response": "ECR_Block"
            },
            {
              "Channel": "FCC_Object_ProjectileIgnoreAI",
              "Response": "ECR_Block"
            },
            {
              "Channel": "FCC_Object_ProjectileMesh",
              "Response": "ECR_Block"
            },
            {
              "Channel": "FCC_Object_SpectatorDroneCamera",
              "Response": "ECR_Block"
            },
            {
              "Channel": "FCC_Trace_WeaponPawnAndWorldMulti",
              "Response": "ECR_Block"
            }
          ]
        }
      }
    },
    "BodySetupGuid": "32F132A94421A819FA560893E009064D"
  },
  {
    "Type": "HLODProxy",
    "Name": "Athena_URB_3x3_Plaza_g_1_HLOD",
    "Class": "UScriptClass'HLODProxy'",
    "Properties": {
      "ProxyMeshes": [
        {
          "LODActor": {
            "Guid": "B76C17A3-4BBD6821-F505C4A9-38C43F6A"
          },
          "StaticMesh": {
            "ObjectName": "StaticMesh'SM_Athena_URB_3x3_Plaza_g_1_S_Sidewalk_1x3_82'",
            "ObjectPath": "FortniteGame/Content/Athena/Maps/Buildings/3x3/HLOD/Athena_URB_3x3_Plaza_g_1_HLOD.3"
          },
          "Key": "76927B120C6645ACB9200E7FB8896AC3_B76C17A34BBD6821F505C4A938C43F6A_4EA9968D_36D64577_DEFA5118_ProxyLODMeshReduction"
        }
      ]
    }
  },
  {
    "Type": "MaterialInstanceConstant",
    "Name": "M_Athena_URB_3x3_Plaza_g_1_S_Sidewalk_1x3_82",
    "Class": "UScriptClass'MaterialInstanceConstant'",
    "Properties": {
      "Parent": {
        "ObjectName": "Material'BaseFlattenMaterialAthena_MedHLOD'",
        "ObjectPath": "FortniteGame/Content/Athena/HLODSetup/Materials/BaseFlattenMaterialAthena_MedHLOD.0"
      },
      "bHasStaticPermutationResource": true,
      "ScalarParameterValues": [
        {
          "ParameterInfo": {
            "Name": "MetallicConst",
            "Association": "GlobalParameter",
            "Index": -1
          },
          "ParameterValue": 0.0,
          "ExpressionGUID": "DF762E36-47C779AB-3231ABBC-84920D01"
        },
        {
          "ParameterInfo": {
            "Name": "RoughnessConst",
            "Association": "GlobalParameter",
            "Index": -1
          },
          "ParameterValue": 1.0,
          "ExpressionGUID": "67948A44-4E72B482-DC859C95-1C1BEB62"
        },
        {
          "ParameterInfo": {
            "Name": "SpecularConst",
            "Association": "GlobalParameter",
            "Index": -1
          },
          "ParameterValue": 0.075,
          "ExpressionGUID": "F223E3CB-45C3161C-A86098BD-0550F837"
        },
        {
          "ParameterInfo": {
            "Name": "OpacityConst",
            "Association": "GlobalParameter",
            "Index": -1
          },
          "ParameterValue": 1.0,
          "ExpressionGUID": "5CD49B72-46AFD6EA-081F26B9-DF50808B"
        },
        {
          "ParameterInfo": {
            "Name": "OpacityMaskConst",
            "Association": "GlobalParameter",
            "Index": -1
          },
          "ParameterValue": 1.0,
          "ExpressionGUID": "C019A35E-469F1FBE-A5FA559C-9B07F150"
        },
        {
          "ParameterInfo": {
            "Name": "AmbientOcclusionConst",
            "Association": "GlobalParameter",
            "Index": -1
          },
          "ParameterValue": 1.0,
          "ExpressionGUID": "A4B0120B-45121C51-549CB6AE-11CBEC3D"
        }
      ],
      "TextureParameterValues": [
        {
          "ParameterInfo": {
            "Name": "DiffuseTexture",
            "Association": "GlobalParameter",
            "Index": -1
          },
          "ParameterValue": {
            "ObjectName": "Texture2D'T_Athena_URB_3x3_Plaza_g_1_S_Sidewalk_1x3_82_Diffuse'",
            "ObjectPath": "FortniteGame/Content/Athena/Maps/Buildings/3x3/HLOD/Athena_URB_3x3_Plaza_g_1_HLOD.4"
          },
          "ExpressionGUID": "4E7AD77A-43D375BA-CEB77C86-73756268"
        }
      ],
      "BasePropertyOverrides": {
        "bOverride_DitheredLODTransition": true,
        "bOverride_TwoSided": true,
        "TwoSided": true,
        "DitheredLODTransition": true,
        "OpacityMaskClipValue": 0.3333
      },
      "StaticParameters": {
        "StaticSwitchParameters": [
          {
            "ParameterInfo": {
              "Name": "UseDiffuse",
              "Association": "GlobalParameter",
              "Index": -1
            },
            "Value": true,
            "bOverride": true,
            "ExpressionGUID": "99BA8635-4EAA882F-9D4136AF-958BF760"
          }
        ]
      }
    }
  },
  {
    "Type": "StaticMesh",
    "Name": "SM_Athena_URB_3x3_Plaza_g_1_S_Sidewalk_1x3_82",
    "Class": "UScriptClass'StaticMesh'",
    "Properties": {
      "StaticMaterials": [
        {
          "MaterialInterface": {
            "ObjectName": "MaterialInstanceConstant'M_Athena_URB_3x3_Plaza_g_1_S_Sidewalk_1x3_82'",
            "ObjectPath": "FortniteGame/Content/Athena/Maps/Buildings/3x3/HLOD/Athena_URB_3x3_Plaza_g_1_HLOD.2"
          },
          "MaterialSlotName": "M_Athena_URB_3x3_Plaza_g_1_S_Sidewalk_1x3_82",
          "ImportedMaterialSlotName": "M_Athena_URB_3x3_Plaza_g_1_S_Sidewalk_1x3_82",
          "UVChannelData": {
            "bInitialized": true,
            "bOverrideDensities": false,
            "LocalUVDensities": 4588.373,
            "LocalUVDensities": 4588.373,
            "LocalUVDensities": 0.0,
            "LocalUVDensities": 0.0
          }
        }
      ],
      "LightmapUVDensity": 4588.373,
      "LightMapResolution": 256,
      "ExtendedBounds": {
        "Origin": {
          "X": -536.27014,
          "Y": 505.56744,
          "Z": 566.1398
        },
        "BoxExtent": {
          "X": 900.7069,
          "Y": 785.4685,
          "Z": 601.9729
        },
        "SphereRadius": 1257.5302
      }
    },
    "BodySetup": {
      "ObjectName": "BodySetup'SM_Athena_URB_3x3_Plaza_g_1_S_Sidewalk_1x3_82:BodySetup_0'",
      "ObjectPath": "FortniteGame/Content/Athena/Maps/Buildings/3x3/HLOD/Athena_URB_3x3_Plaza_g_1_HLOD.0"
    },
    "NavCollision": null,
    "LightingGuid": "33D5DC58-40F7E0C2-F71EFB86-18AF012B",
    "RenderData": {
      "LODs": [
        {
          "Sections": [
            {
              "MaterialIndex": 0,
              "FirstIndex": 0,
              "NumTriangles": 664,
              "MinVertexIndex": 0,
              "MaxVertexIndex": 561,
              "bEnableCollision": false,
              "bCastShadow": true,
              "bForceOpaque": false,
              "bVisibleInRayTracing": true
            }
          ],
          "MaxDeviation": 0.0,
          "PositionVertexBuffer": {
            "Stride": 12,
            "NumVertices": 562
          },
          "VertexBuffer": {
            "NumTexCoords": 2,
            "NumVertices": 562,
            "Strides": -1,
            "UseHighPrecisionTangentBasis": false,
            "UseFullPrecisionUVs": false
          },
          "ColorVertexBuffer": {
            "Data": [],
            "Stride": 0,
            "NumVertices": 0
          }
        }
      ],
      "Bounds": {
        "Origin": {
          "X": -536.27014,
          "Y": 505.56744,
          "Z": 566.1398
        },
        "BoxExtent": {
          "X": 900.7069,
          "Y": 785.4685,
          "Z": 601.9729
        },
        "SphereRadius": 1257.5302
      },
      "bLODsShareStaticLighting": true,
      "ScreenSize": [
        1.0,
        0.0,
        0.0,
        0.0,
        0.0,
        0.0,
        0.0,
        0.0
      ]
    }
  },
  {
    "Type": "Texture2D",
    "Name": "T_Athena_URB_3x3_Plaza_g_1_S_Sidewalk_1x3_82_Diffuse",
    "Class": "UScriptClass'Texture2D'",
    "Properties": {
      "ImportedSize": {
        "X": 256,
        "Y": 256
      },
      "LightingGuid": "1C9766F5-4DC2799C-0243AF80-1F5AD604",
      "LODGroup": "TEXTUREGROUP_HierarchicalLOD"
    },
    "SizeX": 0,
    "SizeY": 0,
    "PackedData": 0,
    "PixelFormat": "PF_Unknown",
    "FirstMipToSerialize": -1
  }
]