[
  {
    "Type": "BodySetup",
    "Name": "BodySetup_1",
    "Outer": "SM_Athena_RUR_3x3_House_c_SNW_PC_1_FORT_Brick_Chimney_C_28",
    "Class": "UScriptClass'BodySetup'",
    "Properties": {
      "DefaultInstance": {
        "ObjectType": "ECC_WorldStatic",
        "CollisionEnabled": "ECollisionEnabled::QueryOnly",
        "CollisionProfileName": "BlockAll",
        "CollisionResponses": {
          "ResponseArray": [
            {
              "Channel": "FCC_Trace_WeaponCapsule",
              "Response": "ECR_Block"
            },
            {
              "Channel": "FCC_Object_PawnAI",
              "Response": "ECR_Block"
            },
            {
              "Channel": "FCC_Trace_WeaponMulti",
              "Response": "ECR_Block"
            },
            {
              "Channel": "FCC_Trace_Weapon",
              "Response": "ECR_Block"
            },
            {
              "Channel": "FCC_Object_Projectile",
              "Response": "ECR_Block"
            },
            {
              "Channel": "FCC_Object_ProjectileIgnoreAI",
              "Response": "ECR_Block"
            },
            {
              "Channel": "FCC_Object_ProjectileMesh",
              "Response": "ECR_Block"
            },
            {
              "Channel": "FCC_Object_SpectatorDroneCamera",
              "Response": "ECR_Block"
            },
            {
              "Channel": "FCC_Trace_WeaponPawnAndWorldMulti",
              "Response": "ECR_Block"
            }
          ]
        }
      }
    },
    "BodySetupGuid": "E2C6F066483F100DA1CB3687B732C55A"
  },
  {
    "Type": "HLODProxy",
    "Name": "Athena_RUR_3x3_House_c_SNW_PC_1_HLOD",
    "Class": "UScriptClass'HLODProxy'",
    "Properties": {
      "ProxyMeshes": [
        {
          "LODActor": {
            "Guid": "647B0E0F-496E8B6D-0ACA9281-B15C3DAB"
          },
          "StaticMesh": {
            "ObjectName": "StaticMesh'SM_Athena_RUR_3x3_House_c_SNW_PC_1_FORT_Brick_Chimney_C_28'",
            "ObjectPath": "FortniteGame/Content/Athena/Maps/Buildings/3x3/HLOD/Athena_RUR_3x3_House_c_SNW_PC_1_HLOD.3"
          },
          "Key": "76927B120C6645ACB9200E7FB8896AC3_647B0E0F496E8B6D0ACA9281B15C3DAB_417DC273_D16D8ABA_74E7F8C1_ProxyLODMeshReduction"
        }
      ]
    }
  },
  {
    "Type": "MaterialInstanceConstant",
    "Name": "M_Athena_RUR_3x3_House_c_SNW_PC_1_FORT_Brick_Chimney_C_28",
    "Class": "UScriptClass'MaterialInstanceConstant'",
    "Properties": {
      "Parent": {
        "ObjectName": "MaterialInstanceConstant'BaseFlattenMaterialAthena_MedHLOD_GrassReplace'",
        "ObjectPath": "FortniteGame/Content/Athena/HLODSetup/Materials/BaseFlattenMaterialAthena_MedHLOD_GrassReplace.0"
      },
      "bHasStaticPermutationResource": true,
      "ScalarParameterValues": [
        {
          "ParameterInfo": {
            "Name": "MetallicConst",
            "Association": "GlobalParameter",
            "Index": -1
          },
          "ParameterValue": 0.0,
          "ExpressionGUID": "DF762E36-47C779AB-3231ABBC-84920D01"
        },
        {
          "ParameterInfo": {
            "Name": "RoughnessConst",
            "Association": "GlobalParameter",
            "Index": -1
          },
          "ParameterValue": 1.0,
          "ExpressionGUID": "67948A44-4E72B482-DC859C95-1C1BEB62"
        },
        {
          "ParameterInfo": {
            "Name": "SpecularConst",
            "Association": "GlobalParameter",
            "Index": -1
          },
          "ParameterValue": 0.075,
          "ExpressionGUID": "F223E3CB-45C3161C-A86098BD-0550F837"
        },
        {
          "ParameterInfo": {
            "Name": "OpacityConst",
            "Association": "GlobalParameter",
            "Index": -1
          },
          "ParameterValue": 1.0,
          "ExpressionGUID": "5CD49B72-46AFD6EA-081F26B9-DF50808B"
        },
        {
          "ParameterInfo": {
            "Name": "OpacityMaskConst",
            "Association": "GlobalParameter",
            "Index": -1
          },
          "ParameterValue": 1.0,
          "ExpressionGUID": "C019A35E-469F1FBE-A5FA559C-9B07F150"
        },
        {
          "ParameterInfo": {
            "Name": "AmbientOcclusionConst",
            "Association": "GlobalParameter",
            "Index": -1
          },
          "ParameterValue": 1.0,
          "ExpressionGUID": "A4B0120B-45121C51-549CB6AE-11CBEC3D"
        }
      ],
      "TextureParameterValues": [
        {
          "ParameterInfo": {
            "Name": "DiffuseTexture",
            "Association": "GlobalParameter",
            "Index": -1
          },
          "ParameterValue": {
            "ObjectName": "Texture2D'T_Athena_RUR_3x3_House_c_SNW_PC_1_FORT_Brick_Chimney_C_28_Diffuse'",
            "ObjectPath": "FortniteGame/Content/Athena/Maps/Buildings/3x3/HLOD/Athena_RUR_3x3_House_c_SNW_PC_1_HLOD.4"
          },
          "ExpressionGUID": "4E7AD77A-43D375BA-CEB77C86-73756268"
        }
      ],
      "BasePropertyOverrides": {
        "bOverride_DitheredLODTransition": true,
        "bOverride_TwoSided": true,
        "TwoSided": true,
        "DitheredLODTransition": true,
        "OpacityMaskClipValue": 0.3333
      },
      "StaticParameters": {
        "StaticSwitchParameters": [
          {
            "ParameterInfo": {
              "Name": "UseDiffuse",
              "Association": "GlobalParameter",
              "Index": -1
            },
            "Value": true,
            "bOverride": true,
            "ExpressionGUID": "99BA8635-4EAA882F-9D4136AF-958BF760"
          }
        ]
      }
    }
  },
  {
    "Type": "StaticMesh",
    "Name": "SM_Athena_RUR_3x3_House_c_SNW_PC_1_FORT_Brick_Chimney_C_28",
    "Class": "UScriptClass'StaticMesh'",
    "Properties": {
      "StaticMaterials": [
        {
          "MaterialInterface": {
            "ObjectName": "MaterialInstanceConstant'M_Athena_RUR_3x3_House_c_SNW_PC_1_FORT_Brick_Chimney_C_28'",
            "ObjectPath": "FortniteGame/Content/Athena/Maps/Buildings/3x3/HLOD/Athena_RUR_3x3_House_c_SNW_PC_1_HLOD.2"
          },
          "MaterialSlotName": "M_Athena_RUR_3x3_House_c_SNW_PC_1_FORT_Brick_Chimney_C_28",
          "ImportedMaterialSlotName": "M_Athena_RUR_3x3_House_c_SNW_PC_1_FORT_Brick_Chimney_C_28",
          "UVChannelData": {
            "bInitialized": true,
            "bOverrideDensities": false,
            "LocalUVDensities": 8022.436,
            "LocalUVDensities": 8022.436,
            "LocalUVDensities": 0.0,
            "LocalUVDensities": 0.0
          }
        },
        {
          "MaterialInterface": {
            "ObjectName": "MaterialInstanceConstant'MI_AthenaTreeXmasPine_01_Impostor'",
            "ObjectPath": "FortniteGame/Content/ImpostorBaker/ImpostorLODs/AthenaTreeXmasPine_02/MI_AthenaTreeXmasPine_01_Impostor.0"
          },
          "MaterialSlotName": "MI_AthenaTreeXmasPine_01_Impostor",
          "ImportedMaterialSlotName": "MI_AthenaTreeXmasPine_01_Impostor",
          "UVChannelData": {
            "bInitialized": true,
            "bOverrideDensities": false,
            "LocalUVDensities": 17000.55,
            "LocalUVDensities": 113.73877,
            "LocalUVDensities": 0.0,
            "LocalUVDensities": 0.0
          }
        }
      ],
      "LightmapUVDensity": 8042.191,
      "LightMapResolution": 32,
      "ExtendedBounds": {
        "Origin": {
          "X": -729.9861,
          "Y": 352.42212,
          "Z": 1354.9955
        },
        "BoxExtent": {
          "X": 1096.4282,
          "Y": 1148.5321,
          "Z": 1369.6355
        },
        "SphereRadius": 1913.3795
      }
    },
    "BodySetup": {
      "ObjectName": "BodySetup'SM_Athena_RUR_3x3_House_c_SNW_PC_1_FORT_Brick_Chimney_C_28:BodySetup_1'",
      "ObjectPath": "FortniteGame/Content/Athena/Maps/Buildings/3x3/HLOD/Athena_RUR_3x3_House_c_SNW_PC_1_HLOD.0"
    },
    "NavCollision": null,
    "LightingGuid": "F84913EA-44553647-280C1CB1-EEACCC03",
    "RenderData": {
      "LODs": [
        {
          "Sections": [
            {
              "MaterialIndex": 0,
              "FirstIndex": 0,
              "NumTriangles": 970,
              "MinVertexIndex": 0,
              "MaxVertexIndex": 1446,
              "bEnableCollision": false,
              "bCastShadow": true,
              "bForceOpaque": false,
              "bVisibleInRayTracing": true
            },
            {
              "MaterialIndex": 1,
              "FirstIndex": 2910,
              "NumTriangles": 8,
              "MinVertexIndex": 1447,
              "MaxVertexIndex": 1455,
              "bEnableCollision": false,
              "bCastShadow": true,
              "bForceOpaque": false,
              "bVisibleInRayTracing": true
            }
          ],
          "MaxDeviation": 0.0,
          "PositionVertexBuffer": {
            "Stride": 12,
            "NumVertices": 1456
          },
          "VertexBuffer": {
            "NumTexCoords": 4,
            "NumVertices": 1456,
            "Strides": -1,
            "UseHighPrecisionTangentBasis": false,
            "UseFullPrecisionUVs": false
          },
          "ColorVertexBuffer": {
            "Data": [],
            "Stride": 0,
            "NumVertices": 0
          }
        }
      ],
      "Bounds": {
        "Origin": {
          "X": -729.9861,
          "Y": 352.42212,
          "Z": 1354.9955
        },
        "BoxExtent": {
          "X": 1096.4282,
          "Y": 1148.5321,
          "Z": 1369.6355
        },
        "SphereRadius": 1913.3795
      },
      "bLODsShareStaticLighting": true,
      "ScreenSize": [
        1.0,
        0.0,
        0.0,
        0.0,
        0.0,
        0.0,
        0.0,
        0.0
      ]
    }
  },
  {
    "Type": "Texture2D",
    "Name": "T_Athena_RUR_3x3_House_c_SNW_PC_1_FORT_Brick_Chimney_C_28_Diffuse",
    "Class": "UScriptClass'Texture2D'",
    "Properties": {
      "ImportedSize": {
        "X": 256,
        "Y": 256
      },
      "LightingGuid": "16894A3E-4D150811-D824C38C-A52A482C",
      "LODGroup": "TEXTUREGROUP_HierarchicalLOD"
    },
    "SizeX": 0,
    "SizeY": 0,
    "PackedData": 0,
    "PixelFormat": "PF_Unknown",
    "FirstMipToSerialize": -1
  }
]