[
  {
    "Type": "ObjectProperty",
    "Name": "Plane_2",
    "Outer": "LS_HLODGenHack_FakeGeo_C",
    "Class": "UScriptClass'ObjectProperty'",
    "PropertyFlags": "BlueprintVisible | InstancedReference | NonTransactional",
    "PropertyClass": {
      "ObjectName": "Class'StaticMeshComponent'",
      "ObjectPath": "/Script/Engine"
    }
  },
  {
    "Type": "BlueprintGeneratedClass",
    "Name": "LS_HLODGenHack_FakeGeo_C",
    "Class": "UScriptClass'BlueprintGeneratedClass'",
    "Properties": {
      "SimpleConstructionScript": {
        "ObjectName": "SimpleConstructionScript'LS_HLODGenHack_FakeGeo_C:SimpleConstructionScript_0'",
        "ObjectPath": "FortniteGame/Content/Athena/Apollo/Environments/Blueprints/LS_HLODGenHack_FakeGeo.9"
      }
    },
    "SuperStruct": {
      "ObjectName": "Class'Actor'",
      "ObjectPath": "/Script/Engine"
    },
    "Children": [
      {
        "ObjectName": "ObjectProperty'LS_HLODGenHack_FakeGeo_C:Plane_2'",
        "ObjectPath": "FortniteGame/Content/Athena/Apollo/Environments/Blueprints/LS_HLODGenHack_FakeGeo.0"
      },
      {
        "ObjectName": "ObjectProperty'LS_HLODGenHack_FakeGeo_C:Plane'",
        "ObjectPath": "FortniteGame/Content/Athena/Apollo/Environments/Blueprints/LS_HLODGenHack_FakeGeo.4"
      },
      {
        "ObjectName": "ObjectProperty'LS_HLODGenHack_FakeGeo_C:DefaultSceneRoot'",
        "ObjectPath": "FortniteGame/Content/Athena/Apollo/Environments/Blueprints/LS_HLODGenHack_FakeGeo.3"
      }
    ]
  },
  {
    "Type": "LS_HLODGenHack_FakeGeo_C",
    "Name": "Default__LS_HLODGenHack_FakeGeo_C",
    "Class": "BlueprintGeneratedClass'FortniteGame/Content/Athena/Apollo/Environments/Blueprints/LS_HLODGenHack_FakeGeo.LS_HLODGenHack_FakeGeo_C'"
  },
  {
    "Type": "ObjectProperty",
    "Name": "DefaultSceneRoot",
    "Outer": "LS_HLODGenHack_FakeGeo_C",
    "Class": "UScriptClass'ObjectProperty'",
    "PropertyFlags": "BlueprintVisible | InstancedReference | NonTransactional",
    "PropertyClass": {
      "ObjectName": "Class'SceneComponent'",
      "ObjectPath": "/Script/Engine"
    }
  },
  {
    "Type": "ObjectProperty",
    "Name": "Plane",
    "Outer": "LS_HLODGenHack_FakeGeo_C",
    "Class": "UScriptClass'ObjectProperty'",
    "PropertyFlags": "BlueprintVisible | InstancedReference | NonTransactional",
    "PropertyClass": {
      "ObjectName": "Class'StaticMeshComponent'",
      "ObjectPath": "/Script/Engine"
    }
  },
  {
    "Type": "SceneComponent",
    "Name": "DefaultSceneRoot_GEN_VARIABLE",
    "Outer": "LS_HLODGenHack_FakeGeo_C",
    "Class": "UScriptClass'SceneComponent'",
    "Properties": {
      "Mobility": "EComponentMobility::Static"
    }
  },
  {
    "Type": "SCS_Node",
    "Name": "SCS_Node_0",
    "Outer": "SimpleConstructionScript_0",
    "Class": "UScriptClass'SCS_Node'",
    "Properties": {
      "ComponentClass": {
        "ObjectName": "Class'SceneComponent'",
        "ObjectPath": "/Script/Engine"
      },
      "ComponentTemplate": {
        "ObjectName": "SceneComponent'LS_HLODGenHack_FakeGeo_C:DefaultSceneRoot_GEN_VARIABLE'",
        "ObjectPath": "FortniteGame/Content/Athena/Apollo/Environments/Blueprints/LS_HLODGenHack_FakeGeo.5"
      },
      "ChildNodes": [
        {
          "ObjectName": "SCS_Node'LS_HLODGenHack_FakeGeo_C:SimpleConstructionScript_0.SCS_Node_1'",
          "ObjectPath": "FortniteGame/Content/Athena/Apollo/Environments/Blueprints/LS_HLODGenHack_FakeGeo.7"
        },
        {
          "ObjectName": "SCS_Node'LS_HLODGenHack_FakeGeo_C:SimpleConstructionScript_0.SCS_Node_2'",
          "ObjectPath": "FortniteGame/Content/Athena/Apollo/Environments/Blueprints/LS_HLODGenHack_FakeGeo.8"
        }
      ],
      "VariableGuid": "744C2DBE-4FA453FC-24169DAA-B5127D64",
      "InternalVariableName": "DefaultSceneRoot"
    }
  },
  {
    "Type": "SCS_Node",
    "Name": "SCS_Node_1",
    "Outer": "SimpleConstructionScript_0",
    "Class": "UScriptClass'SCS_Node'",
    "Properties": {
      "ComponentClass": {
        "ObjectName": "Class'StaticMeshComponent'",
        "ObjectPath": "/Script/Engine"
      },
      "ComponentTemplate": {
        "ObjectName": "StaticMeshComponent'LS_HLODGenHack_FakeGeo_C:Plane_GEN_VARIABLE'",
        "ObjectPath": "FortniteGame/Content/Athena/Apollo/Environments/Blueprints/LS_HLODGenHack_FakeGeo.11"
      },
      "VariableGuid": "033D527B-4C1AD9F1-4042CCA1-4A0EC75E",
      "InternalVariableName": "Plane"
    }
  },
  {
    "Type": "SCS_Node",
    "Name": "SCS_Node_2",
    "Outer": "SimpleConstructionScript_0",
    "Class": "UScriptClass'SCS_Node'",
    "Properties": {
      "ComponentClass": {
        "ObjectName": "Class'StaticMeshComponent'",
        "ObjectPath": "/Script/Engine"
      },
      "ComponentTemplate": {
        "ObjectName": "StaticMeshComponent'LS_HLODGenHack_FakeGeo_C:Plane_2_GEN_VARIABLE'",
        "ObjectPath": "FortniteGame/Content/Athena/Apollo/Environments/Blueprints/LS_HLODGenHack_FakeGeo.10"
      },
      "VariableGuid": "AFE78506-4146A3F3-AEF976B2-C86BE362",
      "InternalVariableName": "Plane_2"
    }
  },
  {
    "Type": "SimpleConstructionScript",
    "Name": "SimpleConstructionScript_0",
    "Outer": "LS_HLODGenHack_FakeGeo_C",
    "Class": "UScriptClass'SimpleConstructionScript'",
    "Properties": {
      "RootNodes": [
        {
          "ObjectName": "SCS_Node'LS_HLODGenHack_FakeGeo_C:SimpleConstructionScript_0.SCS_Node_0'",
          "ObjectPath": "FortniteGame/Content/Athena/Apollo/Environments/Blueprints/LS_HLODGenHack_FakeGeo.6"
        }
      ],
      "AllNodes": [
        {
          "ObjectName": "SCS_Node'LS_HLODGenHack_FakeGeo_C:SimpleConstructionScript_0.SCS_Node_0'",
          "ObjectPath": "FortniteGame/Content/Athena/Apollo/Environments/Blueprints/LS_HLODGenHack_FakeGeo.6"
        },
        {
          "ObjectName": "SCS_Node'LS_HLODGenHack_FakeGeo_C:SimpleConstructionScript_0.SCS_Node_1'",
          "ObjectPath": "FortniteGame/Content/Athena/Apollo/Environments/Blueprints/LS_HLODGenHack_FakeGeo.7"
        },
        {
          "ObjectName": "SCS_Node'LS_HLODGenHack_FakeGeo_C:SimpleConstructionScript_0.SCS_Node_2'",
          "ObjectPath": "FortniteGame/Content/Athena/Apollo/Environments/Blueprints/LS_HLODGenHack_FakeGeo.8"
        }
      ],
      "DefaultSceneRootNode": {
        "ObjectName": "SCS_Node'LS_HLODGenHack_FakeGeo_C:SimpleConstructionScript_0.SCS_Node_0'",
        "ObjectPath": "FortniteGame/Content/Athena/Apollo/Environments/Blueprints/LS_HLODGenHack_FakeGeo.6"
      }
    }
  },
  {
    "Type": "StaticMeshComponent",
    "Name": "Plane_2_GEN_VARIABLE",
    "Outer": "LS_HLODGenHack_FakeGeo_C",
    "Class": "UScriptClass'StaticMeshComponent'",
    "Properties": {
      "StaticMesh": {
        "ObjectName": "StaticMesh'S_Elevation_Ground_Z'",
        "ObjectPath": "FortniteGame/Content/Packages/DS_Fortnite_Terrain_NoLOD/Ground/S_Elevation_Ground_Z.1"
      },
      "BodyInstance": {
        "ObjectType": "ECC_WorldStatic",
        "CollisionProfileName": "BlockAll",
        "CollisionResponses": {
          "ResponseArray": [
            {
              "Channel": "FCC_Trace_WeaponCapsule",
              "Response": "ECR_Block"
            },
            {
              "Channel": "FCC_Object_PawnAI",
              "Response": "ECR_Block"
            },
            {
              "Channel": "FCC_Trace_WeaponMulti",
              "Response": "ECR_Block"
            },
            {
              "Channel": "FCC_Trace_Weapon",
              "Response": "ECR_Block"
            },
            {
              "Channel": "FCC_Object_Projectile",
              "Response": "ECR_Block"
            },
            {
              "Channel": "FCC_Object_ProjectileIgnoreAI",
              "Response": "ECR_Block"
            },
            {
              "Channel": "FCC_Object_ProjectileMesh",
              "Response": "ECR_Block"
            },
            {
              "Channel": "FCC_Object_SpectatorDroneCamera",
              "Response": "ECR_Block"
            },
            {
              "Channel": "FCC_Trace_WeaponPawnAndWorldMulti",
              "Response": "ECR_Block"
            }
          ]
        }
      },
      "RelativeScale3D": {
        "X": 3.0,
        "Y": 3.0,
        "Z": 3.0
      },
      "Mobility": "EComponentMobility::Static"
    }
  },
  {
    "Type": "StaticMeshComponent",
    "Name": "Plane_GEN_VARIABLE",
    "Outer": "LS_HLODGenHack_FakeGeo_C",
    "Class": "UScriptClass'StaticMeshComponent'",
    "Properties": {
      "StaticMesh": {
        "ObjectName": "StaticMesh'S_Elevation_Ground_Z'",
        "ObjectPath": "FortniteGame/Content/Packages/DS_Fortnite_Terrain_NoLOD/Ground/S_Elevation_Ground_Z.1"
      },
      "BodyInstance": {
        "ObjectType": "ECC_WorldStatic",
        "CollisionProfileName": "BlockAll",
        "CollisionResponses": {
          "ResponseArray": [
            {
              "Channel": "FCC_Trace_WeaponCapsule",
              "Response": "ECR_Block"
            },
            {
              "Channel": "FCC_Object_PawnAI",
              "Response": "ECR_Block"
            },
            {
              "Channel": "FCC_Trace_WeaponMulti",
              "Response": "ECR_Block"
            },
            {
              "Channel": "FCC_Trace_Weapon",
              "Response": "ECR_Block"
            },
            {
              "Channel": "FCC_Object_Projectile",
              "Response": "ECR_Block"
            },
            {
              "Channel": "FCC_Object_ProjectileIgnoreAI",
              "Response": "ECR_Block"
            },
            {
              "Channel": "FCC_Object_ProjectileMesh",
              "Response": "ECR_Block"
            },
            {
              "Channel": "FCC_Object_SpectatorDroneCamera",
              "Response": "ECR_Block"
            },
            {
              "Channel": "FCC_Trace_WeaponPawnAndWorldMulti",
              "Response": "ECR_Block"
            }
          ]
        }
      },
      "RelativeRotation": {
        "Pitch": 0.0,
        "Yaw": -90.0001,
        "Roll": 0.0
      },
      "RelativeScale3D": {
        "X": 3.0,
        "Y": 3.0,
        "Z": 3.0
      },
      "Mobility": "EComponentMobility::Static"
    }
  }
]