[
  {
    "Type": "StructProperty",
    "Name": "UberGraphFrame",
    "Outer": "LS_LevelGrid_Labels_C",
    "Class": "UScriptClass'StructProperty'",
    "PropertyFlags": "Transient | DuplicateTransient",
    "Struct": {
      "ObjectName": "ScriptStruct'PointerToUberGraphFrame'",
      "ObjectPath": "/Script/Engine"
    }
  },
  {
    "Type": "BlueprintGeneratedClass",
    "Name": "LS_LevelGrid_Labels_C",
    "Class": "UScriptClass'BlueprintGeneratedClass'",
    "Properties": {
      "SimpleConstructionScript": {
        "ObjectName": "SimpleConstructionScript'LS_LevelGrid_Labels_C:SimpleConstructionScript_0'",
        "ObjectPath": "FortniteGame/Content/Athena/Apollo/Environments/Blueprints/LS_LevelGrid_Labels.14"
      },
      "UberGraphFramePointerProperty": {
        "ObjectName": "StructProperty'LS_LevelGrid_Labels_C:UberGraphFrame'",
        "ObjectPath": "FortniteGame/Content/Athena/Apollo/Environments/Blueprints/LS_LevelGrid_Labels.0"
      },
      "UberGraphFunction": {
        "ObjectName": "Function'LS_LevelGrid_Labels_C:ExecuteUbergraph_LS_LevelGrid_Labels'",
        "ObjectPath": "FortniteGame/Content/Athena/Apollo/Environments/Blueprints/LS_LevelGrid_Labels.7"
      }
    },
    "SuperStruct": {
      "ObjectName": "Class'Actor'",
      "ObjectPath": "/Script/Engine"
    },
    "Children": [
      {
        "ObjectName": "StructProperty'LS_LevelGrid_Labels_C:UberGraphFrame'",
        "ObjectPath": "FortniteGame/Content/Athena/Apollo/Environments/Blueprints/LS_LevelGrid_Labels.0"
      },
      {
        "ObjectName": "Function'LS_LevelGrid_Labels_C:SetLabelNames'",
        "ObjectPath": "FortniteGame/Content/Athena/Apollo/Environments/Blueprints/LS_LevelGrid_Labels.9"
      },
      {
        "ObjectName": "Function'LS_LevelGrid_Labels_C:ExecuteUbergraph_LS_LevelGrid_Labels'",
        "ObjectPath": "FortniteGame/Content/Athena/Apollo/Environments/Blueprints/LS_LevelGrid_Labels.7"
      },
      {
        "ObjectName": "ObjectProperty'LS_LevelGrid_Labels_C:TextRender'",
        "ObjectPath": "FortniteGame/Content/Athena/Apollo/Environments/Blueprints/LS_LevelGrid_Labels.3"
      },
      {
        "ObjectName": "ObjectProperty'LS_LevelGrid_Labels_C:DefaultSceneRoot'",
        "ObjectPath": "FortniteGame/Content/Athena/Apollo/Environments/Blueprints/LS_LevelGrid_Labels.10"
      }
    ],
    "ClassFlags": "CLASS_MinimalAPI",
    "ClassWithin": null,
    "ClassConfigName": "/Game/Athena/Apollo/Environments/Blueprints/LS_LevelGrid_Labels_655359",
    "ClassGeneratedBy": null
  },
  {
    "Type": "LS_LevelGrid_Labels_C",
    "Name": "Default__LS_LevelGrid_Labels_C",
    "Class": "BlueprintGeneratedClass'FortniteGame/Content/Athena/Apollo/Environments/Blueprints/LS_LevelGrid_Labels.LS_LevelGrid_Labels_C'",
    "Properties": {
      "UberGraphFrame": {}
    }
  },
  {
    "Type": "ObjectProperty",
    "Name": "TextRender",
    "Outer": "LS_LevelGrid_Labels_C",
    "Class": "UScriptClass'ObjectProperty'",
    "PropertyFlags": "BlueprintVisible | InstancedReference | NonTransactional",
    "PropertyClass": {
      "ObjectName": "Class'TextRenderComponent'",
      "ObjectPath": "/Script/Engine"
    }
  },
  {
    "Type": "TextProperty",
    "Name": "CallFunc_Conv_StringToText_ReturnValue",
    "Outer": "ExecuteUbergraph_LS_LevelGrid_Labels",
    "Class": "UScriptClass'TextProperty'"
  },
  {
    "Type": "StrProperty",
    "Name": "K2Node_CustomEvent_MapName",
    "Outer": "ExecuteUbergraph_LS_LevelGrid_Labels",
    "Class": "UScriptClass'StrProperty'"
  },
  {
    "Type": "IntProperty",
    "Name": "EntryPoint",
    "Outer": "ExecuteUbergraph_LS_LevelGrid_Labels",
    "Class": "UScriptClass'IntProperty'",
    "PropertyFlags": "BlueprintVisible | BlueprintReadOnly | Parm"
  },
  {
    "Type": "Function",
    "Name": "ExecuteUbergraph_LS_LevelGrid_Labels",
    "Outer": "LS_LevelGrid_Labels_C",
    "Class": "UScriptClass'Function'",
    "Children": [
      {
        "ObjectName": "IntProperty'LS_LevelGrid_Labels_C:ExecuteUbergraph_LS_LevelGrid_Labels.EntryPoint'",
        "ObjectPath": "FortniteGame/Content/Athena/Apollo/Environments/Blueprints/LS_LevelGrid_Labels.6"
      },
      {
        "ObjectName": "StrProperty'LS_LevelGrid_Labels_C:ExecuteUbergraph_LS_LevelGrid_Labels.K2Node_CustomEvent_MapName'",
        "ObjectPath": "FortniteGame/Content/Athena/Apollo/Environments/Blueprints/LS_LevelGrid_Labels.5"
      },
      {
        "ObjectName": "TextProperty'LS_LevelGrid_Labels_C:ExecuteUbergraph_LS_LevelGrid_Labels.CallFunc_Conv_StringToText_ReturnValue'",
        "ObjectPath": "FortniteGame/Content/Athena/Apollo/Environments/Blueprints/LS_LevelGrid_Labels.4"
      }
    ],
    "FunctionFlags": "FUNC_None"
  },
  {
    "Type": "StrProperty",
    "Name": "MapName",
    "Outer": "SetLabelNames",
    "Class": "UScriptClass'StrProperty'",
    "PropertyFlags": "BlueprintVisible | BlueprintReadOnly | Parm"
  },
  {
    "Type": "Function",
    "Name": "SetLabelNames",
    "Outer": "LS_LevelGrid_Labels_C",
    "Class": "UScriptClass'Function'",
    "Children": [
      {
        "ObjectName": "StrProperty'LS_LevelGrid_Labels_C:SetLabelNames.MapName'",
        "ObjectPath": "FortniteGame/Content/Athena/Apollo/Environments/Blueprints/LS_LevelGrid_Labels.8"
      }
    ],
    "FunctionFlags": "FUNC_None"
  },
  {
    "Type": "ObjectProperty",
    "Name": "DefaultSceneRoot",
    "Outer": "LS_LevelGrid_Labels_C",
    "Class": "UScriptClass'ObjectProperty'",
    "PropertyFlags": "BlueprintVisible | InstancedReference | NonTransactional",
    "PropertyClass": {
      "ObjectName": "Class'SceneComponent'",
      "ObjectPath": "/Script/Engine"
    }
  },
  {
    "Type": "SceneComponent",
    "Name": "DefaultSceneRoot_GEN_VARIABLE",
    "Outer": "LS_LevelGrid_Labels_C",
    "Class": "UScriptClass'SceneComponent'"
  },
  {
    "Type": "SCS_Node",
    "Name": "SCS_Node_0",
    "Outer": "SimpleConstructionScript_0",
    "Class": "UScriptClass'SCS_Node'",
    "Properties": {
      "ComponentClass": {
        "ObjectName": "Class'SceneComponent'",
        "ObjectPath": "/Script/Engine"
      },
      "ComponentTemplate": {
        "ObjectName": "SceneComponent'LS_LevelGrid_Labels_C:DefaultSceneRoot_GEN_VARIABLE'",
        "ObjectPath": "FortniteGame/Content/Athena/Apollo/Environments/Blueprints/LS_LevelGrid_Labels.11"
      },
      "ChildNodes": [
        {
          "ObjectName": "SCS_Node'LS_LevelGrid_Labels_C:SimpleConstructionScript_0.SCS_Node_1'",
          "ObjectPath": "FortniteGame/Content/Athena/Apollo/Environments/Blueprints/LS_LevelGrid_Labels.13"
        }
      ],
      "VariableGuid": "EB8AEE22-461C6CB0-D47EB3B6-356EF1A9",
      "InternalVariableName": "DefaultSceneRoot"
    }
  },
  {
    "Type": "SCS_Node",
    "Name": "SCS_Node_1",
    "Outer": "SimpleConstructionScript_0",
    "Class": "UScriptClass'SCS_Node'",
    "Properties": {
      "ComponentClass": {
        "ObjectName": "Class'TextRenderComponent'",
        "ObjectPath": "/Script/Engine"
      },
      "ComponentTemplate": {
        "ObjectName": "TextRenderComponent'LS_LevelGrid_Labels_C:TextRender_GEN_VARIABLE'",
        "ObjectPath": "FortniteGame/Content/Athena/Apollo/Environments/Blueprints/LS_LevelGrid_Labels.15"
      },
      "VariableGuid": "54B40391-436DD274-3B7D7EB0-C213CD03",
      "InternalVariableName": "TextRender"
    }
  },
  {
    "Type": "SimpleConstructionScript",
    "Name": "SimpleConstructionScript_0",
    "Outer": "LS_LevelGrid_Labels_C",
    "Class": "UScriptClass'SimpleConstructionScript'",
    "Properties": {
      "RootNodes": [
        {
          "ObjectName": "SCS_Node'LS_LevelGrid_Labels_C:SimpleConstructionScript_0.SCS_Node_0'",
          "ObjectPath": "FortniteGame/Content/Athena/Apollo/Environments/Blueprints/LS_LevelGrid_Labels.12"
        }
      ],
      "AllNodes": [
        {
          "ObjectName": "SCS_Node'LS_LevelGrid_Labels_C:SimpleConstructionScript_0.SCS_Node_0'",
          "ObjectPath": "FortniteGame/Content/Athena/Apollo/Environments/Blueprints/LS_LevelGrid_Labels.12"
        },
        {
          "ObjectName": "SCS_Node'LS_LevelGrid_Labels_C:SimpleConstructionScript_0.SCS_Node_1'",
          "ObjectPath": "FortniteGame/Content/Athena/Apollo/Environments/Blueprints/LS_LevelGrid_Labels.13"
        }
      ],
      "DefaultSceneRootNode": {
        "ObjectName": "SCS_Node'LS_LevelGrid_Labels_C:SimpleConstructionScript_0.SCS_Node_0'",
        "ObjectPath": "FortniteGame/Content/Athena/Apollo/Environments/Blueprints/LS_LevelGrid_Labels.12"
      }
    }
  },
  {
    "Type": "TextRenderComponent",
    "Name": "TextRender_GEN_VARIABLE",
    "Outer": "LS_LevelGrid_Labels_C",
    "Class": "UScriptClass'TextRenderComponent'",
    "Properties": {
      "WorldSize": 1536.0,
      "RelativeLocation": {
        "X": -511.92642,
        "Y": -6144.01,
        "Z": 511.9997
      },
      "RelativeRotation": {
        "Pitch": 90.0,
        "Yaw": 700.52856,
        "Roll": 520.5282
      },
      "bHiddenInGame": true
    }
  }
]