[
  {
    "Type": "MaterialInstanceConstant",
    "Name": "M_MapCloudLayer",
    "Class": "UScriptClass'MaterialInstanceConstant'",
    "Properties": {
      "Parent": {
        "ObjectName": "Material'M_MapFog'",
        "ObjectPath": "FortniteGame/Content/Athena/Deimos/M_MapFog.0"
      },
      "ScalarParameterValues": [
        {
          "ParameterInfo": {
            "Name": "CameraFadeLength",
            "Association": "GlobalParameter",
            "Index": -1
          },
          "ParameterValue": 34000.0,
          "ExpressionGUID": "A271F243-432F14F1-1993EBAB-D11754FB"
        },
        {
          "ParameterInfo": {
            "Name": "CameraFadeOffset",
            "Association": "GlobalParameter",
            "Index": -1
          },
          "ParameterValue": 8000.0,
          "ExpressionGUID": "B84EBD37-4DC669E1-C801EDB7-7E544154"
        },
        {
          "ParameterInfo": {
            "Name": "FadeDistance",
            "Association": "GlobalParameter",
            "Index": -1
          },
          "ParameterValue": 5000.0,
          "ExpressionGUID": "81084E6A-467F6175-BBB2188B-650E6AAB"
        },
        {
          "ParameterInfo": {
            "Name": "Opacity",
            "Association": "GlobalParameter",
            "Index": -1
          },
          "ParameterValue": 0.2,
          "ExpressionGUID": "2652906C-4C3D3914-41729498-97485E67"
        },
        {
          "ParameterInfo": {
            "Name": "Tiling",
            "Association": "GlobalParameter",
            "Index": -1
          },
          "ParameterValue": 4.0,
          "ExpressionGUID": "94D37F5B-44A3E6AF-1B72FAB2-E25A362F"
        },
        {
          "ParameterInfo": {
            "Name": "RefractionDepthBias",
            "Association": "GlobalParameter",
            "Index": -1
          },
          "ParameterValue": 0.0,
          "ExpressionGUID": "00000000-00000000-00000000-00000000"
        }
      ],
      "VectorParameterValues": [
        {
          "ParameterInfo": {
            "Name": "AmbientDay",
            "Association": "GlobalParameter",
            "Index": -1
          },
          "ParameterValue": {
            "R": 0.152626,
            "G": 0.201834,
            "B": 0.255208,
            "A": 1.0,
            "Hex": "6D7C8A"
          },
          "ExpressionGUID": "309CECCE-461EBFA2-9DE999B4-BACF641A"
        },
        {
          "ParameterInfo": {
            "Name": "AmbientEvening",
            "Association": "GlobalParameter",
            "Index": -1
          },
          "ParameterValue": {
            "R": 0.062644,
            "G": 0.104222,
            "B": 0.140625,
            "A": 1.0,
            "Hex": "475B69"
          },
          "ExpressionGUID": "1CC60951-499C441D-7440259A-D5F3D377"
        },
        {
          "ParameterInfo": {
            "Name": "AmbientMorning",
            "Association": "GlobalParameter",
            "Index": -1
          },
          "ParameterValue": {
            "R": 0.040232,
            "G": 0.037109,
            "B": 0.0625,
            "A": 1.0,
            "Hex": "383646"
          },
          "ExpressionGUID": "6024378B-40FB8187-ECF329AF-6C0E42EC"
        },
        {
          "ParameterInfo": {
            "Name": "AmbientNight",
            "Association": "GlobalParameter",
            "Index": -1
          },
          "ParameterValue": {
            "R": 0.037807,
            "G": 0.041064,
            "B": 0.057292,
            "A": 1.0,
            "Hex": "363943"
          },
          "ExpressionGUID": "DCE3021A-43DBB338-59D17CB5-9952CB15"
        },
        {
          "ParameterInfo": {
            "Name": "Color",
            "Association": "GlobalParameter",
            "Index": -1
          },
          "ParameterValue": {
            "R": 0.399335,
            "G": 0.557667,
            "B": 0.723958,
            "A": 1.0,
            "Hex": "AAC5DD"
          },
          "ExpressionGUID": "7C00E1C4-43E078D2-4EF55293-7643F333"
        },
        {
          "ParameterInfo": {
            "Name": "LitDay",
            "Association": "GlobalParameter",
            "Index": -1
          },
          "ParameterValue": {
            "R": 1.0,
            "G": 0.870073,
            "B": 0.798821,
            "A": 1.0,
            "Hex": "FFF0E7"
          },
          "ExpressionGUID": "FD86A3D6-401789EB-F88DF3B4-CBE8CF21"
        },
        {
          "ParameterInfo": {
            "Name": "LitEvening",
            "Association": "GlobalParameter",
            "Index": -1
          },
          "ParameterValue": {
            "R": 0.338542,
            "G": 0.157864,
            "B": 0.124035,
            "A": 1.0,
            "Hex": "9D6F63"
          },
          "ExpressionGUID": "4C2F588B-4E23E8CE-DEAD9A8B-657CC67C"
        },
        {
          "ParameterInfo": {
            "Name": "LitMorning",
            "Association": "GlobalParameter",
            "Index": -1
          },
          "ParameterValue": {
            "R": 1.0,
            "G": 0.486152,
            "B": 0.294583,
            "A": 1.0,
            "Hex": "FFB994"
          },
          "ExpressionGUID": "892673F3-431E7A99-B408D998-DAF2E113"
        },
        {
          "ParameterInfo": {
            "Name": "LitNight",
            "Association": "GlobalParameter",
            "Index": -1
          },
          "ParameterValue": {
            "R": 0.148005,
            "G": 0.170144,
            "B": 0.223958,
            "A": 1.0,
            "Hex": "6B7382"
          },
          "ExpressionGUID": "446753FB-4A09FA13-2D9D8ABE-77DA5C48"
        }
      ],
      "TextureParameterValues": [
        {
          "ParameterInfo": {
            "Name": "MacroMask",
            "Association": "GlobalParameter",
            "Index": -1
          },
          "ParameterValue": {
            "ObjectName": "Texture2D'T_Cloud_MacroMask'",
            "ObjectPath": "FortniteGame/Content/Athena/Apollo/Environments/Blueprints/T_Cloud_MacroMask.0"
          },
          "ExpressionGUID": "EECFD094-4D370C41-A7FA7AAB-2C93997B"
        },
        {
          "ParameterInfo": {
            "Name": "TilingNoise",
            "Association": "GlobalParameter",
            "Index": -1
          },
          "ParameterValue": {
            "ObjectName": "Texture2D'T_TwistyClouds_01'",
            "ObjectPath": "FortniteGame/Content/Athena/Apollo/Environments/Blueprints/T_TwistyClouds_01.0"
          },
          "ExpressionGUID": "5B2B0965-4D488FBD-873CC2B3-4CDCF558"
        }
      ],
      "BasePropertyOverrides": {
        "BlendMode": "BLEND_Translucent",
        "ShadingModel": "MSM_Unlit",
        "OpacityMaskClipValue": 0.3333
      },
      "TextureStreamingData": [
        {
          "SamplingScale": 8.0,
          "UVChannelIndex": 0,
          "TextureName": "T_TwistyClouds_01"
        },
        {
          "SamplingScale": 8.0,
          "UVChannelIndex": 0,
          "TextureName": "T_TwistyClouds_N"
        }
      ]
    }
  }
]