[
  {
    "Type": "Texture2D",
    "Name": "T_Cloud_MacroMask",
    "Class": "UScriptClass'Texture2D'",
    "Properties": {
      "ImportedSize": {
        "X": 1024,
        "Y": 1024
      },
      "LightingGuid": "64C903D3-410532F7-2B5CA396-9142F118",
      "CompressionSettings": "TC_Grayscale",
      "SRGB": false
    },
    "SizeX": 256,
    "SizeY": 256,
    "PackedData": 1,
    "PixelFormat": "PF_G8",
    "FirstMipToSerialize": 0,
    "Mips": [
      {
        "BulkData": {
          "BulkDataFlags": "BULKDATA_PayloadAtEndOfFile | BULKDATA_PayloadInSeperateFile | BULKDATA_Force_NOT_InlinePayload",
          "ElementCount": 65536,
          "SizeOnDisk": 65536,
          "OffsetInFile": "0x0"
        },
        "SizeX": 256,
        "SizeY": 256,
        "SizeZ": 1
      },
      {
        "BulkData": {
          "BulkDataFlags": "BULKDATA_PayloadAtEndOfFile | BULKDATA_PayloadInSeperateFile | BULKDATA_Force_NOT_InlinePayload",
          "ElementCount": 16384,
          "SizeOnDisk": 16384,
          "OffsetInFile": "0x10000"
        },
        "SizeX": 128,
        "SizeY": 128,
        "SizeZ": 1
      },
      {
        "BulkData": {
          "BulkDataFlags": "BULKDATA_SingleUse | BULKDATA_ForceInlinePayload",
          "ElementCount": 4096,
          "SizeOnDisk": 4096,
          "OffsetInFile": "0x1FE3"
        },
        "SizeX": 64,
        "SizeY": 64,
        "SizeZ": 1
      },
      {
        "BulkData": {
          "BulkDataFlags": "BULKDATA_SingleUse | BULKDATA_ForceInlinePayload",
          "ElementCount": 1024,
          "SizeOnDisk": 1024,
          "OffsetInFile": "0x3007"
        },
        "SizeX": 32,
        "SizeY": 32,
        "SizeZ": 1
      },
      {
        "BulkData": {
          "BulkDataFlags": "BULKDATA_SingleUse | BULKDATA_ForceInlinePayload",
          "ElementCount": 256,
          "SizeOnDisk": 256,
          "OffsetInFile": "0x342B"
        },
        "SizeX": 16,
        "SizeY": 16,
        "SizeZ": 1
      },
      {
        "BulkData": {
          "BulkDataFlags": "BULKDATA_SingleUse | BULKDATA_ForceInlinePayload",
          "ElementCount": 64,
          "SizeOnDisk": 64,
          "OffsetInFile": "0x354F"
        },
        "SizeX": 8,
        "SizeY": 8,
        "SizeZ": 1
      },
      {
        "BulkData": {
          "BulkDataFlags": "BULKDATA_SingleUse | BULKDATA_ForceInlinePayload",
          "ElementCount": 16,
          "SizeOnDisk": 16,
          "OffsetInFile": "0x35B3"
        },
        "SizeX": 4,
        "SizeY": 4,
        "SizeZ": 1
      },
      {
        "BulkData": {
          "BulkDataFlags": "BULKDATA_SingleUse | BULKDATA_ForceInlinePayload",
          "ElementCount": 4,
          "SizeOnDisk": 4,
          "OffsetInFile": "0x35E7"
        },
        "SizeX": 2,
        "SizeY": 2,
        "SizeZ": 1
      },
      {
        "BulkData": {
          "BulkDataFlags": "BULKDATA_SingleUse | BULKDATA_ForceInlinePayload",
          "ElementCount": 1,
          "SizeOnDisk": 1,
          "OffsetInFile": "0x360F"
        },
        "SizeX": 1,
        "SizeY": 1,
        "SizeZ": 1
      }
    ]
  }
]