[
  {
    "Type": "BlueprintGeneratedClass",
    "Name": "Apollo_Farm_Doorway_B_C",
    "Class": "UScriptClass'BlueprintGeneratedClass'",
    "Super": {
      "ObjectName": "BlueprintGeneratedClass'Parent_BuildingWall_C'",
      "ObjectPath": "FortniteGame/Content/Building/ActorBlueprints/Wall/Parent_BuildingWall.1"
    },
    "Properties": {
      "SimpleConstructionScript": {
        "ObjectName": "SimpleConstructionScript'Apollo_Farm_Doorway_B_C:SimpleConstructionScript_248__1EB38B35'",
        "ObjectPath": "FortniteGame/Content/Athena/Apollo/Environments/BuildingActors/Farm/Walls/Apollo_Farm_Doorway_B.4"
      }
    },
    "SuperStruct": {
      "ObjectName": "BlueprintGeneratedClass'Parent_BuildingWall_C'",
      "ObjectPath": "FortniteGame/Content/Building/ActorBlueprints/Wall/Parent_BuildingWall.1"
    }
  },
  {
    "Type": "Apollo_Farm_Doorway_B_C",
    "Name": "Default__Apollo_Farm_Doorway_B_C",
    "Class": "BlueprintGeneratedClass'FortniteGame/Content/Athena/Apollo/Environments/BuildingActors/Farm/Walls/Apollo_Farm_Doorway_B.Apollo_Farm_Doorway_B_C'",
    "Template": {
      "ObjectName": "Parent_BuildingWall_C'Default__Parent_BuildingWall_C'",
      "ObjectPath": "FortniteGame/Content/Building/ActorBlueprints/Wall/Parent_BuildingWall.2"
    },
    "Properties": {
      "StaticMesh": {
        "ObjectName": "StaticMesh'SM_Apollo_Barn_Doorway_A'",
        "ObjectPath": "FortniteGame/Content/Environments/Apollo/Sets/Barn/Meshes/SM_Apollo_Barn_Doorway_A.1"
      },
      "ResourceType": "EFortResourceType::Wood",
      "StaticMeshComponent": {
        "ObjectName": "StaticMeshComponent'Default__Apollo_Farm_Doorway_B_C:StaticMeshComponent0'",
        "ObjectPath": "FortniteGame/Content/Athena/Apollo/Environments/BuildingActors/Farm/Walls/Apollo_Farm_Doorway_B.5"
      },
      "BuildingResourceAmountOverride": {
        "CurveTable": {
          "ObjectName": "CurveTable'AthenaResourceRates'",
          "ObjectPath": "FortniteGame/Content/Athena/Balance/DataTables/AthenaResourceRates.0"
        },
        "RowName": "LDBuildingNormal"
      },
      "EditModePatternData": {
        "ObjectName": "BuildingEditModeMetadata_Wall'EMP_Wall_DoorC'",
        "ObjectPath": "FortniteGame/Content/Building/EditModePatterns/Wall/EMP_Wall_DoorC.0"
      },
      "AreaClass": {
        "AssetPathName": "/Game/Building/NavigationAreas/FortMetaNavWallAreaDef.FortMetaNavWallAreaDef_C",
        "SubPathString": ""
      },
      "CurrentBuildingLevel": 1,
      "AttributeInitKeys": {
        "AttributeInitCategory": "BuildingWood",
        "AttributeInitSubCategory": "2"
      },
      "AttributeInitKeys": {
        "AttributeInitCategory": "BuildingWood",
        "AttributeInitSubCategory": "2"
      },
      "RootComponent": {
        "ObjectName": "StaticMeshComponent'Default__Apollo_Farm_Doorway_B_C:StaticMeshComponent0'",
        "ObjectPath": "FortniteGame/Content/Athena/Apollo/Environments/BuildingActors/Farm/Walls/Apollo_Farm_Doorway_B.5"
      }
    }
  },
  {
    "Type": "SceneComponent",
    "Name": "SceneComponent_401",
    "Outer": "Apollo_Farm_Doorway_B_C",
    "Class": "UScriptClass'SceneComponent'"
  },
  {
    "Type": "SCS_Node",
    "Name": "SCS_Node_406",
    "Outer": "SimpleConstructionScript_248__1EB38B35",
    "Class": "UScriptClass'SCS_Node'",
    "Properties": {
      "ComponentClass": {
        "ObjectName": "Class'SceneComponent'",
        "ObjectPath": "/Script/Engine"
      },
      "ComponentTemplate": {
        "ObjectName": "SceneComponent'Apollo_Farm_Doorway_B_C:SceneComponent_401'",
        "ObjectPath": "FortniteGame/Content/Athena/Apollo/Environments/BuildingActors/Farm/Walls/Apollo_Farm_Doorway_B.2"
      },
      "VariableGuid": "56BC9799-C494E6E6-321D4295-7D5EB316",
      "InternalVariableName": "DefaultSceneRoot"
    }
  },
  {
    "Type": "SimpleConstructionScript",
    "Name": "SimpleConstructionScript_248__1EB38B35",
    "Outer": "Apollo_Farm_Doorway_B_C",
    "Class": "UScriptClass'SimpleConstructionScript'",
    "Properties": {
      "DefaultSceneRootNode": {
        "ObjectName": "SCS_Node'Apollo_Farm_Doorway_B_C:SimpleConstructionScript_248__1EB38B35.SCS_Node_406'",
        "ObjectPath": "FortniteGame/Content/Athena/Apollo/Environments/BuildingActors/Farm/Walls/Apollo_Farm_Doorway_B.3"
      }
    }
  },
  {
    "Type": "StaticMeshComponent",
    "Name": "StaticMeshComponent0",
    "Outer": "Default__Apollo_Farm_Doorway_B_C",
    "Class": "UScriptClass'StaticMeshComponent'",
    "Template": {
      "ObjectName": "StaticMeshComponent'Default__Parent_BuildingWall_C:StaticMeshComponent0'",
      "ObjectPath": "FortniteGame/Content/Building/ActorBlueprints/Wall/Parent_BuildingWall.6"
    },
    "Properties": {
      "StaticMesh": {
        "ObjectName": "StaticMesh'SM_Apollo_Barn_Doorway_A'",
        "ObjectPath": "FortniteGame/Content/Environments/Apollo/Sets/Barn/Meshes/SM_Apollo_Barn_Doorway_A.1"
      },
      "CanCharacterStepUpOn": "ECB_Yes",
      "BodyInstance": {
        "bAutoWeld": false
      }
    }
  }
]