[
  {
    "Type": "BlueprintGeneratedClass",
    "Name": "Apollo_Barn_Door_Large_Top_C",
    "Class": "UScriptClass'BlueprintGeneratedClass'",
    "Super": {
      "ObjectName": "BlueprintGeneratedClass'Parent_BuildingWall_C'",
      "ObjectPath": "FortniteGame/Content/Building/ActorBlueprints/Wall/Parent_BuildingWall.1"
    },
    "Properties": {
      "SimpleConstructionScript": {
        "ObjectName": "SimpleConstructionScript'Apollo_Barn_Door_Large_Top_C:SimpleConstructionScript_716'",
        "ObjectPath": "FortniteGame/Content/Athena/Apollo/Environments/BuildingActors/Farm/Walls/Apollo_Barn_Door_Large_Top.4"
      }
    },
    "SuperStruct": {
      "ObjectName": "BlueprintGeneratedClass'Parent_BuildingWall_C'",
      "ObjectPath": "FortniteGame/Content/Building/ActorBlueprints/Wall/Parent_BuildingWall.1"
    }
  },
  {
    "Type": "Apollo_Barn_Door_Large_Top_C",
    "Name": "Default__Apollo_Barn_Door_Large_Top_C",
    "Class": "BlueprintGeneratedClass'FortniteGame/Content/Athena/Apollo/Environments/BuildingActors/Farm/Walls/Apollo_Barn_Door_Large_Top.Apollo_Barn_Door_Large_Top_C'",
    "Template": {
      "ObjectName": "Parent_BuildingWall_C'Default__Parent_BuildingWall_C'",
      "ObjectPath": "FortniteGame/Content/Building/ActorBlueprints/Wall/Parent_BuildingWall.2"
    },
    "Properties": {
      "AreaPatternOverride": {
        "AreaBits": -2147483617
      },
      "StaticMesh": {
        "ObjectName": "StaticMesh'SM_Apollo_Barn_Door_Large_Top'",
        "ObjectPath": "FortniteGame/Content/Environments/Apollo/Sets/Barn/Meshes/SM_Apollo_Barn_Door_Large_Top.1"
      },
      "ResourceType": "EFortResourceType::Wood",
      "StaticMeshComponent": {
        "ObjectName": "StaticMeshComponent'Default__Apollo_Barn_Door_Large_Top_C:StaticMeshComponent0'",
        "ObjectPath": "FortniteGame/Content/Athena/Apollo/Environments/BuildingActors/Farm/Walls/Apollo_Barn_Door_Large_Top.5"
      },
      "BuildingResourceAmountOverride": {
        "CurveTable": {
          "ObjectName": "CurveTable'AthenaResourceRates'",
          "ObjectPath": "FortniteGame/Content/Athena/Balance/DataTables/AthenaResourceRates.0"
        },
        "RowName": "LDBuildingNormal"
      },
      "DeathParticles": {
        "ObjectName": "ParticleSystem'P_General_Deco_Destruction_Medium'",
        "ObjectPath": "FortniteGame/Content/Effects/Fort_Effects/World/Destruction/Base_Effects/P_General_Deco_Destruction_Medium.100"
      },
      "DeathParticleSocketName": "DeathParticle",
      "EditModePatternData": {
        "ObjectName": "BuildingEditModeMetadata_Wall'EMP_Wall_ArchwayLarge_Left'",
        "ObjectPath": "FortniteGame/Content/Building/EditModePatterns/Wall/EMP_Wall_ArchwayLarge_Left.0"
      },
      "AreaClass": {
        "AssetPathName": "/Game/Building/NavigationAreas/FortMetaNavWallAreaDef.FortMetaNavWallAreaDef_C",
        "SubPathString": ""
      },
      "CurrentBuildingLevel": 1,
      "AttributeInitKeys": {
        "AttributeInitCategory": "BuildingWood",
        "AttributeInitSubCategory": "2"
      },
      "AttributeInitKeys": {
        "AttributeInitCategory": "BuildingWood",
        "AttributeInitSubCategory": "2"
      },
      "RootComponent": {
        "ObjectName": "StaticMeshComponent'Default__Apollo_Barn_Door_Large_Top_C:StaticMeshComponent0'",
        "ObjectPath": "FortniteGame/Content/Athena/Apollo/Environments/BuildingActors/Farm/Walls/Apollo_Barn_Door_Large_Top.5"
      }
    }
  },
  {
    "Type": "SceneComponent",
    "Name": "SceneComponent_409",
    "Outer": "Apollo_Barn_Door_Large_Top_C",
    "Class": "UScriptClass'SceneComponent'"
  },
  {
    "Type": "SCS_Node",
    "Name": "SCS_Node_414",
    "Outer": "SimpleConstructionScript_716",
    "Class": "UScriptClass'SCS_Node'",
    "Properties": {
      "ComponentClass": {
        "ObjectName": "Class'SceneComponent'",
        "ObjectPath": "/Script/Engine"
      },
      "ComponentTemplate": {
        "ObjectName": "SceneComponent'Apollo_Barn_Door_Large_Top_C:SceneComponent_409'",
        "ObjectPath": "FortniteGame/Content/Athena/Apollo/Environments/BuildingActors/Farm/Walls/Apollo_Barn_Door_Large_Top.2"
      },
      "VariableGuid": "4D3A059E-00000000-00000000-00000000",
      "InternalVariableName": "DefaultSceneRoot"
    }
  },
  {
    "Type": "SimpleConstructionScript",
    "Name": "SimpleConstructionScript_716",
    "Outer": "Apollo_Barn_Door_Large_Top_C",
    "Class": "UScriptClass'SimpleConstructionScript'",
    "Properties": {
      "DefaultSceneRootNode": {
        "ObjectName": "SCS_Node'Apollo_Barn_Door_Large_Top_C:SimpleConstructionScript_716.SCS_Node_414'",
        "ObjectPath": "FortniteGame/Content/Athena/Apollo/Environments/BuildingActors/Farm/Walls/Apollo_Barn_Door_Large_Top.3"
      }
    }
  },
  {
    "Type": "StaticMeshComponent",
    "Name": "StaticMeshComponent0",
    "Outer": "Default__Apollo_Barn_Door_Large_Top_C",
    "Class": "UScriptClass'StaticMeshComponent'",
    "Template": {
      "ObjectName": "StaticMeshComponent'Default__Parent_BuildingWall_C:StaticMeshComponent0'",
      "ObjectPath": "FortniteGame/Content/Building/ActorBlueprints/Wall/Parent_BuildingWall.6"
    },
    "Properties": {
      "StaticMesh": {
        "ObjectName": "StaticMesh'SM_Apollo_Barn_Door_Large_Top'",
        "ObjectPath": "FortniteGame/Content/Environments/Apollo/Sets/Barn/Meshes/SM_Apollo_Barn_Door_Large_Top.1"
      },
      "CanCharacterStepUpOn": "ECB_Yes",
      "BodyInstance": {
        "bAutoWeld": false
      }
    }
  }
]