[
  {
    "Type": "BlueprintGeneratedClass",
    "Name": "Apollo_LazyLakeSign_C",
    "Class": "UScriptClass'BlueprintGeneratedClass'",
    "Properties": {
      "SimpleConstructionScript": {
        "ObjectName": "SimpleConstructionScript'Apollo_LazyLakeSign_C:SimpleConstructionScript_981'",
        "ObjectPath": "FortniteGame/Content/Athena/Apollo/Environments/BuildingActors/LazyLake/Apollo_LazyLakeSign.4"
      }
    },
    "SuperStruct": {
      "ObjectName": "Class'BuildingProp'",
      "ObjectPath": "/Script/FortniteGame"
    }
  },
  {
    "Type": "Apollo_LazyLakeSign_C",
    "Name": "Default__Apollo_LazyLakeSign_C",
    "Class": "BlueprintGeneratedClass'FortniteGame/Content/Athena/Apollo/Environments/BuildingActors/LazyLake/Apollo_LazyLakeSign.Apollo_LazyLakeSign_C'",
    "Properties": {
      "StaticMesh": {
        "ObjectName": "StaticMesh'SM_LazyLakeSign'",
        "ObjectPath": "FortniteGame/Content/Environments/Apollo/Props/LazyLakeSign/Mesh/SM_LazyLakeSign.1"
      },
      "ResourceType": "EFortResourceType::Metal",
      "StaticMeshComponent": {
        "ObjectName": "StaticMeshComponent'Default__Apollo_LazyLakeSign_C:StaticMeshComponent0'",
        "ObjectPath": "FortniteGame/Content/Athena/Apollo/Environments/BuildingActors/LazyLake/Apollo_LazyLakeSign.5"
      },
      "BuildingResourceAmountOverride": {
        "CurveTable": {
          "ObjectName": "CurveTable'AthenaResourceRates'",
          "ObjectPath": "FortniteGame/Content/Athena/Balance/DataTables/AthenaResourceRates.0"
        },
        "RowName": "PropMetalLow"
      },
      "DeathParticles": {
        "ObjectName": "ParticleSystem'P_Prop_Prop_FloorSign_VisitorCenter_01_DestructionEffect'",
        "ObjectPath": "FortniteGame/Content/Effects/Fort_Effects/World/Props/Dusty/P_Prop_Prop_FloorSign_VisitorCenter_01_DestructionEffect.117"
      },
      "DeathParticleSocketName": "FX_Death",
      "DeathSound": {
        "ObjectName": "SoundCue'Demo_MetalSmall_ImpactFinal_Cue'",
        "ObjectPath": "FortniteGame/Content/Sounds/Fort_Impact_Sounds/Demolition/Exterior_Props/Demo_MetalSmall_ImpactFinal_Cue.0"
      },
      "BuildingAttachmentType": "ATTACH_Floor",
      "AttributeInitKeys": {
        "AttributeInitCategory": "PropMetal",
        "AttributeInitSubCategory": "1"
      },
      "AttributeInitKeys": {
        "AttributeInitCategory": "PropMetal",
        "AttributeInitSubCategory": "1"
      },
      "NavigationObstacleOverride": "ENavigationObstacleOverride::ForceEnabled",
      "bCanExportNavigationCollisions": true,
      "bDestroyOnPlayerBuildingPlacement": true,
      "StaticGameplayTags": [
        "Building.Type.Prop"
      ],
      "PlayHitSound": {
        "ObjectName": "SoundCue'Demo_MetalSmall_Impact_Cue'",
        "ObjectPath": "FortniteGame/Content/Sounds/Fort_Impact_Sounds/Demolition/Exterior_Props/Demo_MetalSmall_Impact_Cue.0"
      },
      "bEnableAutoLODGeneration": false,
      "RootComponent": {
        "ObjectName": "StaticMeshComponent'Default__Apollo_LazyLakeSign_C:StaticMeshComponent0'",
        "ObjectPath": "FortniteGame/Content/Athena/Apollo/Environments/BuildingActors/LazyLake/Apollo_LazyLakeSign.5"
      }
    }
  },
  {
    "Type": "SceneComponent",
    "Name": "SceneComponent_1960",
    "Outer": "Apollo_LazyLakeSign_C",
    "Class": "UScriptClass'SceneComponent'"
  },
  {
    "Type": "SCS_Node",
    "Name": "SCS_Node_1964",
    "Outer": "SimpleConstructionScript_981",
    "Class": "UScriptClass'SCS_Node'",
    "Properties": {
      "ComponentClass": {
        "ObjectName": "Class'SceneComponent'",
        "ObjectPath": "/Script/Engine"
      },
      "ComponentTemplate": {
        "ObjectName": "SceneComponent'Apollo_LazyLakeSign_C:SceneComponent_1960'",
        "ObjectPath": "FortniteGame/Content/Athena/Apollo/Environments/BuildingActors/LazyLake/Apollo_LazyLakeSign.2"
      },
      "VariableGuid": "56BC9799-C494E6E6-321D4295-7D5EB316",
      "InternalVariableName": "DefaultSceneRoot"
    }
  },
  {
    "Type": "SimpleConstructionScript",
    "Name": "SimpleConstructionScript_981",
    "Outer": "Apollo_LazyLakeSign_C",
    "Class": "UScriptClass'SimpleConstructionScript'",
    "Properties": {
      "DefaultSceneRootNode": {
        "ObjectName": "SCS_Node'Apollo_LazyLakeSign_C:SimpleConstructionScript_981.SCS_Node_1964'",
        "ObjectPath": "FortniteGame/Content/Athena/Apollo/Environments/BuildingActors/LazyLake/Apollo_LazyLakeSign.3"
      }
    }
  },
  {
    "Type": "StaticMeshComponent",
    "Name": "StaticMeshComponent0",
    "Outer": "Default__Apollo_LazyLakeSign_C",
    "Class": "UScriptClass'StaticMeshComponent'",
    "Properties": {
      "StaticMesh": {
        "ObjectName": "StaticMesh'SM_LazyLakeSign'",
        "ObjectPath": "FortniteGame/Content/Environments/Apollo/Props/LazyLakeSign/Mesh/SM_LazyLakeSign.1"
      },
      "CanCharacterStepUpOn": "ECB_Yes",
      "BodyInstance": {
        "bAutoWeld": false
      },
      "bCanEverAffectNavigation": true
    }
  }
]