[
  {
    "Type": "BlueprintGeneratedClass",
    "Name": "Apollo_Rural_Doorway_E_C",
    "Class": "UScriptClass'BlueprintGeneratedClass'",
    "Super": {
      "ObjectName": "BlueprintGeneratedClass'Parent_BuildingWall_C'",
      "ObjectPath": "FortniteGame/Content/Building/ActorBlueprints/Wall/Parent_BuildingWall.1"
    },
    "Properties": {
      "SimpleConstructionScript": {
        "ObjectName": "SimpleConstructionScript'Apollo_Rural_Doorway_E_C:SimpleConstructionScript_145__9B478118'",
        "ObjectPath": "FortniteGame/Content/Athena/Apollo/Environments/BuildingActors/Rural/Walls/Apollo_Rural_Doorway_E.4"
      }
    },
    "SuperStruct": {
      "ObjectName": "BlueprintGeneratedClass'Parent_BuildingWall_C'",
      "ObjectPath": "FortniteGame/Content/Building/ActorBlueprints/Wall/Parent_BuildingWall.1"
    }
  },
  {
    "Type": "Apollo_Rural_Doorway_E_C",
    "Name": "Default__Apollo_Rural_Doorway_E_C",
    "Class": "BlueprintGeneratedClass'FortniteGame/Content/Athena/Apollo/Environments/BuildingActors/Rural/Walls/Apollo_Rural_Doorway_E.Apollo_Rural_Doorway_E_C'",
    "Template": {
      "ObjectName": "Parent_BuildingWall_C'Default__Parent_BuildingWall_C'",
      "ObjectPath": "FortniteGame/Content/Building/ActorBlueprints/Wall/Parent_BuildingWall.2"
    },
    "Properties": {
      "DoorOffset": {
        "X": 111.0,
        "Y": 0.0,
        "Z": 0.0
      },
      "DoorOpeningSound": {
        "ObjectName": "SoundCue'door_residential_open_E_Cue'",
        "ObjectPath": "FortniteGame/Content/Sounds/Fort_Doors/World/door_residential_open_E_Cue.0"
      },
      "DoorClosingSound": {
        "ObjectName": "SoundCue'door_residential_close_E_Cue'",
        "ObjectPath": "FortniteGame/Content/Sounds/Fort_Doors/World/door_residential_close_E_Cue.0"
      },
      "DoorMesh": {
        "ObjectName": "StaticMesh'SM_Apollo_Rural_Door_A'",
        "ObjectPath": "FortniteGame/Content/Environments/Apollo/Sets/Rural/Meshes/SM_Apollo_Rural_Door_A.1"
      },
      "AreaPatternOverride": {
        "AreaBits": -2147450941
      },
      "StaticMesh": {
        "ObjectName": "StaticMesh'SM_Apollo_Rural_Doorway_E'",
        "ObjectPath": "FortniteGame/Content/Environments/Apollo/Sets/Rural/Meshes/SM_Apollo_Rural_Doorway_E.1"
      },
      "ResourceType": "EFortResourceType::Wood",
      "StaticMeshComponent": {
        "ObjectName": "StaticMeshComponent'Default__Apollo_Rural_Doorway_E_C:StaticMeshComponent0'",
        "ObjectPath": "FortniteGame/Content/Athena/Apollo/Environments/BuildingActors/Rural/Walls/Apollo_Rural_Doorway_E.5"
      },
      "BuildingResourceAmountOverride": {
        "CurveTable": {
          "ObjectName": "CurveTable'AthenaResourceRates'",
          "ObjectPath": "FortniteGame/Content/Athena/Balance/DataTables/AthenaResourceRates.0"
        },
        "RowName": "LDBuildingNormal"
      },
      "EditModePatternData": {
        "ObjectName": "BuildingEditModeMetadata_Wall'EMP_Wall_DoorS'",
        "ObjectPath": "FortniteGame/Content/Building/EditModePatterns/Wall/EMP_Wall_DoorS.0"
      },
      "AreaClass": {
        "AssetPathName": "/Game/Building/NavigationAreas/FortMetaNavWallAreaDef.FortMetaNavWallAreaDef_C",
        "SubPathString": ""
      },
      "CurrentBuildingLevel": 1,
      "AttributeInitKeys": {
        "AttributeInitCategory": "BuildingWood",
        "AttributeInitSubCategory": "2"
      },
      "AttributeInitKeys": {
        "AttributeInitCategory": "BuildingWood",
        "AttributeInitSubCategory": "2"
      },
      "RootComponent": {
        "ObjectName": "StaticMeshComponent'Default__Apollo_Rural_Doorway_E_C:StaticMeshComponent0'",
        "ObjectPath": "FortniteGame/Content/Athena/Apollo/Environments/BuildingActors/Rural/Walls/Apollo_Rural_Doorway_E.5"
      }
    }
  },
  {
    "Type": "SceneComponent",
    "Name": "SceneComponent_316",
    "Outer": "Apollo_Rural_Doorway_E_C",
    "Class": "UScriptClass'SceneComponent'"
  },
  {
    "Type": "SCS_Node",
    "Name": "SCS_Node_321",
    "Outer": "SimpleConstructionScript_145__9B478118",
    "Class": "UScriptClass'SCS_Node'",
    "Properties": {
      "ComponentClass": {
        "ObjectName": "Class'SceneComponent'",
        "ObjectPath": "/Script/Engine"
      },
      "ComponentTemplate": {
        "ObjectName": "SceneComponent'Apollo_Rural_Doorway_E_C:SceneComponent_316'",
        "ObjectPath": "FortniteGame/Content/Athena/Apollo/Environments/BuildingActors/Rural/Walls/Apollo_Rural_Doorway_E.2"
      },
      "VariableGuid": "56BC9799-C494E6E6-321D4295-7D5EB316",
      "InternalVariableName": "DefaultSceneRoot"
    }
  },
  {
    "Type": "SimpleConstructionScript",
    "Name": "SimpleConstructionScript_145__9B478118",
    "Outer": "Apollo_Rural_Doorway_E_C",
    "Class": "UScriptClass'SimpleConstructionScript'",
    "Properties": {
      "DefaultSceneRootNode": {
        "ObjectName": "SCS_Node'Apollo_Rural_Doorway_E_C:SimpleConstructionScript_145__9B478118.SCS_Node_321'",
        "ObjectPath": "FortniteGame/Content/Athena/Apollo/Environments/BuildingActors/Rural/Walls/Apollo_Rural_Doorway_E.3"
      }
    }
  },
  {
    "Type": "StaticMeshComponent",
    "Name": "StaticMeshComponent0",
    "Outer": "Default__Apollo_Rural_Doorway_E_C",
    "Class": "UScriptClass'StaticMeshComponent'",
    "Template": {
      "ObjectName": "StaticMeshComponent'Default__Parent_BuildingWall_C:StaticMeshComponent0'",
      "ObjectPath": "FortniteGame/Content/Building/ActorBlueprints/Wall/Parent_BuildingWall.6"
    },
    "Properties": {
      "StaticMesh": {
        "ObjectName": "StaticMesh'SM_Apollo_Rural_Doorway_E'",
        "ObjectPath": "FortniteGame/Content/Environments/Apollo/Sets/Rural/Meshes/SM_Apollo_Rural_Doorway_E.1"
      },
      "CanCharacterStepUpOn": "ECB_Yes",
      "BodyInstance": {
        "bAutoWeld": false
      }
    }
  }
]