[
  {
    "Type": "BlueprintGeneratedClass",
    "Name": "ZipLine_PowerPylon_C",
    "Class": "UScriptClass'BlueprintGeneratedClass'",
    "Properties": {
      "SimpleConstructionScript": {
        "ObjectName": "SimpleConstructionScript'ZipLine_PowerPylon_C:SimpleConstructionScript_314'",
        "ObjectPath": "FortniteGame/Content/Athena/Apollo/Environments/BuildingActors/PowerPlyon/ZipLine_PowerPylon.4"
      }
    },
    "SuperStruct": {
      "ObjectName": "Class'BuildingProp'",
      "ObjectPath": "/Script/FortniteGame"
    }
  },
  {
    "Type": "ZipLine_PowerPylon_C",
    "Name": "Default__ZipLine_PowerPylon_C",
    "Class": "BlueprintGeneratedClass'FortniteGame/Content/Athena/Apollo/Environments/BuildingActors/PowerPlyon/ZipLine_PowerPylon.ZipLine_PowerPylon_C'",
    "Properties": {
      "StaticMesh": {
        "ObjectName": "StaticMesh'IDN_Power_Pylon_Insulator_01'",
        "ObjectPath": "FortniteGame/Content/Environments/Apollo/Props/PowerPylon/IDN_Power_Pylon_Insulator_01.1"
      },
      "ResourceType": "EFortResourceType::Metal",
      "StaticMeshComponent": {
        "ObjectName": "StaticMeshComponent'Default__ZipLine_PowerPylon_C:StaticMeshComponent0'",
        "ObjectPath": "FortniteGame/Content/Athena/Apollo/Environments/BuildingActors/PowerPlyon/ZipLine_PowerPylon.5"
      },
      "BuildingResourceAmountOverride": {
        "CurveTable": {
          "ObjectName": "CurveTable'ResourceRates'",
          "ObjectPath": "FortniteGame/Content/Balance/DataTables/ResourceRates.0"
        },
        "RowName": "PropMetalLow"
      },
      "DeathParticles": {
        "ObjectName": "ParticleSystem'P_General_Deco_Destruction_Small'",
        "ObjectPath": "FortniteGame/Content/Effects/Fort_Effects/World/Destruction/Base_Effects/P_General_Deco_Destruction_Small.100"
      },
      "DeathSound": {
        "ObjectName": "SoundCue'Demo_MetalSmall_ImpactFinal_Cue'",
        "ObjectPath": "FortniteGame/Content/Sounds/Fort_Impact_Sounds/Demolition/Exterior_Props/Demo_MetalSmall_ImpactFinal_Cue.0"
      },
      "BuildingAttachmentType": "ATTACH_Floor",
      "AttributeInitKeys": {
        "AttributeInitCategory": "PropMetal",
        "AttributeInitSubCategory": "1"
      },
      "AttributeInitKeys": {
        "AttributeInitCategory": "PropMetal",
        "AttributeInitSubCategory": "1"
      },
      "NavigationObstacleOverride": "ENavigationObstacleOverride::ForceEnabled",
      "bCanExportNavigationCollisions": true,
      "bDoNotBlockBuildings": true,
      "StaticGameplayTags": [
        "Building.Type.Prop"
      ],
      "BRMaxDrawDistance": 15000.0,
      "PlayHitSound": {
        "ObjectName": "SoundCue'Demo_MetalSmall_Impact_Cue'",
        "ObjectPath": "FortniteGame/Content/Sounds/Fort_Impact_Sounds/Demolition/Exterior_Props/Demo_MetalSmall_Impact_Cue.0"
      },
      "bCanBeDamaged": false,
      "bEnableAutoLODGeneration": false,
      "RootComponent": {
        "ObjectName": "StaticMeshComponent'Default__ZipLine_PowerPylon_C:StaticMeshComponent0'",
        "ObjectPath": "FortniteGame/Content/Athena/Apollo/Environments/BuildingActors/PowerPlyon/ZipLine_PowerPylon.5"
      }
    }
  },
  {
    "Type": "SceneComponent",
    "Name": "SceneComponent_1770",
    "Outer": "ZipLine_PowerPylon_C",
    "Class": "UScriptClass'SceneComponent'"
  },
  {
    "Type": "SCS_Node",
    "Name": "SCS_Node_1774",
    "Outer": "SimpleConstructionScript_314",
    "Class": "UScriptClass'SCS_Node'",
    "Properties": {
      "ComponentClass": {
        "ObjectName": "Class'SceneComponent'",
        "ObjectPath": "/Script/Engine"
      },
      "ComponentTemplate": {
        "ObjectName": "SceneComponent'ZipLine_PowerPylon_C:SceneComponent_1770'",
        "ObjectPath": "FortniteGame/Content/Athena/Apollo/Environments/BuildingActors/PowerPlyon/ZipLine_PowerPylon.2"
      },
      "VariableGuid": "56BC9799-C494E6E6-321D4295-7D5EB316",
      "InternalVariableName": "DefaultSceneRoot"
    }
  },
  {
    "Type": "SimpleConstructionScript",
    "Name": "SimpleConstructionScript_314",
    "Outer": "ZipLine_PowerPylon_C",
    "Class": "UScriptClass'SimpleConstructionScript'",
    "Properties": {
      "DefaultSceneRootNode": {
        "ObjectName": "SCS_Node'ZipLine_PowerPylon_C:SimpleConstructionScript_314.SCS_Node_1774'",
        "ObjectPath": "FortniteGame/Content/Athena/Apollo/Environments/BuildingActors/PowerPlyon/ZipLine_PowerPylon.3"
      }
    }
  },
  {
    "Type": "StaticMeshComponent",
    "Name": "StaticMeshComponent0",
    "Outer": "Default__ZipLine_PowerPylon_C",
    "Class": "UScriptClass'StaticMeshComponent'",
    "Properties": {
      "StaticMesh": {
        "ObjectName": "StaticMesh'IDN_Power_Pylon_Insulator_01'",
        "ObjectPath": "FortniteGame/Content/Environments/Apollo/Props/PowerPylon/IDN_Power_Pylon_Insulator_01.1"
      },
      "LDMaxDrawDistance": 15000.0,
      "CachedMaxDrawDistance": 15000.0,
      "bAllowCullDistanceVolume": false,
      "CanCharacterStepUpOn": "ECB_Yes",
      "BodyInstance": {
        "bAutoWeld": false
      },
      "bCanEverAffectNavigation": true
    }
  }
]