[
  {
    "Type": "BodySetup",
    "Name": "BodySetup_55",
    "Outer": "SM_Apollo_Dam",
    "Class": "UScriptClass'BodySetup'",
    "Properties": {
      "CollisionTraceFlag": "CTF_UseComplexAsSimple",
      "DefaultInstance": {
        "ObjectType": "ECC_WorldStatic",
        "CollisionEnabled": "ECollisionEnabled::QueryOnly",
        "CollisionProfileName": "BlockAll",
        "CollisionResponses": {
          "ResponseArray": [
            {
              "Channel": "FCC_Trace_WeaponCapsule",
              "Response": "ECR_Block"
            },
            {
              "Channel": "FCC_Object_PawnAI",
              "Response": "ECR_Block"
            },
            {
              "Channel": "FCC_Trace_WeaponMulti",
              "Response": "ECR_Block"
            },
            {
              "Channel": "FCC_Trace_Weapon",
              "Response": "ECR_Block"
            },
            {
              "Channel": "FCC_Object_Projectile",
              "Response": "ECR_Block"
            },
            {
              "Channel": "FCC_Object_ProjectileIgnoreAI",
              "Response": "ECR_Block"
            },
            {
              "Channel": "FCC_Object_ProjectileMesh",
              "Response": "ECR_Block"
            },
            {
              "Channel": "FCC_Object_SpectatorDroneCamera",
              "Response": "ECR_Block"
            },
            {
              "Channel": "FCC_Trace_WeaponPawnAndWorldMulti",
              "Response": "ECR_Block"
            }
          ]
        }
      }
    },
    "BodySetupGuid": "065B338443B018BA4B3017A90AB6624F",
    "CookedFormatData": {
      "PhysXPC": {
        "BulkDataFlags": "BULKDATA_SingleUse | BULKDATA_ForceInlinePayload",
        "ElementCount": 27213,
        "SizeOnDisk": 27213,
        "OffsetInFile": "0x32E84"
      }
    }
  },
  {
    "Type": "StaticMesh",
    "Name": "SM_Apollo_Dam",
    "Class": "UScriptClass'StaticMesh'",
    "Properties": {
      "MinLOD": {
        "bCooked": true,
        "Default": 0,
        "Value": 0
      },
      "StaticMaterials": [
        {
          "MaterialInterface": {
            "ObjectName": "MaterialInstanceConstant'M_Dam_Upd_Inst'",
            "ObjectPath": "FortniteGame/Content/Athena/Apollo/Environments/BuildingActors/Dam/Materials/M_Dam_Upd_Inst.0"
          },
          "MaterialSlotName": "ApolloDam2",
          "ImportedMaterialSlotName": "ApolloDam2",
          "UVChannelData": {
            "bInitialized": true,
            "bOverrideDensities": false,
            "LocalUVDensities": 812.3297,
            "LocalUVDensities": 0.0,
            "LocalUVDensities": 11561.278,
            "LocalUVDensities": 0.0
          }
        },
        {
          "MaterialInterface": {
            "ObjectName": "MaterialInstanceConstant'M_Dam_Upd_RVT_Top'",
            "ObjectPath": "FortniteGame/Content/Athena/Apollo/Environments/BuildingActors/Dam/Materials/M_Dam_Upd_RVT_Top.0"
          },
          "MaterialSlotName": "ApolloDam",
          "ImportedMaterialSlotName": "ApolloDam",
          "UVChannelData": {
            "bInitialized": true,
            "bOverrideDensities": false,
            "LocalUVDensities": 748.7999,
            "LocalUVDensities": 0.0,
            "LocalUVDensities": 5964.306,
            "LocalUVDensities": 0.0
          }
        }
      ],
      "LightmapUVDensity": 810.96234,
      "LightMapResolution": 64,
      "DistanceFieldSelfShadowBias": 50000.0,
      "LODForCollision": 2,
      "ExtendedBounds": {
        "Origin": {
          "X": -1183.3599,
          "Y": 40.566895,
          "Z": -2763.6106
        },
        "BoxExtent": {
          "X": 2328.2139,
          "Y": 5831.187,
          "Z": 2842.6428
        },
        "SphereRadius": 6378.0435
      }
    },
    "BodySetup": {
      "ObjectName": "BodySetup'SM_Apollo_Dam:BodySetup_55'",
      "ObjectPath": "FortniteGame/Content/Athena/Apollo/Environments/BuildingActors/Dam/Meshes/SM_Apollo_Dam.0"
    },
    "NavCollision": null,
    "LightingGuid": "FA2F693E-46C96CAE-E6F8DEB6-64FF54CA",
    "RenderData": null
  }
]