[
  {
    "Type": "BlueprintGeneratedClass",
    "Name": "Apollo_Fac_Smoke_Stack_Bottom_02_C",
    "Class": "UScriptClass'BlueprintGeneratedClass'",
    "Properties": {
      "SimpleConstructionScript": {
        "ObjectName": "SimpleConstructionScript'Apollo_Fac_Smoke_Stack_Bottom_02_C:SimpleConstructionScript_840'",
        "ObjectPath": "FortniteGame/Content/Athena/Apollo/Environments/BuildingActors/SlurpySwamp/Props/SmokeStacks/Apollo_Fac_Smoke_Stack_Bottom_02.4"
      }
    },
    "SuperStruct": {
      "ObjectName": "Class'BuildingProp'",
      "ObjectPath": "/Script/FortniteGame"
    }
  },
  {
    "Type": "Apollo_Fac_Smoke_Stack_Bottom_02_C",
    "Name": "Default__Apollo_Fac_Smoke_Stack_Bottom_02_C",
    "Class": "BlueprintGeneratedClass'FortniteGame/Content/Athena/Apollo/Environments/BuildingActors/SlurpySwamp/Props/SmokeStacks/Apollo_Fac_Smoke_Stack_Bottom_02.Apollo_Fac_Smoke_Stack_Bottom_02_C'",
    "Properties": {
      "StaticMesh": {
        "ObjectName": "StaticMesh'sm_apollo_fac_smoke_stack_bottom_02'",
        "ObjectPath": "FortniteGame/Content/Environments/Apollo/Props/SmokeStack/Meshes/sm_apollo_fac_smoke_stack_bottom_02.1"
      },
      "ResourceType": "EFortResourceType::Metal",
      "StaticMeshComponent": {
        "ObjectName": "StaticMeshComponent'Default__Apollo_Fac_Smoke_Stack_Bottom_02_C:StaticMeshComponent0'",
        "ObjectPath": "FortniteGame/Content/Athena/Apollo/Environments/BuildingActors/SlurpySwamp/Props/SmokeStacks/Apollo_Fac_Smoke_Stack_Bottom_02.5"
      },
      "BuildingResourceAmountOverride": {
        "CurveTable": {
          "ObjectName": "CurveTable'AthenaResourceRates'",
          "ObjectPath": "FortniteGame/Content/Athena/Balance/DataTables/AthenaResourceRates.0"
        },
        "RowName": "LDBuildingThick"
      },
      "DeathParticles": {
        "ObjectName": "ParticleSystem'P_General_Deco_Destruction_Medium'",
        "ObjectPath": "FortniteGame/Content/Effects/Fort_Effects/World/Destruction/Base_Effects/P_General_Deco_Destruction_Medium.100"
      },
      "DeathParticleSocketName": "DeathParticle",
      "BuildingAttachmentPointOffset": {
        "X": 248.0,
        "Y": 0.0,
        "Z": 0.0
      },
      "BuildingAttachmentType": "ATTACH_Floor",
      "CurrentBuildingLevel": 1,
      "AttributeInitKeys": {
        "AttributeInitCategory": "BuildingMetal",
        "AttributeInitSubCategory": "1"
      },
      "AttributeInitKeys": {
        "AttributeInitCategory": "BuildingMetal",
        "AttributeInitSubCategory": "1"
      },
      "NavigationObstacleOverride": "ENavigationObstacleOverride::ForceEnabled",
      "bCanExportNavigationCollisions": true,
      "StaticGameplayTags": [
        "Building.Type.Prop"
      ],
      "RootComponent": {
        "ObjectName": "StaticMeshComponent'Default__Apollo_Fac_Smoke_Stack_Bottom_02_C:StaticMeshComponent0'",
        "ObjectPath": "FortniteGame/Content/Athena/Apollo/Environments/BuildingActors/SlurpySwamp/Props/SmokeStacks/Apollo_Fac_Smoke_Stack_Bottom_02.5"
      }
    }
  },
  {
    "Type": "SceneComponent",
    "Name": "SceneComponent_1819",
    "Outer": "Apollo_Fac_Smoke_Stack_Bottom_02_C",
    "Class": "UScriptClass'SceneComponent'"
  },
  {
    "Type": "SCS_Node",
    "Name": "SCS_Node_1823",
    "Outer": "SimpleConstructionScript_840",
    "Class": "UScriptClass'SCS_Node'",
    "Properties": {
      "ComponentClass": {
        "ObjectName": "Class'SceneComponent'",
        "ObjectPath": "/Script/Engine"
      },
      "ComponentTemplate": {
        "ObjectName": "SceneComponent'Apollo_Fac_Smoke_Stack_Bottom_02_C:SceneComponent_1819'",
        "ObjectPath": "FortniteGame/Content/Athena/Apollo/Environments/BuildingActors/SlurpySwamp/Props/SmokeStacks/Apollo_Fac_Smoke_Stack_Bottom_02.2"
      },
      "VariableGuid": "56BC9799-C494E6E6-321D4295-7D5EB316",
      "InternalVariableName": "DefaultSceneRoot"
    }
  },
  {
    "Type": "SimpleConstructionScript",
    "Name": "SimpleConstructionScript_840",
    "Outer": "Apollo_Fac_Smoke_Stack_Bottom_02_C",
    "Class": "UScriptClass'SimpleConstructionScript'",
    "Properties": {
      "DefaultSceneRootNode": {
        "ObjectName": "SCS_Node'Apollo_Fac_Smoke_Stack_Bottom_02_C:SimpleConstructionScript_840.SCS_Node_1823'",
        "ObjectPath": "FortniteGame/Content/Athena/Apollo/Environments/BuildingActors/SlurpySwamp/Props/SmokeStacks/Apollo_Fac_Smoke_Stack_Bottom_02.3"
      }
    }
  },
  {
    "Type": "StaticMeshComponent",
    "Name": "StaticMeshComponent0",
    "Outer": "Default__Apollo_Fac_Smoke_Stack_Bottom_02_C",
    "Class": "UScriptClass'StaticMeshComponent'",
    "Properties": {
      "StaticMesh": {
        "ObjectName": "StaticMesh'sm_apollo_fac_smoke_stack_bottom_02'",
        "ObjectPath": "FortniteGame/Content/Environments/Apollo/Props/SmokeStack/Meshes/sm_apollo_fac_smoke_stack_bottom_02.1"
      },
      "CanCharacterStepUpOn": "ECB_Yes",
      "BodyInstance": {
        "bAutoWeld": false
      },
      "bCanEverAffectNavigation": true
    }
  }
]