[
    {
        "Type": "BoxComponent",
        "Name": "BoxComponent0",
        "Outer": "LevelBounds_0",
        "Class": "UScriptClass'BoxComponent'",
        "Properties": {
            "BodyInstance": {
                "MaxAngularVelocity": 3599.9998
            },
            "RelativeLocation": {
                "X": 12508.0,
                "Y": 2799.5,
                "Z": 451653.4
            },
            "RelativeScale3D": {
                "X": 10002424.0,
                "Y": 10002426.0,
                "Z": 930498.2
            }
        }
    },
    {
        "Type": "FortStaticMeshActor",
        "Name": "Athena_BackgroundMountains_2",
        "Outer": "PersistentLevel",
        "Class": "UScriptClass'FortStaticMeshActor'",
        "Properties": {
            "StaticMeshComponent": {
                "ObjectName": "StaticMeshComponent'Athena_Background:PersistentLevel.Athena_BackgroundMountains_2.StaticMeshComponent0'",
                "ObjectPath": "FortniteGame/Content/Athena/Maps/Background/Athena_Background.11"
            },
            "RootComponent": {
                "ObjectName": "StaticMeshComponent'Athena_Background:PersistentLevel.Athena_BackgroundMountains_2.StaticMeshComponent0'",
                "ObjectPath": "FortniteGame/Content/Athena/Maps/Background/Athena_Background.11"
            }
        }
    },
    {
        "Type": "FortStaticMeshActor",
        "Name": "SM_Athena_Water_Ocean3",
        "Outer": "PersistentLevel",
        "Class": "UScriptClass'FortStaticMeshActor'",
        "Properties": {
            "StaticMeshComponent": {
                "ObjectName": "StaticMeshComponent'Athena_Background:PersistentLevel.SM_Athena_Water_Ocean3.StaticMeshComponent0'",
                "ObjectPath": "FortniteGame/Content/Athena/Maps/Background/Athena_Background.12"
            },
            "RootComponent": {
                "ObjectName": "StaticMeshComponent'Athena_Background:PersistentLevel.SM_Athena_Water_Ocean3.StaticMeshComponent0'",
                "ObjectPath": "FortniteGame/Content/Athena/Maps/Background/Athena_Background.12"
            }
        }
    },
    {
        "Type": "FortStaticMeshActor",
        "Name": "TRV_Skybox_Mountain_4",
        "Outer": "PersistentLevel",
        "Class": "UScriptClass'FortStaticMeshActor'",
        "Properties": {
            "StaticMeshComponent": {
                "ObjectName": "StaticMeshComponent'Athena_Background:PersistentLevel.TRV_Skybox_Mountain_4.StaticMeshComponent0'",
                "ObjectPath": "FortniteGame/Content/Athena/Maps/Background/Athena_Background.13"
            },
            "RootComponent": {
                "ObjectName": "StaticMeshComponent'Athena_Background:PersistentLevel.TRV_Skybox_Mountain_4.StaticMeshComponent0'",
                "ObjectPath": "FortniteGame/Content/Athena/Maps/Background/Athena_Background.13"
            }
        }
    },
    {
        "Type": "FortStaticMeshActor",
        "Name": "TRV_Skybox_Mountain_5",
        "Outer": "PersistentLevel",
        "Class": "UScriptClass'FortStaticMeshActor'",
        "Properties": {
            "StaticMeshComponent": {
                "ObjectName": "StaticMeshComponent'Athena_Background:PersistentLevel.TRV_Skybox_Mountain_5.StaticMeshComponent0'",
                "ObjectPath": "FortniteGame/Content/Athena/Maps/Background/Athena_Background.14"
            },
            "RootComponent": {
                "ObjectName": "StaticMeshComponent'Athena_Background:PersistentLevel.TRV_Skybox_Mountain_5.StaticMeshComponent0'",
                "ObjectPath": "FortniteGame/Content/Athena/Maps/Background/Athena_Background.14"
            }
        }
    },
    {
        "Type": "FortWorldSettings",
        "Name": "FortWorldSettings",
        "Outer": "PersistentLevel",
        "Class": "UScriptClass'FortWorldSettings'",
        "Properties": {
            "WorldCellsFlags": 1,
            "MinCullObjectSize": 64.0,
            "MinCullDistance": 2800.0,
            "MaxCullObjectSize": 1000.0,
            "MaxCullDistance": 40000.0,
            "WorldTimeOfDayManager": {
                "AssetPathName": "/Game/TimeOfDay/TODM/BR/TODM_BR.TODM_BR_C",
                "SubPathString": ""
            }
        }
    },
    {
        "Type": "InstancedFoliageActor",
        "Name": "InstancedFoliageActor_0",
        "Outer": "PersistentLevel",
        "Class": "UScriptClass'InstancedFoliageActor'",
        "Properties": {
            "RootComponent": {
                "ObjectName": "SceneComponent'Athena_Background:PersistentLevel.InstancedFoliageActor_0.RootComponent0'",
                "ObjectPath": "FortniteGame/Content/Athena/Maps/Background/Athena_Background.10"
            }
        }
    },
    {
        "Type": "Level",
        "Name": "PersistentLevel",
        "Outer": "Athena_Background",
        "Class": "UScriptClass'Level'",
        "Properties": {
            "Model": {
                "ObjectName": "Model'Athena_Background:PersistentLevel.Model_0'",
                "ObjectPath": "FortniteGame/Content/Athena/Maps/Background/Athena_Background.9"
            },
            "LevelBuildDataId": "8A98F90C-47B5FAAE-577B19B9-B349739B",
            "WorldSettings": {
                "ObjectName": "FortWorldSettings'Athena_Background:PersistentLevel.FortWorldSettings'",
                "ObjectPath": "FortniteGame/Content/Athena/Maps/Background/Athena_Background.5"
            }
        },
        "Actors": [
            {
                "ObjectName": "FortWorldSettings'Athena_Background:PersistentLevel.FortWorldSettings'",
                "ObjectPath": "FortniteGame/Content/Athena/Maps/Background/Athena_Background.5"
            },
            null,
            {
                "ObjectName": "LevelBounds'Athena_Background:PersistentLevel.LevelBounds_0'",
                "ObjectPath": "FortniteGame/Content/Athena/Maps/Background/Athena_Background.8"
            },
            {
                "ObjectName": "FortStaticMeshActor'Athena_Background:PersistentLevel.TRV_Skybox_Mountain_4'",
                "ObjectPath": "FortniteGame/Content/Athena/Maps/Background/Athena_Background.3"
            },
            {
                "ObjectName": "FortStaticMeshActor'Athena_Background:PersistentLevel.TRV_Skybox_Mountain_5'",
                "ObjectPath": "FortniteGame/Content/Athena/Maps/Background/Athena_Background.4"
            },
            {
                "ObjectName": "InstancedFoliageActor'Athena_Background:PersistentLevel.InstancedFoliageActor_0'",
                "ObjectPath": "FortniteGame/Content/Athena/Maps/Background/Athena_Background.6"
            },
            {
                "ObjectName": "FortStaticMeshActor'Athena_Background:PersistentLevel.Athena_BackgroundMountains_2'",
                "ObjectPath": "FortniteGame/Content/Athena/Maps/Background/Athena_Background.1"
            },
            {
                "ObjectName": "FortStaticMeshActor'Athena_Background:PersistentLevel.SM_Athena_Water_Ocean3'",
                "ObjectPath": "FortniteGame/Content/Athena/Maps/Background/Athena_Background.2"
            },
            null,
            null
        ],
        "URL": {
            "Protocol": "unreal",
            "Host": "",
            "Port": 7777,
            "Valid": true,
            "Map": "/Game/Maps/Frontend",
            "Op": [],
            "Portal": ""
        },
        "Model": {
            "ObjectName": "Model'Athena_Background:PersistentLevel.Model_0'",
            "ObjectPath": "FortniteGame/Content/Athena/Maps/Background/Athena_Background.9"
        },
        "ModelComponents": [],
        "LevelScriptActor": null,
        "NavListStart": null,
        "NavListEnd": null,
        "PrecomputedVisibilityHandler": {
            "PrecomputedVisibilityCellBucketOriginXY": {
                "X": 0.0,
                "Y": 0.0
            },
            "PrecomputedVisibilityCellSizeXY": 0.0,
            "PrecomputedVisibilityCellSizeZ": 0.0,
            "PrecomputedVisibilityCellBucketSizeXY": 0,
            "PrecomputedVisibilityNumCellBuckets": 0,
            "PrecomputedVisibilityCellBuckets": []
        },
        "PrecomputedVolumeDistanceField": {
            "VolumeMaxDistance": 0.0,
            "VolumeBox": {
                "Min": {
                    "X": 0.0,
                    "Y": 0.0,
                    "Z": 0.0
                },
                "Max": {
                    "X": 0.0,
                    "Y": 0.0,
                    "Z": 0.0
                },
                "IsValid": 0
            },
            "VolumeSizeX": 0,
            "VolumeSizeY": 0,
            "VolumeSizeZ": 0,
            "Data": []
        }
    },
    {
        "Type": "LevelBounds",
        "Name": "LevelBounds_0",
        "Outer": "PersistentLevel",
        "Class": "UScriptClass'LevelBounds'",
        "Properties": {
            "RootComponent": {
                "ObjectName": "BoxComponent'Athena_Background:PersistentLevel.LevelBounds_0.BoxComponent0'",
                "ObjectPath": "FortniteGame/Content/Athena/Maps/Background/Athena_Background.0"
            }
        }
    },
    {
        "Type": "Model",
        "Name": "Model_0",
        "Outer": "PersistentLevel",
        "Class": "UScriptClass'Model'",
        "Bounds": {
            "Origin": {
                "X": 0.0,
                "Y": 0.0,
                "Z": 0.0
            },
            "BoxExtent": {
                "X": 0.0,
                "Y": 0.0,
                "Z": 0.0
            },
            "SphereRadius": 0.0
        },
        "Vectors": [],
        "Points": [],
        "Nodes": [],
        "Surfs": [],
        "NumSharedSides": 4,
        "VertexBuffer": {
            "Vertices": [
                {
                    "Position": {
                        "X": 0.0,
                        "Y": -0.10710396,
                        "Z": 26960936.0
                    },
                    "TangentX": {
                        "X": 9.030551e-25,
                        "Y": -1.1536864e-20,
                        "Z": 0.0
                    },
                    "TangentZ": {
                        "X": 8.7e-44,
                        "Y": 0.0,
                        "Z": 0.0,
                        "W": 1.11e-43
                    },
                    "TexCoord": {
                        "X": 0.0,
                        "Y": 8.8e-44
                    },
                    "ShadowTexCoord": {
                        "X": 0.0,
                        "Y": 6e-45
                    }
                },
                {
                    "Position": {
                        "X": 0.0,
                        "Y": "NaN",
                        "Z": 5.738e-42
                    },
                    "TangentX": {
                        "X": 0.0,
                        "Y": 6.098e-42,
                        "Z": 0.0
                    },
                    "TangentZ": {
                        "X": 0.0,
                        "Y": 0.0,
                        "Z": 6.462546e-27,
                        "W": 0.0
                    },
                    "TexCoord": {
                        "X": 1.009742e-28,
                        "Y": 0.0
                    },
                    "ShadowTexCoord": {
                        "X": 0.0,
                        "Y": 0.0
                    }
                },
                {
                    "Position": {
                        "X": 2.3509887e-38,
                        "Y": 7.533e-42,
                        "Z": 0.0
                    },
                    "TangentX": {
                        "X": 6.098e-42,
                        "Y": 0.0,
                        "Z": 0.0
                    },
                    "TangentZ": {
                        "X": 0.0,
                        "Y": 2.524355e-29,
                        "Z": 0.0,
                        "W": 137438950000.0
                    },
                    "TexCoord": {
                        "X": 0.0,
                        "Y": -6.018531e-36
                    },
                    "ShadowTexCoord": {
                        "X": 1e-45,
                        "Y": 2.524355e-29
                    }
                },
                {
                    "Position": {
                        "X": 0.0,
                        "Y": 0.0,
                        "Z": 0.0
                    },
                    "TangentX": {
                        "X": 0.0,
                        "Y": 0.0,
                        "Z": 0.0
                    },
                    "TangentZ": {
                        "X": 3.8e-44,
                        "Y": 0.0,
                        "Z": 3.1e-44,
                        "W": 0.0
                    },
                    "TexCoord": {
                        "X": 1.1e-44,
                        "Y": 0.0
                    },
                    "ShadowTexCoord": {
                        "X": 5.5e-44,
                        "Y": 0.0
                    }
                },
                {
                    "Position": {
                        "X": 1.4349e-41,
                        "Y": 0.0,
                        "Z": 1.0045e-41
                    },
                    "TangentX": {
                        "X": 0.0,
                        "Y": 2.1524e-41,
                        "Z": 0.0
                    },
                    "TangentZ": {
                        "X": 2.87e-42,
                        "Y": 0.0,
                        "Z": 5.601965e-39,
                        "W": 0.0
                    },
                    "TexCoord": {
                        "X": 2.755065e-39,
                        "Y": 0.0
                    },
                    "ShadowTexCoord": {
                        "X": 7.53051e-39,
                        "Y": 0.0
                    }
                },
                {
                    "Position": {
                        "X": 2.387723e-38,
                        "Y": 0.0,
                        "Z": 2.66323e-39
                    },
                    "TangentX": {
                        "X": 0.0,
                        "Y": 0.0,
                        "Z": 0.0
                    },
                    "TangentZ": {
                        "X": 0.0,
                        "Y": 0.0,
                        "Z": 32768.0,
                        "W": 0.0
                    },
                    "TexCoord": {
                        "X": 2.4651903e-32,
                        "Y": 0.0
                    },
                    "ShadowTexCoord": {
                        "X": -2251799800000000.0,
                        "Y": 0.0
                    }
                },
                {
                    "Position": {
                        "X": 137438950000.0,
                        "Y": 0.0,
                        "Z": 0.0
                    },
                    "TangentX": {
                        "X": 3e-45,
                        "Y": 1e-43,
                        "Z": 0.0
                    },
                    "TangentZ": {
                        "X": 1.15e-43,
                        "Y": 0.0,
                        "Z": 2.3e-43,
                        "W": 0.0
                    },
                    "TexCoord": {
                        "X": 1.01e-43,
                        "Y": 0.0
                    },
                    "ShadowTexCoord": {
                        "X": 0.0,
                        "Y": 0.0
                    }
                },
                {
                    "Position": {
                        "X": 0.0,
                        "Y": 0.0,
                        "Z": 8.968e-42
                    },
                    "TangentX": {
                        "X": 0.0,
                        "Y": 2.1524e-41,
                        "Z": 0.0
                    },
                    "TangentZ": {
                        "X": 2.87e-42,
                        "Y": 0.0,
                        "Z": 7.897853e-39,
                        "W": 0.0
                    },
                    "TexCoord": {
                        "X": 6.428485e-39,
                        "Y": 0.0
                    },
                    "ShadowTexCoord": {
                        "X": 2.020381e-39,
                        "Y": 0.0
                    }
                },
                {
                    "Position": {
                        "X": 7.34684e-40,
                        "Y": 0.0,
                        "Z": 3.765255e-39
                    },
                    "TangentX": {
                        "X": 0.0,
                        "Y": 1.1368684e-13,
                        "Z": 0.0
                    },
                    "TangentZ": {
                        "X": 0.125,
                        "Y": 0.0,
                        "Z": 6.617445e-24,
                        "W": 0.0
                    },
                    "TexCoord": {
                        "X": 0.0078125,
                        "Y": 0.0
                    },
                    "ShadowTexCoord": {
                        "X": 3.85186e-34,
                        "Y": 0.0
                    }
                },
                {
                    "Position": {
                        "X": 0.0,
                        "Y": 3.4e-44,
                        "Z": 0.0
                    },
                    "TangentX": {
                        "X": 9.8e-44,
                        "Y": 0.0,
                        "Z": 3.1e-44
                    },
                    "TangentZ": {
                        "X": 0.0,
                        "Y": 1.1e-44,
                        "Z": 0.0,
                        "W": 5.7e-44
                    },
                    "TexCoord": {
                        "X": 0.0,
                        "Y": 1.5067e-41
                    },
                    "ShadowTexCoord": {
                        "X": 0.0,
                        "Y": 2.2241e-41
                    }
                },
                {
                    "Position": {
                        "X": 0.0,
                        "Y": 2.2241e-41,
                        "Z": 0.0
                    },
                    "TangentX": {
                        "X": 2.2241e-41,
                        "Y": 0.0,
                        "Z": 2.2241e-41
                    },
                    "TangentZ": {
                        "X": 0.0,
                        "Y": 0.0,
                        "Z": 0.0,
                        "W": 2.834e-41
                    },
                    "TexCoord": {
                        "X": 0.0,
                        "Y": 2.26e-41
                    },
                    "ShadowTexCoord": {
                        "X": 0.0,
                        "Y": 1.435e-42
                    }
                },
                {
                    "Position": {
                        "X": 0.0,
                        "Y": "NaN",
                        "Z": 5.969306e-39
                    },
                    "TangentX": {
                        "X": 0.0,
                        "Y": 1.01019e-39,
                        "Z": 0.0
                    },
                    "TangentZ": {
                        "X": 7.34684e-40,
                        "Y": 0.0,
                        "Z": 5.785636e-39,
                        "W": 0.0
                    },
                    "TexCoord": {
                        "X": 2.3509887e-38,
                        "Y": -3.9614081e+28
                    },
                    "ShadowTexCoord": {
                        "X": 2.5243547e-29,
                        "Y": 0.0
                    }
                },
                {
                    "Position": {
                        "X": 1.009742e-28,
                        "Y": 0.0,
                        "Z": 0.0
                    },
                    "TangentX": {
                        "X": 0.0,
                        "Y": 2.3509887e-38,
                        "Z": 7.175e-42
                    },
                    "TangentZ": {
                        "X": 0.0,
                        "Y": 6.098e-42,
                        "Z": 0.0,
                        "W": 0.0
                    },
                    "TexCoord": {
                        "X": 0.0,
                        "Y": 2.5850183e-26
                    },
                    "ShadowTexCoord": {
                        "X": 0.0,
                        "Y": 1.009742e-28
                    }
                },
                {
                    "Position": {
                        "X": 0.0,
                        "Y": 0.0,
                        "Z": 0.0
                    },
                    "TangentX": {
                        "X": 0.0,
                        "Y": 2.2241e-41,
                        "Z": 0.0
                    },
                    "TangentZ": {
                        "X": 0.0,
                        "Y": 0.0,
                        "Z": 2.834e-41,
                        "W": 0.0
                    },
                    "TexCoord": {
                        "X": 2.26e-41,
                        "Y": 0.0
                    },
                    "ShadowTexCoord": {
                        "X": 1.435e-42,
                        "Y": 0.0
                    }
                },
                {
                    "Position": {
                        "X": "NaN",
                        "Y": 5.969306e-39,
                        "Z": 0.0
                    },
                    "TangentX": {
                        "X": 1.01019e-39,
                        "Y": 0.0,
                        "Z": 7.34684e-40
                    },
                    "TangentZ": {
                        "X": 0.0,
                        "Y": 5.785636e-39,
                        "Z": 0.0,
                        "W": 2.3509887e-38
                    },
                    "TexCoord": {
                        "X": -3.9614081e+28,
                        "Y": 1.6543611e-24
                    },
                    "ShadowTexCoord": {
                        "X": 0.0,
                        "Y": 4.5474735e-13
                    }
                },
                {
                    "Position": {
                        "X": 0.0,
                        "Y": 1.5046328e-36,
                        "Z": 0.0
                    },
                    "TangentX": {
                        "X": 0.0,
                        "Y": 40000.0,
                        "Z": 9.4e-44
                    },
                    "TangentZ": {
                        "X": 0.0,
                        "Y": 1.15e-43,
                        "Z": 0.0,
                        "W": 1.7e-44
                    },
                    "TexCoord": {
                        "X": 0.0,
                        "Y": 1.19e-43
                    },
                    "ShadowTexCoord": {
                        "X": 0.0,
                        "Y": 0.0
                    }
                },
                {
                    "Position": {
                        "X": 0.0,
                        "Y": 0.0,
                        "Z": 0.0
                    },
                    "TangentX": {
                        "X": 8.48137e+24,
                        "Y": -5.4314964e+28,
                        "Z": -2.256962e-36
                    },
                    "TangentZ": {
                        "X": 2.467e-41,
                        "Y": 0.0,
                        "Z": 2.9416e-41,
                        "W": 0.0
                    },
                    "TexCoord": {
                        "X": 4.305e-42,
                        "Y": 0.0
                    },
                    "ShadowTexCoord": {
                        "X": 2.6905e-41,
                        "Y": 0.0
                    }
                },
                {
                    "Position": {
                        "X": 0.0,
                        "Y": 0.0,
                        "Z": 0.0
                    },
                    "TangentX": {
                        "X": 0.0,
                        "Y": 0.0,
                        "Z": "NaN"
                    },
                    "TangentZ": {
                        "X": 2.4079e-41,
                        "Y": 6.336649e-39,
                        "Z": 0.0,
                        "W": 7.53051e-39
                    },
                    "TexCoord": {
                        "X": 0.0,
                        "Y": 1.102026e-39
                    },
                    "ShadowTexCoord": {
                        "X": 0.0,
                        "Y": 7.806017e-39
                    }
                },
                {
                    "Position": {
                        "X": 0.0,
                        "Y": 0.0,
                        "Z": 0.0
                    },
                    "TangentX": {
                        "X": 0.0,
                        "Y": 0.0,
                        "Z": 0.0
                    },
                    "TangentZ": {
                        "X": 6.202663e-39,
                        "Y": 6.202663e-39,
                        "Z": 0.19061184,
                        "W": 0.0
                    },
                    "TexCoord": {
                        "X": 0.0,
                        "Y": 3.761582e-37
                    },
                    "ShadowTexCoord": {
                        "X": 2.3509887e-38,
                        "Y": 0.04277706
                    }
                },
                {
                    "Position": {
                        "X": -1.142856e+30,
                        "Y": 2.3585764e+16,
                        "Z": 7.1201594e-34
                    },
                    "TangentX": {
                        "X": 9.2294e-41,
                        "Y": 6e-45,
                        "Z": 2.96e-43
                    },
                    "TangentZ": {
                        "X": 6e-45,
                        "Y": 2.96e-43,
                        "Z": "NaN",
                        "W": "NaN"
                    },
                    "TexCoord": {
                        "X": "NaN",
                        "Y": "NaN"
                    },
                    "ShadowTexCoord": {
                        "X": "NaN",
                        "Y": "NaN"
                    }
                },
                {
                    "Position": {
                        "X": "NaN",
                        "Y": "NaN",
                        "Z": "NaN"
                    },
                    "TangentX": {
                        "X": "NaN",
                        "Y": "NaN",
                        "Z": "NaN"
                    },
                    "TangentZ": {
                        "X": "NaN",
                        "Y": "NaN",
                        "Z": "NaN",
                        "W": "NaN"
                    },
                    "TexCoord": {
                        "X": "NaN",
                        "Y": "NaN"
                    },
                    "ShadowTexCoord": {
                        "X": "NaN",
                        "Y": "NaN"
                    }
                },
                {
                    "Position": {
                        "X": -1.714704e+38,
                        "Y": -1.714704e+38,
                        "Z": "NaN"
                    },
                    "TangentX": {
                        "X": "NaN",
                        "Y": "NaN",
                        "Z": "NaN"
                    },
                    "TangentZ": {
                        "X": "NaN",
                        "Y": "NaN",
                        "Z": "NaN",
                        "W": "NaN"
                    },
                    "TexCoord": {
                        "X": "NaN",
                        "Y": "NaN"
                    },
                    "ShadowTexCoord": {
                        "X": "NaN",
                        "Y": "NaN"
                    }
                },
                {
                    "Position": {
                        "X": "NaN",
                        "Y": "NaN",
                        "Z": "NaN"
                    },
                    "TangentX": {
                        "X": "NaN",
                        "Y": "NaN",
                        "Z": "NaN"
                    },
                    "TangentZ": {
                        "X": "NaN",
                        "Y": "NaN",
                        "Z": "NaN",
                        "W": "NaN"
                    },
                    "TexCoord": {
                        "X": "NaN",
                        "Y": "NaN"
                    },
                    "ShadowTexCoord": {
                        "X": "NaN",
                        "Y": "NaN"
                    }
                },
                {
                    "Position": {
                        "X": "NaN",
                        "Y": "NaN",
                        "Z": "NaN"
                    },
                    "TangentX": {
                        "X": "NaN",
                        "Y": "NaN",
                        "Z": "NaN"
                    },
                    "TangentZ": {
                        "X": "NaN",
                        "Y": "NaN",
                        "Z": "NaN",
                        "W": "NaN"
                    },
                    "TexCoord": {
                        "X": "NaN",
                        "Y": "NaN"
                    },
                    "ShadowTexCoord": {
                        "X": "NaN",
                        "Y": "NaN"
                    }
                },
                {
                    "Position": {
                        "X": "NaN",
                        "Y": "NaN",
                        "Z": "NaN"
                    },
                    "TangentX": {
                        "X": "NaN",
                        "Y": "NaN",
                        "Z": "NaN"
                    },
                    "TangentZ": {
                        "X": "NaN",
                        "Y": "NaN",
                        "Z": "NaN",
                        "W": "NaN"
                    },
                    "TexCoord": {
                        "X": "NaN",
                        "Y": "NaN"
                    },
                    "ShadowTexCoord": {
                        "X": "NaN",
                        "Y": "NaN"
                    }
                },
                {
                    "Position": {
                        "X": "NaN",
                        "Y": "NaN",
                        "Z": "NaN"
                    },
                    "TangentX": {
                        "X": "NaN",
                        "Y": "NaN",
                        "Z": "NaN"
                    },
                    "TangentZ": {
                        "X": "NaN",
                        "Y": "NaN",
                        "Z": "NaN",
                        "W": "NaN"
                    },
                    "TexCoord": {
                        "X": "NaN",
                        "Y": "NaN"
                    },
                    "ShadowTexCoord": {
                        "X": "NaN",
                        "Y": "NaN"
                    }
                },
                {
                    "Position": {
                        "X": "NaN",
                        "Y": "NaN",
                        "Z": "NaN"
                    },
                    "TangentX": {
                        "X": "NaN",
                        "Y": "NaN",
                        "Z": "NaN"
                    },
                    "TangentZ": {
                        "X": "NaN",
                        "Y": "NaN",
                        "Z": "NaN",
                        "W": "NaN"
                    },
                    "TexCoord": {
                        "X": "NaN",
                        "Y": "NaN"
                    },
                    "ShadowTexCoord": {
                        "X": "NaN",
                        "Y": "NaN"
                    }
                },
                {
                    "Position": {
                        "X": "NaN",
                        "Y": "NaN",
                        "Z": "NaN"
                    },
                    "TangentX": {
                        "X": "NaN",
                        "Y": "NaN",
                        "Z": "NaN"
                    },
                    "TangentZ": {
                        "X": "NaN",
                        "Y": "NaN",
                        "Z": "NaN",
                        "W": "NaN"
                    },
                    "TexCoord": {
                        "X": "NaN",
                        "Y": "NaN"
                    },
                    "ShadowTexCoord": {
                        "X": "NaN",
                        "Y": "NaN"
                    }
                },
                {
                    "Position": {
                        "X": "NaN",
                        "Y": "NaN",
                        "Z": "NaN"
                    },
                    "TangentX": {
                        "X": "NaN",
                        "Y": "NaN",
                        "Z": "NaN"
                    },
                    "TangentZ": {
                        "X": "NaN",
                        "Y": "NaN",
                        "Z": "NaN",
                        "W": "NaN"
                    },
                    "TexCoord": {
                        "X": "NaN",
                        "Y": "NaN"
                    },
                    "ShadowTexCoord": {
                        "X": "NaN",
                        "Y": "NaN"
                    }
                },
                {
                    "Position": {
                        "X": "NaN",
                        "Y": "NaN",
                        "Z": "NaN"
                    },
                    "TangentX": {
                        "X": "NaN",
                        "Y": "NaN",
                        "Z": "NaN"
                    },
                    "TangentZ": {
                        "X": "NaN",
                        "Y": "NaN",
                        "Z": "NaN",
                        "W": "NaN"
                    },
                    "TexCoord": {
                        "X": "NaN",
                        "Y": "NaN"
                    },
                    "ShadowTexCoord": {
                        "X": "NaN",
                        "Y": "NaN"
                    }
                },
                {
                    "Position": {
                        "X": "NaN",
                        "Y": "NaN",
                        "Z": "NaN"
                    },
                    "TangentX": {
                        "X": "NaN",
                        "Y": "NaN",
                        "Z": "NaN"
                    },
                    "TangentZ": {
                        "X": "NaN",
                        "Y": "NaN",
                        "Z": "NaN",
                        "W": "NaN"
                    },
                    "TexCoord": {
                        "X": "NaN",
                        "Y": "NaN"
                    },
                    "ShadowTexCoord": {
                        "X": "NaN",
                        "Y": "NaN"
                    }
                },
                {
                    "Position": {
                        "X": "NaN",
                        "Y": "NaN",
                        "Z": "NaN"
                    },
                    "TangentX": {
                        "X": "NaN",
                        "Y": "NaN",
                        "Z": "NaN"
                    },
                    "TangentZ": {
                        "X": "NaN",
                        "Y": "NaN",
                        "Z": "NaN",
                        "W": "NaN"
                    },
                    "TexCoord": {
                        "X": "NaN",
                        "Y": "NaN"
                    },
                    "ShadowTexCoord": {
                        "X": "NaN",
                        "Y": "NaN"
                    }
                },
                {
                    "Position": {
                        "X": "NaN",
                        "Y": "NaN",
                        "Z": "NaN"
                    },
                    "TangentX": {
                        "X": "NaN",
                        "Y": "NaN",
                        "Z": "NaN"
                    },
                    "TangentZ": {
                        "X": "NaN",
                        "Y": "NaN",
                        "Z": "NaN",
                        "W": "NaN"
                    },
                    "TexCoord": {
                        "X": "NaN",
                        "Y": "NaN"
                    },
                    "ShadowTexCoord": {
                        "X": "NaN",
                        "Y": "NaN"
                    }
                },
                {
                    "Position": {
                        "X": "NaN",
                        "Y": "NaN",
                        "Z": "NaN"
                    },
                    "TangentX": {
                        "X": "NaN",
                        "Y": "NaN",
                        "Z": "NaN"
                    },
                    "TangentZ": {
                        "X": "NaN",
                        "Y": "NaN",
                        "Z": "NaN",
                        "W": "NaN"
                    },
                    "TexCoord": {
                        "X": "NaN",
                        "Y": "NaN"
                    },
                    "ShadowTexCoord": {
                        "X": "NaN",
                        "Y": "NaN"
                    }
                },
                {
                    "Position": {
                        "X": "NaN",
                        "Y": "NaN",
                        "Z": "NaN"
                    },
                    "TangentX": {
                        "X": "NaN",
                        "Y": "NaN",
                        "Z": "NaN"
                    },
                    "TangentZ": {
                        "X": "NaN",
                        "Y": "NaN",
                        "Z": "NaN",
                        "W": 3.1369783e+38
                    },
                    "TexCoord": {
                        "X": -0.02061616,
                        "Y": 5579987000.0
                    },
                    "ShadowTexCoord": {
                        "X": 3.8280916e-16,
                        "Y": 2.3744036e-38
                    }
                },
                {
                    "Position": {
                        "X": 1.435e-42,
                        "Y": 3.9819e-41,
                        "Z": 1.435e-42
                    },
                    "TangentX": {
                        "X": 3.9819e-41,
                        "Y": "NaN",
                        "Z": "NaN"
                    },
                    "TangentZ": {
                        "X": "NaN",
                        "Y": "NaN",
                        "Z": "NaN",
                        "W": "NaN"
                    },
                    "TexCoord": {
                        "X": "NaN",
                        "Y": "NaN"
                    },
                    "ShadowTexCoord": {
                        "X": "NaN",
                        "Y": "NaN"
                    }
                }
            ]
        },
        "LightingGuid": "FFFFFFFF-FFFFFFFF-FFFFFFFF-FFFFFFFF",
        "LightmassSettings": null
    },
    {
        "Type": "SceneComponent",
        "Name": "RootComponent0",
        "Outer": "InstancedFoliageActor_0",
        "Class": "UScriptClass'SceneComponent'"
    },
    {
        "Type": "StaticMeshComponent",
        "Name": "StaticMeshComponent0",
        "Outer": "Athena_BackgroundMountains_2",
        "Class": "UScriptClass'StaticMeshComponent'",
        "Properties": {
            "StaticMesh": {
                "ObjectName": "StaticMesh'Athena_BackgroundMountains'",
                "ObjectPath": "FortniteGame/Content/Environments/World/Backgrounds/Locales/Temperate/Meshes/Athena_BackgroundMountains.2"
            },
            "bNeverDistanceCull": true,
            "bTreatAsBackgroundForOcclusion": true,
            "bUseAsOccluder": false,
            "BodyInstance": {
                "CollisionEnabled": "ECollisionEnabled::NoCollision",
                "CollisionProfileName": "NoCollision",
                "CollisionResponses": {
                    "ResponseArray": [
                        {
                            "Channel": "Visibility",
                            "Response": "ECR_Ignore"
                        },
                        {
                            "Channel": "Camera",
                            "Response": "ECR_Ignore"
                        }
                    ]
                }
            }
        }
    },
    {
        "Type": "StaticMeshComponent",
        "Name": "StaticMeshComponent0",
        "Outer": "SM_Athena_Water_Ocean3",
        "Class": "UScriptClass'StaticMeshComponent'",
        "Properties": {
            "StaticMesh": {
                "ObjectName": "StaticMesh'AthenaWater'",
                "ObjectPath": "FortniteGame/Content/Athena/Environments/Meshes/AthenaWater.2"
            },
            "OverrideMaterials": [
                {
                    "ObjectName": "Material'M_Backround_WatertoLand'",
                    "ObjectPath": "FortniteGame/Content/Environments/World/Backgrounds/Locales/Temperate/Materials/M_Backround_WatertoLand.0"
                }
            ],
            "bNeverDistanceCull": true,
            "bTreatAsBackgroundForOcclusion": true,
            "bUseAsOccluder": false
        }
    },
    {
        "Type": "StaticMeshComponent",
        "Name": "StaticMeshComponent0",
        "Outer": "TRV_Skybox_Mountain_4",
        "Class": "UScriptClass'StaticMeshComponent'",
        "Properties": {
            "StaticMesh": {
                "ObjectName": "StaticMesh'TRV_Skybox_Mountain_04'",
                "ObjectPath": "FortniteGame/Content/Environments/World/Backgrounds/Transylvania/Meshes/TRV_Skybox_Mountain_04.2"
            },
            "OverrideMaterials": [
                {
                    "ObjectName": "Material'M_Backround_WatertoLand'",
                    "ObjectPath": "FortniteGame/Content/Environments/World/Backgrounds/Locales/Temperate/Materials/M_Backround_WatertoLand.0"
                }
            ],
            "CachedMaxDrawDistance": 40000.0,
            "RelativeLocation": {
                "X": 953864.0,
                "Y": 489852.0,
                "Z": -4232.0
            },
            "RelativeRotation": {
                "Pitch": 0.0,
                "Yaw": 159.99986,
                "Roll": 0.0
            },
            "RelativeScale3D": {
                "X": 277.0,
                "Y": 277.0,
                "Z": 175.75
            }
        },
        "LODData": [
            {
                "MapBuildDataId": "453D2F3741F166CC9E5AA79647086C9B",
                "OverrideVertexColors": {
                    "Data": [
                        "FFFFFFFF",
                        "FFFFFFFF",
                        "FFFFFFFF",
                        "FFFFFFFF",
                        "FFFFFFFF",
                        "FFFFFFFF",
                        "FFFFFFFF",
                        "FFFFFFFF",
                        "FFFFFFFF",
                        "FFFFFFFF",
                        "FFFFFFFF",
                        "FFFFFFFF",
                        "FFFFFFFF",
                        "FFFFFFFF",
                        "FFFFFFFF",
                        "FFFFFFFF",
                        "FFFFFFFF",
                        "FFFFFFFF",
                        "FFFFFFFF",
                        "FFFFFFFF",
                        "FF00FFFF",
                        "FF00FFFF",
                        "FFFFFFFF",
                        "FFFFFFFF",
                        "FFFFFFFF",
                        "FFFFFFFF",
                        "FFFFFFFF",
                        "FFFFFFFF",
                        "FFFCFCFF",
                        "FFFFFFFF",
                        "FFFFFFFF",
                        "FFFFFFFF",
                        "FFF7F7FF",
                        "FFFFFFFF",
                        "FFFFFFFF",
                        "FFFFFFFF",
                        "FFFFFFFF",
                        "FFFFFFFF",
                        "FFFFFFFF",
                        "FFFFFFFF",
                        "FFFFFFFF",
                        "FFFFFFFF",
                        "FFFFFFFF",
                        "FFFFFFFF",
                        "FFFFFFFF",
                        "FFFFFFFF",
                        "FFFFFFFF",
                        "FFFFFFFF",
                        "FFFFFFFF",
                        "FFFFFFFF",
                        "FFF9F9FF",
                        "FFFFFFFF",
                        "FFFFFFFF",
                        "FFFFFFFF",
                        "FFFFFFFF",
                        "FFFFFFFF",
                        "FFFBFBFF",
                        "FFFFFFFF",
                        "FFFFFFFF",
                        "FFFFFFFF",
                        "FFF4F4FF",
                        "FFFFFFFF",
                        "FFF1F1FF",
                        "FFFFFFFF",
                        "FFE1E1FF",
                        "FFF0F0FF",
                        "FFFBFBFF",
                        "FFDCDCFF",
                        "FFFFFFFF",
                        "FFFAFAFF",
                        "FFF7F7FF",
                        "FFFBFBFF",
                        "FFFFFFFF",
                        "FFFFFFFF",
                        "FFF3F3FF",
                        "FFFFFFFF",
                        "FFFFFFFF",
                        "FFFFFFFF",
                        "FFFFFFFF",
                        "FFFFFFFF",
                        "FFFFFFFF",
                        "FFFEFEFF",
                        "FFFFFFFF",
                        "FFFFFFFF",
                        "FFFFFFFF",
                        "FFFFFFFF",
                        "FFFFFFFF",
                        "FFFFFFFF",
                        "FFFFFFFF",
                        "FFFFFFFF",
                        "FFFFFFFF",
                        "FFFFFFFF",
                        "FFFFFFFF",
                        "FFFFFFFF",
                        "FFFFFFFF",
                        "FFFFFFFF",
                        "FFFFFFFF",
                        "FFF6F6FF",
                        "FFFFFFFF",
                        "FFFFFFFF",
                        "FFFFFFFF",
                        "FFFFFFFF",
                        "FFFFFFFF",
                        "FFFFFFFF",
                        "FFFFFFFF",
                        "FFFFFFFF",
                        "FFF7F7FF",
                        "FFFFFFFF",
                        "FFF6F6FF",
                        "FFFFFFFF",
                        "FFE5E5FF",
                        "FFFCFCFF",
                        "FFF7F7FF",
                        "FFFFFFFF",
                        "FFF9F9FF",
                        "FFFFFFFF",
                        "FFFFFFFF",
                        "FFFFFFFF",
                        "FFFFFFFF",
                        "FFFFFFFF",
                        "FFFFFFFF",
                        "FFFFFFFF",
                        "FFFFFFFF",
                        "FFFFFFFF",
                        "FFFFFFFF",
                        "FFFFFFFF",
                        "FFFFFFFF",
                        "FFFFFFFF",
                        "FFFFFFFF",
                        "FFFFFFFF",
                        "FFFFFFFF",
                        "FFFFFFFF",
                        "FFFFFFFF",
                        "FFFFFFFF",
                        "FFFFFFFF",
                        "FFFFFFFF",
                        "FFFFFFFF",
                        "FFFFFFFF",
                        "FFFFFFFF",
                        "FFFFFFFF",
                        "FFFFFFFF",
                        "FFFFFFFF",
                        "FFFFFFFF",
                        "FFECECFF",
                        "FFEBEBFF",
                        "FFE4E4FF",
                        "FFFFFFFF",
                        "FFFFFFFF",
                        "FFFFFFFF",
                        "FFFFFFFF",
                        "FFFFFFFF",
                        "FFFFFFFF",
                        "FFFFFFFF",
                        "FFFFFFFF",
                        "FFFFFFFF",
                        "FFFFFFFF",
                        "FFFFFFFF",
                        "FFFFFFFF",
                        "FFFFFFFF",
                        "FFFFFFFF",
                        "FFFFFFFF",
                        "FFFFFFFF",
                        "FFFFFFFF",
                        "FFFFFFFF",
                        "FFFFFFFF",
                        "FFFFFFFF",
                        "FFF7F7FF",
                        "FFFFFFFF",
                        "FFF7F7FF",
                        "FFFFFFFF",
                        "FFFFFFFF",
                        "FFFFFFFF",
                        "FFDDDDFF",
                        "FFFFFFFF",
                        "FFE3E3FF",
                        "FFFFFFFF",
                        "FFFFFFFF",
                        "FFFFFFFF",
                        "FFFFFFFF",
                        "FFD5D5FF",
                        "FFFFFFFF",
                        "FFFFFFFF",
                        "FFFFFFFF",
                        "FFFFFFFF",
                        "FFFFFFFF",
                        "FFFFFFFF",
                        "FFF3F3FF",
                        "FFFFFFFF",
                        "FFFFFFFF",
                        "FFFFFFFF",
                        "FFFFFFFF",
                        "FFFFFFFF",
                        "FFFFFFFF",
                        "FFFFFFFF",
                        "FFFFFFFF",
                        "FFFFFFFF",
                        "FFFFFFFF",
                        "FFFFFFFF",
                        "FFFFFFFF",
                        "FFFFFFFF",
                        "FFFFFFFF",
                        "FFFFFFFF",
                        "FFFFFFFF",
                        "FFFFFFFF",
                        "FFFFFFFF",
                        "FFFFFFFF",
                        "FFFFFFFF",
                        "FFF9F9FF",
                        "FFFFFFFF",
                        "FFFDFDFF",
                        "FFC1C1FF"
                    ],
                    "Stride": 4,
                    "NumVertices": 211
                }
            },
            {
                "MapBuildDataId": "E3397F6C4BECBCA8ACA94FA6465B25DC",
                "OverrideVertexColors": {
                    "Data": [
                        "FFFFFFFF",
                        "FFFFFFFF",
                        "FFFFFFFF",
                        "FFFFFFFF",
                        "FFFFFFFF",
                        "FFFFFFFF",
                        "FFFFFFFF",
                        "FFFFFFFF",
                        "FFFFFFFF",
                        "FFFFFFFF",
                        "FFFFFFFF",
                        "FFFFFFFF",
                        "FFFFFFFF",
                        "FFFFFFFF",
                        "FFFFFFFF",
                        "FFFFFFFF",
                        "FFFFFFFF",
                        "FFFFFFFF",
                        "FFFFFFFF",
                        "FFFFFFFF",
                        "FFFFFFFF",
                        "FFFFFFFF",
                        "FFFFFFFF",
                        "FFFFFFFF",
                        "FFFFFFFF",
                        "FFFFFFFF",
                        "FFFFFFFF",
                        "FFFFFFFF",
                        "FFFFFFFF",
                        "FFFFFFFF",
                        "FFFFFFFF",
                        "FFFFFFFF",
                        "FFFFFFFF",
                        "FFFFFFFF",
                        "FFFFFFFF",
                        "FFFFFFFF",
                        "FFFFFFFF",
                        "FFFFFFFF",
                        "FFFFFFFF",
                        "FFFFFFFF",
                        "FFFFFFFF",
                        "FFFFFFFF",
                        "FFFBFBFF",
                        "FFFFFFFF",
                        "FFF1F1FF",
                        "FFFAFAFF",
                        "FFFBFBFF",
                        "FFFFFFFF",
                        "FFFFFFFF",
                        "FF00FFFF",
                        "FFDCDCFF",
                        "FFFFFFFF",
                        "FF00FFFF",
                        "FFFFFFFF",
                        "FFFCFCFF",
                        "FFFEFEFF",
                        "FFFFFFFF",
                        "FFFFFFFF",
                        "FFFFFFFF",
                        "FFFFFFFF",
                        "FFFFFFFF",
                        "FFFFFFFF",
                        "FFFFFFFF",
                        "FFFFFFFF",
                        "FFFFFFFF",
                        "FFFFFFFF",
                        "FFFFFFFF",
                        "FFFFFFFF",
                        "FFFFFFFF",
                        "FFE5E5FF",
                        "FFFFFFFF",
                        "FFF9F9FF",
                        "FFFFFFFF",
                        "FFFFFFFF",
                        "FFFFFFFF",
                        "FFFFFFFF",
                        "FFFFFFFF",
                        "FFFFFFFF",
                        "FFFFFFFF",
                        "FFFFFFFF",
                        "FFFFFFFF",
                        "FFFFFFFF",
                        "FFECECFF",
                        "FFFFFFFF",
                        "FFFFFFFF",
                        "FFFFFFFF",
                        "FFF6F6FF",
                        "FFFFFFFF",
                        "FFFFFFFF",
                        "FFFFFFFF",
                        "FFFFFFFF",
                        "FFFFFFFF",
                        "FFFFFFFF",
                        "FFFFFFFF",
                        "FFF3F3FF",
                        "FFFFFFFF",
                        "FFFFFFFF",
                        "FFF7F7FF",
                        "FFFFFFFF",
                        "FFFFFFFF",
                        "FFFFFFFF",
                        "FFFFFFFF",
                        "FFFFFFFF",
                        "FFFFFFFF",
                        "FFD5D5FF",
                        "FFFFFFFF",
                        "FFFDFDFF",
                        "FFF9F9FF",
                        "FFFFFFFF",
                        "FFFFFFFF",
                        "FFFFFFFF"
                    ],
                    "Stride": 4,
                    "NumVertices": 111
                }
            },
            {
                "MapBuildDataId": "BD4B937A4C901D18554086A096ADE6E1",
                "OverrideVertexColors": {
                    "Data": [
                        "FFFFFFFF",
                        "FFFFFFFF",
                        "FFFFFFFF",
                        "FFFFFFFF",
                        "FFFFFFFF",
                        "FFFFFFFF",
                        "FFFFFFFF",
                        "FFFFFFFF",
                        "FFFFFFFF",
                        "FFFFFFFF",
                        "FFFFFFFF",
                        "FFFFFFFF",
                        "FFFFFFFF",
                        "FFFFFFFF",
                        "FFF9F9FF",
                        "FFFFFFFF",
                        "FFFFFFFF",
                        "FFFFFFFF",
                        "FFFFFFFF",
                        "FFFFFFFF",
                        "FFFFFFFF",
                        "FFFFFFFF",
                        "FFFFFFFF",
                        "FFFFFFFF",
                        "FFFFFFFF",
                        "FFFFFFFF",
                        "FFFFFFFF",
                        "FFFFFFFF",
                        "FFF9F9FF",
                        "FFFDFDFF",
                        "FFF3F3FF",
                        "FFFFFFFF",
                        "FFFFFFFF",
                        "FFFFFFFF",
                        "FFECECFF",
                        "FFFFFFFF",
                        "FFFFFFFF",
                        "FFFFFFFF",
                        "FFFFFFFF",
                        "FFFFFFFF",
                        "FFF7F7FF",
                        "FFFFFFFF",
                        "FFFCFCFF",
                        "FF00FFFF",
                        "FF00FFFF",
                        "FFFFFFFF",
                        "FFFFFFFF",
                        "FFFFFFFF",
                        "FFF1F1FF",
                        "FFFFFFFF",
                        "FFFFFFFF",
                        "FFFFFFFF",
                        "FFFFFFFF",
                        "FFFFFFFF",
                        "FFFFFFFF",
                        "FFFFFFFF",
                        "FFFFFFFF",
                        "FFFFFFFF",
                        "FFFFFFFF"
                    ],
                    "Stride": 4,
                    "NumVertices": 59
                }
            }
        ]
    },
    {
        "Type": "StaticMeshComponent",
        "Name": "StaticMeshComponent0",
        "Outer": "TRV_Skybox_Mountain_5",
        "Class": "UScriptClass'StaticMeshComponent'",
        "Properties": {
            "StaticMesh": {
                "ObjectName": "StaticMesh'TRV_Skybox_Mountain_04'",
                "ObjectPath": "FortniteGame/Content/Environments/World/Backgrounds/Transylvania/Meshes/TRV_Skybox_Mountain_04.2"
            },
            "OverrideMaterials": [
                {
                    "ObjectName": "Material'M_Backround_WatertoLand'",
                    "ObjectPath": "FortniteGame/Content/Environments/World/Backgrounds/Locales/Temperate/Materials/M_Backround_WatertoLand.0"
                }
            ],
            "CachedMaxDrawDistance": 40000.0,
            "RelativeLocation": {
                "X": 1252205.0,
                "Y": 339656.62,
                "Z": -6712.9946
            },
            "RelativeRotation": {
                "Pitch": 0.0,
                "Yaw": 159.99986,
                "Roll": 0.0
            },
            "RelativeScale3D": {
                "X": 503.0,
                "Y": 503.0,
                "Z": 252.25
            }
        },
        "LODData": [
            {
                "MapBuildDataId": "1AC1140B4A0733D4232EB9980A260795",
                "OverrideVertexColors": {
                    "Data": [
                        "FFFFFFFF",
                        "FFFFFFFF",
                        "FFFFFFFF",
                        "FFFFFFFF",
                        "FFFFFFFF",
                        "FFFFFFFF",
                        "FFFFFFFF",
                        "FFFFFFFF",
                        "FFFFFFFF",
                        "FFFFFFFF",
                        "FFFFFFFF",
                        "FFFFFFFF",
                        "FFFFFFFF",
                        "FFFFFFFF",
                        "FFFFFFFF",
                        "FFFFFFFF",
                        "FFFFFFFF",
                        "FFFFFFFF",
                        "FFFFFFFF",
                        "FFFFFFFF",
                        "FFFFFFFF",
                        "FFFFFFFF",
                        "FFFFFFFF",
                        "FFFFFFFF",
                        "FFFFFFFF",
                        "FFFFFFFF",
                        "FFFFFFFF",
                        "FFFFFFFF",
                        "FFFCFCFF",
                        "FFFFFFFF",
                        "FF00FFFF",
                        "FF00FFFF",
                        "FFF7F7FF",
                        "FFF8FFFF",
                        "FF00FFFF",
                        "FFFFFFFF",
                        "FFFFFFFF",
                        "FFFFFFFF",
                        "FFFFFFFF",
                        "FFFFFFFF",
                        "FFFFFFFF",
                        "FFFFFFFF",
                        "FFFFFFFF",
                        "FFFFFFFF",
                        "FFFFFFFF",
                        "FFFFFFFF",
                        "FFFFFFFF",
                        "FFFFFFFF",
                        "FFFFFFFF",
                        "FFFFFFFF",
                        "FFF9F9FF",
                        "FFFFFFFF",
                        "FFFFFFFF",
                        "FFFFFFFF",
                        "FFFFFFFF",
                        "FFFFFFFF",
                        "FFFBFBFF",
                        "FFFFFFFF",
                        "FFFFFFFF",
                        "FFFFFFFF",
                        "FFF4F4FF",
                        "FFFFFFFF",
                        "FFF1F1FF",
                        "FFFFFFFF",
                        "FFE1E1FF",
                        "FFF0F0FF",
                        "FFFBFBFF",
                        "FFDCDCFF",
                        "FFFFFFFF",
                        "FFFAFAFF",
                        "FFF7F7FF",
                        "FFFBFBFF",
                        "FFFFFFFF",
                        "FFFFFFFF",
                        "FFF3F3FF",
                        "FFFFFFFF",
                        "FFFFFFFF",
                        "FFFFFFFF",
                        "FFFFFFFF",
                        "FFFFFFFF",
                        "FFFFFFFF",
                        "FFFEFEFF",
                        "FFFFFFFF",
                        "FFFFFFFF",
                        "FFFFFFFF",
                        "FFFFFFFF",
                        "FFFFFFFF",
                        "FFFFFFFF",
                        "FFFFFFFF",
                        "FFFFFFFF",
                        "FFFFFFFF",
                        "FFFFFFFF",
                        "FFFFFFFF",
                        "FFFFFFFF",
                        "FFFFFFFF",
                        "FFFFFFFF",
                        "FFFFFFFF",
                        "FFF6F6FF",
                        "FFFFFFFF",
                        "FFFFFFFF",
                        "FFFFFFFF",
                        "FFFFFFFF",
                        "FFFFFFFF",
                        "FFFFFFFF",
                        "FFFFFFFF",
                        "FFFFFFFF",
                        "FFF7F7FF",
                        "FFFFFFFF",
                        "FFF6F6FF",
                        "FFFFFFFF",
                        "FFE5E5FF",
                        "FFFCFCFF",
                        "FFF7F7FF",
                        "FFFFFFFF",
                        "FFF9F9FF",
                        "FFFFFFFF",
                        "FFFFFFFF",
                        "FFFFFFFF",
                        "FFFFFFFF",
                        "FFFFFFFF",
                        "FFFFFFFF",
                        "FFFFFFFF",
                        "FFFFFFFF",
                        "FFFFFFFF",
                        "FFFFFFFF",
                        "FFFFFFFF",
                        "FFFFFFFF",
                        "FFFFFFFF",
                        "FFFFFFFF",
                        "FFFFFFFF",
                        "FFFFFFFF",
                        "FFFFFFFF",
                        "FFFFFFFF",
                        "FFFFFFFF",
                        "FFFFFFFF",
                        "FFFFFFFF",
                        "FFFFFFFF",
                        "FFFFFFFF",
                        "FFFFFFFF",
                        "FFFFFFFF",
                        "FFFFFFFF",
                        "FFFFFFFF",
                        "FFFFFFFF",
                        "FFECECFF",
                        "FFEBEBFF",
                        "FFE4E4FF",
                        "FFFFFFFF",
                        "FFFFFFFF",
                        "FFFFFFFF",
                        "FFFFFFFF",
                        "FFFFFFFF",
                        "FFFFFFFF",
                        "FFFFFFFF",
                        "FFFFFFFF",
                        "FFFFFFFF",
                        "FFFFFFFF",
                        "FFFFFFFF",
                        "FFFFFFFF",
                        "FFFFFFFF",
                        "FFFFFFFF",
                        "FFFFFFFF",
                        "FFFFFFFF",
                        "FFFFFFFF",
                        "FFFFFFFF",
                        "FFFFFFFF",
                        "FFFFFFFF",
                        "FFF7F7FF",
                        "FFFFFFFF",
                        "FFF7F7FF",
                        "FFFFFFFF",
                        "FFFFFFFF",
                        "FFFFFFFF",
                        "FFDDDDFF",
                        "FFFFFFFF",
                        "FFE3E3FF",
                        "FFFFFFFF",
                        "FFFFFFFF",
                        "FFFFFFFF",
                        "FFFFFFFF",
                        "FFD5D5FF",
                        "FFFFFFFF",
                        "FFFFFFFF",
                        "FFFFFFFF",
                        "FFFFFFFF",
                        "FFFFFFFF",
                        "FFFFFFFF",
                        "FFF3F3FF",
                        "FFFFFFFF",
                        "FFFFFFFF",
                        "FFFFFFFF",
                        "FFFFFFFF",
                        "FFFFFFFF",
                        "FFFFFFFF",
                        "FFFFFFFF",
                        "FFFFFFFF",
                        "FFFFFFFF",
                        "FFFFFFFF",
                        "FFFFFFFF",
                        "FFFFFFFF",
                        "FFFFFFFF",
                        "FFFFFFFF",
                        "FFFFFFFF",
                        "FFFFFFFF",
                        "FFFFFFFF",
                        "FFFFFFFF",
                        "FFFFFFFF",
                        "FFFFFFFF",
                        "FFF9F9FF",
                        "FFFFFFFF",
                        "FFFDFDFF",
                        "FFC1C1FF"
                    ],
                    "Stride": 4,
                    "NumVertices": 211
                }
            },
            {
                "MapBuildDataId": "8E6D91994ABB548C4C0D2D94C6688BE7",
                "OverrideVertexColors": {
                    "Data": [
                        "FFFFFFFF",
                        "FFFFFFFF",
                        "FFFFFFFF",
                        "FFFFFFFF",
                        "FFFFFFFF",
                        "FFFFFFFF",
                        "FFFFFFFF",
                        "FFFFFFFF",
                        "FFFFFFFF",
                        "FFFFFFFF",
                        "FFFFFFFF",
                        "FFFFFFFF",
                        "FFFFFFFF",
                        "FFFFFFFF",
                        "FFFFFFFF",
                        "FFFFFFFF",
                        "FFFFFFFF",
                        "FFFFFFFF",
                        "FFFFFFFF",
                        "FFFFFFFF",
                        "FFFFFFFF",
                        "FFFFFFFF",
                        "FFFFFFFF",
                        "FFFFFFFF",
                        "FFFFFFFF",
                        "FFFFFFFF",
                        "FFFFFFFF",
                        "FFFFFFFF",
                        "FFFFFFFF",
                        "FFFFFFFF",
                        "FFFFFFFF",
                        "FFFFFFFF",
                        "FFFFFFFF",
                        "FFFFFFFF",
                        "FFFFFFFF",
                        "FF00FFFF",
                        "FFF8FFFF",
                        "FF00FFFF",
                        "FFFFFFFF",
                        "FF00FFFF",
                        "FFFFFFFF",
                        "FFFFFFFF",
                        "FFFBFBFF",
                        "FFFFFFFF",
                        "FFF1F1FF",
                        "FFFAFAFF",
                        "FFFBFBFF",
                        "FFFFFFFF",
                        "FFFFFFFF",
                        "FFFFFFFF",
                        "FFDCDCFF",
                        "FFFFFFFF",
                        "FFFFFFFF",
                        "FFFFFFFF",
                        "FFFCFCFF",
                        "FFFEFEFF",
                        "FFFFFFFF",
                        "FFFFFFFF",
                        "FFFFFFFF",
                        "FFFFFFFF",
                        "FFFFFFFF",
                        "FFFFFFFF",
                        "FFFFFFFF",
                        "FFFFFFFF",
                        "FFFFFFFF",
                        "FFFFFFFF",
                        "FFFFFFFF",
                        "FFFFFFFF",
                        "FFFFFFFF",
                        "FFE5E5FF",
                        "FFFFFFFF",
                        "FFF9F9FF",
                        "FFFFFFFF",
                        "FFFFFFFF",
                        "FFFFFFFF",
                        "FFFFFFFF",
                        "FFFFFFFF",
                        "FFFFFFFF",
                        "FFFFFFFF",
                        "FFFFFFFF",
                        "FFFFFFFF",
                        "FFFFFFFF",
                        "FFECECFF",
                        "FFFFFFFF",
                        "FFFFFFFF",
                        "FFFFFFFF",
                        "FFF6F6FF",
                        "FFFFFFFF",
                        "FFFFFFFF",
                        "FFFFFFFF",
                        "FFFFFFFF",
                        "FFFFFFFF",
                        "FFFFFFFF",
                        "FFFFFFFF",
                        "FFF3F3FF",
                        "FFFFFFFF",
                        "FFFFFFFF",
                        "FFF7F7FF",
                        "FFFFFFFF",
                        "FFFFFFFF",
                        "FFFFFFFF",
                        "FFFFFFFF",
                        "FFFFFFFF",
                        "FFFFFFFF",
                        "FFD5D5FF",
                        "FFFFFFFF",
                        "FFFDFDFF",
                        "FFF9F9FF",
                        "FFFFFFFF",
                        "FFFFFFFF",
                        "FFFFFFFF"
                    ],
                    "Stride": 4,
                    "NumVertices": 111
                }
            },
            {
                "MapBuildDataId": "2BC065AE493B53837515BDAE918CCB1E",
                "OverrideVertexColors": {
                    "Data": [
                        "FFFFFFFF",
                        "FFFFFFFF",
                        "FFFFFFFF",
                        "FFFFFFFF",
                        "FFFFFFFF",
                        "FFFFFFFF",
                        "FFFFFFFF",
                        "FFFFFFFF",
                        "FFFFFFFF",
                        "FFFFFFFF",
                        "FFFFFFFF",
                        "FFFFFFFF",
                        "FFFFFFFF",
                        "FFFFFFFF",
                        "FFF9F9FF",
                        "FFFFFFFF",
                        "FFFFFFFF",
                        "FFFFFFFF",
                        "FFFFFFFF",
                        "FFFFFFFF",
                        "FFFFFFFF",
                        "FFFFFFFF",
                        "FFFFFFFF",
                        "FFFFFFFF",
                        "FFFFFFFF",
                        "FFFFFFFF",
                        "FFFFFFFF",
                        "FFFFFFFF",
                        "FFF9F9FF",
                        "FFFDFDFF",
                        "FFF3F3FF",
                        "FFFFFFFF",
                        "FFFFFFFF",
                        "FFFFFFFF",
                        "FFECECFF",
                        "FFFFFFFF",
                        "FFFFFFFF",
                        "FFFFFFFF",
                        "FFFFFFFF",
                        "FFFFFFFF",
                        "FFF7F7FF",
                        "FFFFFFFF",
                        "FFFCFCFF",
                        "FFFFFFFF",
                        "FFFFFFFF",
                        "FFFFFFFF",
                        "FFFFFFFF",
                        "FFFFFFFF",
                        "FFF1F1FF",
                        "FF00FFFF",
                        "FFF8FFFF",
                        "FF00FFFF",
                        "FFFFFFFF",
                        "FFFFFFFF",
                        "FFFFFFFF",
                        "FFFFFFFF",
                        "FFFFFFFF",
                        "FFFFFFFF",
                        "FFFFFFFF"
                    ],
                    "Stride": 4,
                    "NumVertices": 59
                }
            }
        ]
    },
    {
        "Type": "World",
        "Name": "Athena_Background",
        "Class": "UScriptClass'World'",
        "Properties": {
            "DefaultPhysicsVolume": null
        },
        "PersistentLevel": {
            "ObjectName": "Level'Athena_Background:PersistentLevel'",
            "ObjectPath": "FortniteGame/Content/Athena/Maps/Background/Athena_Background.7"
        },
        "ExtraReferencedObjects": [],
        "StreamingLevels": []
    }
]