[
  {
    "Type": "BodySetup",
    "Name": "BodySetup_0",
    "Outer": "SM_Athena_SS_1x1_Shrine_002_0_SM_FORT_Floors_Generic_BasicTile_5",
    "Class": "UScriptClass'BodySetup'",
    "Properties": {
      "DefaultInstance": {
        "ObjectType": "ECC_WorldStatic",
        "CollisionEnabled": "ECollisionEnabled::QueryOnly",
        "CollisionProfileName": "BlockAll",
        "CollisionResponses": {
          "ResponseArray": [
            {
              "Channel": "FCC_Trace_WeaponCapsule",
              "Response": "ECR_Block"
            },
            {
              "Channel": "FCC_Object_PawnAI",
              "Response": "ECR_Block"
            },
            {
              "Channel": "FCC_Trace_WeaponMulti",
              "Response": "ECR_Block"
            },
            {
              "Channel": "FCC_Trace_Weapon",
              "Response": "ECR_Block"
            },
            {
              "Channel": "FCC_Object_Projectile",
              "Response": "ECR_Block"
            },
            {
              "Channel": "FCC_Object_ProjectileIgnoreAI",
              "Response": "ECR_Block"
            },
            {
              "Channel": "FCC_Object_ProjectileMesh",
              "Response": "ECR_Block"
            },
            {
              "Channel": "FCC_Object_SpectatorDroneCamera",
              "Response": "ECR_Block"
            }
          ]
        }
      }
    },
    "BodySetupGuid": "6F01D386464AD277AC51BEA70BD25F45"
  },
  {
    "Type": "HLODProxy",
    "Name": "Athena_SS_1x1_Shrine_002_0_HLOD",
    "Class": "UScriptClass'HLODProxy'",
    "Properties": {
      "ProxyMeshes": [
        {
          "LODActor": {
            "Guid": "D60C727D-4778F1AB-C39B48BF-59A03983"
          },
          "StaticMesh": {
            "ObjectName": "StaticMesh'SM_Athena_SS_1x1_Shrine_002_0_SM_FORT_Floors_Generic_BasicTile_5'",
            "ObjectPath": "FortniteGame/Content/Athena/Maps/Buildings/1x1/Shrines/HLOD/Athena_SS_1x1_Shrine_002_0_HLOD.4"
          },
          "Key": "76927B120C6645ACB9200E7FB8896AC3_D60C727D4778F1ABC39B48BF59A03983_C765880A_1B864DD1_33BC6358_ProxyLODMeshReduction"
        }
      ]
    }
  },
  {
    "Type": "MaterialInstanceConstant",
    "Name": "M_Athena_SS_1x1_Shrine_002_0_SM_FORT_Floors_Generic_BasicTile_5",
    "Class": "UScriptClass'MaterialInstanceConstant'",
    "Properties": {
      "Parent": {
        "ObjectName": "Material'BaseFlattenMaterial'",
        "ObjectPath": "Engine/Content/EngineMaterials/BaseFlattenMaterial.0"
      },
      "bHasStaticPermutationResource": true,
      "ScalarParameterValues": [
        {
          "ParameterInfo": {
            "Name": "MetallicConst",
            "Association": "GlobalParameter",
            "Index": -1
          },
          "ParameterValue": 0.0,
          "ExpressionGUID": "16B059D0-44221A3F-374E1891-C270FC15"
        },
        {
          "ParameterInfo": {
            "Name": "RoughnessConst",
            "Association": "GlobalParameter",
            "Index": -1
          },
          "ParameterValue": 1.0,
          "ExpressionGUID": "D267A77E-41FA7EC1-5E9D5BAE-BBF80B38"
        },
        {
          "ParameterInfo": {
            "Name": "SpecularConst",
            "Association": "GlobalParameter",
            "Index": -1
          },
          "ParameterValue": 0.075,
          "ExpressionGUID": "28B5BE19-4FC55461-751117AD-2CD30525"
        },
        {
          "ParameterInfo": {
            "Name": "OpacityConst",
            "Association": "GlobalParameter",
            "Index": -1
          },
          "ParameterValue": 1.0,
          "ExpressionGUID": "54F848F8-429DCBC2-7FFE98BC-6B68D0FF"
        },
        {
          "ParameterInfo": {
            "Name": "OpacityMaskConst",
            "Association": "GlobalParameter",
            "Index": -1
          },
          "ParameterValue": 1.0,
          "ExpressionGUID": "E97FC7E1-48654DF8-73D2E8A2-879E06C7"
        },
        {
          "ParameterInfo": {
            "Name": "AmbientOcclusionConst",
            "Association": "GlobalParameter",
            "Index": -1
          },
          "ParameterValue": 1.0,
          "ExpressionGUID": "423DC731-407F9562-94B756BF-6321AC88"
        }
      ],
      "TextureParameterValues": [
        {
          "ParameterInfo": {
            "Name": "DiffuseTexture",
            "Association": "GlobalParameter",
            "Index": -1
          },
          "ParameterValue": {
            "ObjectName": "Texture2D'T_Athena_SS_1x1_Shrine_002_0_SM_FORT_Floors_Generic_BasicTile_5_Diffuse'",
            "ObjectPath": "FortniteGame/Content/Athena/Maps/Buildings/1x1/Shrines/HLOD/Athena_SS_1x1_Shrine_002_0_HLOD.5"
          },
          "ExpressionGUID": "FA983522-483B48DB-7302F694-A9E59879"
        }
      ],
      "BasePropertyOverrides": {
        "bOverride_DitheredLODTransition": true,
        "DitheredLODTransition": true
      },
      "StaticParameters": {
        "StaticSwitchParameters": [
          {
            "ParameterInfo": {
              "Name": "UseDiffuse",
              "Association": "GlobalParameter",
              "Index": -1
            },
            "Value": true,
            "bOverride": true,
            "ExpressionGUID": "99BA8635-4EAA882F-9D4136AF-958BF760"
          }
        ]
      }
    }
  },
  {
    "Type": "NavCollision",
    "Name": "NavCollision_0",
    "Outer": "SM_Athena_SS_1x1_Shrine_002_0_SM_FORT_Floors_Generic_BasicTile_5",
    "Class": "UScriptClass'NavCollision'",
    "CookedFormatData": {
      "NavCollision_X": {
        "BulkDataFlags": "BULKDATA_SingleUse | BULKDATA_ForceInlinePayload",
        "ElementCount": 21,
        "SizeOnDisk": 21,
        "OffsetInFile": "0x238DD"
      }
    }
  },
  {
    "Type": "StaticMesh",
    "Name": "SM_Athena_SS_1x1_Shrine_002_0_SM_FORT_Floors_Generic_BasicTile_5",
    "Class": "UScriptClass'StaticMesh'",
    "Properties": {
      "StaticMaterials": [
        {
          "MaterialInterface": {
            "ObjectName": "MaterialInstanceConstant'M_Athena_SS_1x1_Shrine_002_0_SM_FORT_Floors_Generic_BasicTile_5'",
            "ObjectPath": "FortniteGame/Content/Athena/Maps/Buildings/1x1/Shrines/HLOD/Athena_SS_1x1_Shrine_002_0_HLOD.2"
          },
          "MaterialSlotName": "None",
          "UVChannelData": {
            "bInitialized": true,
            "bOverrideDensities": false,
            "LocalUVDensities": 3635.066,
            "LocalUVDensities": 3635.066,
            "LocalUVDensities": 0.0,
            "LocalUVDensities": 0.0
          }
        }
      ],
      "LightmapUVDensity": 3635.066,
      "ExtendedBounds": {
        "Origin": {
          "X": 0.7010803,
          "Y": -2.363556,
          "Z": 520.2376
        },
        "BoxExtent": {
          "X": 419.11627,
          "Y": 421.73138,
          "Z": 929.5231
        },
        "SphereRadius": 994.6704
      }
    },
    "BodySetup": {
      "ObjectName": "BodySetup'SM_Athena_SS_1x1_Shrine_002_0_SM_FORT_Floors_Generic_BasicTile_5:BodySetup_0'",
      "ObjectPath": "FortniteGame/Content/Athena/Maps/Buildings/1x1/Shrines/HLOD/Athena_SS_1x1_Shrine_002_0_HLOD.0"
    },
    "NavCollision": {
      "ObjectName": "NavCollision'SM_Athena_SS_1x1_Shrine_002_0_SM_FORT_Floors_Generic_BasicTile_5:NavCollision_0'",
      "ObjectPath": "FortniteGame/Content/Athena/Maps/Buildings/1x1/Shrines/HLOD/Athena_SS_1x1_Shrine_002_0_HLOD.3"
    },
    "LightingGuid": "CBE6ED0C-45970687-701C3792-2899F005",
    "RenderData": null
  },
  {
    "Type": "Texture2D",
    "Name": "T_Athena_SS_1x1_Shrine_002_0_SM_FORT_Floors_Generic_BasicTile_5_Diffuse",
    "Class": "UScriptClass'Texture2D'",
    "Properties": {
      "ImportedSize": {
        "X": 128,
        "Y": 128
      },
      "LightingGuid": "431AA801-48B85240-F670D9B6-35C16C10",
      "LODGroup": "TEXTUREGROUP_HierarchicalLOD"
    },
    "SizeX": 0,
    "SizeY": 0,
    "PackedData": 0,
    "PixelFormat": "PF_Unknown",
    "FirstMipToSerialize": -1
  }
]