[
  {
    "Type": "BodySetup",
    "Name": "BodySetup_0",
    "Outer": "SM_Athena_TheFarmstead_9x12_WoodCluster_c_0_S_Elevation_Ground_Z_High_108",
    "Class": "UScriptClass'BodySetup'",
    "Properties": {
      "DefaultInstance": {
        "ObjectType": "ECC_WorldStatic",
        "CollisionEnabled": "ECollisionEnabled::QueryOnly",
        "CollisionProfileName": "BlockAll",
        "CollisionResponses": {
          "ResponseArray": [
            {
              "Channel": "FCC_Trace_WeaponCapsule",
              "Response": "ECR_Block"
            },
            {
              "Channel": "FCC_Object_PawnAI",
              "Response": "ECR_Block"
            },
            {
              "Channel": "FCC_Trace_WeaponMulti",
              "Response": "ECR_Block"
            },
            {
              "Channel": "FCC_Trace_Weapon",
              "Response": "ECR_Block"
            },
            {
              "Channel": "FCC_Object_Projectile",
              "Response": "ECR_Block"
            },
            {
              "Channel": "FCC_Object_ProjectileIgnoreAI",
              "Response": "ECR_Block"
            },
            {
              "Channel": "FCC_Object_ProjectileMesh",
              "Response": "ECR_Block"
            },
            {
              "Channel": "FCC_Object_SpectatorDroneCamera",
              "Response": "ECR_Block"
            },
            {
              "Channel": "FCC_Trace_WeaponPawnAndWorldMulti",
              "Response": "ECR_Block"
            }
          ]
        }
      }
    },
    "BodySetupGuid": "656F39CB4EA3C628C13731A1FF5955D2"
  },
  {
    "Type": "HLODProxy",
    "Name": "Athena_TheFarmstead_9x12_WoodCluster_c_0_HLOD",
    "Class": "UScriptClass'HLODProxy'",
    "Properties": {
      "ProxyMeshes": [
        {
          "LODActor": {
            "Guid": "DB8D1D46-4C108B35-71E928A8-EF719652"
          },
          "StaticMesh": {
            "ObjectName": "StaticMesh'SM_Athena_TheFarmstead_9x12_WoodCluster_c_0_S_Elevation_Ground_Z_High_108'",
            "ObjectPath": "FortniteGame/Content/Athena/Maps/Buildings/9x12/HLOD/Athena_TheFarmstead_9x12_WoodCluster_c_0_HLOD.4"
          },
          "Key": "76927B120C6645ACB9200E7FB8896AC3_DB8D1D464C108B3571E928A8EF719652_60D86A35_C8CFF814_6079FCA2_ProxyLODMeshReduction"
        }
      ]
    }
  },
  {
    "Type": "MaterialInstanceConstant",
    "Name": "M_Athena_TheFarmstead_9x12_WoodCluster_c_0_S_Elevation_Ground_Z_High_108",
    "Class": "UScriptClass'MaterialInstanceConstant'",
    "Properties": {
      "Parent": {
        "ObjectName": "MaterialInstanceConstant'BaseFlattenMaterialAthena_GrassReplacement'",
        "ObjectPath": "FortniteGame/Content/Athena/HLODSetup/Materials/BaseFlattenMaterialAthena_GrassReplacement.0"
      },
      "bHasStaticPermutationResource": true,
      "ScalarParameterValues": [
        {
          "ParameterInfo": {
            "Name": "MetallicConst",
            "Association": "GlobalParameter",
            "Index": -1
          },
          "ParameterValue": 0.0,
          "ExpressionGUID": "16B059D0-44221A3F-374E1891-C270FC15"
        },
        {
          "ParameterInfo": {
            "Name": "RoughnessConst",
            "Association": "GlobalParameter",
            "Index": -1
          },
          "ParameterValue": 1.0,
          "ExpressionGUID": "D267A77E-41FA7EC1-5E9D5BAE-BBF80B38"
        },
        {
          "ParameterInfo": {
            "Name": "SpecularConst",
            "Association": "GlobalParameter",
            "Index": -1
          },
          "ParameterValue": 0.075,
          "ExpressionGUID": "28B5BE19-4FC55461-751117AD-2CD30525"
        },
        {
          "ParameterInfo": {
            "Name": "OpacityConst",
            "Association": "GlobalParameter",
            "Index": -1
          },
          "ParameterValue": 1.0,
          "ExpressionGUID": "54F848F8-429DCBC2-7FFE98BC-6B68D0FF"
        },
        {
          "ParameterInfo": {
            "Name": "OpacityMaskConst",
            "Association": "GlobalParameter",
            "Index": -1
          },
          "ParameterValue": 1.0,
          "ExpressionGUID": "E97FC7E1-48654DF8-73D2E8A2-879E06C7"
        },
        {
          "ParameterInfo": {
            "Name": "AmbientOcclusionConst",
            "Association": "GlobalParameter",
            "Index": -1
          },
          "ParameterValue": 1.0,
          "ExpressionGUID": "423DC731-407F9562-94B756BF-6321AC88"
        }
      ],
      "TextureParameterValues": [
        {
          "ParameterInfo": {
            "Name": "DiffuseTexture",
            "Association": "GlobalParameter",
            "Index": -1
          },
          "ParameterValue": {
            "ObjectName": "Texture2D'T_Athena_TheFarmstead_9x12_WoodCluster_c_0_S_Elevation_Ground_Z_High_108_Diffuse'",
            "ObjectPath": "FortniteGame/Content/Athena/Maps/Buildings/9x12/HLOD/Athena_TheFarmstead_9x12_WoodCluster_c_0_HLOD.5"
          },
          "ExpressionGUID": "FA983522-483B48DB-7302F694-A9E59879"
        },
        {
          "ParameterInfo": {
            "Name": "NormalTexture",
            "Association": "GlobalParameter",
            "Index": -1
          },
          "ParameterValue": {
            "ObjectName": "Texture2D'T_Athena_TheFarmstead_9x12_WoodCluster_c_0_S_Elevation_Ground_Z_High_108_Normal'",
            "ObjectPath": "FortniteGame/Content/Athena/Maps/Buildings/9x12/HLOD/Athena_TheFarmstead_9x12_WoodCluster_c_0_HLOD.6"
          },
          "ExpressionGUID": "C6A93FE4-4230CDF6-85A0698E-87A1C080"
        }
      ],
      "BasePropertyOverrides": {
        "bOverride_DitheredLODTransition": true,
        "DitheredLODTransition": true
      },
      "StaticParameters": {
        "StaticSwitchParameters": [
          {
            "ParameterInfo": {
              "Name": "UseDiffuse",
              "Association": "GlobalParameter",
              "Index": -1
            },
            "Value": true,
            "bOverride": true,
            "ExpressionGUID": "99BA8635-4EAA882F-9D4136AF-958BF760"
          },
          {
            "ParameterInfo": {
              "Name": "UseNormal",
              "Association": "GlobalParameter",
              "Index": -1
            },
            "Value": true,
            "bOverride": true,
            "ExpressionGUID": "00000000-00000000-00000000-00000000"
          }
        ]
      }
    }
  },
  {
    "Type": "NavCollision",
    "Name": "NavCollision_0",
    "Outer": "SM_Athena_TheFarmstead_9x12_WoodCluster_c_0_S_Elevation_Ground_Z_High_108",
    "Class": "UScriptClass'NavCollision'",
    "CookedFormatData": {
      "NavCollision_X": {
        "BulkDataFlags": "BULKDATA_SingleUse | BULKDATA_ForceInlinePayload",
        "ElementCount": 21,
        "SizeOnDisk": 21,
        "OffsetInFile": "0x26E96"
      }
    }
  },
  {
    "Type": "StaticMesh",
    "Name": "SM_Athena_TheFarmstead_9x12_WoodCluster_c_0_S_Elevation_Ground_Z_High_108",
    "Class": "UScriptClass'StaticMesh'",
    "Properties": {
      "StaticMaterials": [
        {
          "MaterialInterface": {
            "ObjectName": "MaterialInstanceConstant'M_Athena_TheFarmstead_9x12_WoodCluster_c_0_S_Elevation_Ground_Z_High_108'",
            "ObjectPath": "FortniteGame/Content/Athena/Maps/Buildings/9x12/HLOD/Athena_TheFarmstead_9x12_WoodCluster_c_0_HLOD.2"
          },
          "MaterialSlotName": "M_Athena_TheFarmstead_9x12_WoodCluster_c_0_S_Elevation_Ground_Z_High_108",
          "ImportedMaterialSlotName": "M_Athena_TheFarmstead_9x12_WoodCluster_c_0_S_Elevation_Ground_Z_High_108",
          "UVChannelData": {
            "bInitialized": true,
            "bOverrideDensities": false,
            "LocalUVDensities": 10902.162,
            "LocalUVDensities": 10902.162,
            "LocalUVDensities": 0.0,
            "LocalUVDensities": 0.0
          }
        },
        {
          "MaterialInterface": {
            "ObjectName": "MaterialInstanceConstant'MI_Tree_02b_Impostor'",
            "ObjectPath": "FortniteGame/Content/ImpostorBaker/ImpostorLODs/Tree_02b/MI_Tree_02b_Impostor.0"
          },
          "MaterialSlotName": "MI_Tree_02b_Impostor",
          "ImportedMaterialSlotName": "MI_Tree_02b_Impostor",
          "UVChannelData": {
            "bInitialized": true,
            "bOverrideDensities": false,
            "LocalUVDensities": 7783.255,
            "LocalUVDensities": 76.51994,
            "LocalUVDensities": 0.0,
            "LocalUVDensities": 0.0
          }
        },
        {
          "MaterialInterface": {
            "ObjectName": "MaterialInstanceConstant'MI_AthenaTreeLarge_01_Impostor'",
            "ObjectPath": "FortniteGame/Content/ImpostorBaker/ImpostorLODs/AthenaTreeLarge_01/MI_AthenaTreeLarge_01_Impostor.0"
          },
          "MaterialSlotName": "MI_AthenaTreeLarge_01_Impostor",
          "ImportedMaterialSlotName": "MI_AthenaTreeLarge_01_Impostor",
          "UVChannelData": {
            "bInitialized": true,
            "bOverrideDensities": false,
            "LocalUVDensities": 38903.684,
            "LocalUVDensities": 246.94719,
            "LocalUVDensities": 0.0,
            "LocalUVDensities": 0.0
          }
        },
        {
          "MaterialInterface": {
            "ObjectName": "MaterialInstanceConstant'MI_AthenaTreeXmasPine_01_Impostor'",
            "ObjectPath": "FortniteGame/Content/ImpostorBaker/ImpostorLODs/AthenaTreeXmasPine_02/MI_AthenaTreeXmasPine_01_Impostor.0"
          },
          "MaterialSlotName": "MI_AthenaTreeXmasPine_01_Impostor",
          "ImportedMaterialSlotName": "MI_AthenaTreeXmasPine_01_Impostor",
          "UVChannelData": {
            "bInitialized": true,
            "bOverrideDensities": false,
            "LocalUVDensities": 18332.994,
            "LocalUVDensities": 122.653206,
            "LocalUVDensities": 0.0,
            "LocalUVDensities": 0.0
          }
        },
        {
          "MaterialInterface": {
            "ObjectName": "MaterialInstanceConstant'MI_AthenaTreeXmasPine_02_Impostor'",
            "ObjectPath": "FortniteGame/Content/ImpostorBaker/ImpostorLODs/AthenaTreeXmasPine_02/MI_AthenaTreeXmasPine_02_Impostor.0"
          },
          "MaterialSlotName": "MI_AthenaTreeXmasPine_02_Impostor",
          "ImportedMaterialSlotName": "MI_AthenaTreeXmasPine_02_Impostor",
          "UVChannelData": {
            "bInitialized": true,
            "bOverrideDensities": false,
            "LocalUVDensities": 17613.463,
            "LocalUVDensities": 124.7886,
            "LocalUVDensities": 0.0,
            "LocalUVDensities": 0.0
          }
        },
        {
          "MaterialInterface": {
            "ObjectName": "MaterialInstanceConstant'MI_AthenaTreeMedium_03_01_Impostor'",
            "ObjectPath": "FortniteGame/Content/ImpostorBaker/ImpostorLODs/AthenaTreeMedium_03/MI_AthenaTreeMedium_03_01_Impostor.0"
          },
          "MaterialSlotName": "MI_AthenaTreeMedium_03_01_Impostor",
          "ImportedMaterialSlotName": "MI_AthenaTreeMedium_03_01_Impostor",
          "UVChannelData": {
            "bInitialized": true,
            "bOverrideDensities": false,
            "LocalUVDensities": 8887.634,
            "LocalUVDensities": 112.83165,
            "LocalUVDensities": 0.0,
            "LocalUVDensities": 0.0
          }
        },
        {
          "MaterialInterface": {
            "ObjectName": "MaterialInstanceConstant'MI_AthenaTreeMedium_01_Impostor'",
            "ObjectPath": "FortniteGame/Content/ImpostorBaker/ImpostorLODs/AthenaTreeMedium_01/MI_AthenaTreeMedium_01_Impostor.0"
          },
          "MaterialSlotName": "MI_AthenaTreeMedium_01_Impostor",
          "ImportedMaterialSlotName": "MI_AthenaTreeMedium_01_Impostor",
          "UVChannelData": {
            "bInitialized": true,
            "bOverrideDensities": false,
            "LocalUVDensities": 14311.86,
            "LocalUVDensities": 121.141304,
            "LocalUVDensities": 0.0,
            "LocalUVDensities": 0.0
          }
        }
      ],
      "LightmapUVDensity": 11338.777,
      "LightMapResolution": 32,
      "PositiveBoundsExtension": {
        "X": 550.70276,
        "Y": 190.25098,
        "Z": 1078.4597
      },
      "NegativeBoundsExtension": {
        "X": 102.35693,
        "Y": 217.95242,
        "Z": 0.0
      },
      "ExtendedBounds": {
        "Origin": {
          "X": -2606.3254,
          "Y": 2058.4521,
          "Z": 1264.5978
        },
        "BoxExtent": {
          "X": 3426.218,
          "Y": 2548.2837,
          "Z": 1413.1434
        },
        "SphereRadius": 4497.743
      }
    },
    "BodySetup": {
      "ObjectName": "BodySetup'SM_Athena_TheFarmstead_9x12_WoodCluster_c_0_S_Elevation_Ground_Z_High_108:BodySetup_0'",
      "ObjectPath": "FortniteGame/Content/Athena/Maps/Buildings/9x12/HLOD/Athena_TheFarmstead_9x12_WoodCluster_c_0_HLOD.0"
    },
    "NavCollision": {
      "ObjectName": "NavCollision'SM_Athena_TheFarmstead_9x12_WoodCluster_c_0_S_Elevation_Ground_Z_High_108:NavCollision_0'",
      "ObjectPath": "FortniteGame/Content/Athena/Maps/Buildings/9x12/HLOD/Athena_TheFarmstead_9x12_WoodCluster_c_0_HLOD.3"
    },
    "LightingGuid": "2BF013DD-43D58713-D7940894-8966F3A3",
    "RenderData": null
  },
  {
    "Type": "Texture2D",
    "Name": "T_Athena_TheFarmstead_9x12_WoodCluster_c_0_S_Elevation_Ground_Z_High_108_Diffuse",
    "Class": "UScriptClass'Texture2D'",
    "Properties": {
      "ImportedSize": {
        "X": 256,
        "Y": 256
      },
      "LightingGuid": "166ECB07-49EF341E-FD130298-715D3432",
      "LODGroup": "TEXTUREGROUP_HierarchicalLOD"
    },
    "SizeX": 0,
    "SizeY": 0,
    "PackedData": 0,
    "PixelFormat": "PF_Unknown",
    "FirstMipToSerialize": -1
  },
  {
    "Type": "Texture2D",
    "Name": "T_Athena_TheFarmstead_9x12_WoodCluster_c_0_S_Elevation_Ground_Z_High_108_Normal",
    "Class": "UScriptClass'Texture2D'",
    "Properties": {
      "ImportedSize": {
        "X": 256,
        "Y": 256
      },
      "LightingGuid": "42ED3AE4-41818CA1-D058FEAD-61D2BE65",
      "CompressionSettings": "TC_Normalmap",
      "LODGroup": "TEXTUREGROUP_HierarchicalLOD",
      "SRGB": false
    },
    "SizeX": 0,
    "SizeY": 0,
    "PackedData": 0,
    "PixelFormat": "PF_Unknown",
    "FirstMipToSerialize": -1
  }
]