[
  {
    "Type": "BlueprintGeneratedClass",
    "Name": "Athena_JUNG_1x1_Cove_A_C",
    "Class": "UScriptClass'BlueprintGeneratedClass'",
    "SuperStruct": {
      "ObjectName": "Class'FortLevelScriptActor'",
      "ObjectPath": "/Script/FortniteGame"
    },
    "ClassFlags": "CLASS_Optional | CLASS_NotPlaceable | CLASS_ReplicationDataIsSetUp | CLASS_CompiledFromBlueprint | CLASS_HasInstancedReference",
    "ClassWithin": {
      "ObjectName": "Class'Object'",
      "ObjectPath": "/Script/CoreUObject"
    },
    "ClassConfigName": "Engine",
    "bCooked": true,
    "ClassDefaultObject": {
      "ObjectName": "Athena_JUNG_1x1_Cove_A_C'Default__Athena_JUNG_1x1_Cove_A_C'",
      "ObjectPath": "FortniteGame/Content/Athena/Maps/Buildings/1x1/Athena_JUNG_1x1_Cove_A.1"
    }
  },
  {
    "Type": "Athena_JUNG_1x1_Cove_A_C",
    "Name": "Default__Athena_JUNG_1x1_Cove_A_C",
    "Class": "BlueprintGeneratedClass'FortniteGame/Content/Athena/Maps/Buildings/1x1/Athena_JUNG_1x1_Cove_A.Athena_JUNG_1x1_Cove_A_C'"
  },
  {
    "Type": "Athena_JUNG_1x1_Cove_A_C",
    "Name": "Athena_JUNG_1x1_Cove_A_C_0",
    "Outer": "PersistentLevel",
    "Class": "BlueprintGeneratedClass'FortniteGame/Content/Athena/Maps/Buildings/1x1/Athena_JUNG_1x1_Cove_A.Athena_JUNG_1x1_Cove_A_C'",
    "Template": {
      "ObjectName": "Athena_JUNG_1x1_Cove_A_C'Default__Athena_JUNG_1x1_Cove_A_C'",
      "ObjectPath": "FortniteGame/Content/Athena/Maps/Buildings/1x1/Athena_JUNG_1x1_Cove_A.1"
    }
  },
  {
    "Type": "Athena_Prop_Storage_Barrel_02_C",
    "Name": "Athena_Prop_Storage_Barrel_166",
    "Outer": "PersistentLevel",
    "Class": "BlueprintGeneratedClass'FortniteGame/Content/Athena/BuildingActors/Props/Building/ActorBlueprints/Containers/Athena_Prop_Storage_Barrel_02.Athena_Prop_Storage_Barrel_02_C'",
    "Template": {
      "ObjectName": "Athena_Prop_Storage_Barrel_02_C'Default__Athena_Prop_Storage_Barrel_02_C'",
      "ObjectPath": "FortniteGame/Content/Athena/BuildingActors/Props/Building/ActorBlueprints/Containers/Athena_Prop_Storage_Barrel_02.1"
    },
    "Properties": {
      "StaticMeshComponent": {
        "ObjectName": "StaticMeshComponent'Athena_JUNG_1x1_Cove_A:PersistentLevel.Athena_Prop_Storage_Barrel_166.StaticMeshComponent0'",
        "ObjectPath": "FortniteGame/Content/Athena/Maps/Buildings/1x1/Athena_JUNG_1x1_Cove_A.35"
      },
      "ParentActorToAttachTo": {
        "ObjectName": "PirateShip_Cargo_Net_D_C'Athena_JUNG_1x1_Cove_A:PersistentLevel.PirateShip_Cargo_Net_D41_2'",
        "ObjectPath": "FortniteGame/Content/Athena/Maps/Buildings/1x1/Athena_JUNG_1x1_Cove_A.22"
      },
      "MyGuid": "CB91F16D-4FDE4F12-4B50A8AC-A1D508B6",
      "DataVersion": 1,
      "CullDistance": 2800.0,
      "RootComponent": {
        "ObjectName": "StaticMeshComponent'Athena_JUNG_1x1_Cove_A:PersistentLevel.Athena_Prop_Storage_Barrel_166.StaticMeshComponent0'",
        "ObjectPath": "FortniteGame/Content/Athena/Maps/Buildings/1x1/Athena_JUNG_1x1_Cove_A.35"
      }
    }
  },
  {
    "Type": "Athena_Prop_Storage_Barrel_02_C",
    "Name": "Athena_Prop_Storage_Barrel_2",
    "Outer": "PersistentLevel",
    "Class": "BlueprintGeneratedClass'FortniteGame/Content/Athena/BuildingActors/Props/Building/ActorBlueprints/Containers/Athena_Prop_Storage_Barrel_02.Athena_Prop_Storage_Barrel_02_C'",
    "Template": {
      "ObjectName": "Athena_Prop_Storage_Barrel_02_C'Default__Athena_Prop_Storage_Barrel_02_C'",
      "ObjectPath": "FortniteGame/Content/Athena/BuildingActors/Props/Building/ActorBlueprints/Containers/Athena_Prop_Storage_Barrel_02.1"
    },
    "Properties": {
      "StaticMeshComponent": {
        "ObjectName": "StaticMeshComponent'Athena_JUNG_1x1_Cove_A:PersistentLevel.Athena_Prop_Storage_Barrel_2.StaticMeshComponent0'",
        "ObjectPath": "FortniteGame/Content/Athena/Maps/Buildings/1x1/Athena_JUNG_1x1_Cove_A.36"
      },
      "ParentActorToAttachTo": {
        "ObjectName": "PirateShip_Cargo_Net_D_C'Athena_JUNG_1x1_Cove_A:PersistentLevel.PirateShip_Cargo_Net_D41_2'",
        "ObjectPath": "FortniteGame/Content/Athena/Maps/Buildings/1x1/Athena_JUNG_1x1_Cove_A.22"
      },
      "MyGuid": "5B102C93-44CC4D25-70FABEAF-D97506EB",
      "DataVersion": 1,
      "CullDistance": 2800.0,
      "RootComponent": {
        "ObjectName": "StaticMeshComponent'Athena_JUNG_1x1_Cove_A:PersistentLevel.Athena_Prop_Storage_Barrel_2.StaticMeshComponent0'",
        "ObjectPath": "FortniteGame/Content/Athena/Maps/Buildings/1x1/Athena_JUNG_1x1_Cove_A.36"
      }
    }
  },
  {
    "Type": "Athena_Prop_Storage_Barrel_02_C",
    "Name": "Athena_Prop_Storage_Barrel_9",
    "Outer": "PersistentLevel",
    "Class": "BlueprintGeneratedClass'FortniteGame/Content/Athena/BuildingActors/Props/Building/ActorBlueprints/Containers/Athena_Prop_Storage_Barrel_02.Athena_Prop_Storage_Barrel_02_C'",
    "Template": {
      "ObjectName": "Athena_Prop_Storage_Barrel_02_C'Default__Athena_Prop_Storage_Barrel_02_C'",
      "ObjectPath": "FortniteGame/Content/Athena/BuildingActors/Props/Building/ActorBlueprints/Containers/Athena_Prop_Storage_Barrel_02.1"
    },
    "Properties": {
      "StaticMeshComponent": {
        "ObjectName": "StaticMeshComponent'Athena_JUNG_1x1_Cove_A:PersistentLevel.Athena_Prop_Storage_Barrel_9.StaticMeshComponent0'",
        "ObjectPath": "FortniteGame/Content/Athena/Maps/Buildings/1x1/Athena_JUNG_1x1_Cove_A.37"
      },
      "ParentActorToAttachTo": {
        "ObjectName": "BP_PirateCove_Dock_Floor_C'Athena_JUNG_1x1_Cove_A:PersistentLevel.Pueblo_Floor_6'",
        "ObjectPath": "FortniteGame/Content/Athena/Maps/Buildings/1x1/Athena_JUNG_1x1_Cove_A.13"
      },
      "MyGuid": "54F1A411-4396CA4A-856D0E9D-3367C894",
      "DataVersion": 1,
      "CullDistance": 2800.0,
      "RootComponent": {
        "ObjectName": "StaticMeshComponent'Athena_JUNG_1x1_Cove_A:PersistentLevel.Athena_Prop_Storage_Barrel_9.StaticMeshComponent0'",
        "ObjectPath": "FortniteGame/Content/Athena/Maps/Buildings/1x1/Athena_JUNG_1x1_Cove_A.37"
      }
    }
  },
  {
    "Type": "AudioComponent",
    "Name": "SingingBass_Music_Cue",
    "Outer": "Prop_QuestInteractable_DancingFish4_2",
    "Class": "UScriptClass'AudioComponent'",
    "Template": {
      "ObjectName": "AudioComponent'Prop_QuestInteractable_DancingFish1_C:SingingBass_Music_Cue_GEN_VARIABLE'",
      "ObjectPath": "FortniteGame/Content/Athena/Items/QuestInteractables/DancingFish/Prop_QuestInteractable_DancingFish1.18"
    },
    "Properties": {
      "AttachParent": {
        "ObjectName": "StaticMeshComponent'Athena_JUNG_1x1_Cove_A:PersistentLevel.Prop_QuestInteractable_DancingFish4_2.StaticMeshComponent0'",
        "ObjectPath": "FortniteGame/Content/Athena/Maps/Buildings/1x1/Athena_JUNG_1x1_Cove_A.44"
      },
      "bNetAddressable": true,
      "CreationMethod": "EComponentCreationMethod::SimpleConstructionScript"
    }
  },
  {
    "Type": "Boardwalk_ArchwayLong_C",
    "Name": "Pueblo_Corner_13",
    "Outer": "PersistentLevel",
    "Class": "BlueprintGeneratedClass'FortniteGame/Content/Building/ActorBlueprints/Wall/Boardwalk_ArchwayLong.Boardwalk_ArchwayLong_C'",
    "Template": {
      "ObjectName": "Boardwalk_ArchwayLong_C'Default__Boardwalk_ArchwayLong_C'",
      "ObjectPath": "FortniteGame/Content/Building/ActorBlueprints/Wall/Boardwalk_ArchwayLong.1"
    },
    "Properties": {
      "StaticMeshComponent": {
        "ObjectName": "StaticMeshComponent'Athena_JUNG_1x1_Cove_A:PersistentLevel.Pueblo_Corner_13.StaticMeshComponent0'",
        "ObjectPath": "FortniteGame/Content/Athena/Maps/Buildings/1x1/Athena_JUNG_1x1_Cove_A.47"
      },
      "MyGuid": "29D5D956-4B42DA55-CE2653B4-B6527B2F",
      "DataVersion": 1,
      "CullDistance": 0.0,
      "RootComponent": {
        "ObjectName": "StaticMeshComponent'Athena_JUNG_1x1_Cove_A:PersistentLevel.Pueblo_Corner_13.StaticMeshComponent0'",
        "ObjectPath": "FortniteGame/Content/Athena/Maps/Buildings/1x1/Athena_JUNG_1x1_Cove_A.47"
      }
    }
  },
  {
    "Type": "Boardwalk_ArchwayLong_C",
    "Name": "Pueblo_Corner_15",
    "Outer": "PersistentLevel",
    "Class": "BlueprintGeneratedClass'FortniteGame/Content/Building/ActorBlueprints/Wall/Boardwalk_ArchwayLong.Boardwalk_ArchwayLong_C'",
    "Template": {
      "ObjectName": "Boardwalk_ArchwayLong_C'Default__Boardwalk_ArchwayLong_C'",
      "ObjectPath": "FortniteGame/Content/Building/ActorBlueprints/Wall/Boardwalk_ArchwayLong.1"
    },
    "Properties": {
      "StaticMeshComponent": {
        "ObjectName": "StaticMeshComponent'Athena_JUNG_1x1_Cove_A:PersistentLevel.Pueblo_Corner_15.StaticMeshComponent0'",
        "ObjectPath": "FortniteGame/Content/Athena/Maps/Buildings/1x1/Athena_JUNG_1x1_Cove_A.48"
      },
      "MyGuid": "07E10D1F-403A6CA8-EF7CBF87-D308847C",
      "DataVersion": 1,
      "CullDistance": 0.0,
      "RootComponent": {
        "ObjectName": "StaticMeshComponent'Athena_JUNG_1x1_Cove_A:PersistentLevel.Pueblo_Corner_15.StaticMeshComponent0'",
        "ObjectPath": "FortniteGame/Content/Athena/Maps/Buildings/1x1/Athena_JUNG_1x1_Cove_A.48"
      }
    }
  },
  {
    "Type": "Boardwalk_ArchwayLong_C",
    "Name": "Pueblo_Corner_8",
    "Outer": "PersistentLevel",
    "Class": "BlueprintGeneratedClass'FortniteGame/Content/Building/ActorBlueprints/Wall/Boardwalk_ArchwayLong.Boardwalk_ArchwayLong_C'",
    "Template": {
      "ObjectName": "Boardwalk_ArchwayLong_C'Default__Boardwalk_ArchwayLong_C'",
      "ObjectPath": "FortniteGame/Content/Building/ActorBlueprints/Wall/Boardwalk_ArchwayLong.1"
    },
    "Properties": {
      "StaticMeshComponent": {
        "ObjectName": "StaticMeshComponent'Athena_JUNG_1x1_Cove_A:PersistentLevel.Pueblo_Corner_8.StaticMeshComponent0'",
        "ObjectPath": "FortniteGame/Content/Athena/Maps/Buildings/1x1/Athena_JUNG_1x1_Cove_A.49"
      },
      "MyGuid": "5049C870-4B0A3CE3-85BA1696-DF47B727",
      "DataVersion": 1,
      "CullDistance": 0.0,
      "RootComponent": {
        "ObjectName": "StaticMeshComponent'Athena_JUNG_1x1_Cove_A:PersistentLevel.Pueblo_Corner_8.StaticMeshComponent0'",
        "ObjectPath": "FortniteGame/Content/Athena/Maps/Buildings/1x1/Athena_JUNG_1x1_Cove_A.49"
      }
    }
  },
  {
    "Type": "Boardwalk_ArchwayLong_C",
    "Name": "Pueblo_Corner_9",
    "Outer": "PersistentLevel",
    "Class": "BlueprintGeneratedClass'FortniteGame/Content/Building/ActorBlueprints/Wall/Boardwalk_ArchwayLong.Boardwalk_ArchwayLong_C'",
    "Template": {
      "ObjectName": "Boardwalk_ArchwayLong_C'Default__Boardwalk_ArchwayLong_C'",
      "ObjectPath": "FortniteGame/Content/Building/ActorBlueprints/Wall/Boardwalk_ArchwayLong.1"
    },
    "Properties": {
      "StaticMeshComponent": {
        "ObjectName": "StaticMeshComponent'Athena_JUNG_1x1_Cove_A:PersistentLevel.Pueblo_Corner_9.StaticMeshComponent0'",
        "ObjectPath": "FortniteGame/Content/Athena/Maps/Buildings/1x1/Athena_JUNG_1x1_Cove_A.50"
      },
      "MyGuid": "8E967BCC-4250A3B3-466A4A84-4FF7AF47",
      "DataVersion": 1,
      "CullDistance": 0.0,
      "RootComponent": {
        "ObjectName": "StaticMeshComponent'Athena_JUNG_1x1_Cove_A:PersistentLevel.Pueblo_Corner_9.StaticMeshComponent0'",
        "ObjectPath": "FortniteGame/Content/Athena/Maps/Buildings/1x1/Athena_JUNG_1x1_Cove_A.50"
      }
    }
  },
  {
    "Type": "BoxComponent",
    "Name": "BoxComponent0",
    "Outer": "LevelBounds_1",
    "Class": "UScriptClass'BoxComponent'",
    "Properties": {
      "AreaClass": {
        "ObjectName": "Class'FortMetaNavArea_Obstacles'",
        "ObjectPath": "/Script/FortniteGame"
      },
      "BodyInstance": {
        "MaxAngularVelocity": 3599.9998
      },
      "RelativeLocation": {
        "X": 36.2381,
        "Y": -0.00022888184,
        "Z": 52.000366
      },
      "RelativeScale3D": {
        "X": 720.1229,
        "Y": 643.79785,
        "Z": 1128.0007
      }
    }
  },
  {
    "Type": "BoxComponent",
    "Name": "DanceTriggerOverlap",
    "Outer": "Prop_QuestInteractable_DancingFish4_2",
    "Class": "UScriptClass'BoxComponent'",
    "Template": {
      "ObjectName": "BoxComponent'Prop_QuestInteractable_DancingFish1_C:DanceTriggerOverlap_GEN_VARIABLE'",
      "ObjectPath": "FortniteGame/Content/Athena/Items/QuestInteractables/DancingFish/Prop_QuestInteractable_DancingFish1.58"
    },
    "Properties": {
      "AttachParent": {
        "ObjectName": "SkeletalMeshComponentBudgeted'Athena_JUNG_1x1_Cove_A:PersistentLevel.Prop_QuestInteractable_DancingFish4_2.SK_Prop_Ranger_Fish_Budgeted'",
        "ObjectPath": "FortniteGame/Content/Athena/Maps/Buildings/1x1/Athena_JUNG_1x1_Cove_A.29"
      },
      "bNetAddressable": true,
      "CreationMethod": "EComponentCreationMethod::SimpleConstructionScript"
    }
  },
  {
    "Type": "BP_PirateCove_Dock_Floor_C",
    "Name": "Pueblo_Floor_6",
    "Outer": "PersistentLevel",
    "Class": "BlueprintGeneratedClass'FortniteGame/Content/Building/ActorBlueprints/PirateCove/Floors/BP_PirateCove_Dock_Floor.BP_PirateCove_Dock_Floor_C'",
    "Template": {
      "ObjectName": "BP_PirateCove_Dock_Floor_C'Default__BP_PirateCove_Dock_Floor_C'",
      "ObjectPath": "FortniteGame/Content/Building/ActorBlueprints/PirateCove/Floors/BP_PirateCove_Dock_Floor.1"
    },
    "Properties": {
      "StaticMeshComponent": {
        "ObjectName": "StaticMeshComponent'Athena_JUNG_1x1_Cove_A:PersistentLevel.Pueblo_Floor_6.StaticMeshComponent0'",
        "ObjectPath": "FortniteGame/Content/Athena/Maps/Buildings/1x1/Athena_JUNG_1x1_Cove_A.51"
      },
      "BaseMaterial": {
        "ObjectName": "MaterialInstanceConstant'Cove_DockTrim'",
        "ObjectPath": "FortniteGame/Content/Environments/Sets/Pirate_Cove/Pirate_Village/Materials/Cove_DockTrim.0"
      },
      "MyGuid": "106B4306-463FCA56-1722CEBC-C2098652",
      "DataVersion": 1,
      "CullDistance": 0.0,
      "RootComponent": {
        "ObjectName": "StaticMeshComponent'Athena_JUNG_1x1_Cove_A:PersistentLevel.Pueblo_Floor_6.StaticMeshComponent0'",
        "ObjectPath": "FortniteGame/Content/Athena/Maps/Buildings/1x1/Athena_JUNG_1x1_Cove_A.51"
      }
    }
  },
  {
    "Type": "BP_WV_Tudor_Beams_01_C",
    "Name": "SM_Farm_Doorway_2",
    "Outer": "PersistentLevel",
    "Class": "BlueprintGeneratedClass'FortniteGame/Content/Building/ActorBlueprints/WinterVillage/Walls/BP_WV_Tudor_Beams_01.BP_WV_Tudor_Beams_01_C'",
    "Template": {
      "ObjectName": "BP_WV_Tudor_Beams_01_C'Default__BP_WV_Tudor_Beams_01_C'",
      "ObjectPath": "FortniteGame/Content/Building/ActorBlueprints/WinterVillage/Walls/BP_WV_Tudor_Beams_01.1"
    },
    "Properties": {
      "TextureData": {
        "ObjectName": "BuildingTextureData'MI_Farm_Wood_2'",
        "ObjectPath": "FortniteGame/Content/Building/TextureData/WallOuter/MI_Farm_Wood_2.0"
      },
      "StaticMeshComponent": {
        "ObjectName": "StaticMeshComponent'Athena_JUNG_1x1_Cove_A:PersistentLevel.SM_Farm_Doorway_2.StaticMeshComponent0'",
        "ObjectPath": "FortniteGame/Content/Athena/Maps/Buildings/1x1/Athena_JUNG_1x1_Cove_A.55"
      },
      "BaseMaterial": {
        "ObjectName": "MaterialInstanceConstant'MI_WV_Tudor_Walls_01'",
        "ObjectPath": "FortniteGame/Content/Environments/Sets/Winter_Village/Materials/MI_WV_Tudor_Walls_01.0"
      },
      "MyGuid": "1569EFFC-47EE4C9C-0C8B9DB1-DF1C54A7",
      "DataVersion": 1,
      "CullDistance": 0.0,
      "RootComponent": {
        "ObjectName": "StaticMeshComponent'Athena_JUNG_1x1_Cove_A:PersistentLevel.SM_Farm_Doorway_2.StaticMeshComponent0'",
        "ObjectPath": "FortniteGame/Content/Athena/Maps/Buildings/1x1/Athena_JUNG_1x1_Cove_A.55"
      }
    }
  },
  {
    "Type": "Farm_Roof1_Peak_C",
    "Name": "Farm_Roof1_Peak_2",
    "Outer": "PersistentLevel",
    "Class": "BlueprintGeneratedClass'FortniteGame/Content/Building/ActorBlueprints/Roof/Farm_Roof1_Peak.Farm_Roof1_Peak_C'",
    "Template": {
      "ObjectName": "Farm_Roof1_Peak_C'Default__Farm_Roof1_Peak_C'",
      "ObjectPath": "FortniteGame/Content/Building/ActorBlueprints/Roof/Farm_Roof1_Peak.1"
    },
    "Properties": {
      "TextureData": {
        "ObjectName": "BuildingTextureData'MI_Farm_Wood_1'",
        "ObjectPath": "FortniteGame/Content/Building/TextureData/WallOuter/MI_Farm_Wood_1.0"
      },
      "StaticMeshComponent": {
        "ObjectName": "StaticMeshComponent'Athena_JUNG_1x1_Cove_A:PersistentLevel.Farm_Roof1_Peak_2.StaticMeshComponent0'",
        "ObjectPath": "FortniteGame/Content/Athena/Maps/Buildings/1x1/Athena_JUNG_1x1_Cove_A.38"
      },
      "BaseMaterial": {
        "ObjectName": "MaterialInstanceConstant'M_Fort_Farm_Barn_1'",
        "ObjectPath": "FortniteGame/Content/Environments/Sets/Barn/Materials/M_Fort_Farm_Barn_1.0"
      },
      "MyGuid": "9559F2CE-486FC646-9739179F-7AE73001",
      "DataVersion": 1,
      "CullDistance": 0.0,
      "RootComponent": {
        "ObjectName": "StaticMeshComponent'Athena_JUNG_1x1_Cove_A:PersistentLevel.Farm_Roof1_Peak_2.StaticMeshComponent0'",
        "ObjectPath": "FortniteGame/Content/Athena/Maps/Buildings/1x1/Athena_JUNG_1x1_Cove_A.38"
      }
    }
  },
  {
    "Type": "FortWorldSettings",
    "Name": "FortWorldSettings",
    "Outer": "PersistentLevel",
    "Class": "UScriptClass'FortWorldSettings'",
    "Properties": {
      "WorldCells": [
        2147483647,
        1
      ],
      "WorldCellsOrigin": {
        "X": 512.0,
        "Y": 512.0,
        "Z": 0.0
      },
      "MinCullObjectSize": 64.0,
      "MinCullDistance": 2800.0,
      "MaxCullObjectSize": 1000.0,
      "MaxCullDistance": 40000.0,
      "NavigationSystemConfig": {
        "ObjectName": "NavigationSystemModuleConfig'Athena_JUNG_1x1_Cove_A:PersistentLevel.FortWorldSettings.NavigationSystemConfig_0'",
        "ObjectPath": "FortniteGame/Content/Athena/Maps/Buildings/1x1/Athena_JUNG_1x1_Cove_A.21"
      },
      "DefaultGameMode": {
        "ObjectName": "BlueprintGeneratedClass'Athena_GameMode_C'",
        "ObjectPath": "FortniteGame/Content/Athena/Athena_GameMode.1"
      },
      "BookmarkArray": [
        null,
        null,
        null,
        null,
        null,
        null,
        null,
        null,
        null,
        null
      ]
    }
  },
  {
    "Type": "Level",
    "Name": "PersistentLevel",
    "Outer": "Athena_JUNG_1x1_Cove_A",
    "Class": "UScriptClass'Level'",
    "Properties": {
      "Model": {
        "ObjectName": "Model'Athena_JUNG_1x1_Cove_A:PersistentLevel.Model_0'",
        "ObjectPath": "FortniteGame/Content/Athena/Maps/Buildings/1x1/Athena_JUNG_1x1_Cove_A.20"
      },
      "LevelScriptActor": {
        "ObjectName": "Athena_JUNG_1x1_Cove_A_C'Athena_JUNG_1x1_Cove_A:PersistentLevel.Athena_JUNG_1x1_Cove_A_C_0'",
        "ObjectPath": "FortniteGame/Content/Athena/Maps/Buildings/1x1/Athena_JUNG_1x1_Cove_A.2"
      },
      "LevelBuildDataId": "F1DC7AAC-4DAF7604-1647F983-770A1C1B",
      "bTextureStreamingRotationChanged": true,
      "WorldSettings": {
        "ObjectName": "FortWorldSettings'Athena_JUNG_1x1_Cove_A:PersistentLevel.FortWorldSettings'",
        "ObjectPath": "FortniteGame/Content/Athena/Maps/Buildings/1x1/Athena_JUNG_1x1_Cove_A.16"
      }
    },
    "Actors": [
      {
        "ObjectName": "FortWorldSettings'Athena_JUNG_1x1_Cove_A:PersistentLevel.FortWorldSettings'",
        "ObjectPath": "FortniteGame/Content/Athena/Maps/Buildings/1x1/Athena_JUNG_1x1_Cove_A.16"
      },
      null,
      {
        "ObjectName": "LevelBounds'Athena_JUNG_1x1_Cove_A:PersistentLevel.LevelBounds_1'",
        "ObjectPath": "FortniteGame/Content/Athena/Maps/Buildings/1x1/Athena_JUNG_1x1_Cove_A.18"
      },
      {
        "ObjectName": "LODActor'Athena_JUNG_1x1_Cove_A:PersistentLevel.LODActor_1'",
        "ObjectPath": "FortniteGame/Content/Athena/Maps/Buildings/1x1/Athena_JUNG_1x1_Cove_A.19"
      },
      {
        "ObjectName": "Tiered_Athena_FloorLoot_01_C'Athena_JUNG_1x1_Cove_A:PersistentLevel.Tiered_Athena_FloorLoot_01_2'",
        "ObjectPath": "FortniteGame/Content/Athena/Maps/Buildings/1x1/Athena_JUNG_1x1_Cove_A.61"
      },
      {
        "ObjectName": "Prop_WildWest_SimpleTable_01_C'Athena_JUNG_1x1_Cove_A:PersistentLevel.Prop_WildWest_SimpleTable_01_2'",
        "ObjectPath": "FortniteGame/Content/Athena/Maps/Buildings/1x1/Athena_JUNG_1x1_Cove_A.28"
      },
      {
        "ObjectName": "Prop_WildWest_SimpleChair_01_C'Athena_JUNG_1x1_Cove_A:PersistentLevel.Prop_WildWest_SimpleChair_01_2'",
        "ObjectPath": "FortniteGame/Content/Athena/Maps/Buildings/1x1/Athena_JUNG_1x1_Cove_A.27"
      },
      {
        "ObjectName": "Tiered_Ammo_Athena_C'Athena_JUNG_1x1_Cove_A:PersistentLevel.Tiered_Short_Ammo_3_Parent_2'",
        "ObjectPath": "FortniteGame/Content/Athena/Maps/Buildings/1x1/Athena_JUNG_1x1_Cove_A.60"
      },
      {
        "ObjectName": "SM_Farm_Wall_1_C'Athena_JUNG_1x1_Cove_A:PersistentLevel.Pueblo_WindowSide_01_2'",
        "ObjectPath": "FortniteGame/Content/Athena/Maps/Buildings/1x1/Athena_JUNG_1x1_Cove_A.33"
      },
      {
        "ObjectName": "SM_Farm_Wall_1_C'Athena_JUNG_1x1_Cove_A:PersistentLevel.Pueblo_Solid_11'",
        "ObjectPath": "FortniteGame/Content/Athena/Maps/Buildings/1x1/Athena_JUNG_1x1_Cove_A.32"
      },
      {
        "ObjectName": "SM_Farm_Roof1_PeakCap_C'Athena_JUNG_1x1_Cove_A:PersistentLevel.SM_Farm_Roof1_PeakCap_2'",
        "ObjectPath": "FortniteGame/Content/Athena/Maps/Buildings/1x1/Athena_JUNG_1x1_Cove_A.31"
      },
      {
        "ObjectName": "SM_Farm_Window_1_C'Athena_JUNG_1x1_Cove_A:PersistentLevel.Pueblo_Solid_9'",
        "ObjectPath": "FortniteGame/Content/Athena/Maps/Buildings/1x1/Athena_JUNG_1x1_Cove_A.34"
      },
      {
        "ObjectName": "Farm_Roof1_Peak_C'Athena_JUNG_1x1_Cove_A:PersistentLevel.Farm_Roof1_Peak_2'",
        "ObjectPath": "FortniteGame/Content/Athena/Maps/Buildings/1x1/Athena_JUNG_1x1_Cove_A.15"
      },
      {
        "ObjectName": "SM_Farm_Roof1_PeakCap_C'Athena_JUNG_1x1_Cove_A:PersistentLevel.SM_Farm_Roof1_PeakCap2'",
        "ObjectPath": "FortniteGame/Content/Athena/Maps/Buildings/1x1/Athena_JUNG_1x1_Cove_A.30"
      },
      {
        "ObjectName": "PirateShip_Hanging_Food_B_C'Athena_JUNG_1x1_Cove_A:PersistentLevel.PirateShip_Hanging_Food_B13_2'",
        "ObjectPath": "FortniteGame/Content/Athena/Maps/Buildings/1x1/Athena_JUNG_1x1_Cove_A.24"
      },
      {
        "ObjectName": "PirateShip_Hanging_Food_B_C'Athena_JUNG_1x1_Cove_A:PersistentLevel.PirateShip_Hanging_Food_B14'",
        "ObjectPath": "FortniteGame/Content/Athena/Maps/Buildings/1x1/Athena_JUNG_1x1_Cove_A.25"
      },
      {
        "ObjectName": "PirateShip_Hammock_A_C'Athena_JUNG_1x1_Cove_A:PersistentLevel.PirateShip_Hammock_A15_2'",
        "ObjectPath": "FortniteGame/Content/Athena/Maps/Buildings/1x1/Athena_JUNG_1x1_Cove_A.23"
      },
      {
        "ObjectName": "Prop_QuestInteractable_DancingFish1_C'Athena_JUNG_1x1_Cove_A:PersistentLevel.Prop_QuestInteractable_DancingFish4_2'",
        "ObjectPath": "FortniteGame/Content/Athena/Maps/Buildings/1x1/Athena_JUNG_1x1_Cove_A.26"
      },
      {
        "ObjectName": "PirateShip_Cargo_Net_D_C'Athena_JUNG_1x1_Cove_A:PersistentLevel.PirateShip_Cargo_Net_D41_2'",
        "ObjectPath": "FortniteGame/Content/Athena/Maps/Buildings/1x1/Athena_JUNG_1x1_Cove_A.22"
      },
      {
        "ObjectName": "Athena_Prop_Storage_Barrel_02_C'Athena_JUNG_1x1_Cove_A:PersistentLevel.Athena_Prop_Storage_Barrel_2'",
        "ObjectPath": "FortniteGame/Content/Athena/Maps/Buildings/1x1/Athena_JUNG_1x1_Cove_A.4"
      },
      {
        "ObjectName": "Athena_Prop_Storage_Barrel_02_C'Athena_JUNG_1x1_Cove_A:PersistentLevel.Athena_Prop_Storage_Barrel_166'",
        "ObjectPath": "FortniteGame/Content/Athena/Maps/Buildings/1x1/Athena_JUNG_1x1_Cove_A.3"
      },
      {
        "ObjectName": "BP_PirateCove_Dock_Floor_C'Athena_JUNG_1x1_Cove_A:PersistentLevel.Pueblo_Floor_6'",
        "ObjectPath": "FortniteGame/Content/Athena/Maps/Buildings/1x1/Athena_JUNG_1x1_Cove_A.13"
      },
      {
        "ObjectName": "Boardwalk_ArchwayLong_C'Athena_JUNG_1x1_Cove_A:PersistentLevel.Pueblo_Corner_9'",
        "ObjectPath": "FortniteGame/Content/Athena/Maps/Buildings/1x1/Athena_JUNG_1x1_Cove_A.10"
      },
      {
        "ObjectName": "Boardwalk_ArchwayLong_C'Athena_JUNG_1x1_Cove_A:PersistentLevel.Pueblo_Corner_8'",
        "ObjectPath": "FortniteGame/Content/Athena/Maps/Buildings/1x1/Athena_JUNG_1x1_Cove_A.9"
      },
      {
        "ObjectName": "Boardwalk_ArchwayLong_C'Athena_JUNG_1x1_Cove_A:PersistentLevel.Pueblo_Corner_13'",
        "ObjectPath": "FortniteGame/Content/Athena/Maps/Buildings/1x1/Athena_JUNG_1x1_Cove_A.7"
      },
      {
        "ObjectName": "Boardwalk_ArchwayLong_C'Athena_JUNG_1x1_Cove_A:PersistentLevel.Pueblo_Corner_15'",
        "ObjectPath": "FortniteGame/Content/Athena/Maps/Buildings/1x1/Athena_JUNG_1x1_Cove_A.8"
      },
      {
        "ObjectName": "Athena_Prop_Storage_Barrel_02_C'Athena_JUNG_1x1_Cove_A:PersistentLevel.Athena_Prop_Storage_Barrel_9'",
        "ObjectPath": "FortniteGame/Content/Athena/Maps/Buildings/1x1/Athena_JUNG_1x1_Cove_A.5"
      },
      {
        "ObjectName": "BP_WV_Tudor_Beams_01_C'Athena_JUNG_1x1_Cove_A:PersistentLevel.SM_Farm_Doorway_2'",
        "ObjectPath": "FortniteGame/Content/Athena/Maps/Buildings/1x1/Athena_JUNG_1x1_Cove_A.14"
      },
      {
        "ObjectName": "Athena_JUNG_1x1_Cove_A_C'Athena_JUNG_1x1_Cove_A:PersistentLevel.Athena_JUNG_1x1_Cove_A_C_0'",
        "ObjectPath": "FortniteGame/Content/Athena/Maps/Buildings/1x1/Athena_JUNG_1x1_Cove_A.2"
      }
    ],
    "URL": {
      "Protocol": "unreal",
      "Host": "",
      "Port": 7777,
      "Valid": true,
      "Map": "/Game/Maps/Frontend",
      "Op": [],
      "Portal": ""
    },
    "Model": {
      "ObjectName": "Model'Athena_JUNG_1x1_Cove_A:PersistentLevel.Model_0'",
      "ObjectPath": "FortniteGame/Content/Athena/Maps/Buildings/1x1/Athena_JUNG_1x1_Cove_A.20"
    },
    "ModelComponents": [],
    "LevelScriptActor": {
      "ObjectName": "Athena_JUNG_1x1_Cove_A_C'Athena_JUNG_1x1_Cove_A:PersistentLevel.Athena_JUNG_1x1_Cove_A_C_0'",
      "ObjectPath": "FortniteGame/Content/Athena/Maps/Buildings/1x1/Athena_JUNG_1x1_Cove_A.2"
    },
    "NavListStart": null,
    "NavListEnd": null,
    "PrecomputedVisibilityHandler": {
      "PrecomputedVisibilityCellBucketOriginXY": {
        "X": 0.0,
        "Y": 0.0
      },
      "PrecomputedVisibilityCellSizeXY": 0.0,
      "PrecomputedVisibilityCellSizeZ": 0.0,
      "PrecomputedVisibilityCellBucketSizeXY": 0,
      "PrecomputedVisibilityNumCellBuckets": 0,
      "PrecomputedVisibilityCellBuckets": []
    },
    "PrecomputedVolumeDistanceField": {
      "VolumeMaxDistance": 0.0,
      "VolumeBox": {
        "Min": {
          "X": 0.0,
          "Y": 0.0,
          "Z": 0.0
        },
        "Max": {
          "X": 0.0,
          "Y": 0.0,
          "Z": 0.0
        },
        "IsValid": 0
      },
      "VolumeSizeX": 0,
      "VolumeSizeY": 0,
      "VolumeSizeZ": 0,
      "Data": []
    }
  },
  {
    "Type": "LevelBounds",
    "Name": "LevelBounds_1",
    "Outer": "PersistentLevel",
    "Class": "UScriptClass'LevelBounds'",
    "Properties": {
      "RootComponent": {
        "ObjectName": "BoxComponent'Athena_JUNG_1x1_Cove_A:PersistentLevel.LevelBounds_1.BoxComponent0'",
        "ObjectPath": "FortniteGame/Content/Athena/Maps/Buildings/1x1/Athena_JUNG_1x1_Cove_A.11"
      }
    }
  },
  {
    "Type": "LODActor",
    "Name": "LODActor_1",
    "Outer": "PersistentLevel",
    "Class": "UScriptClass'LODActor'",
    "Properties": {
      "StaticMeshComponent": {
        "ObjectName": "StaticMeshComponent'Athena_JUNG_1x1_Cove_A:PersistentLevel.LODActor_1.StaticMeshComponent0'",
        "ObjectPath": "FortniteGame/Content/Athena/Maps/Buildings/1x1/Athena_JUNG_1x1_Cove_A.39"
      },
      "Proxy": {
        "ObjectName": "HLODProxy'Athena_JUNG_1x1_Cove_A_0_HLOD'",
        "ObjectPath": "FortniteGame/Content/Athena/Maps/Buildings/1x1/HLOD/Athena_JUNG_1x1_Cove_A_0_HLOD.1"
      },
      "Key": "76927B120C6645ACB9200E7FB8896AC3_82CDF7634F2B991B4C5CF1859ADF74F8_B6397B6E_1B864DD1_320280A1_ProxyLODMeshReduction",
      "LODDrawDistance": 23149.955,
      "LODLevel": 1,
      "SubActors": [
        {
          "ObjectName": "SM_Farm_Wall_1_C'Athena_JUNG_1x1_Cove_A:PersistentLevel.Pueblo_WindowSide_01_2'",
          "ObjectPath": "FortniteGame/Content/Athena/Maps/Buildings/1x1/Athena_JUNG_1x1_Cove_A.33"
        },
        {
          "ObjectName": "SM_Farm_Wall_1_C'Athena_JUNG_1x1_Cove_A:PersistentLevel.Pueblo_Solid_11'",
          "ObjectPath": "FortniteGame/Content/Athena/Maps/Buildings/1x1/Athena_JUNG_1x1_Cove_A.32"
        },
        {
          "ObjectName": "SM_Farm_Roof1_PeakCap_C'Athena_JUNG_1x1_Cove_A:PersistentLevel.SM_Farm_Roof1_PeakCap_2'",
          "ObjectPath": "FortniteGame/Content/Athena/Maps/Buildings/1x1/Athena_JUNG_1x1_Cove_A.31"
        },
        {
          "ObjectName": "SM_Farm_Window_1_C'Athena_JUNG_1x1_Cove_A:PersistentLevel.Pueblo_Solid_9'",
          "ObjectPath": "FortniteGame/Content/Athena/Maps/Buildings/1x1/Athena_JUNG_1x1_Cove_A.34"
        },
        {
          "ObjectName": "Farm_Roof1_Peak_C'Athena_JUNG_1x1_Cove_A:PersistentLevel.Farm_Roof1_Peak_2'",
          "ObjectPath": "FortniteGame/Content/Athena/Maps/Buildings/1x1/Athena_JUNG_1x1_Cove_A.15"
        },
        {
          "ObjectName": "SM_Farm_Roof1_PeakCap_C'Athena_JUNG_1x1_Cove_A:PersistentLevel.SM_Farm_Roof1_PeakCap2'",
          "ObjectPath": "FortniteGame/Content/Athena/Maps/Buildings/1x1/Athena_JUNG_1x1_Cove_A.30"
        },
        {
          "ObjectName": "Prop_QuestInteractable_DancingFish1_C'Athena_JUNG_1x1_Cove_A:PersistentLevel.Prop_QuestInteractable_DancingFish4_2'",
          "ObjectPath": "FortniteGame/Content/Athena/Maps/Buildings/1x1/Athena_JUNG_1x1_Cove_A.26"
        },
        {
          "ObjectName": "BP_PirateCove_Dock_Floor_C'Athena_JUNG_1x1_Cove_A:PersistentLevel.Pueblo_Floor_6'",
          "ObjectPath": "FortniteGame/Content/Athena/Maps/Buildings/1x1/Athena_JUNG_1x1_Cove_A.13"
        },
        {
          "ObjectName": "Boardwalk_ArchwayLong_C'Athena_JUNG_1x1_Cove_A:PersistentLevel.Pueblo_Corner_9'",
          "ObjectPath": "FortniteGame/Content/Athena/Maps/Buildings/1x1/Athena_JUNG_1x1_Cove_A.10"
        },
        {
          "ObjectName": "Boardwalk_ArchwayLong_C'Athena_JUNG_1x1_Cove_A:PersistentLevel.Pueblo_Corner_8'",
          "ObjectPath": "FortniteGame/Content/Athena/Maps/Buildings/1x1/Athena_JUNG_1x1_Cove_A.9"
        },
        {
          "ObjectName": "Boardwalk_ArchwayLong_C'Athena_JUNG_1x1_Cove_A:PersistentLevel.Pueblo_Corner_13'",
          "ObjectPath": "FortniteGame/Content/Athena/Maps/Buildings/1x1/Athena_JUNG_1x1_Cove_A.7"
        },
        {
          "ObjectName": "Boardwalk_ArchwayLong_C'Athena_JUNG_1x1_Cove_A:PersistentLevel.Pueblo_Corner_15'",
          "ObjectPath": "FortniteGame/Content/Athena/Maps/Buildings/1x1/Athena_JUNG_1x1_Cove_A.8"
        },
        {
          "ObjectName": "BP_WV_Tudor_Beams_01_C'Athena_JUNG_1x1_Cove_A:PersistentLevel.SM_Farm_Doorway_2'",
          "ObjectPath": "FortniteGame/Content/Athena/Maps/Buildings/1x1/Athena_JUNG_1x1_Cove_A.14"
        }
      ],
      "RootComponent": {
        "ObjectName": "StaticMeshComponent'Athena_JUNG_1x1_Cove_A:PersistentLevel.LODActor_1.StaticMeshComponent0'",
        "ObjectPath": "FortniteGame/Content/Athena/Maps/Buildings/1x1/Athena_JUNG_1x1_Cove_A.39"
      }
    }
  },
  {
    "Type": "Model",
    "Name": "Model_0",
    "Outer": "PersistentLevel",
    "Class": "UScriptClass'Model'",
    "Bounds": {
      "Origin": {
        "X": 0.0,
        "Y": 0.0,
        "Z": 0.0
      },
      "BoxExtent": {
        "X": 0.0,
        "Y": 0.0,
        "Z": 0.0
      },
      "SphereRadius": 0.0
    },
    "Vectors": [],
    "Points": [],
    "Nodes": [],
    "Surfs": [],
    "NumSharedSides": 4,
    "VertexBuffer": {
      "Vertices": []
    },
    "LightingGuid": "5D167C82-445A475D-665135A1-2F293A9D",
    "LightmassSettings": []
  },
  {
    "Type": "NavigationSystemModuleConfig",
    "Name": "NavigationSystemConfig_0",
    "Outer": "FortWorldSettings",
    "Class": "UScriptClass'NavigationSystemModuleConfig'",
    "Properties": {
      "bAutoSpawnMissingNavData": true,
      "NavigationSystemClass": {
        "AssetPathName": "/Script/FortniteGame.FortNavSystem",
        "SubPathString": ""
      }
    }
  },
  {
    "Type": "PirateShip_Cargo_Net_D_C",
    "Name": "PirateShip_Cargo_Net_D41_2",
    "Outer": "PersistentLevel",
    "Class": "BlueprintGeneratedClass'FortniteGame/Content/Building/ActorBlueprints/Prop/PirateShip_Cargo_Net_D.PirateShip_Cargo_Net_D_C'",
    "Template": {
      "ObjectName": "PirateShip_Cargo_Net_D_C'Default__PirateShip_Cargo_Net_D_C'",
      "ObjectPath": "FortniteGame/Content/Building/ActorBlueprints/Prop/PirateShip_Cargo_Net_D.1"
    },
    "Properties": {
      "StaticMeshComponent": {
        "ObjectName": "StaticMeshComponent'Athena_JUNG_1x1_Cove_A:PersistentLevel.PirateShip_Cargo_Net_D41_2.StaticMeshComponent0'",
        "ObjectPath": "FortniteGame/Content/Athena/Maps/Buildings/1x1/Athena_JUNG_1x1_Cove_A.40"
      },
      "ParentActorToAttachTo": {
        "ObjectName": "Farm_Roof1_Peak_C'Athena_JUNG_1x1_Cove_A:PersistentLevel.Farm_Roof1_Peak_2'",
        "ObjectPath": "FortniteGame/Content/Athena/Maps/Buildings/1x1/Athena_JUNG_1x1_Cove_A.15"
      },
      "MyGuid": "BCE0A2DE-437E535E-7BFA8D80-63AF7427",
      "DataVersion": 1,
      "CullDistance": 22063.596,
      "RootComponent": {
        "ObjectName": "StaticMeshComponent'Athena_JUNG_1x1_Cove_A:PersistentLevel.PirateShip_Cargo_Net_D41_2.StaticMeshComponent0'",
        "ObjectPath": "FortniteGame/Content/Athena/Maps/Buildings/1x1/Athena_JUNG_1x1_Cove_A.40"
      }
    }
  },
  {
    "Type": "PirateShip_Hammock_A_C",
    "Name": "PirateShip_Hammock_A15_2",
    "Outer": "PersistentLevel",
    "Class": "BlueprintGeneratedClass'FortniteGame/Content/Building/ActorBlueprints/Prop/PirateShip_Hammock_A.PirateShip_Hammock_A_C'",
    "Template": {
      "ObjectName": "PirateShip_Hammock_A_C'Default__PirateShip_Hammock_A_C'",
      "ObjectPath": "FortniteGame/Content/Building/ActorBlueprints/Prop/PirateShip_Hammock_A.1"
    },
    "Properties": {
      "CodeControlled_NumberOfMaterials": 1,
      "StaticMeshComponent": {
        "ObjectName": "StaticMeshComponent'Athena_JUNG_1x1_Cove_A:PersistentLevel.PirateShip_Hammock_A15_2.StaticMeshComponent0'",
        "ObjectPath": "FortniteGame/Content/Athena/Maps/Buildings/1x1/Athena_JUNG_1x1_Cove_A.41"
      },
      "ParentActorToAttachTo": {
        "ObjectName": "BP_WV_Tudor_Beams_01_C'Athena_JUNG_1x1_Cove_A:PersistentLevel.SM_Farm_Doorway_2'",
        "ObjectPath": "FortniteGame/Content/Athena/Maps/Buildings/1x1/Athena_JUNG_1x1_Cove_A.14"
      },
      "MyGuid": "CC54E668-47D5418F-6DFEE589-CD02CBD8",
      "DataVersion": 1,
      "CullDistance": 21426.25,
      "RootComponent": {
        "ObjectName": "StaticMeshComponent'Athena_JUNG_1x1_Cove_A:PersistentLevel.PirateShip_Hammock_A15_2.StaticMeshComponent0'",
        "ObjectPath": "FortniteGame/Content/Athena/Maps/Buildings/1x1/Athena_JUNG_1x1_Cove_A.41"
      }
    }
  },
  {
    "Type": "PirateShip_Hanging_Food_B_C",
    "Name": "PirateShip_Hanging_Food_B13_2",
    "Outer": "PersistentLevel",
    "Class": "BlueprintGeneratedClass'FortniteGame/Content/Building/ActorBlueprints/Prop/PirateShip_Hanging_Food_B.PirateShip_Hanging_Food_B_C'",
    "Template": {
      "ObjectName": "PirateShip_Hanging_Food_B_C'Default__PirateShip_Hanging_Food_B_C'",
      "ObjectPath": "FortniteGame/Content/Building/ActorBlueprints/Prop/PirateShip_Hanging_Food_B.1"
    },
    "Properties": {
      "StaticMeshComponent": {
        "ObjectName": "StaticMeshComponent'Athena_JUNG_1x1_Cove_A:PersistentLevel.PirateShip_Hanging_Food_B13_2.StaticMeshComponent0'",
        "ObjectPath": "FortniteGame/Content/Athena/Maps/Buildings/1x1/Athena_JUNG_1x1_Cove_A.42"
      },
      "ParentActorToAttachTo": {
        "ObjectName": "BP_WV_Tudor_Beams_01_C'Athena_JUNG_1x1_Cove_A:PersistentLevel.SM_Farm_Doorway_2'",
        "ObjectPath": "FortniteGame/Content/Athena/Maps/Buildings/1x1/Athena_JUNG_1x1_Cove_A.14"
      },
      "MyGuid": "B848FAF8-4607AB09-E02F5C91-E1550F11",
      "DataVersion": 1,
      "CullDistance": 7051.6514,
      "RootComponent": {
        "ObjectName": "StaticMeshComponent'Athena_JUNG_1x1_Cove_A:PersistentLevel.PirateShip_Hanging_Food_B13_2.StaticMeshComponent0'",
        "ObjectPath": "FortniteGame/Content/Athena/Maps/Buildings/1x1/Athena_JUNG_1x1_Cove_A.42"
      }
    }
  },
  {
    "Type": "PirateShip_Hanging_Food_B_C",
    "Name": "PirateShip_Hanging_Food_B14",
    "Outer": "PersistentLevel",
    "Class": "BlueprintGeneratedClass'FortniteGame/Content/Building/ActorBlueprints/Prop/PirateShip_Hanging_Food_B.PirateShip_Hanging_Food_B_C'",
    "Template": {
      "ObjectName": "PirateShip_Hanging_Food_B_C'Default__PirateShip_Hanging_Food_B_C'",
      "ObjectPath": "FortniteGame/Content/Building/ActorBlueprints/Prop/PirateShip_Hanging_Food_B.1"
    },
    "Properties": {
      "StaticMeshComponent": {
        "ObjectName": "StaticMeshComponent'Athena_JUNG_1x1_Cove_A:PersistentLevel.PirateShip_Hanging_Food_B14.StaticMeshComponent0'",
        "ObjectPath": "FortniteGame/Content/Athena/Maps/Buildings/1x1/Athena_JUNG_1x1_Cove_A.43"
      },
      "ParentActorToAttachTo": {
        "ObjectName": "PirateShip_Cargo_Net_D_C'Athena_JUNG_1x1_Cove_A:PersistentLevel.PirateShip_Cargo_Net_D41_2'",
        "ObjectPath": "FortniteGame/Content/Athena/Maps/Buildings/1x1/Athena_JUNG_1x1_Cove_A.22"
      },
      "MyGuid": "24AA8B9D-467D1FEF-1AC8D9B1-F0B29CB8",
      "DataVersion": 1,
      "CullDistance": 7051.6514,
      "RootComponent": {
        "ObjectName": "StaticMeshComponent'Athena_JUNG_1x1_Cove_A:PersistentLevel.PirateShip_Hanging_Food_B14.StaticMeshComponent0'",
        "ObjectPath": "FortniteGame/Content/Athena/Maps/Buildings/1x1/Athena_JUNG_1x1_Cove_A.43"
      }
    }
  },
  {
    "Type": "Prop_QuestInteractable_DancingFish1_C",
    "Name": "Prop_QuestInteractable_DancingFish4_2",
    "Outer": "PersistentLevel",
    "Class": "BlueprintGeneratedClass'FortniteGame/Content/Athena/Items/QuestInteractables/DancingFish/Prop_QuestInteractable_DancingFish1.Prop_QuestInteractable_DancingFish1_C'",
    "Template": {
      "ObjectName": "Prop_QuestInteractable_DancingFish1_C'Default__Prop_QuestInteractable_DancingFish1_C'",
      "ObjectPath": "FortniteGame/Content/Athena/Items/QuestInteractables/DancingFish/Prop_QuestInteractable_DancingFish1.2"
    },
    "Properties": {
      "DanceTriggerOverlap": {
        "ObjectName": "BoxComponent'Athena_JUNG_1x1_Cove_A:PersistentLevel.Prop_QuestInteractable_DancingFish4_2.DanceTriggerOverlap'",
        "ObjectPath": "FortniteGame/Content/Athena/Maps/Buildings/1x1/Athena_JUNG_1x1_Cove_A.12"
      },
      "SK_Prop_Ranger_Fish_Budgeted": {
        "ObjectName": "SkeletalMeshComponentBudgeted'Athena_JUNG_1x1_Cove_A:PersistentLevel.Prop_QuestInteractable_DancingFish4_2.SK_Prop_Ranger_Fish_Budgeted'",
        "ObjectPath": "FortniteGame/Content/Athena/Maps/Buildings/1x1/Athena_JUNG_1x1_Cove_A.29"
      },
      "SingingBass_Music_Cue": {
        "ObjectName": "AudioComponent'Athena_JUNG_1x1_Cove_A:PersistentLevel.Prop_QuestInteractable_DancingFish4_2.SingingBass_Music_Cue'",
        "ObjectPath": "FortniteGame/Content/Athena/Maps/Buildings/1x1/Athena_JUNG_1x1_Cove_A.6"
      },
      "StaticMeshComponent": {
        "ObjectName": "StaticMeshComponent'Athena_JUNG_1x1_Cove_A:PersistentLevel.Prop_QuestInteractable_DancingFish4_2.StaticMeshComponent0'",
        "ObjectPath": "FortniteGame/Content/Athena/Maps/Buildings/1x1/Athena_JUNG_1x1_Cove_A.44"
      },
      "ParentActorToAttachTo": {
        "ObjectName": "Prop_WildWest_SimpleTable_01_C'Athena_JUNG_1x1_Cove_A:PersistentLevel.Prop_WildWest_SimpleTable_01_2'",
        "ObjectPath": "FortniteGame/Content/Athena/Maps/Buildings/1x1/Athena_JUNG_1x1_Cove_A.28"
      },
      "MyGuid": "D8C433E2-46C8F5EA-C909E5A7-184BCF9F",
      "DataVersion": 1,
      "CullDistance": 0.0,
      "RootComponent": {
        "ObjectName": "StaticMeshComponent'Athena_JUNG_1x1_Cove_A:PersistentLevel.Prop_QuestInteractable_DancingFish4_2.StaticMeshComponent0'",
        "ObjectPath": "FortniteGame/Content/Athena/Maps/Buildings/1x1/Athena_JUNG_1x1_Cove_A.44"
      },
      "BlueprintCreatedComponents": [
        {
          "ObjectName": "AudioComponent'Athena_JUNG_1x1_Cove_A:PersistentLevel.Prop_QuestInteractable_DancingFish4_2.SingingBass_Music_Cue'",
          "ObjectPath": "FortniteGame/Content/Athena/Maps/Buildings/1x1/Athena_JUNG_1x1_Cove_A.6"
        },
        {
          "ObjectName": "SkeletalMeshComponentBudgeted'Athena_JUNG_1x1_Cove_A:PersistentLevel.Prop_QuestInteractable_DancingFish4_2.SK_Prop_Ranger_Fish_Budgeted'",
          "ObjectPath": "FortniteGame/Content/Athena/Maps/Buildings/1x1/Athena_JUNG_1x1_Cove_A.29"
        },
        {
          "ObjectName": "BoxComponent'Athena_JUNG_1x1_Cove_A:PersistentLevel.Prop_QuestInteractable_DancingFish4_2.DanceTriggerOverlap'",
          "ObjectPath": "FortniteGame/Content/Athena/Maps/Buildings/1x1/Athena_JUNG_1x1_Cove_A.12"
        }
      ]
    }
  },
  {
    "Type": "Prop_WildWest_SimpleChair_01_C",
    "Name": "Prop_WildWest_SimpleChair_01_2",
    "Outer": "PersistentLevel",
    "Class": "BlueprintGeneratedClass'FortniteGame/Content/Building/ActorBlueprints/Prop/Prop_WildWest_SimpleChair_01.Prop_WildWest_SimpleChair_01_C'",
    "Template": {
      "ObjectName": "Prop_WildWest_SimpleChair_01_C'Default__Prop_WildWest_SimpleChair_01_C'",
      "ObjectPath": "FortniteGame/Content/Building/ActorBlueprints/Prop/Prop_WildWest_SimpleChair_01.1"
    },
    "Properties": {
      "StaticMeshComponent": {
        "ObjectName": "StaticMeshComponent'Athena_JUNG_1x1_Cove_A:PersistentLevel.Prop_WildWest_SimpleChair_01_2.StaticMeshComponent0'",
        "ObjectPath": "FortniteGame/Content/Athena/Maps/Buildings/1x1/Athena_JUNG_1x1_Cove_A.45"
      },
      "ParentActorToAttachTo": {
        "ObjectName": "BP_PirateCove_Dock_Floor_C'Athena_JUNG_1x1_Cove_A:PersistentLevel.Pueblo_Floor_6'",
        "ObjectPath": "FortniteGame/Content/Athena/Maps/Buildings/1x1/Athena_JUNG_1x1_Cove_A.13"
      },
      "MyGuid": "669F25FC-42D094F5-DC6E399F-789B08FC",
      "DataVersion": 1,
      "CullDistance": 3968.0444,
      "RootComponent": {
        "ObjectName": "StaticMeshComponent'Athena_JUNG_1x1_Cove_A:PersistentLevel.Prop_WildWest_SimpleChair_01_2.StaticMeshComponent0'",
        "ObjectPath": "FortniteGame/Content/Athena/Maps/Buildings/1x1/Athena_JUNG_1x1_Cove_A.45"
      }
    }
  },
  {
    "Type": "Prop_WildWest_SimpleTable_01_C",
    "Name": "Prop_WildWest_SimpleTable_01_2",
    "Outer": "PersistentLevel",
    "Class": "BlueprintGeneratedClass'FortniteGame/Content/Building/ActorBlueprints/Prop/Prop_WildWest_SimpleTable_01.Prop_WildWest_SimpleTable_01_C'",
    "Template": {
      "ObjectName": "Prop_WildWest_SimpleTable_01_C'Default__Prop_WildWest_SimpleTable_01_C'",
      "ObjectPath": "FortniteGame/Content/Building/ActorBlueprints/Prop/Prop_WildWest_SimpleTable_01.1"
    },
    "Properties": {
      "StaticMeshComponent": {
        "ObjectName": "StaticMeshComponent'Athena_JUNG_1x1_Cove_A:PersistentLevel.Prop_WildWest_SimpleTable_01_2.StaticMeshComponent0'",
        "ObjectPath": "FortniteGame/Content/Athena/Maps/Buildings/1x1/Athena_JUNG_1x1_Cove_A.46"
      },
      "ParentActorToAttachTo": {
        "ObjectName": "BP_PirateCove_Dock_Floor_C'Athena_JUNG_1x1_Cove_A:PersistentLevel.Pueblo_Floor_6'",
        "ObjectPath": "FortniteGame/Content/Athena/Maps/Buildings/1x1/Athena_JUNG_1x1_Cove_A.13"
      },
      "MyGuid": "D9CB584D-444C50B8-DF692B94-6844647B",
      "DataVersion": 1,
      "CullDistance": 8979.283,
      "RootComponent": {
        "ObjectName": "StaticMeshComponent'Athena_JUNG_1x1_Cove_A:PersistentLevel.Prop_WildWest_SimpleTable_01_2.StaticMeshComponent0'",
        "ObjectPath": "FortniteGame/Content/Athena/Maps/Buildings/1x1/Athena_JUNG_1x1_Cove_A.46"
      }
    }
  },
  {
    "Type": "SkeletalMeshComponentBudgeted",
    "Name": "SK_Prop_Ranger_Fish_Budgeted",
    "Outer": "Prop_QuestInteractable_DancingFish4_2",
    "Class": "UScriptClass'SkeletalMeshComponentBudgeted'",
    "Template": {
      "ObjectName": "SkeletalMeshComponentBudgeted'Prop_QuestInteractable_DancingFish1_C:SK_Prop_Ranger_Fish_Budgeted_GEN_VARIABLE'",
      "ObjectPath": "FortniteGame/Content/Athena/Items/QuestInteractables/DancingFish/Prop_QuestInteractable_DancingFish1.139"
    },
    "Properties": {
      "AttachParent": {
        "ObjectName": "StaticMeshComponent'Athena_JUNG_1x1_Cove_A:PersistentLevel.Prop_QuestInteractable_DancingFish4_2.StaticMeshComponent0'",
        "ObjectPath": "FortniteGame/Content/Athena/Maps/Buildings/1x1/Athena_JUNG_1x1_Cove_A.44"
      },
      "PrimaryComponentTick": {
        "EndTickGroup": "TG_PostPhysics"
      },
      "bNetAddressable": true,
      "CreationMethod": "EComponentCreationMethod::SimpleConstructionScript"
    }
  },
  {
    "Type": "SM_Farm_Roof1_PeakCap_C",
    "Name": "SM_Farm_Roof1_PeakCap2",
    "Outer": "PersistentLevel",
    "Class": "BlueprintGeneratedClass'FortniteGame/Content/Building/ActorBlueprints/Wall/SM_Farm_Roof1_PeakCap.SM_Farm_Roof1_PeakCap_C'",
    "Template": {
      "ObjectName": "SM_Farm_Roof1_PeakCap_C'Default__SM_Farm_Roof1_PeakCap_C'",
      "ObjectPath": "FortniteGame/Content/Building/ActorBlueprints/Wall/SM_Farm_Roof1_PeakCap.1"
    },
    "Properties": {
      "TextureData": {
        "ObjectName": "BuildingTextureData'MI_Farm_Wood_2'",
        "ObjectPath": "FortniteGame/Content/Building/TextureData/WallOuter/MI_Farm_Wood_2.0"
      },
      "TextureData": {
        "ObjectName": "BuildingTextureData'MI_Farm_Wood_1'",
        "ObjectPath": "FortniteGame/Content/Building/TextureData/WallOuter/MI_Farm_Wood_1.0"
      },
      "TextureData": {
        "ObjectName": "BuildingTextureData'MI_Farm_Wood_1'",
        "ObjectPath": "FortniteGame/Content/Building/TextureData/WallOuter/MI_Farm_Wood_1.0"
      },
      "StaticMeshComponent": {
        "ObjectName": "StaticMeshComponent'Athena_JUNG_1x1_Cove_A:PersistentLevel.SM_Farm_Roof1_PeakCap2.StaticMeshComponent0'",
        "ObjectPath": "FortniteGame/Content/Athena/Maps/Buildings/1x1/Athena_JUNG_1x1_Cove_A.56"
      },
      "BaseMaterial": {
        "ObjectName": "MaterialInstanceConstant'M_Fort_Farm_Barn_1'",
        "ObjectPath": "FortniteGame/Content/Environments/Sets/Barn/Materials/M_Fort_Farm_Barn_1.0"
      },
      "MyGuid": "1D9A7E38-4F0C5922-7F76DFB1-7BA8A817",
      "DataVersion": 1,
      "CullDistance": 0.0,
      "RootComponent": {
        "ObjectName": "StaticMeshComponent'Athena_JUNG_1x1_Cove_A:PersistentLevel.SM_Farm_Roof1_PeakCap2.StaticMeshComponent0'",
        "ObjectPath": "FortniteGame/Content/Athena/Maps/Buildings/1x1/Athena_JUNG_1x1_Cove_A.56"
      }
    }
  },
  {
    "Type": "SM_Farm_Roof1_PeakCap_C",
    "Name": "SM_Farm_Roof1_PeakCap_2",
    "Outer": "PersistentLevel",
    "Class": "BlueprintGeneratedClass'FortniteGame/Content/Building/ActorBlueprints/Wall/SM_Farm_Roof1_PeakCap.SM_Farm_Roof1_PeakCap_C'",
    "Template": {
      "ObjectName": "SM_Farm_Roof1_PeakCap_C'Default__SM_Farm_Roof1_PeakCap_C'",
      "ObjectPath": "FortniteGame/Content/Building/ActorBlueprints/Wall/SM_Farm_Roof1_PeakCap.1"
    },
    "Properties": {
      "TextureData": {
        "ObjectName": "BuildingTextureData'MI_Farm_Wood_2'",
        "ObjectPath": "FortniteGame/Content/Building/TextureData/WallOuter/MI_Farm_Wood_2.0"
      },
      "TextureData": {
        "ObjectName": "BuildingTextureData'MI_Farm_Wood_1'",
        "ObjectPath": "FortniteGame/Content/Building/TextureData/WallOuter/MI_Farm_Wood_1.0"
      },
      "TextureData": {
        "ObjectName": "BuildingTextureData'MI_Farm_Wood_1'",
        "ObjectPath": "FortniteGame/Content/Building/TextureData/WallOuter/MI_Farm_Wood_1.0"
      },
      "StaticMeshComponent": {
        "ObjectName": "StaticMeshComponent'Athena_JUNG_1x1_Cove_A:PersistentLevel.SM_Farm_Roof1_PeakCap_2.StaticMeshComponent0'",
        "ObjectPath": "FortniteGame/Content/Athena/Maps/Buildings/1x1/Athena_JUNG_1x1_Cove_A.57"
      },
      "BaseMaterial": {
        "ObjectName": "MaterialInstanceConstant'M_Fort_Farm_Barn_1'",
        "ObjectPath": "FortniteGame/Content/Environments/Sets/Barn/Materials/M_Fort_Farm_Barn_1.0"
      },
      "MyGuid": "C1167BDF-487816D3-71D1E69E-B37B4267",
      "DataVersion": 1,
      "CullDistance": 0.0,
      "RootComponent": {
        "ObjectName": "StaticMeshComponent'Athena_JUNG_1x1_Cove_A:PersistentLevel.SM_Farm_Roof1_PeakCap_2.StaticMeshComponent0'",
        "ObjectPath": "FortniteGame/Content/Athena/Maps/Buildings/1x1/Athena_JUNG_1x1_Cove_A.57"
      }
    }
  },
  {
    "Type": "SM_Farm_Wall_1_C",
    "Name": "Pueblo_Solid_11",
    "Outer": "PersistentLevel",
    "Class": "BlueprintGeneratedClass'FortniteGame/Content/Building/ActorBlueprints/Wall/SM_Farm_Wall_1.SM_Farm_Wall_1_C'",
    "Template": {
      "ObjectName": "SM_Farm_Wall_1_C'Default__SM_Farm_Wall_1_C'",
      "ObjectPath": "FortniteGame/Content/Building/ActorBlueprints/Wall/SM_Farm_Wall_1.1"
    },
    "Properties": {
      "TextureData": {
        "ObjectName": "BuildingTextureData'MI_Farm_Wood_2'",
        "ObjectPath": "FortniteGame/Content/Building/TextureData/WallOuter/MI_Farm_Wood_2.0"
      },
      "TextureData": {
        "ObjectName": "BuildingTextureData'MI_Farm_Wood_1'",
        "ObjectPath": "FortniteGame/Content/Building/TextureData/WallOuter/MI_Farm_Wood_1.0"
      },
      "TextureData": {
        "ObjectName": "BuildingTextureData'MI_Farm_Wood_1'",
        "ObjectPath": "FortniteGame/Content/Building/TextureData/WallOuter/MI_Farm_Wood_1.0"
      },
      "StaticMeshComponent": {
        "ObjectName": "StaticMeshComponent'Athena_JUNG_1x1_Cove_A:PersistentLevel.Pueblo_Solid_11.StaticMeshComponent0'",
        "ObjectPath": "FortniteGame/Content/Athena/Maps/Buildings/1x1/Athena_JUNG_1x1_Cove_A.52"
      },
      "BaseMaterial": {
        "ObjectName": "MaterialInstanceConstant'M_Fort_Farm_Barn_1'",
        "ObjectPath": "FortniteGame/Content/Environments/Sets/Barn/Materials/M_Fort_Farm_Barn_1.0"
      },
      "MyGuid": "726FE7E3-4353888B-DF180F87-F1AAB7E7",
      "DataVersion": 1,
      "CullDistance": 0.0,
      "RootComponent": {
        "ObjectName": "StaticMeshComponent'Athena_JUNG_1x1_Cove_A:PersistentLevel.Pueblo_Solid_11.StaticMeshComponent0'",
        "ObjectPath": "FortniteGame/Content/Athena/Maps/Buildings/1x1/Athena_JUNG_1x1_Cove_A.52"
      }
    }
  },
  {
    "Type": "SM_Farm_Wall_1_C",
    "Name": "Pueblo_WindowSide_01_2",
    "Outer": "PersistentLevel",
    "Class": "BlueprintGeneratedClass'FortniteGame/Content/Building/ActorBlueprints/Wall/SM_Farm_Wall_1.SM_Farm_Wall_1_C'",
    "Template": {
      "ObjectName": "SM_Farm_Wall_1_C'Default__SM_Farm_Wall_1_C'",
      "ObjectPath": "FortniteGame/Content/Building/ActorBlueprints/Wall/SM_Farm_Wall_1.1"
    },
    "Properties": {
      "TextureData": {
        "ObjectName": "BuildingTextureData'MI_Farm_Wood_2'",
        "ObjectPath": "FortniteGame/Content/Building/TextureData/WallOuter/MI_Farm_Wood_2.0"
      },
      "TextureData": {
        "ObjectName": "BuildingTextureData'MI_Farm_Wood_1'",
        "ObjectPath": "FortniteGame/Content/Building/TextureData/WallOuter/MI_Farm_Wood_1.0"
      },
      "TextureData": {
        "ObjectName": "BuildingTextureData'MI_Farm_Wood_1'",
        "ObjectPath": "FortniteGame/Content/Building/TextureData/WallOuter/MI_Farm_Wood_1.0"
      },
      "bMirrored": true,
      "StaticMeshComponent": {
        "ObjectName": "StaticMeshComponent'Athena_JUNG_1x1_Cove_A:PersistentLevel.Pueblo_WindowSide_01_2.StaticMeshComponent0'",
        "ObjectPath": "FortniteGame/Content/Athena/Maps/Buildings/1x1/Athena_JUNG_1x1_Cove_A.54"
      },
      "BaseMaterial": {
        "ObjectName": "MaterialInstanceConstant'M_Fort_Farm_Barn_1'",
        "ObjectPath": "FortniteGame/Content/Environments/Sets/Barn/Materials/M_Fort_Farm_Barn_1.0"
      },
      "MyGuid": "925CF941-4B083E76-AD41EEA2-3473DEF3",
      "DataVersion": 1,
      "CullDistance": 0.0,
      "RootComponent": {
        "ObjectName": "StaticMeshComponent'Athena_JUNG_1x1_Cove_A:PersistentLevel.Pueblo_WindowSide_01_2.StaticMeshComponent0'",
        "ObjectPath": "FortniteGame/Content/Athena/Maps/Buildings/1x1/Athena_JUNG_1x1_Cove_A.54"
      }
    }
  },
  {
    "Type": "SM_Farm_Window_1_C",
    "Name": "Pueblo_Solid_9",
    "Outer": "PersistentLevel",
    "Class": "BlueprintGeneratedClass'FortniteGame/Content/Building/ActorBlueprints/Wall/SM_Farm_Window_1.SM_Farm_Window_1_C'",
    "Template": {
      "ObjectName": "SM_Farm_Window_1_C'Default__SM_Farm_Window_1_C'",
      "ObjectPath": "FortniteGame/Content/Building/ActorBlueprints/Wall/SM_Farm_Window_1.1"
    },
    "Properties": {
      "TextureData": {
        "ObjectName": "BuildingTextureData'MI_Farm_Wood_2'",
        "ObjectPath": "FortniteGame/Content/Building/TextureData/WallOuter/MI_Farm_Wood_2.0"
      },
      "TextureData": {
        "ObjectName": "BuildingTextureData'MI_Farm_Wood_1'",
        "ObjectPath": "FortniteGame/Content/Building/TextureData/WallOuter/MI_Farm_Wood_1.0"
      },
      "TextureData": {
        "ObjectName": "BuildingTextureData'MI_Farm_Wood_1'",
        "ObjectPath": "FortniteGame/Content/Building/TextureData/WallOuter/MI_Farm_Wood_1.0"
      },
      "StaticMeshComponent": {
        "ObjectName": "StaticMeshComponent'Athena_JUNG_1x1_Cove_A:PersistentLevel.Pueblo_Solid_9.StaticMeshComponent0'",
        "ObjectPath": "FortniteGame/Content/Athena/Maps/Buildings/1x1/Athena_JUNG_1x1_Cove_A.53"
      },
      "BaseMaterial": {
        "ObjectName": "MaterialInstanceConstant'M_Fort_Farm_Barn_1'",
        "ObjectPath": "FortniteGame/Content/Environments/Sets/Barn/Materials/M_Fort_Farm_Barn_1.0"
      },
      "MyGuid": "6979C7FC-45BAF46B-62070FB9-B53ACFA4",
      "DataVersion": 1,
      "CullDistance": 0.0,
      "RootComponent": {
        "ObjectName": "StaticMeshComponent'Athena_JUNG_1x1_Cove_A:PersistentLevel.Pueblo_Solid_9.StaticMeshComponent0'",
        "ObjectPath": "FortniteGame/Content/Athena/Maps/Buildings/1x1/Athena_JUNG_1x1_Cove_A.53"
      }
    }
  },
  {
    "Type": "StaticMeshComponent",
    "Name": "StaticMeshComponent0",
    "Outer": "Athena_Prop_Storage_Barrel_166",
    "Class": "UScriptClass'StaticMeshComponent'",
    "Template": {
      "ObjectName": "StaticMeshComponent'Default__Athena_Prop_Storage_Barrel_02_C:StaticMeshComponent0'",
      "ObjectPath": "FortniteGame/Content/Athena/BuildingActors/Props/Building/ActorBlueprints/Containers/Athena_Prop_Storage_Barrel_02.5"
    },
    "Properties": {
      "OverrideMaterials": [
        null
      ],
      "CachedMaxDrawDistance": 2800.0,
      "RelativeLocation": {
        "X": 136.29639,
        "Y": -19.22461,
        "Z": 392.0
      },
      "RelativeRotation": {
        "Pitch": -25.69948,
        "Yaw": -29.999477,
        "Roll": -89.99962
      }
    }
  },
  {
    "Type": "StaticMeshComponent",
    "Name": "StaticMeshComponent0",
    "Outer": "Athena_Prop_Storage_Barrel_2",
    "Class": "UScriptClass'StaticMeshComponent'",
    "Template": {
      "ObjectName": "StaticMeshComponent'Default__Athena_Prop_Storage_Barrel_02_C:StaticMeshComponent0'",
      "ObjectPath": "FortniteGame/Content/Athena/BuildingActors/Props/Building/ActorBlueprints/Containers/Athena_Prop_Storage_Barrel_02.5"
    },
    "Properties": {
      "OverrideMaterials": [
        null
      ],
      "CachedMaxDrawDistance": 2800.0,
      "RelativeLocation": {
        "X": -111.70264,
        "Y": -35.223633,
        "Z": 392.0
      },
      "RelativeRotation": {
        "Pitch": -21.934353,
        "Yaw": 70.91848,
        "Roll": -100.13197
      }
    }
  },
  {
    "Type": "StaticMeshComponent",
    "Name": "StaticMeshComponent0",
    "Outer": "Athena_Prop_Storage_Barrel_9",
    "Class": "UScriptClass'StaticMeshComponent'",
    "Template": {
      "ObjectName": "StaticMeshComponent'Default__Athena_Prop_Storage_Barrel_02_C:StaticMeshComponent0'",
      "ObjectPath": "FortniteGame/Content/Athena/BuildingActors/Props/Building/ActorBlueprints/Containers/Athena_Prop_Storage_Barrel_02.5"
    },
    "Properties": {
      "OverrideMaterials": [
        null
      ],
      "CachedMaxDrawDistance": 2800.0,
      "RelativeLocation": {
        "X": 196.06885,
        "Y": -141.34375,
        "Z": 10.0
      },
      "RelativeRotation": {
        "Pitch": 0.0,
        "Yaw": -136.74022,
        "Roll": 0.0
      }
    }
  },
  {
    "Type": "StaticMeshComponent",
    "Name": "StaticMeshComponent0",
    "Outer": "Farm_Roof1_Peak_2",
    "Class": "UScriptClass'StaticMeshComponent'",
    "Template": {
      "ObjectName": "StaticMeshComponent'Default__Farm_Roof1_Peak_C:StaticMeshComponent0'",
      "ObjectPath": "FortniteGame/Content/Building/ActorBlueprints/Roof/Farm_Roof1_Peak.4"
    },
    "Properties": {
      "OverrideMaterials": [
        null
      ],
      "LODParentPrimitive": {
        "ObjectName": "StaticMeshComponent'Athena_JUNG_1x1_Cove_A:PersistentLevel.LODActor_1.StaticMeshComponent0'",
        "ObjectPath": "FortniteGame/Content/Athena/Maps/Buildings/1x1/Athena_JUNG_1x1_Cove_A.39"
      },
      "RelativeLocation": {
        "X": 256.0,
        "Y": 0.0009765625,
        "Z": 384.0
      },
      "RelativeRotation": {
        "Pitch": 0.0,
        "Yaw": 90.00027,
        "Roll": 0.0
      }
    }
  },
  {
    "Type": "StaticMeshComponent",
    "Name": "StaticMeshComponent0",
    "Outer": "LODActor_1",
    "Class": "UScriptClass'StaticMeshComponent'",
    "Properties": {
      "StaticMesh": {
        "ObjectName": "StaticMesh'SM_Athena_JUNG_1x1_Cove_A_0_Pueblo_WindowSide_01_2'",
        "ObjectPath": "FortniteGame/Content/Athena/Maps/Buildings/1x1/HLOD/Athena_JUNG_1x1_Cove_A_0_HLOD.3"
      },
      "MinDrawDistance": 35000.0,
      "CastShadow": true,
      "bCastStaticShadow": true
    }
  },
  {
    "Type": "StaticMeshComponent",
    "Name": "StaticMeshComponent0",
    "Outer": "PirateShip_Cargo_Net_D41_2",
    "Class": "UScriptClass'StaticMeshComponent'",
    "Template": {
      "ObjectName": "StaticMeshComponent'Default__PirateShip_Cargo_Net_D_C:StaticMeshComponent0'",
      "ObjectPath": "FortniteGame/Content/Building/ActorBlueprints/Prop/PirateShip_Cargo_Net_D.5"
    },
    "Properties": {
      "OverrideMaterials": [
        null
      ],
      "CachedMaxDrawDistance": 22063.596,
      "RelativeLocation": {
        "X": -31.702637,
        "Y": -3.2216797,
        "Z": 416.0
      },
      "RelativeRotation": {
        "Pitch": 0.0,
        "Yaw": 90.00027,
        "Roll": 0.0
      },
      "RelativeScale3D": {
        "X": 0.8,
        "Y": 0.8,
        "Z": 0.8
      }
    }
  },
  {
    "Type": "StaticMeshComponent",
    "Name": "StaticMeshComponent0",
    "Outer": "PirateShip_Hammock_A15_2",
    "Class": "UScriptClass'StaticMeshComponent'",
    "Template": {
      "ObjectName": "StaticMeshComponent'Default__PirateShip_Hammock_A_C:StaticMeshComponent0'",
      "ObjectPath": "FortniteGame/Content/Building/ActorBlueprints/Prop/PirateShip_Hammock_A.5"
    },
    "Properties": {
      "OverrideMaterials": [
        null
      ],
      "CachedMaxDrawDistance": 21426.25,
      "CastShadow": true,
      "RelativeLocation": {
        "X": -183.70264,
        "Y": -11.224609,
        "Z": 224.0
      },
      "RelativeRotation": {
        "Pitch": 0.0,
        "Yaw": 90.00027,
        "Roll": 0.0
      },
      "RelativeScale3D": {
        "X": 1.3,
        "Y": 1.0,
        "Z": 1.0
      }
    }
  },
  {
    "Type": "StaticMeshComponent",
    "Name": "StaticMeshComponent0",
    "Outer": "PirateShip_Hanging_Food_B13_2",
    "Class": "UScriptClass'StaticMeshComponent'",
    "Template": {
      "ObjectName": "StaticMeshComponent'Default__PirateShip_Hanging_Food_B_C:StaticMeshComponent0'",
      "ObjectPath": "FortniteGame/Content/Building/ActorBlueprints/Prop/PirateShip_Hanging_Food_B.5"
    },
    "Properties": {
      "OverrideMaterials": [
        null
      ],
      "CachedMaxDrawDistance": 7051.6514,
      "RelativeLocation": {
        "X": 152.29639,
        "Y": -259.22314,
        "Z": 280.0
      },
      "RelativeRotation": {
        "Pitch": 0.0,
        "Yaw": 90.00027,
        "Roll": 0.0
      }
    }
  },
  {
    "Type": "StaticMeshComponent",
    "Name": "StaticMeshComponent0",
    "Outer": "PirateShip_Hanging_Food_B14",
    "Class": "UScriptClass'StaticMeshComponent'",
    "Template": {
      "ObjectName": "StaticMeshComponent'Default__PirateShip_Hanging_Food_B_C:StaticMeshComponent0'",
      "ObjectPath": "FortniteGame/Content/Building/ActorBlueprints/Prop/PirateShip_Hanging_Food_B.5"
    },
    "Properties": {
      "OverrideMaterials": [
        null
      ],
      "CachedMaxDrawDistance": 7051.6514,
      "RelativeLocation": {
        "X": -95.70264,
        "Y": 197.77832,
        "Z": 362.0
      },
      "RelativeRotation": {
        "Pitch": 0.0,
        "Yaw": 174.99982,
        "Roll": 0.0
      }
    }
  },
  {
    "Type": "StaticMeshComponent",
    "Name": "StaticMeshComponent0",
    "Outer": "Prop_QuestInteractable_DancingFish4_2",
    "Class": "UScriptClass'StaticMeshComponent'",
    "Template": {
      "ObjectName": "StaticMeshComponent'Default__Prop_QuestInteractable_DancingFish1_C:StaticMeshComponent0'",
      "ObjectPath": "FortniteGame/Content/Athena/Items/QuestInteractables/DancingFish/Prop_QuestInteractable_DancingFish1.140"
    },
    "Properties": {
      "LODParentPrimitive": {
        "ObjectName": "StaticMeshComponent'Athena_JUNG_1x1_Cove_A:PersistentLevel.LODActor_1.StaticMeshComponent0'",
        "ObjectPath": "FortniteGame/Content/Athena/Maps/Buildings/1x1/Athena_JUNG_1x1_Cove_A.39"
      },
      "RelativeLocation": {
        "X": 140.29736,
        "Y": 108.77637,
        "Z": 104.0
      },
      "RelativeRotation": {
        "Pitch": 0.00017075472,
        "Yaw": -179.9999,
        "Roll": -89.99982
      }
    }
  },
  {
    "Type": "StaticMeshComponent",
    "Name": "StaticMeshComponent0",
    "Outer": "Prop_WildWest_SimpleChair_01_2",
    "Class": "UScriptClass'StaticMeshComponent'",
    "Template": {
      "ObjectName": "StaticMeshComponent'Default__Prop_WildWest_SimpleChair_01_C:StaticMeshComponent0'",
      "ObjectPath": "FortniteGame/Content/Building/ActorBlueprints/Prop/Prop_WildWest_SimpleChair_01.4"
    },
    "Properties": {
      "OverrideMaterials": [
        null
      ],
      "CachedMaxDrawDistance": 3968.0444,
      "RelativeLocation": {
        "X": 164.42139,
        "Y": 36.188965,
        "Z": 5.408203
      },
      "RelativeRotation": {
        "Pitch": 0.0,
        "Yaw": 38.752094,
        "Roll": 0.0
      }
    }
  },
  {
    "Type": "StaticMeshComponent",
    "Name": "StaticMeshComponent0",
    "Outer": "Prop_WildWest_SimpleTable_01_2",
    "Class": "UScriptClass'StaticMeshComponent'",
    "Template": {
      "ObjectName": "StaticMeshComponent'Default__Prop_WildWest_SimpleTable_01_C:StaticMeshComponent0'",
      "ObjectPath": "FortniteGame/Content/Building/ActorBlueprints/Prop/Prop_WildWest_SimpleTable_01.4"
    },
    "Properties": {
      "OverrideMaterials": [
        null
      ],
      "CachedMaxDrawDistance": 8979.283,
      "RelativeLocation": {
        "X": 138.9126,
        "Y": 131.6289,
        "Z": 9.0859375
      },
      "RelativeRotation": {
        "Pitch": 0.0,
        "Yaw": -178.79155,
        "Roll": 0.0
      }
    }
  },
  {
    "Type": "StaticMeshComponent",
    "Name": "StaticMeshComponent0",
    "Outer": "Pueblo_Corner_13",
    "Class": "UScriptClass'StaticMeshComponent'",
    "Template": {
      "ObjectName": "StaticMeshComponent'Default__Boardwalk_ArchwayLong_C:StaticMeshComponent0'",
      "ObjectPath": "FortniteGame/Content/Building/ActorBlueprints/Wall/Boardwalk_ArchwayLong.5"
    },
    "Properties": {
      "OverrideMaterials": [
        null
      ],
      "LODParentPrimitive": {
        "ObjectName": "StaticMeshComponent'Athena_JUNG_1x1_Cove_A:PersistentLevel.LODActor_1.StaticMeshComponent0'",
        "ObjectPath": "FortniteGame/Content/Athena/Maps/Buildings/1x1/Athena_JUNG_1x1_Cove_A.39"
      },
      "RelativeLocation": {
        "X": 256.0005,
        "Y": 0.0009765625,
        "Z": -384.0
      },
      "RelativeRotation": {
        "Pitch": 0.0,
        "Yaw": 89.99993,
        "Roll": 0.0
      }
    }
  },
  {
    "Type": "StaticMeshComponent",
    "Name": "StaticMeshComponent0",
    "Outer": "Pueblo_Corner_15",
    "Class": "UScriptClass'StaticMeshComponent'",
    "Template": {
      "ObjectName": "StaticMeshComponent'Default__Boardwalk_ArchwayLong_C:StaticMeshComponent0'",
      "ObjectPath": "FortniteGame/Content/Building/ActorBlueprints/Wall/Boardwalk_ArchwayLong.5"
    },
    "Properties": {
      "OverrideMaterials": [
        null
      ],
      "LODParentPrimitive": {
        "ObjectName": "StaticMeshComponent'Athena_JUNG_1x1_Cove_A:PersistentLevel.LODActor_1.StaticMeshComponent0'",
        "ObjectPath": "FortniteGame/Content/Athena/Maps/Buildings/1x1/Athena_JUNG_1x1_Cove_A.39"
      },
      "RelativeLocation": {
        "X": 0.0,
        "Y": 255.99902,
        "Z": -384.0
      },
      "RelativeRotation": {
        "Pitch": 0.0,
        "Yaw": -179.99992,
        "Roll": 0.0
      }
    }
  },
  {
    "Type": "StaticMeshComponent",
    "Name": "StaticMeshComponent0",
    "Outer": "Pueblo_Corner_8",
    "Class": "UScriptClass'StaticMeshComponent'",
    "Template": {
      "ObjectName": "StaticMeshComponent'Default__Boardwalk_ArchwayLong_C:StaticMeshComponent0'",
      "ObjectPath": "FortniteGame/Content/Building/ActorBlueprints/Wall/Boardwalk_ArchwayLong.5"
    },
    "Properties": {
      "OverrideMaterials": [
        null
      ],
      "LODParentPrimitive": {
        "ObjectName": "StaticMeshComponent'Athena_JUNG_1x1_Cove_A:PersistentLevel.LODActor_1.StaticMeshComponent0'",
        "ObjectPath": "FortniteGame/Content/Athena/Maps/Buildings/1x1/Athena_JUNG_1x1_Cove_A.39"
      },
      "RelativeLocation": {
        "X": 0.0,
        "Y": -256.00098,
        "Z": -384.0
      },
      "RelativeRotation": {
        "Pitch": 0.0,
        "Yaw": -179.9999,
        "Roll": 0.0
      }
    }
  },
  {
    "Type": "StaticMeshComponent",
    "Name": "StaticMeshComponent0",
    "Outer": "Pueblo_Corner_9",
    "Class": "UScriptClass'StaticMeshComponent'",
    "Template": {
      "ObjectName": "StaticMeshComponent'Default__Boardwalk_ArchwayLong_C:StaticMeshComponent0'",
      "ObjectPath": "FortniteGame/Content/Building/ActorBlueprints/Wall/Boardwalk_ArchwayLong.5"
    },
    "Properties": {
      "OverrideMaterials": [
        null
      ],
      "LODParentPrimitive": {
        "ObjectName": "StaticMeshComponent'Athena_JUNG_1x1_Cove_A:PersistentLevel.LODActor_1.StaticMeshComponent0'",
        "ObjectPath": "FortniteGame/Content/Athena/Maps/Buildings/1x1/Athena_JUNG_1x1_Cove_A.39"
      },
      "RelativeLocation": {
        "X": -255.99951,
        "Y": 0.0009765625,
        "Z": -384.0
      },
      "RelativeRotation": {
        "Pitch": 0.0,
        "Yaw": 89.99993,
        "Roll": 0.0
      }
    }
  },
  {
    "Type": "StaticMeshComponent",
    "Name": "StaticMeshComponent0",
    "Outer": "Pueblo_Floor_6",
    "Class": "UScriptClass'StaticMeshComponent'",
    "Template": {
      "ObjectName": "StaticMeshComponent'Default__BP_PirateCove_Dock_Floor_C:StaticMeshComponent0'",
      "ObjectPath": "FortniteGame/Content/Building/ActorBlueprints/PirateCove/Floors/BP_PirateCove_Dock_Floor.5"
    },
    "Properties": {
      "OverrideMaterials": [
        {
          "ObjectName": "MaterialInstanceConstant'Cove_DockTrim'",
          "ObjectPath": "FortniteGame/Content/Environments/Sets/Pirate_Cove/Pirate_Village/Materials/Cove_DockTrim.0"
        }
      ],
      "LODParentPrimitive": {
        "ObjectName": "StaticMeshComponent'Athena_JUNG_1x1_Cove_A:PersistentLevel.LODActor_1.StaticMeshComponent0'",
        "ObjectPath": "FortniteGame/Content/Athena/Maps/Buildings/1x1/Athena_JUNG_1x1_Cove_A.39"
      },
      "RelativeLocation": {
        "X": 0.0024414062,
        "Y": -256.00146,
        "Z": 0.0
      },
      "RelativeRotation": {
        "Pitch": 0.0,
        "Yaw": 0.00049860374,
        "Roll": 0.0
      }
    }
  },
  {
    "Type": "StaticMeshComponent",
    "Name": "StaticMeshComponent0",
    "Outer": "Pueblo_Solid_11",
    "Class": "UScriptClass'StaticMeshComponent'",
    "Template": {
      "ObjectName": "StaticMeshComponent'Default__SM_Farm_Wall_1_C:StaticMeshComponent0'",
      "ObjectPath": "FortniteGame/Content/Building/ActorBlueprints/Wall/SM_Farm_Wall_1.4"
    },
    "Properties": {
      "OverrideMaterials": [
        null
      ],
      "LODParentPrimitive": {
        "ObjectName": "StaticMeshComponent'Athena_JUNG_1x1_Cove_A:PersistentLevel.LODActor_1.StaticMeshComponent0'",
        "ObjectPath": "FortniteGame/Content/Athena/Maps/Buildings/1x1/Athena_JUNG_1x1_Cove_A.39"
      },
      "RelativeLocation": {
        "X": 256.0005,
        "Y": 0.0009765625,
        "Z": 0.0
      },
      "RelativeRotation": {
        "Pitch": 0.0,
        "Yaw": 89.99993,
        "Roll": 0.0
      }
    }
  },
  {
    "Type": "StaticMeshComponent",
    "Name": "StaticMeshComponent0",
    "Outer": "Pueblo_Solid_9",
    "Class": "UScriptClass'StaticMeshComponent'",
    "Template": {
      "ObjectName": "StaticMeshComponent'Default__SM_Farm_Window_1_C:StaticMeshComponent0'",
      "ObjectPath": "FortniteGame/Content/Building/ActorBlueprints/Wall/SM_Farm_Window_1.4"
    },
    "Properties": {
      "OverrideMaterials": [
        null
      ],
      "LODParentPrimitive": {
        "ObjectName": "StaticMeshComponent'Athena_JUNG_1x1_Cove_A:PersistentLevel.LODActor_1.StaticMeshComponent0'",
        "ObjectPath": "FortniteGame/Content/Athena/Maps/Buildings/1x1/Athena_JUNG_1x1_Cove_A.39"
      },
      "RelativeLocation": {
        "X": 0.0,
        "Y": 255.99902,
        "Z": 0.0
      },
      "RelativeRotation": {
        "Pitch": 0.0,
        "Yaw": -179.99992,
        "Roll": 0.0
      }
    }
  },
  {
    "Type": "StaticMeshComponent",
    "Name": "StaticMeshComponent0",
    "Outer": "Pueblo_WindowSide_01_2",
    "Class": "UScriptClass'StaticMeshComponent'",
    "Template": {
      "ObjectName": "StaticMeshComponent'Default__SM_Farm_Wall_1_C:StaticMeshComponent0'",
      "ObjectPath": "FortniteGame/Content/Building/ActorBlueprints/Wall/SM_Farm_Wall_1.4"
    },
    "Properties": {
      "OverrideMaterials": [
        null
      ],
      "BodyInstance": {
        "MaxAngularVelocity": 3599.9998
      },
      "LODParentPrimitive": {
        "ObjectName": "StaticMeshComponent'Athena_JUNG_1x1_Cove_A:PersistentLevel.LODActor_1.StaticMeshComponent0'",
        "ObjectPath": "FortniteGame/Content/Athena/Maps/Buildings/1x1/Athena_JUNG_1x1_Cove_A.39"
      },
      "RelativeLocation": {
        "X": -255.99951,
        "Y": 0.0009765625,
        "Z": 0.0
      },
      "RelativeRotation": {
        "Pitch": 0.0,
        "Yaw": 89.99993,
        "Roll": 0.0
      },
      "RelativeScale3D": {
        "X": -1.0,
        "Y": 1.0,
        "Z": 1.0
      }
    }
  },
  {
    "Type": "StaticMeshComponent",
    "Name": "StaticMeshComponent0",
    "Outer": "SM_Farm_Doorway_2",
    "Class": "UScriptClass'StaticMeshComponent'",
    "Template": {
      "ObjectName": "StaticMeshComponent'Default__BP_WV_Tudor_Beams_01_C:StaticMeshComponent0'",
      "ObjectPath": "FortniteGame/Content/Building/ActorBlueprints/WinterVillage/Walls/BP_WV_Tudor_Beams_01.5"
    },
    "Properties": {
      "OverrideMaterials": [
        null
      ],
      "LODParentPrimitive": {
        "ObjectName": "StaticMeshComponent'Athena_JUNG_1x1_Cove_A:PersistentLevel.LODActor_1.StaticMeshComponent0'",
        "ObjectPath": "FortniteGame/Content/Athena/Maps/Buildings/1x1/Athena_JUNG_1x1_Cove_A.39"
      },
      "RelativeLocation": {
        "X": 0.0,
        "Y": -256.00098,
        "Z": 0.0
      },
      "RelativeRotation": {
        "Pitch": 0.0,
        "Yaw": -179.99992,
        "Roll": 0.0
      }
    }
  },
  {
    "Type": "StaticMeshComponent",
    "Name": "StaticMeshComponent0",
    "Outer": "SM_Farm_Roof1_PeakCap2",
    "Class": "UScriptClass'StaticMeshComponent'",
    "Template": {
      "ObjectName": "StaticMeshComponent'Default__SM_Farm_Roof1_PeakCap_C:StaticMeshComponent0'",
      "ObjectPath": "FortniteGame/Content/Building/ActorBlueprints/Wall/SM_Farm_Roof1_PeakCap.4"
    },
    "Properties": {
      "OverrideMaterials": [
        null
      ],
      "LODParentPrimitive": {
        "ObjectName": "StaticMeshComponent'Athena_JUNG_1x1_Cove_A:PersistentLevel.LODActor_1.StaticMeshComponent0'",
        "ObjectPath": "FortniteGame/Content/Athena/Maps/Buildings/1x1/Athena_JUNG_1x1_Cove_A.39"
      },
      "RelativeLocation": {
        "X": 0.0,
        "Y": 255.99902,
        "Z": 384.0
      },
      "RelativeRotation": {
        "Pitch": 0.0,
        "Yaw": 0.00034236908,
        "Roll": 0.0
      }
    }
  },
  {
    "Type": "StaticMeshComponent",
    "Name": "StaticMeshComponent0",
    "Outer": "SM_Farm_Roof1_PeakCap_2",
    "Class": "UScriptClass'StaticMeshComponent'",
    "Template": {
      "ObjectName": "StaticMeshComponent'Default__SM_Farm_Roof1_PeakCap_C:StaticMeshComponent0'",
      "ObjectPath": "FortniteGame/Content/Building/ActorBlueprints/Wall/SM_Farm_Roof1_PeakCap.4"
    },
    "Properties": {
      "OverrideMaterials": [
        null
      ],
      "LODParentPrimitive": {
        "ObjectName": "StaticMeshComponent'Athena_JUNG_1x1_Cove_A:PersistentLevel.LODActor_1.StaticMeshComponent0'",
        "ObjectPath": "FortniteGame/Content/Athena/Maps/Buildings/1x1/Athena_JUNG_1x1_Cove_A.39"
      },
      "RelativeLocation": {
        "X": 0.0,
        "Y": -256.00098,
        "Z": 384.0
      },
      "RelativeRotation": {
        "Pitch": 0.0,
        "Yaw": -179.99992,
        "Roll": 0.0
      }
    }
  },
  {
    "Type": "StaticMeshComponent",
    "Name": "StaticMeshComponent0",
    "Outer": "Tiered_Athena_FloorLoot_01_2",
    "Class": "UScriptClass'StaticMeshComponent'",
    "Template": {
      "ObjectName": "StaticMeshComponent'Default__Tiered_Athena_FloorLoot_01_C:StaticMeshComponent0'",
      "ObjectPath": "FortniteGame/Content/Athena/Environments/Blueprints/Tiered_Athena_FloorLoot_01.5"
    },
    "Properties": {
      "OverrideMaterials": [
        null
      ],
      "CachedMaxDrawDistance": 10643.375,
      "RelativeLocation": {
        "X": -13.461426,
        "Y": -64.17432,
        "Z": 22.553223
      },
      "RelativeRotation": {
        "Pitch": 0.0,
        "Yaw": -179.9999,
        "Roll": 0.0
      }
    }
  },
  {
    "Type": "StaticMeshComponent",
    "Name": "StaticMeshComponent0",
    "Outer": "Tiered_Short_Ammo_3_Parent_2",
    "Class": "UScriptClass'StaticMeshComponent'",
    "Template": {
      "ObjectName": "StaticMeshComponent'Default__Tiered_Ammo_Athena_C:StaticMeshComponent0'",
      "ObjectPath": "FortniteGame/Content/Building/ActorBlueprints/Containers/Tiered_Ammo_Athena.48"
    },
    "Properties": {
      "OverrideMaterials": [
        null
      ],
      "CachedMaxDrawDistance": 5914.6885,
      "RelativeLocation": {
        "X": 180.14746,
        "Y": 174.3877,
        "Z": 109.48389
      },
      "RelativeRotation": {
        "Pitch": 0.0,
        "Yaw": 141.8772,
        "Roll": 0.0
      }
    }
  },
  {
    "Type": "Tiered_Ammo_Athena_C",
    "Name": "Tiered_Short_Ammo_3_Parent_2",
    "Outer": "PersistentLevel",
    "Class": "BlueprintGeneratedClass'FortniteGame/Content/Building/ActorBlueprints/Containers/Tiered_Ammo_Athena.Tiered_Ammo_Athena_C'",
    "Template": {
      "ObjectName": "Tiered_Ammo_Athena_C'Default__Tiered_Ammo_Athena_C'",
      "ObjectPath": "FortniteGame/Content/Building/ActorBlueprints/Containers/Tiered_Ammo_Athena.2"
    },
    "Properties": {
      "MobileSelectedTL": {
        "ObjectName": "TimelineComponent'Athena_JUNG_1x1_Cove_A:PersistentLevel.Tiered_Short_Ammo_3_Parent_2.MobileSelectedTL'",
        "ObjectPath": "FortniteGame/Content/Athena/Maps/Buildings/1x1/Athena_JUNG_1x1_Cove_A.62"
      },
      "StaticMeshComponent": {
        "ObjectName": "StaticMeshComponent'Athena_JUNG_1x1_Cove_A:PersistentLevel.Tiered_Short_Ammo_3_Parent_2.StaticMeshComponent0'",
        "ObjectPath": "FortniteGame/Content/Athena/Maps/Buildings/1x1/Athena_JUNG_1x1_Cove_A.59"
      },
      "ParentActorToAttachTo": {
        "ObjectName": "Prop_WildWest_SimpleTable_01_C'Athena_JUNG_1x1_Cove_A:PersistentLevel.Prop_WildWest_SimpleTable_01_2'",
        "ObjectPath": "FortniteGame/Content/Athena/Maps/Buildings/1x1/Athena_JUNG_1x1_Cove_A.28"
      },
      "MyGuid": "3103A1E4-4ED804BC-2F4D1E8D-C11BD5F1",
      "DataVersion": 1,
      "CullDistance": 5914.6885,
      "RootComponent": {
        "ObjectName": "StaticMeshComponent'Athena_JUNG_1x1_Cove_A:PersistentLevel.Tiered_Short_Ammo_3_Parent_2.StaticMeshComponent0'",
        "ObjectPath": "FortniteGame/Content/Athena/Maps/Buildings/1x1/Athena_JUNG_1x1_Cove_A.59"
      },
      "BlueprintCreatedComponents": [
        {
          "ObjectName": "TimelineComponent'Athena_JUNG_1x1_Cove_A:PersistentLevel.Tiered_Short_Ammo_3_Parent_2.MobileSelectedTL'",
          "ObjectPath": "FortniteGame/Content/Athena/Maps/Buildings/1x1/Athena_JUNG_1x1_Cove_A.62"
        }
      ]
    }
  },
  {
    "Type": "Tiered_Athena_FloorLoot_01_C",
    "Name": "Tiered_Athena_FloorLoot_01_2",
    "Outer": "PersistentLevel",
    "Class": "BlueprintGeneratedClass'FortniteGame/Content/Athena/Environments/Blueprints/Tiered_Athena_FloorLoot_01.Tiered_Athena_FloorLoot_01_C'",
    "Template": {
      "ObjectName": "Tiered_Athena_FloorLoot_01_C'Default__Tiered_Athena_FloorLoot_01_C'",
      "ObjectPath": "FortniteGame/Content/Athena/Environments/Blueprints/Tiered_Athena_FloorLoot_01.1"
    },
    "Properties": {
      "StaticMeshComponent": {
        "ObjectName": "StaticMeshComponent'Athena_JUNG_1x1_Cove_A:PersistentLevel.Tiered_Athena_FloorLoot_01_2.StaticMeshComponent0'",
        "ObjectPath": "FortniteGame/Content/Athena/Maps/Buildings/1x1/Athena_JUNG_1x1_Cove_A.58"
      },
      "MyGuid": "E1CB377C-488887DE-E0590894-0991284F",
      "DataVersion": 1,
      "CullDistance": 10643.375,
      "RootComponent": {
        "ObjectName": "StaticMeshComponent'Athena_JUNG_1x1_Cove_A:PersistentLevel.Tiered_Athena_FloorLoot_01_2.StaticMeshComponent0'",
        "ObjectPath": "FortniteGame/Content/Athena/Maps/Buildings/1x1/Athena_JUNG_1x1_Cove_A.58"
      }
    }
  },
  {
    "Type": "TimelineComponent",
    "Name": "MobileSelectedTL",
    "Outer": "Tiered_Short_Ammo_3_Parent_2",
    "Class": "UScriptClass'TimelineComponent'",
    "Properties": {
      "TheTimeline": {
        "LengthMode": "TL_TimelineLength",
        "Length": 0.21,
        "InterpFloats": [
          {
            "FloatCurve": {
              "ObjectName": "CurveFloat'Tiered_Ammo_Athena_C:CurveFloat_0'",
              "ObjectPath": "FortniteGame/Content/Building/ActorBlueprints/Containers/Tiered_Ammo_Athena.28"
            },
            "InterpFunc": {
              "Num": 0,
              "Name": "None"
            },
            "TrackName": "LerpObject",
            "FloatPropertyName": "MobileSelectedTL_LerpObject_A5A509274549841DD24AFF8F04042949"
          },
          {
            "FloatCurve": {
              "ObjectName": "CurveFloat'Tiered_Ammo_Athena_C:CurveFloat_1'",
              "ObjectPath": "FortniteGame/Content/Building/ActorBlueprints/Containers/Tiered_Ammo_Athena.29"
            },
            "InterpFunc": {
              "Num": 0,
              "Name": "None"
            },
            "TrackName": "LerpInteactoIcon",
            "FloatPropertyName": "MobileSelectedTL_LerpInteactoIcon_A5A509274549841DD24AFF8F04042949"
          }
        ],
        "TimelinePostUpdateFunc": {
          "Num": 61,
          "Name": "MobileSelectedTL__UpdateFunc"
        },
        "TimelineFinishedFunc": {
          "Num": 61,
          "Name": "MobileSelectedTL__FinishedFunc"
        },
        "PropertySetObject": {
          "ObjectName": "Tiered_Ammo_Athena_C'Athena_JUNG_1x1_Cove_A:PersistentLevel.Tiered_Short_Ammo_3_Parent_2'",
          "ObjectPath": "FortniteGame/Content/Athena/Maps/Buildings/1x1/Athena_JUNG_1x1_Cove_A.60"
        },
        "DirectionPropertyName": "MobileSelectedTL__Direction_A5A509274549841DD24AFF8F04042949"
      },
      "bNetAddressable": true,
      "CreationMethod": "EComponentCreationMethod::UserConstructionScript"
    }
  },
  {
    "Type": "World",
    "Name": "Athena_JUNG_1x1_Cove_A",
    "Class": "UScriptClass'World'",
    "Properties": {
      "DefaultPhysicsVolume": null
    },
    "PersistentLevel": {
      "ObjectName": "Level'Athena_JUNG_1x1_Cove_A:PersistentLevel'",
      "ObjectPath": "FortniteGame/Content/Athena/Maps/Buildings/1x1/Athena_JUNG_1x1_Cove_A.17"
    },
    "ExtraReferencedObjects": [],
    "StreamingLevels": []
  }
]