[
  {
    "Type": "BlueprintGeneratedClass",
    "Name": "Athena_REM_1x1_Shack_c_C",
    "Class": "UScriptClass'BlueprintGeneratedClass'",
    "SuperStruct": {
      "ObjectName": "Class'FortLevelScriptActor'",
      "ObjectPath": "/Script/FortniteGame"
    },
    "ClassFlags": "CLASS_Optional | CLASS_NotPlaceable | CLASS_ReplicationDataIsSetUp | CLASS_CompiledFromBlueprint | CLASS_HasInstancedReference",
    "ClassWithin": {
      "ObjectName": "Class'Object'",
      "ObjectPath": "/Script/CoreUObject"
    },
    "ClassConfigName": "Engine",
    "bCooked": true,
    "ClassDefaultObject": {
      "ObjectName": "Athena_REM_1x1_Shack_c_C'Default__Athena_REM_1x1_Shack_c_C'",
      "ObjectPath": "FortniteGame/Content/Athena/Maps/Buildings/1x1/Athena_REM_1x1_Shack_c.1"
    }
  },
  {
    "Type": "Athena_REM_1x1_Shack_c_C",
    "Name": "Default__Athena_REM_1x1_Shack_c_C",
    "Class": "BlueprintGeneratedClass'FortniteGame/Content/Athena/Maps/Buildings/1x1/Athena_REM_1x1_Shack_c.Athena_REM_1x1_Shack_c_C'"
  },
  {
    "Type": "Athena_Prop_Living_EasyChair_02_C",
    "Name": "Living_EasyChair_02_2",
    "Outer": "PersistentLevel",
    "Class": "BlueprintGeneratedClass'FortniteGame/Content/Athena/BuildingActors/Props/Building/ActorBlueprints/Containers/Athena_Prop_Living_EasyChair_02.Athena_Prop_Living_EasyChair_02_C'",
    "Template": {
      "ObjectName": "Athena_Prop_Living_EasyChair_02_C'Default__Athena_Prop_Living_EasyChair_02_C'",
      "ObjectPath": "FortniteGame/Content/Athena/BuildingActors/Props/Building/ActorBlueprints/Containers/Athena_Prop_Living_EasyChair_02.1"
    },
    "Properties": {
      "StaticMeshComponent": {
        "ObjectName": "StaticMeshComponent'Athena_REM_1x1_Shack_c:PersistentLevel.Living_EasyChair_02_2.StaticMeshComponent0'",
        "ObjectPath": "FortniteGame/Content/Athena/Maps/Buildings/1x1/Athena_REM_1x1_Shack_c.41"
      },
      "MyGuid": "89547415-4EC0E982-3704A1BB-C144AE2D",
      "DataVersion": 1,
      "CullDistance": 4853.351,
      "RootComponent": {
        "ObjectName": "StaticMeshComponent'Athena_REM_1x1_Shack_c:PersistentLevel.Living_EasyChair_02_2.StaticMeshComponent0'",
        "ObjectPath": "FortniteGame/Content/Athena/Maps/Buildings/1x1/Athena_REM_1x1_Shack_c.41"
      }
    }
  },
  {
    "Type": "Athena_Prop_Office_FileCabinet01a_C",
    "Name": "Office_FileCabinet01a_2",
    "Outer": "PersistentLevel",
    "Class": "BlueprintGeneratedClass'FortniteGame/Content/Athena/BuildingActors/Props/Building/ActorBlueprints/Containers/Athena_Prop_Office_FileCabinet01a.Athena_Prop_Office_FileCabinet01a_C'",
    "Template": {
      "ObjectName": "Athena_Prop_Office_FileCabinet01a_C'Default__Athena_Prop_Office_FileCabinet01a_C'",
      "ObjectPath": "FortniteGame/Content/Athena/BuildingActors/Props/Building/ActorBlueprints/Containers/Athena_Prop_Office_FileCabinet01a.1"
    },
    "Properties": {
      "StaticMeshComponent": {
        "ObjectName": "StaticMeshComponent'Athena_REM_1x1_Shack_c:PersistentLevel.Office_FileCabinet01a_2.StaticMeshComponent0'",
        "ObjectPath": "FortniteGame/Content/Athena/Maps/Buildings/1x1/Athena_REM_1x1_Shack_c.43"
      },
      "MyGuid": "C9B43081-4684CE21-FC2368AC-DCD4A2FD",
      "DataVersion": 1,
      "CullDistance": 6096.587,
      "RootComponent": {
        "ObjectName": "StaticMeshComponent'Athena_REM_1x1_Shack_c:PersistentLevel.Office_FileCabinet01a_2.StaticMeshComponent0'",
        "ObjectPath": "FortniteGame/Content/Athena/Maps/Buildings/1x1/Athena_REM_1x1_Shack_c.43"
      }
    }
  },
  {
    "Type": "Athena_REM_1x1_Shack_c_C",
    "Name": "Athena_REM_1x1_Shack_c_C_0",
    "Outer": "PersistentLevel",
    "Class": "BlueprintGeneratedClass'FortniteGame/Content/Athena/Maps/Buildings/1x1/Athena_REM_1x1_Shack_c.Athena_REM_1x1_Shack_c_C'",
    "Template": {
      "ObjectName": "Athena_REM_1x1_Shack_c_C'Default__Athena_REM_1x1_Shack_c_C'",
      "ObjectPath": "FortniteGame/Content/Athena/Maps/Buildings/1x1/Athena_REM_1x1_Shack_c.1"
    }
  },
  {
    "Type": "BoxComponent",
    "Name": "BoxComponent0",
    "Outer": "LevelBounds_0",
    "Class": "UScriptClass'BoxComponent'",
    "Properties": {
      "AreaClass": {
        "ObjectName": "Class'FortMetaNavArea_Obstacles'",
        "ObjectPath": "/Script/FortniteGame"
      },
      "BodyInstance": {
        "MaxAngularVelocity": 3599.9998
      },
      "RelativeLocation": {
        "X": 1.2970734,
        "Y": 3.0517578E-05,
        "Z": 96.00003
      },
      "RelativeScale3D": {
        "X": 646.39014,
        "Y": 647.6445,
        "Z": 960.00006
      }
    }
  },
  {
    "Type": "Factory_4c_ThreeQuarter_C",
    "Name": "Factory_4c_ThreeQuarter2",
    "Outer": "PersistentLevel",
    "Class": "BlueprintGeneratedClass'FortniteGame/Content/Building/ActorBlueprints/Corner/Factory_4c_ThreeQuarter.Factory_4c_ThreeQuarter_C'",
    "Template": {
      "ObjectName": "Factory_4c_ThreeQuarter_C'Default__Factory_4c_ThreeQuarter_C'",
      "ObjectPath": "FortniteGame/Content/Building/ActorBlueprints/Corner/Factory_4c_ThreeQuarter.1"
    },
    "Properties": {
      "TextureData": {
        "ObjectName": "BuildingTextureData'Crypt_Wall_Ext_Tile_03'",
        "ObjectPath": "FortniteGame/Content/Building/TextureData/WallOuter/Crypt_Wall_Ext_Tile_03.0"
      },
      "StaticMeshComponent": {
        "ObjectName": "StaticMeshComponent'Athena_REM_1x1_Shack_c:PersistentLevel.Factory_4c_ThreeQuarter2.StaticMeshComponent0'",
        "ObjectPath": "FortniteGame/Content/Athena/Maps/Buildings/1x1/Athena_REM_1x1_Shack_c.33"
      },
      "BaseMaterial": {
        "ObjectName": "MaterialInstanceConstant'M_Factory_Corner_4b'",
        "ObjectPath": "FortniteGame/Content/Environments/Sets/Factory/Materials/M_Factory_Corner_4b.0"
      },
      "MyGuid": "A9F00D42-4DC9CC80-E2FC679D-C43B405D",
      "DataVersion": 1,
      "CullDistance": 0.0,
      "RootComponent": {
        "ObjectName": "StaticMeshComponent'Athena_REM_1x1_Shack_c:PersistentLevel.Factory_4c_ThreeQuarter2.StaticMeshComponent0'",
        "ObjectPath": "FortniteGame/Content/Athena/Maps/Buildings/1x1/Athena_REM_1x1_Shack_c.33"
      }
    }
  },
  {
    "Type": "Factory_4c_ThreeQuarter_C",
    "Name": "Factory_4c_ThreeQuarter3",
    "Outer": "PersistentLevel",
    "Class": "BlueprintGeneratedClass'FortniteGame/Content/Building/ActorBlueprints/Corner/Factory_4c_ThreeQuarter.Factory_4c_ThreeQuarter_C'",
    "Template": {
      "ObjectName": "Factory_4c_ThreeQuarter_C'Default__Factory_4c_ThreeQuarter_C'",
      "ObjectPath": "FortniteGame/Content/Building/ActorBlueprints/Corner/Factory_4c_ThreeQuarter.1"
    },
    "Properties": {
      "TextureData": {
        "ObjectName": "BuildingTextureData'Crypt_Wall_Ext_Tile_03'",
        "ObjectPath": "FortniteGame/Content/Building/TextureData/WallOuter/Crypt_Wall_Ext_Tile_03.0"
      },
      "StaticMeshComponent": {
        "ObjectName": "StaticMeshComponent'Athena_REM_1x1_Shack_c:PersistentLevel.Factory_4c_ThreeQuarter3.StaticMeshComponent0'",
        "ObjectPath": "FortniteGame/Content/Athena/Maps/Buildings/1x1/Athena_REM_1x1_Shack_c.34"
      },
      "BaseMaterial": {
        "ObjectName": "MaterialInstanceConstant'M_Factory_Corner_4b'",
        "ObjectPath": "FortniteGame/Content/Environments/Sets/Factory/Materials/M_Factory_Corner_4b.0"
      },
      "MyGuid": "5B4F2B3A-45A22502-E259E389-81B1615B",
      "DataVersion": 1,
      "CullDistance": 0.0,
      "RootComponent": {
        "ObjectName": "StaticMeshComponent'Athena_REM_1x1_Shack_c:PersistentLevel.Factory_4c_ThreeQuarter3.StaticMeshComponent0'",
        "ObjectPath": "FortniteGame/Content/Athena/Maps/Buildings/1x1/Athena_REM_1x1_Shack_c.34"
      }
    }
  },
  {
    "Type": "Factory_4c_ThreeQuarter_C",
    "Name": "Factory_4c_ThreeQuarter4",
    "Outer": "PersistentLevel",
    "Class": "BlueprintGeneratedClass'FortniteGame/Content/Building/ActorBlueprints/Corner/Factory_4c_ThreeQuarter.Factory_4c_ThreeQuarter_C'",
    "Template": {
      "ObjectName": "Factory_4c_ThreeQuarter_C'Default__Factory_4c_ThreeQuarter_C'",
      "ObjectPath": "FortniteGame/Content/Building/ActorBlueprints/Corner/Factory_4c_ThreeQuarter.1"
    },
    "Properties": {
      "TextureData": {
        "ObjectName": "BuildingTextureData'Crypt_Wall_Ext_Tile_03'",
        "ObjectPath": "FortniteGame/Content/Building/TextureData/WallOuter/Crypt_Wall_Ext_Tile_03.0"
      },
      "StaticMeshComponent": {
        "ObjectName": "StaticMeshComponent'Athena_REM_1x1_Shack_c:PersistentLevel.Factory_4c_ThreeQuarter4.StaticMeshComponent0'",
        "ObjectPath": "FortniteGame/Content/Athena/Maps/Buildings/1x1/Athena_REM_1x1_Shack_c.35"
      },
      "BaseMaterial": {
        "ObjectName": "MaterialInstanceConstant'M_Factory_Corner_4b'",
        "ObjectPath": "FortniteGame/Content/Environments/Sets/Factory/Materials/M_Factory_Corner_4b.0"
      },
      "MyGuid": "69CE6217-41DBFBCD-23F88FB7-E68BC28B",
      "DataVersion": 1,
      "CullDistance": 0.0,
      "RootComponent": {
        "ObjectName": "StaticMeshComponent'Athena_REM_1x1_Shack_c:PersistentLevel.Factory_4c_ThreeQuarter4.StaticMeshComponent0'",
        "ObjectPath": "FortniteGame/Content/Athena/Maps/Buildings/1x1/Athena_REM_1x1_Shack_c.35"
      }
    }
  },
  {
    "Type": "Factory_4c_ThreeQuarter_C",
    "Name": "Factory_4c_ThreeQuarter5",
    "Outer": "PersistentLevel",
    "Class": "BlueprintGeneratedClass'FortniteGame/Content/Building/ActorBlueprints/Corner/Factory_4c_ThreeQuarter.Factory_4c_ThreeQuarter_C'",
    "Template": {
      "ObjectName": "Factory_4c_ThreeQuarter_C'Default__Factory_4c_ThreeQuarter_C'",
      "ObjectPath": "FortniteGame/Content/Building/ActorBlueprints/Corner/Factory_4c_ThreeQuarter.1"
    },
    "Properties": {
      "TextureData": {
        "ObjectName": "BuildingTextureData'Crypt_Wall_Ext_Tile_03'",
        "ObjectPath": "FortniteGame/Content/Building/TextureData/WallOuter/Crypt_Wall_Ext_Tile_03.0"
      },
      "StaticMeshComponent": {
        "ObjectName": "StaticMeshComponent'Athena_REM_1x1_Shack_c:PersistentLevel.Factory_4c_ThreeQuarter5.StaticMeshComponent0'",
        "ObjectPath": "FortniteGame/Content/Athena/Maps/Buildings/1x1/Athena_REM_1x1_Shack_c.36"
      },
      "BaseMaterial": {
        "ObjectName": "MaterialInstanceConstant'M_Factory_Corner_4b'",
        "ObjectPath": "FortniteGame/Content/Environments/Sets/Factory/Materials/M_Factory_Corner_4b.0"
      },
      "MyGuid": "FD196292-41BB2D45-114A7993-5EC92E35",
      "DataVersion": 1,
      "CullDistance": 0.0,
      "RootComponent": {
        "ObjectName": "StaticMeshComponent'Athena_REM_1x1_Shack_c:PersistentLevel.Factory_4c_ThreeQuarter5.StaticMeshComponent0'",
        "ObjectPath": "FortniteGame/Content/Athena/Maps/Buildings/1x1/Athena_REM_1x1_Shack_c.36"
      }
    }
  },
  {
    "Type": "Factory_4c_ThreeQuarter_C",
    "Name": "Factory_4c_ThreeQuarter6",
    "Outer": "PersistentLevel",
    "Class": "BlueprintGeneratedClass'FortniteGame/Content/Building/ActorBlueprints/Corner/Factory_4c_ThreeQuarter.Factory_4c_ThreeQuarter_C'",
    "Template": {
      "ObjectName": "Factory_4c_ThreeQuarter_C'Default__Factory_4c_ThreeQuarter_C'",
      "ObjectPath": "FortniteGame/Content/Building/ActorBlueprints/Corner/Factory_4c_ThreeQuarter.1"
    },
    "Properties": {
      "TextureData": {
        "ObjectName": "BuildingTextureData'Crypt_Wall_Ext_Tile_03'",
        "ObjectPath": "FortniteGame/Content/Building/TextureData/WallOuter/Crypt_Wall_Ext_Tile_03.0"
      },
      "StaticMeshComponent": {
        "ObjectName": "StaticMeshComponent'Athena_REM_1x1_Shack_c:PersistentLevel.Factory_4c_ThreeQuarter6.StaticMeshComponent0'",
        "ObjectPath": "FortniteGame/Content/Athena/Maps/Buildings/1x1/Athena_REM_1x1_Shack_c.37"
      },
      "BaseMaterial": {
        "ObjectName": "MaterialInstanceConstant'M_Factory_Corner_4b'",
        "ObjectPath": "FortniteGame/Content/Environments/Sets/Factory/Materials/M_Factory_Corner_4b.0"
      },
      "MyGuid": "BFE6623E-48DB0A05-87713CA5-A4AC998B",
      "DataVersion": 1,
      "CullDistance": 0.0,
      "RootComponent": {
        "ObjectName": "StaticMeshComponent'Athena_REM_1x1_Shack_c:PersistentLevel.Factory_4c_ThreeQuarter6.StaticMeshComponent0'",
        "ObjectPath": "FortniteGame/Content/Athena/Maps/Buildings/1x1/Athena_REM_1x1_Shack_c.37"
      }
    }
  },
  {
    "Type": "Factory_4c_ThreeQuarter_C",
    "Name": "Factory_4c_ThreeQuarter7",
    "Outer": "PersistentLevel",
    "Class": "BlueprintGeneratedClass'FortniteGame/Content/Building/ActorBlueprints/Corner/Factory_4c_ThreeQuarter.Factory_4c_ThreeQuarter_C'",
    "Template": {
      "ObjectName": "Factory_4c_ThreeQuarter_C'Default__Factory_4c_ThreeQuarter_C'",
      "ObjectPath": "FortniteGame/Content/Building/ActorBlueprints/Corner/Factory_4c_ThreeQuarter.1"
    },
    "Properties": {
      "TextureData": {
        "ObjectName": "BuildingTextureData'Crypt_Wall_Ext_Tile_03'",
        "ObjectPath": "FortniteGame/Content/Building/TextureData/WallOuter/Crypt_Wall_Ext_Tile_03.0"
      },
      "StaticMeshComponent": {
        "ObjectName": "StaticMeshComponent'Athena_REM_1x1_Shack_c:PersistentLevel.Factory_4c_ThreeQuarter7.StaticMeshComponent0'",
        "ObjectPath": "FortniteGame/Content/Athena/Maps/Buildings/1x1/Athena_REM_1x1_Shack_c.38"
      },
      "BaseMaterial": {
        "ObjectName": "MaterialInstanceConstant'M_Factory_Corner_4b'",
        "ObjectPath": "FortniteGame/Content/Environments/Sets/Factory/Materials/M_Factory_Corner_4b.0"
      },
      "MyGuid": "98A4A70D-42A1C2ED-4A7EE0B6-F247F00C",
      "DataVersion": 1,
      "CullDistance": 0.0,
      "RootComponent": {
        "ObjectName": "StaticMeshComponent'Athena_REM_1x1_Shack_c:PersistentLevel.Factory_4c_ThreeQuarter7.StaticMeshComponent0'",
        "ObjectPath": "FortniteGame/Content/Athena/Maps/Buildings/1x1/Athena_REM_1x1_Shack_c.38"
      }
    }
  },
  {
    "Type": "Factory_4c_ThreeQuarter_C",
    "Name": "Factory_4c_ThreeQuarter8",
    "Outer": "PersistentLevel",
    "Class": "BlueprintGeneratedClass'FortniteGame/Content/Building/ActorBlueprints/Corner/Factory_4c_ThreeQuarter.Factory_4c_ThreeQuarter_C'",
    "Template": {
      "ObjectName": "Factory_4c_ThreeQuarter_C'Default__Factory_4c_ThreeQuarter_C'",
      "ObjectPath": "FortniteGame/Content/Building/ActorBlueprints/Corner/Factory_4c_ThreeQuarter.1"
    },
    "Properties": {
      "TextureData": {
        "ObjectName": "BuildingTextureData'Crypt_Wall_Ext_Tile_03'",
        "ObjectPath": "FortniteGame/Content/Building/TextureData/WallOuter/Crypt_Wall_Ext_Tile_03.0"
      },
      "StaticMeshComponent": {
        "ObjectName": "StaticMeshComponent'Athena_REM_1x1_Shack_c:PersistentLevel.Factory_4c_ThreeQuarter8.StaticMeshComponent0'",
        "ObjectPath": "FortniteGame/Content/Athena/Maps/Buildings/1x1/Athena_REM_1x1_Shack_c.39"
      },
      "BaseMaterial": {
        "ObjectName": "MaterialInstanceConstant'M_Factory_Corner_4b'",
        "ObjectPath": "FortniteGame/Content/Environments/Sets/Factory/Materials/M_Factory_Corner_4b.0"
      },
      "MyGuid": "BBD696BC-44412273-AD46F0BA-AC9C3F94",
      "DataVersion": 1,
      "CullDistance": 0.0,
      "RootComponent": {
        "ObjectName": "StaticMeshComponent'Athena_REM_1x1_Shack_c:PersistentLevel.Factory_4c_ThreeQuarter8.StaticMeshComponent0'",
        "ObjectPath": "FortniteGame/Content/Athena/Maps/Buildings/1x1/Athena_REM_1x1_Shack_c.39"
      }
    }
  },
  {
    "Type": "Factory_4c_ThreeQuarter_C",
    "Name": "Factory_4c_ThreeQuarter_2",
    "Outer": "PersistentLevel",
    "Class": "BlueprintGeneratedClass'FortniteGame/Content/Building/ActorBlueprints/Corner/Factory_4c_ThreeQuarter.Factory_4c_ThreeQuarter_C'",
    "Template": {
      "ObjectName": "Factory_4c_ThreeQuarter_C'Default__Factory_4c_ThreeQuarter_C'",
      "ObjectPath": "FortniteGame/Content/Building/ActorBlueprints/Corner/Factory_4c_ThreeQuarter.1"
    },
    "Properties": {
      "TextureData": {
        "ObjectName": "BuildingTextureData'Crypt_Wall_Ext_Tile_03'",
        "ObjectPath": "FortniteGame/Content/Building/TextureData/WallOuter/Crypt_Wall_Ext_Tile_03.0"
      },
      "StaticMeshComponent": {
        "ObjectName": "StaticMeshComponent'Athena_REM_1x1_Shack_c:PersistentLevel.Factory_4c_ThreeQuarter_2.StaticMeshComponent0'",
        "ObjectPath": "FortniteGame/Content/Athena/Maps/Buildings/1x1/Athena_REM_1x1_Shack_c.40"
      },
      "BaseMaterial": {
        "ObjectName": "MaterialInstanceConstant'M_Factory_Corner_4b'",
        "ObjectPath": "FortniteGame/Content/Environments/Sets/Factory/Materials/M_Factory_Corner_4b.0"
      },
      "MyGuid": "ADDD647A-45829C6E-EACE5B99-9884342B",
      "DataVersion": 1,
      "CullDistance": 0.0,
      "RootComponent": {
        "ObjectName": "StaticMeshComponent'Athena_REM_1x1_Shack_c:PersistentLevel.Factory_4c_ThreeQuarter_2.StaticMeshComponent0'",
        "ObjectPath": "FortniteGame/Content/Athena/Maps/Buildings/1x1/Athena_REM_1x1_Shack_c.40"
      }
    }
  },
  {
    "Type": "Factory_Wall_17_C",
    "Name": "SM_Farm_Wall_11",
    "Outer": "PersistentLevel",
    "Class": "BlueprintGeneratedClass'FortniteGame/Content/Building/ActorBlueprints/Wall/Factory_Wall_17.Factory_Wall_17_C'",
    "Template": {
      "ObjectName": "Factory_Wall_17_C'Default__Factory_Wall_17_C'",
      "ObjectPath": "FortniteGame/Content/Building/ActorBlueprints/Wall/Factory_Wall_17.1"
    },
    "Properties": {
      "TextureData": {
        "ObjectName": "BuildingTextureData'Crypt_Wall_Ext_Tile_03'",
        "ObjectPath": "FortniteGame/Content/Building/TextureData/WallOuter/Crypt_Wall_Ext_Tile_03.0"
      },
      "TextureData": {
        "ObjectName": "BuildingTextureData'Crypt_Wall_Ext_Tile_03'",
        "ObjectPath": "FortniteGame/Content/Building/TextureData/WallOuter/Crypt_Wall_Ext_Tile_03.0"
      },
      "StaticMeshComponent": {
        "ObjectName": "StaticMeshComponent'Athena_REM_1x1_Shack_c:PersistentLevel.SM_Farm_Wall_11.StaticMeshComponent0'",
        "ObjectPath": "FortniteGame/Content/Athena/Maps/Buildings/1x1/Athena_REM_1x1_Shack_c.48"
      },
      "BaseMaterial": {
        "ObjectName": "MaterialInstanceConstant'MI_Factory_Brick_1'",
        "ObjectPath": "FortniteGame/Content/Environments/Sets/Factory/Materials/MI_Factory_Brick_1.0"
      },
      "MyGuid": "5CD9252C-4732E052-2AA417B2-3BDE248B",
      "StaticGameplayTags": [
        "Building.Type.Door"
      ],
      "DataVersion": 1,
      "CullDistance": 0.0,
      "RootComponent": {
        "ObjectName": "StaticMeshComponent'Athena_REM_1x1_Shack_c:PersistentLevel.SM_Farm_Wall_11.StaticMeshComponent0'",
        "ObjectPath": "FortniteGame/Content/Athena/Maps/Buildings/1x1/Athena_REM_1x1_Shack_c.48"
      }
    }
  },
  {
    "Type": "Factory_Wall_3_C",
    "Name": "SM_Farm_Wall_10",
    "Outer": "PersistentLevel",
    "Class": "BlueprintGeneratedClass'FortniteGame/Content/Building/ActorBlueprints/Wall/Factory_Wall_3.Factory_Wall_3_C'",
    "Template": {
      "ObjectName": "Factory_Wall_3_C'Default__Factory_Wall_3_C'",
      "ObjectPath": "FortniteGame/Content/Building/ActorBlueprints/Wall/Factory_Wall_3.1"
    },
    "Properties": {
      "TextureData": {
        "ObjectName": "BuildingTextureData'Crypt_Wall_Ext_Tile_03'",
        "ObjectPath": "FortniteGame/Content/Building/TextureData/WallOuter/Crypt_Wall_Ext_Tile_03.0"
      },
      "TextureData": {
        "ObjectName": "BuildingTextureData'Crypt_Wall_Ext_03'",
        "ObjectPath": "FortniteGame/Content/Building/TextureData/WallOuter/Crypt_Wall_Ext_03.0"
      },
      "StaticMeshComponent": {
        "ObjectName": "StaticMeshComponent'Athena_REM_1x1_Shack_c:PersistentLevel.SM_Farm_Wall_10.StaticMeshComponent0'",
        "ObjectPath": "FortniteGame/Content/Athena/Maps/Buildings/1x1/Athena_REM_1x1_Shack_c.47"
      },
      "BaseMaterial": {
        "ObjectName": "MaterialInstanceConstant'MI_Factory_Brick_1'",
        "ObjectPath": "FortniteGame/Content/Environments/Sets/Factory/Materials/MI_Factory_Brick_1.0"
      },
      "MyGuid": "57838C1E-46C1B88B-14BBCABD-CF8D1316",
      "DataVersion": 1,
      "CullDistance": 0.0,
      "RootComponent": {
        "ObjectName": "StaticMeshComponent'Athena_REM_1x1_Shack_c:PersistentLevel.SM_Farm_Wall_10.StaticMeshComponent0'",
        "ObjectPath": "FortniteGame/Content/Athena/Maps/Buildings/1x1/Athena_REM_1x1_Shack_c.47"
      }
    }
  },
  {
    "Type": "Factory_Wall_3_C",
    "Name": "SM_Farm_Wall_12",
    "Outer": "PersistentLevel",
    "Class": "BlueprintGeneratedClass'FortniteGame/Content/Building/ActorBlueprints/Wall/Factory_Wall_3.Factory_Wall_3_C'",
    "Template": {
      "ObjectName": "Factory_Wall_3_C'Default__Factory_Wall_3_C'",
      "ObjectPath": "FortniteGame/Content/Building/ActorBlueprints/Wall/Factory_Wall_3.1"
    },
    "Properties": {
      "TextureData": {
        "ObjectName": "BuildingTextureData'Crypt_Wall_Ext_Tile_03'",
        "ObjectPath": "FortniteGame/Content/Building/TextureData/WallOuter/Crypt_Wall_Ext_Tile_03.0"
      },
      "TextureData": {
        "ObjectName": "BuildingTextureData'Crypt_Wall_Ext_03'",
        "ObjectPath": "FortniteGame/Content/Building/TextureData/WallOuter/Crypt_Wall_Ext_03.0"
      },
      "StaticMeshComponent": {
        "ObjectName": "StaticMeshComponent'Athena_REM_1x1_Shack_c:PersistentLevel.SM_Farm_Wall_12.StaticMeshComponent0'",
        "ObjectPath": "FortniteGame/Content/Athena/Maps/Buildings/1x1/Athena_REM_1x1_Shack_c.49"
      },
      "BaseMaterial": {
        "ObjectName": "MaterialInstanceConstant'MI_Factory_Brick_1'",
        "ObjectPath": "FortniteGame/Content/Environments/Sets/Factory/Materials/MI_Factory_Brick_1.0"
      },
      "MyGuid": "B68EF589-4FFA1B4D-DB0D59AC-CC26B1FC",
      "DataVersion": 1,
      "CullDistance": 0.0,
      "RootComponent": {
        "ObjectName": "StaticMeshComponent'Athena_REM_1x1_Shack_c:PersistentLevel.SM_Farm_Wall_12.StaticMeshComponent0'",
        "ObjectPath": "FortniteGame/Content/Athena/Maps/Buildings/1x1/Athena_REM_1x1_Shack_c.49"
      }
    }
  },
  {
    "Type": "Factory_Wall_3_C",
    "Name": "SM_Farm_Wall_9",
    "Outer": "PersistentLevel",
    "Class": "BlueprintGeneratedClass'FortniteGame/Content/Building/ActorBlueprints/Wall/Factory_Wall_3.Factory_Wall_3_C'",
    "Template": {
      "ObjectName": "Factory_Wall_3_C'Default__Factory_Wall_3_C'",
      "ObjectPath": "FortniteGame/Content/Building/ActorBlueprints/Wall/Factory_Wall_3.1"
    },
    "Properties": {
      "TextureData": {
        "ObjectName": "BuildingTextureData'Crypt_Wall_Ext_Tile_03'",
        "ObjectPath": "FortniteGame/Content/Building/TextureData/WallOuter/Crypt_Wall_Ext_Tile_03.0"
      },
      "TextureData": {
        "ObjectName": "BuildingTextureData'Crypt_Wall_Ext_03'",
        "ObjectPath": "FortniteGame/Content/Building/TextureData/WallOuter/Crypt_Wall_Ext_03.0"
      },
      "StaticMeshComponent": {
        "ObjectName": "StaticMeshComponent'Athena_REM_1x1_Shack_c:PersistentLevel.SM_Farm_Wall_9.StaticMeshComponent0'",
        "ObjectPath": "FortniteGame/Content/Athena/Maps/Buildings/1x1/Athena_REM_1x1_Shack_c.54"
      },
      "BaseMaterial": {
        "ObjectName": "MaterialInstanceConstant'MI_Factory_Brick_1'",
        "ObjectPath": "FortniteGame/Content/Environments/Sets/Factory/Materials/MI_Factory_Brick_1.0"
      },
      "MyGuid": "698B536B-4A2705D1-727616A8-D768104D",
      "DataVersion": 1,
      "CullDistance": 0.0,
      "RootComponent": {
        "ObjectName": "StaticMeshComponent'Athena_REM_1x1_Shack_c:PersistentLevel.SM_Farm_Wall_9.StaticMeshComponent0'",
        "ObjectPath": "FortniteGame/Content/Athena/Maps/Buildings/1x1/Athena_REM_1x1_Shack_c.54"
      }
    }
  },
  {
    "Type": "Factory_Wall_4_C",
    "Name": "SM_Farm_Wall_13",
    "Outer": "PersistentLevel",
    "Class": "BlueprintGeneratedClass'FortniteGame/Content/Building/ActorBlueprints/Wall/Factory_Wall_4.Factory_Wall_4_C'",
    "Template": {
      "ObjectName": "Factory_Wall_4_C'Default__Factory_Wall_4_C'",
      "ObjectPath": "FortniteGame/Content/Building/ActorBlueprints/Wall/Factory_Wall_4.1"
    },
    "Properties": {
      "TextureData": {
        "ObjectName": "BuildingTextureData'Crypt_Wall_Ext_03'",
        "ObjectPath": "FortniteGame/Content/Building/TextureData/WallOuter/Crypt_Wall_Ext_03.0"
      },
      "TextureData": {
        "ObjectName": "BuildingTextureData'Crypt_Wall_Ext_03'",
        "ObjectPath": "FortniteGame/Content/Building/TextureData/WallOuter/Crypt_Wall_Ext_03.0"
      },
      "StaticMeshComponent": {
        "ObjectName": "StaticMeshComponent'Athena_REM_1x1_Shack_c:PersistentLevel.SM_Farm_Wall_13.StaticMeshComponent0'",
        "ObjectPath": "FortniteGame/Content/Athena/Maps/Buildings/1x1/Athena_REM_1x1_Shack_c.50"
      },
      "BaseMaterial": {
        "ObjectName": "MaterialInstanceConstant'MI_Factory_Brick_1'",
        "ObjectPath": "FortniteGame/Content/Environments/Sets/Factory/Materials/MI_Factory_Brick_1.0"
      },
      "MyGuid": "6D5056B6-4E25CF98-3944FB8A-05256AEA",
      "DataVersion": 1,
      "CullDistance": 0.0,
      "RootComponent": {
        "ObjectName": "StaticMeshComponent'Athena_REM_1x1_Shack_c:PersistentLevel.SM_Farm_Wall_13.StaticMeshComponent0'",
        "ObjectPath": "FortniteGame/Content/Athena/Maps/Buildings/1x1/Athena_REM_1x1_Shack_c.50"
      }
    }
  },
  {
    "Type": "Factory_Wall_4_C",
    "Name": "SM_Farm_Wall_14",
    "Outer": "PersistentLevel",
    "Class": "BlueprintGeneratedClass'FortniteGame/Content/Building/ActorBlueprints/Wall/Factory_Wall_4.Factory_Wall_4_C'",
    "Template": {
      "ObjectName": "Factory_Wall_4_C'Default__Factory_Wall_4_C'",
      "ObjectPath": "FortniteGame/Content/Building/ActorBlueprints/Wall/Factory_Wall_4.1"
    },
    "Properties": {
      "TextureData": {
        "ObjectName": "BuildingTextureData'Crypt_Wall_Ext_03'",
        "ObjectPath": "FortniteGame/Content/Building/TextureData/WallOuter/Crypt_Wall_Ext_03.0"
      },
      "TextureData": {
        "ObjectName": "BuildingTextureData'Crypt_Wall_Ext_03'",
        "ObjectPath": "FortniteGame/Content/Building/TextureData/WallOuter/Crypt_Wall_Ext_03.0"
      },
      "StaticMeshComponent": {
        "ObjectName": "StaticMeshComponent'Athena_REM_1x1_Shack_c:PersistentLevel.SM_Farm_Wall_14.StaticMeshComponent0'",
        "ObjectPath": "FortniteGame/Content/Athena/Maps/Buildings/1x1/Athena_REM_1x1_Shack_c.51"
      },
      "BaseMaterial": {
        "ObjectName": "MaterialInstanceConstant'MI_Factory_Brick_1'",
        "ObjectPath": "FortniteGame/Content/Environments/Sets/Factory/Materials/MI_Factory_Brick_1.0"
      },
      "MyGuid": "A0DAB99D-4FC70F67-9B943A8A-D55A075B",
      "DataVersion": 1,
      "CullDistance": 0.0,
      "RootComponent": {
        "ObjectName": "StaticMeshComponent'Athena_REM_1x1_Shack_c:PersistentLevel.SM_Farm_Wall_14.StaticMeshComponent0'",
        "ObjectPath": "FortniteGame/Content/Athena/Maps/Buildings/1x1/Athena_REM_1x1_Shack_c.51"
      }
    }
  },
  {
    "Type": "Factory_Wall_4_C",
    "Name": "SM_Farm_Wall_15",
    "Outer": "PersistentLevel",
    "Class": "BlueprintGeneratedClass'FortniteGame/Content/Building/ActorBlueprints/Wall/Factory_Wall_4.Factory_Wall_4_C'",
    "Template": {
      "ObjectName": "Factory_Wall_4_C'Default__Factory_Wall_4_C'",
      "ObjectPath": "FortniteGame/Content/Building/ActorBlueprints/Wall/Factory_Wall_4.1"
    },
    "Properties": {
      "TextureData": {
        "ObjectName": "BuildingTextureData'Crypt_Wall_Ext_03'",
        "ObjectPath": "FortniteGame/Content/Building/TextureData/WallOuter/Crypt_Wall_Ext_03.0"
      },
      "TextureData": {
        "ObjectName": "BuildingTextureData'Crypt_Wall_Ext_03'",
        "ObjectPath": "FortniteGame/Content/Building/TextureData/WallOuter/Crypt_Wall_Ext_03.0"
      },
      "StaticMeshComponent": {
        "ObjectName": "StaticMeshComponent'Athena_REM_1x1_Shack_c:PersistentLevel.SM_Farm_Wall_15.StaticMeshComponent0'",
        "ObjectPath": "FortniteGame/Content/Athena/Maps/Buildings/1x1/Athena_REM_1x1_Shack_c.52"
      },
      "BaseMaterial": {
        "ObjectName": "MaterialInstanceConstant'MI_Factory_Brick_1'",
        "ObjectPath": "FortniteGame/Content/Environments/Sets/Factory/Materials/MI_Factory_Brick_1.0"
      },
      "MyGuid": "92A8B987-4930D0B7-688EBA94-5D66F33D",
      "DataVersion": 1,
      "CullDistance": 0.0,
      "RootComponent": {
        "ObjectName": "StaticMeshComponent'Athena_REM_1x1_Shack_c:PersistentLevel.SM_Farm_Wall_15.StaticMeshComponent0'",
        "ObjectPath": "FortniteGame/Content/Athena/Maps/Buildings/1x1/Athena_REM_1x1_Shack_c.52"
      }
    }
  },
  {
    "Type": "Factory_Wall_4_C",
    "Name": "SM_Farm_Wall_16",
    "Outer": "PersistentLevel",
    "Class": "BlueprintGeneratedClass'FortniteGame/Content/Building/ActorBlueprints/Wall/Factory_Wall_4.Factory_Wall_4_C'",
    "Template": {
      "ObjectName": "Factory_Wall_4_C'Default__Factory_Wall_4_C'",
      "ObjectPath": "FortniteGame/Content/Building/ActorBlueprints/Wall/Factory_Wall_4.1"
    },
    "Properties": {
      "TextureData": {
        "ObjectName": "BuildingTextureData'Crypt_Wall_Ext_03'",
        "ObjectPath": "FortniteGame/Content/Building/TextureData/WallOuter/Crypt_Wall_Ext_03.0"
      },
      "TextureData": {
        "ObjectName": "BuildingTextureData'Crypt_Wall_Ext_03'",
        "ObjectPath": "FortniteGame/Content/Building/TextureData/WallOuter/Crypt_Wall_Ext_03.0"
      },
      "StaticMeshComponent": {
        "ObjectName": "StaticMeshComponent'Athena_REM_1x1_Shack_c:PersistentLevel.SM_Farm_Wall_16.StaticMeshComponent0'",
        "ObjectPath": "FortniteGame/Content/Athena/Maps/Buildings/1x1/Athena_REM_1x1_Shack_c.53"
      },
      "BaseMaterial": {
        "ObjectName": "MaterialInstanceConstant'MI_Factory_Brick_1'",
        "ObjectPath": "FortniteGame/Content/Environments/Sets/Factory/Materials/MI_Factory_Brick_1.0"
      },
      "MyGuid": "C1016275-46A87D42-06CAB2AD-0C65583D",
      "DataVersion": 1,
      "CullDistance": 0.0,
      "RootComponent": {
        "ObjectName": "StaticMeshComponent'Athena_REM_1x1_Shack_c:PersistentLevel.SM_Farm_Wall_16.StaticMeshComponent0'",
        "ObjectPath": "FortniteGame/Content/Athena/Maps/Buildings/1x1/Athena_REM_1x1_Shack_c.53"
      }
    }
  },
  {
    "Type": "Farm_Roof1_Peak_C",
    "Name": "SM_Farm_Roof1_PeakCap_7",
    "Outer": "PersistentLevel",
    "Class": "BlueprintGeneratedClass'FortniteGame/Content/Building/ActorBlueprints/Roof/Farm_Roof1_Peak.Farm_Roof1_Peak_C'",
    "Template": {
      "ObjectName": "Farm_Roof1_Peak_C'Default__Farm_Roof1_Peak_C'",
      "ObjectPath": "FortniteGame/Content/Building/ActorBlueprints/Roof/Farm_Roof1_Peak.1"
    },
    "Properties": {
      "TextureData": {
        "ObjectName": "BuildingTextureData'MI_Farm_Wood_2'",
        "ObjectPath": "FortniteGame/Content/Building/TextureData/WallOuter/MI_Farm_Wood_2.0"
      },
      "TextureData": {
        "ObjectName": "BuildingTextureData'MI_Farm_Wood_2'",
        "ObjectPath": "FortniteGame/Content/Building/TextureData/WallOuter/MI_Farm_Wood_2.0"
      },
      "StaticMeshComponent": {
        "ObjectName": "StaticMeshComponent'Athena_REM_1x1_Shack_c:PersistentLevel.SM_Farm_Roof1_PeakCap_7.StaticMeshComponent0'",
        "ObjectPath": "FortniteGame/Content/Athena/Maps/Buildings/1x1/Athena_REM_1x1_Shack_c.46"
      },
      "BaseMaterial": {
        "ObjectName": "MaterialInstanceConstant'M_Fort_Farm_Barn_1'",
        "ObjectPath": "FortniteGame/Content/Environments/Sets/Barn/Materials/M_Fort_Farm_Barn_1.0"
      },
      "MyGuid": "F459343F-4F761764-5E04DB9C-D848848B",
      "DataVersion": 1,
      "CullDistance": 0.0,
      "RootComponent": {
        "ObjectName": "StaticMeshComponent'Athena_REM_1x1_Shack_c:PersistentLevel.SM_Farm_Roof1_PeakCap_7.StaticMeshComponent0'",
        "ObjectPath": "FortniteGame/Content/Athena/Maps/Buildings/1x1/Athena_REM_1x1_Shack_c.46"
      }
    }
  },
  {
    "Type": "FortWorldSettings",
    "Name": "FortWorldSettings",
    "Outer": "PersistentLevel",
    "Class": "UScriptClass'FortWorldSettings'",
    "Properties": {
      "WorldCells": [
        2147483647,
        1
      ],
      "WorldCellsOrigin": {
        "X": 512.0,
        "Y": 512.0,
        "Z": 0.0
      },
      "MinCullObjectSize": 64.0,
      "MinCullDistance": 2800.0,
      "MaxCullObjectSize": 1000.0,
      "MaxCullDistance": 40000.0,
      "bEnableNavigationSystem": false,
      "NavigationSystemConfig": {
        "ObjectName": "NavigationSystemModuleConfig'Athena_REM_1x1_Shack_c:PersistentLevel.FortWorldSettings.NavigationSystemConfig_0'",
        "ObjectPath": "FortniteGame/Content/Athena/Maps/Buildings/1x1/Athena_REM_1x1_Shack_c.28"
      },
      "BookmarkArray": [
        null,
        null,
        null,
        null,
        null,
        null,
        null,
        null,
        null,
        null
      ]
    }
  },
  {
    "Type": "Level",
    "Name": "PersistentLevel",
    "Outer": "Athena_REM_1x1_Shack_c",
    "Class": "UScriptClass'Level'",
    "Properties": {
      "Model": {
        "ObjectName": "Model'Athena_REM_1x1_Shack_c:PersistentLevel.Model_0'",
        "ObjectPath": "FortniteGame/Content/Athena/Maps/Buildings/1x1/Athena_REM_1x1_Shack_c.27"
      },
      "LevelScriptActor": {
        "ObjectName": "Athena_REM_1x1_Shack_c_C'Athena_REM_1x1_Shack_c:PersistentLevel.Athena_REM_1x1_Shack_c_C_0'",
        "ObjectPath": "FortniteGame/Content/Athena/Maps/Buildings/1x1/Athena_REM_1x1_Shack_c.4"
      },
      "LevelBuildDataId": "C71B9650-41EAE581-BBE41581-8F1B3E5F",
      "WorldSettings": {
        "ObjectName": "FortWorldSettings'Athena_REM_1x1_Shack_c:PersistentLevel.FortWorldSettings'",
        "ObjectPath": "FortniteGame/Content/Athena/Maps/Buildings/1x1/Athena_REM_1x1_Shack_c.23"
      }
    },
    "Actors": [
      {
        "ObjectName": "FortWorldSettings'Athena_REM_1x1_Shack_c:PersistentLevel.FortWorldSettings'",
        "ObjectPath": "FortniteGame/Content/Athena/Maps/Buildings/1x1/Athena_REM_1x1_Shack_c.23"
      },
      null,
      {
        "ObjectName": "LevelBounds'Athena_REM_1x1_Shack_c:PersistentLevel.LevelBounds_0'",
        "ObjectPath": "FortniteGame/Content/Athena/Maps/Buildings/1x1/Athena_REM_1x1_Shack_c.25"
      },
      {
        "ObjectName": "LODActor'Athena_REM_1x1_Shack_c:PersistentLevel.LODActor_0'",
        "ObjectPath": "FortniteGame/Content/Athena/Maps/Buildings/1x1/Athena_REM_1x1_Shack_c.26"
      },
      {
        "ObjectName": "SM_Farm_Roof1_PeakCap_C'Athena_REM_1x1_Shack_c:PersistentLevel.SM_Farm_Roof1_PeakCap_5'",
        "ObjectPath": "FortniteGame/Content/Athena/Maps/Buildings/1x1/Athena_REM_1x1_Shack_c.29"
      },
      {
        "ObjectName": "SM_Farm_Roof1_PeakCap_C'Athena_REM_1x1_Shack_c:PersistentLevel.SM_Farm_Roof1_PeakCap_6'",
        "ObjectPath": "FortniteGame/Content/Athena/Maps/Buildings/1x1/Athena_REM_1x1_Shack_c.30"
      },
      {
        "ObjectName": "Farm_Roof1_Peak_C'Athena_REM_1x1_Shack_c:PersistentLevel.SM_Farm_Roof1_PeakCap_7'",
        "ObjectPath": "FortniteGame/Content/Athena/Maps/Buildings/1x1/Athena_REM_1x1_Shack_c.22"
      },
      {
        "ObjectName": "SM_FORT_Floors_Generic_BasicTileBeams_C'Athena_REM_1x1_Shack_c:PersistentLevel.Boardwalk_Floor_15'",
        "ObjectPath": "FortniteGame/Content/Athena/Maps/Buildings/1x1/Athena_REM_1x1_Shack_c.31"
      },
      {
        "ObjectName": "Factory_Wall_17_C'Athena_REM_1x1_Shack_c:PersistentLevel.SM_Farm_Wall_11'",
        "ObjectPath": "FortniteGame/Content/Athena/Maps/Buildings/1x1/Athena_REM_1x1_Shack_c.14"
      },
      {
        "ObjectName": "Factory_Wall_3_C'Athena_REM_1x1_Shack_c:PersistentLevel.SM_Farm_Wall_9'",
        "ObjectPath": "FortniteGame/Content/Athena/Maps/Buildings/1x1/Athena_REM_1x1_Shack_c.17"
      },
      {
        "ObjectName": "Factory_Wall_3_C'Athena_REM_1x1_Shack_c:PersistentLevel.SM_Farm_Wall_10'",
        "ObjectPath": "FortniteGame/Content/Athena/Maps/Buildings/1x1/Athena_REM_1x1_Shack_c.15"
      },
      {
        "ObjectName": "Factory_Wall_3_C'Athena_REM_1x1_Shack_c:PersistentLevel.SM_Farm_Wall_12'",
        "ObjectPath": "FortniteGame/Content/Athena/Maps/Buildings/1x1/Athena_REM_1x1_Shack_c.16"
      },
      {
        "ObjectName": "Factory_Wall_4_C'Athena_REM_1x1_Shack_c:PersistentLevel.SM_Farm_Wall_13'",
        "ObjectPath": "FortniteGame/Content/Athena/Maps/Buildings/1x1/Athena_REM_1x1_Shack_c.18"
      },
      {
        "ObjectName": "Factory_Wall_4_C'Athena_REM_1x1_Shack_c:PersistentLevel.SM_Farm_Wall_14'",
        "ObjectPath": "FortniteGame/Content/Athena/Maps/Buildings/1x1/Athena_REM_1x1_Shack_c.19"
      },
      {
        "ObjectName": "Factory_Wall_4_C'Athena_REM_1x1_Shack_c:PersistentLevel.SM_Farm_Wall_15'",
        "ObjectPath": "FortniteGame/Content/Athena/Maps/Buildings/1x1/Athena_REM_1x1_Shack_c.20"
      },
      {
        "ObjectName": "Factory_Wall_4_C'Athena_REM_1x1_Shack_c:PersistentLevel.SM_Farm_Wall_16'",
        "ObjectPath": "FortniteGame/Content/Athena/Maps/Buildings/1x1/Athena_REM_1x1_Shack_c.21"
      },
      {
        "ObjectName": "Factory_4c_ThreeQuarter_C'Athena_REM_1x1_Shack_c:PersistentLevel.Factory_4c_ThreeQuarter_2'",
        "ObjectPath": "FortniteGame/Content/Athena/Maps/Buildings/1x1/Athena_REM_1x1_Shack_c.13"
      },
      {
        "ObjectName": "Factory_4c_ThreeQuarter_C'Athena_REM_1x1_Shack_c:PersistentLevel.Factory_4c_ThreeQuarter2'",
        "ObjectPath": "FortniteGame/Content/Athena/Maps/Buildings/1x1/Athena_REM_1x1_Shack_c.6"
      },
      {
        "ObjectName": "Factory_4c_ThreeQuarter_C'Athena_REM_1x1_Shack_c:PersistentLevel.Factory_4c_ThreeQuarter3'",
        "ObjectPath": "FortniteGame/Content/Athena/Maps/Buildings/1x1/Athena_REM_1x1_Shack_c.7"
      },
      {
        "ObjectName": "Factory_4c_ThreeQuarter_C'Athena_REM_1x1_Shack_c:PersistentLevel.Factory_4c_ThreeQuarter4'",
        "ObjectPath": "FortniteGame/Content/Athena/Maps/Buildings/1x1/Athena_REM_1x1_Shack_c.8"
      },
      {
        "ObjectName": "Factory_4c_ThreeQuarter_C'Athena_REM_1x1_Shack_c:PersistentLevel.Factory_4c_ThreeQuarter5'",
        "ObjectPath": "FortniteGame/Content/Athena/Maps/Buildings/1x1/Athena_REM_1x1_Shack_c.9"
      },
      {
        "ObjectName": "Factory_4c_ThreeQuarter_C'Athena_REM_1x1_Shack_c:PersistentLevel.Factory_4c_ThreeQuarter6'",
        "ObjectPath": "FortniteGame/Content/Athena/Maps/Buildings/1x1/Athena_REM_1x1_Shack_c.10"
      },
      {
        "ObjectName": "Factory_4c_ThreeQuarter_C'Athena_REM_1x1_Shack_c:PersistentLevel.Factory_4c_ThreeQuarter7'",
        "ObjectPath": "FortniteGame/Content/Athena/Maps/Buildings/1x1/Athena_REM_1x1_Shack_c.11"
      },
      {
        "ObjectName": "Factory_4c_ThreeQuarter_C'Athena_REM_1x1_Shack_c:PersistentLevel.Factory_4c_ThreeQuarter8'",
        "ObjectPath": "FortniteGame/Content/Athena/Maps/Buildings/1x1/Athena_REM_1x1_Shack_c.12"
      },
      {
        "ObjectName": "TrashPile_05_C'Athena_REM_1x1_Shack_c:PersistentLevel.TrashPile_05_2'",
        "ObjectPath": "FortniteGame/Content/Athena/Maps/Buildings/1x1/Athena_REM_1x1_Shack_c.58"
      },
      {
        "ObjectName": "Tiered_Athena_FloorLoot_01_C'Athena_REM_1x1_Shack_c:PersistentLevel.Tiered_Athena_FloorLoot_01_2'",
        "ObjectPath": "FortniteGame/Content/Athena/Maps/Buildings/1x1/Athena_REM_1x1_Shack_c.57"
      },
      {
        "ObjectName": "Athena_Prop_Living_EasyChair_02_C'Athena_REM_1x1_Shack_c:PersistentLevel.Living_EasyChair_02_2'",
        "ObjectPath": "FortniteGame/Content/Athena/Maps/Buildings/1x1/Athena_REM_1x1_Shack_c.2"
      },
      {
        "ObjectName": "Athena_Prop_Office_FileCabinet01a_C'Athena_REM_1x1_Shack_c:PersistentLevel.Office_FileCabinet01a_2'",
        "ObjectPath": "FortniteGame/Content/Athena/Maps/Buildings/1x1/Athena_REM_1x1_Shack_c.3"
      },
      {
        "ObjectName": "Athena_REM_1x1_Shack_c_C'Athena_REM_1x1_Shack_c:PersistentLevel.Athena_REM_1x1_Shack_c_C_0'",
        "ObjectPath": "FortniteGame/Content/Athena/Maps/Buildings/1x1/Athena_REM_1x1_Shack_c.4"
      }
    ],
    "URL": {
      "Protocol": "unreal",
      "Host": "",
      "Port": 7777,
      "Valid": true,
      "Map": "/Game/Maps/Frontend",
      "Op": [],
      "Portal": ""
    },
    "Model": {
      "ObjectName": "Model'Athena_REM_1x1_Shack_c:PersistentLevel.Model_0'",
      "ObjectPath": "FortniteGame/Content/Athena/Maps/Buildings/1x1/Athena_REM_1x1_Shack_c.27"
    },
    "ModelComponents": [],
    "LevelScriptActor": {
      "ObjectName": "Athena_REM_1x1_Shack_c_C'Athena_REM_1x1_Shack_c:PersistentLevel.Athena_REM_1x1_Shack_c_C_0'",
      "ObjectPath": "FortniteGame/Content/Athena/Maps/Buildings/1x1/Athena_REM_1x1_Shack_c.4"
    },
    "NavListStart": null,
    "NavListEnd": null,
    "PrecomputedVisibilityHandler": {
      "PrecomputedVisibilityCellBucketOriginXY": {
        "X": 0.0,
        "Y": 0.0
      },
      "PrecomputedVisibilityCellSizeXY": 0.0,
      "PrecomputedVisibilityCellSizeZ": 0.0,
      "PrecomputedVisibilityCellBucketSizeXY": 0,
      "PrecomputedVisibilityNumCellBuckets": 0,
      "PrecomputedVisibilityCellBuckets": []
    },
    "PrecomputedVolumeDistanceField": {
      "VolumeMaxDistance": 0.0,
      "VolumeBox": {
        "Min": {
          "X": 0.0,
          "Y": 0.0,
          "Z": 0.0
        },
        "Max": {
          "X": 0.0,
          "Y": 0.0,
          "Z": 0.0
        },
        "IsValid": 0
      },
      "VolumeSizeX": 0,
      "VolumeSizeY": 0,
      "VolumeSizeZ": 0,
      "Data": []
    }
  },
  {
    "Type": "LevelBounds",
    "Name": "LevelBounds_0",
    "Outer": "PersistentLevel",
    "Class": "UScriptClass'LevelBounds'",
    "Properties": {
      "RootComponent": {
        "ObjectName": "BoxComponent'Athena_REM_1x1_Shack_c:PersistentLevel.LevelBounds_0.BoxComponent0'",
        "ObjectPath": "FortniteGame/Content/Athena/Maps/Buildings/1x1/Athena_REM_1x1_Shack_c.5"
      }
    }
  },
  {
    "Type": "LODActor",
    "Name": "LODActor_0",
    "Outer": "PersistentLevel",
    "Class": "UScriptClass'LODActor'",
    "Properties": {
      "StaticMeshComponent": {
        "ObjectName": "StaticMeshComponent'Athena_REM_1x1_Shack_c:PersistentLevel.LODActor_0.StaticMeshComponent0'",
        "ObjectPath": "FortniteGame/Content/Athena/Maps/Buildings/1x1/Athena_REM_1x1_Shack_c.42"
      },
      "Proxy": {
        "ObjectName": "HLODProxy'Athena_REM_1x1_Shack_c_0_HLOD'",
        "ObjectPath": "FortniteGame/Content/Athena/Maps/Buildings/1x1/HLOD/Athena_REM_1x1_Shack_c_0_HLOD.1"
      },
      "Key": "76927B120C6645ACB9200E7FB8896AC3_B571FE314FAFC10D0FE079B2C6B11816_B6397B6E_1B864DD1_E1A51B2C_ProxyLODMeshReduction",
      "LODDrawDistance": 22776.027,
      "LODLevel": 1,
      "SubActors": [
        {
          "ObjectName": "SM_Farm_Roof1_PeakCap_C'Athena_REM_1x1_Shack_c:PersistentLevel.SM_Farm_Roof1_PeakCap_5'",
          "ObjectPath": "FortniteGame/Content/Athena/Maps/Buildings/1x1/Athena_REM_1x1_Shack_c.29"
        },
        {
          "ObjectName": "SM_Farm_Roof1_PeakCap_C'Athena_REM_1x1_Shack_c:PersistentLevel.SM_Farm_Roof1_PeakCap_6'",
          "ObjectPath": "FortniteGame/Content/Athena/Maps/Buildings/1x1/Athena_REM_1x1_Shack_c.30"
        },
        {
          "ObjectName": "Farm_Roof1_Peak_C'Athena_REM_1x1_Shack_c:PersistentLevel.SM_Farm_Roof1_PeakCap_7'",
          "ObjectPath": "FortniteGame/Content/Athena/Maps/Buildings/1x1/Athena_REM_1x1_Shack_c.22"
        },
        {
          "ObjectName": "SM_FORT_Floors_Generic_BasicTileBeams_C'Athena_REM_1x1_Shack_c:PersistentLevel.Boardwalk_Floor_15'",
          "ObjectPath": "FortniteGame/Content/Athena/Maps/Buildings/1x1/Athena_REM_1x1_Shack_c.31"
        },
        {
          "ObjectName": "Factory_Wall_17_C'Athena_REM_1x1_Shack_c:PersistentLevel.SM_Farm_Wall_11'",
          "ObjectPath": "FortniteGame/Content/Athena/Maps/Buildings/1x1/Athena_REM_1x1_Shack_c.14"
        },
        {
          "ObjectName": "Factory_Wall_3_C'Athena_REM_1x1_Shack_c:PersistentLevel.SM_Farm_Wall_9'",
          "ObjectPath": "FortniteGame/Content/Athena/Maps/Buildings/1x1/Athena_REM_1x1_Shack_c.17"
        },
        {
          "ObjectName": "Factory_Wall_3_C'Athena_REM_1x1_Shack_c:PersistentLevel.SM_Farm_Wall_10'",
          "ObjectPath": "FortniteGame/Content/Athena/Maps/Buildings/1x1/Athena_REM_1x1_Shack_c.15"
        },
        {
          "ObjectName": "Factory_Wall_3_C'Athena_REM_1x1_Shack_c:PersistentLevel.SM_Farm_Wall_12'",
          "ObjectPath": "FortniteGame/Content/Athena/Maps/Buildings/1x1/Athena_REM_1x1_Shack_c.16"
        },
        {
          "ObjectName": "Factory_Wall_4_C'Athena_REM_1x1_Shack_c:PersistentLevel.SM_Farm_Wall_13'",
          "ObjectPath": "FortniteGame/Content/Athena/Maps/Buildings/1x1/Athena_REM_1x1_Shack_c.18"
        },
        {
          "ObjectName": "Factory_Wall_4_C'Athena_REM_1x1_Shack_c:PersistentLevel.SM_Farm_Wall_14'",
          "ObjectPath": "FortniteGame/Content/Athena/Maps/Buildings/1x1/Athena_REM_1x1_Shack_c.19"
        },
        {
          "ObjectName": "Factory_Wall_4_C'Athena_REM_1x1_Shack_c:PersistentLevel.SM_Farm_Wall_15'",
          "ObjectPath": "FortniteGame/Content/Athena/Maps/Buildings/1x1/Athena_REM_1x1_Shack_c.20"
        },
        {
          "ObjectName": "Factory_Wall_4_C'Athena_REM_1x1_Shack_c:PersistentLevel.SM_Farm_Wall_16'",
          "ObjectPath": "FortniteGame/Content/Athena/Maps/Buildings/1x1/Athena_REM_1x1_Shack_c.21"
        },
        {
          "ObjectName": "Factory_4c_ThreeQuarter_C'Athena_REM_1x1_Shack_c:PersistentLevel.Factory_4c_ThreeQuarter_2'",
          "ObjectPath": "FortniteGame/Content/Athena/Maps/Buildings/1x1/Athena_REM_1x1_Shack_c.13"
        },
        {
          "ObjectName": "Factory_4c_ThreeQuarter_C'Athena_REM_1x1_Shack_c:PersistentLevel.Factory_4c_ThreeQuarter2'",
          "ObjectPath": "FortniteGame/Content/Athena/Maps/Buildings/1x1/Athena_REM_1x1_Shack_c.6"
        },
        {
          "ObjectName": "Factory_4c_ThreeQuarter_C'Athena_REM_1x1_Shack_c:PersistentLevel.Factory_4c_ThreeQuarter3'",
          "ObjectPath": "FortniteGame/Content/Athena/Maps/Buildings/1x1/Athena_REM_1x1_Shack_c.7"
        },
        {
          "ObjectName": "Factory_4c_ThreeQuarter_C'Athena_REM_1x1_Shack_c:PersistentLevel.Factory_4c_ThreeQuarter4'",
          "ObjectPath": "FortniteGame/Content/Athena/Maps/Buildings/1x1/Athena_REM_1x1_Shack_c.8"
        },
        {
          "ObjectName": "Factory_4c_ThreeQuarter_C'Athena_REM_1x1_Shack_c:PersistentLevel.Factory_4c_ThreeQuarter5'",
          "ObjectPath": "FortniteGame/Content/Athena/Maps/Buildings/1x1/Athena_REM_1x1_Shack_c.9"
        },
        {
          "ObjectName": "Factory_4c_ThreeQuarter_C'Athena_REM_1x1_Shack_c:PersistentLevel.Factory_4c_ThreeQuarter6'",
          "ObjectPath": "FortniteGame/Content/Athena/Maps/Buildings/1x1/Athena_REM_1x1_Shack_c.10"
        },
        {
          "ObjectName": "Factory_4c_ThreeQuarter_C'Athena_REM_1x1_Shack_c:PersistentLevel.Factory_4c_ThreeQuarter7'",
          "ObjectPath": "FortniteGame/Content/Athena/Maps/Buildings/1x1/Athena_REM_1x1_Shack_c.11"
        },
        {
          "ObjectName": "Factory_4c_ThreeQuarter_C'Athena_REM_1x1_Shack_c:PersistentLevel.Factory_4c_ThreeQuarter8'",
          "ObjectPath": "FortniteGame/Content/Athena/Maps/Buildings/1x1/Athena_REM_1x1_Shack_c.12"
        }
      ],
      "RootComponent": {
        "ObjectName": "StaticMeshComponent'Athena_REM_1x1_Shack_c:PersistentLevel.LODActor_0.StaticMeshComponent0'",
        "ObjectPath": "FortniteGame/Content/Athena/Maps/Buildings/1x1/Athena_REM_1x1_Shack_c.42"
      }
    }
  },
  {
    "Type": "Model",
    "Name": "Model_0",
    "Outer": "PersistentLevel",
    "Class": "UScriptClass'Model'",
    "Bounds": {
      "Origin": {
        "X": 0.0,
        "Y": 0.0,
        "Z": 0.0
      },
      "BoxExtent": {
        "X": 0.0,
        "Y": 0.0,
        "Z": 0.0
      },
      "SphereRadius": 0.0
    },
    "Vectors": [],
    "Points": [],
    "Nodes": [],
    "Surfs": [],
    "NumSharedSides": 4,
    "VertexBuffer": {
      "Vertices": []
    },
    "LightingGuid": "D31F3537-4B028138-687BE2B0-F97BDB76",
    "LightmassSettings": []
  },
  {
    "Type": "NavigationSystemModuleConfig",
    "Name": "NavigationSystemConfig_0",
    "Outer": "FortWorldSettings",
    "Class": "UScriptClass'NavigationSystemModuleConfig'",
    "Properties": {
      "bAutoSpawnMissingNavData": true,
      "NavigationSystemClass": {
        "AssetPathName": "/Script/FortniteGame.FortNavSystem",
        "SubPathString": ""
      }
    }
  },
  {
    "Type": "SM_Farm_Roof1_PeakCap_C",
    "Name": "SM_Farm_Roof1_PeakCap_5",
    "Outer": "PersistentLevel",
    "Class": "BlueprintGeneratedClass'FortniteGame/Content/Building/ActorBlueprints/Wall/SM_Farm_Roof1_PeakCap.SM_Farm_Roof1_PeakCap_C'",
    "Template": {
      "ObjectName": "SM_Farm_Roof1_PeakCap_C'Default__SM_Farm_Roof1_PeakCap_C'",
      "ObjectPath": "FortniteGame/Content/Building/ActorBlueprints/Wall/SM_Farm_Roof1_PeakCap.1"
    },
    "Properties": {
      "TextureData": {
        "ObjectName": "BuildingTextureData'Crypt_Wall_Ext_Tile_03'",
        "ObjectPath": "FortniteGame/Content/Building/TextureData/WallOuter/Crypt_Wall_Ext_Tile_03.0"
      },
      "TextureData": {
        "ObjectName": "BuildingTextureData'Crypt_Wall_Ext_Tile_03'",
        "ObjectPath": "FortniteGame/Content/Building/TextureData/WallOuter/Crypt_Wall_Ext_Tile_03.0"
      },
      "ResourceType": "EFortResourceType::Stone",
      "StaticMeshComponent": {
        "ObjectName": "StaticMeshComponent'Athena_REM_1x1_Shack_c:PersistentLevel.SM_Farm_Roof1_PeakCap_5.StaticMeshComponent0'",
        "ObjectPath": "FortniteGame/Content/Athena/Maps/Buildings/1x1/Athena_REM_1x1_Shack_c.44"
      },
      "BaseMaterial": {
        "ObjectName": "MaterialInstanceConstant'M_Fort_Farm_Barn_1'",
        "ObjectPath": "FortniteGame/Content/Environments/Sets/Barn/Materials/M_Fort_Farm_Barn_1.0"
      },
      "MyGuid": "C66435CA-428A4AE8-A943FA86-845E7B76",
      "DataVersion": 1,
      "CullDistance": 0.0,
      "RootComponent": {
        "ObjectName": "StaticMeshComponent'Athena_REM_1x1_Shack_c:PersistentLevel.SM_Farm_Roof1_PeakCap_5.StaticMeshComponent0'",
        "ObjectPath": "FortniteGame/Content/Athena/Maps/Buildings/1x1/Athena_REM_1x1_Shack_c.44"
      }
    }
  },
  {
    "Type": "SM_Farm_Roof1_PeakCap_C",
    "Name": "SM_Farm_Roof1_PeakCap_6",
    "Outer": "PersistentLevel",
    "Class": "BlueprintGeneratedClass'FortniteGame/Content/Building/ActorBlueprints/Wall/SM_Farm_Roof1_PeakCap.SM_Farm_Roof1_PeakCap_C'",
    "Template": {
      "ObjectName": "SM_Farm_Roof1_PeakCap_C'Default__SM_Farm_Roof1_PeakCap_C'",
      "ObjectPath": "FortniteGame/Content/Building/ActorBlueprints/Wall/SM_Farm_Roof1_PeakCap.1"
    },
    "Properties": {
      "TextureData": {
        "ObjectName": "BuildingTextureData'Crypt_Wall_Ext_Tile_03'",
        "ObjectPath": "FortniteGame/Content/Building/TextureData/WallOuter/Crypt_Wall_Ext_Tile_03.0"
      },
      "TextureData": {
        "ObjectName": "BuildingTextureData'Crypt_Wall_Ext_Tile_03'",
        "ObjectPath": "FortniteGame/Content/Building/TextureData/WallOuter/Crypt_Wall_Ext_Tile_03.0"
      },
      "ResourceType": "EFortResourceType::Stone",
      "StaticMeshComponent": {
        "ObjectName": "StaticMeshComponent'Athena_REM_1x1_Shack_c:PersistentLevel.SM_Farm_Roof1_PeakCap_6.StaticMeshComponent0'",
        "ObjectPath": "FortniteGame/Content/Athena/Maps/Buildings/1x1/Athena_REM_1x1_Shack_c.45"
      },
      "BaseMaterial": {
        "ObjectName": "MaterialInstanceConstant'M_Fort_Farm_Barn_1'",
        "ObjectPath": "FortniteGame/Content/Environments/Sets/Barn/Materials/M_Fort_Farm_Barn_1.0"
      },
      "MyGuid": "FF01EC8D-4D1CFFDC-9E786DBE-DB0C2276",
      "DataVersion": 1,
      "CullDistance": 0.0,
      "RootComponent": {
        "ObjectName": "StaticMeshComponent'Athena_REM_1x1_Shack_c:PersistentLevel.SM_Farm_Roof1_PeakCap_6.StaticMeshComponent0'",
        "ObjectPath": "FortniteGame/Content/Athena/Maps/Buildings/1x1/Athena_REM_1x1_Shack_c.45"
      }
    }
  },
  {
    "Type": "SM_FORT_Floors_Generic_BasicTileBeams_C",
    "Name": "Boardwalk_Floor_15",
    "Outer": "PersistentLevel",
    "Class": "BlueprintGeneratedClass'FortniteGame/Content/Building/ActorBlueprints/Floor/SM_FORT_Floors_Generic_BasicTileBeams.SM_FORT_Floors_Generic_BasicTileBeams_C'",
    "Template": {
      "ObjectName": "SM_FORT_Floors_Generic_BasicTileBeams_C'Default__SM_FORT_Floors_Generic_BasicTileBeams_C'",
      "ObjectPath": "FortniteGame/Content/Building/ActorBlueprints/Floor/SM_FORT_Floors_Generic_BasicTileBeams.1"
    },
    "Properties": {
      "TextureData": {
        "ObjectName": "BuildingTextureData'TileFloor3_Tan_Worn'",
        "ObjectPath": "FortniteGame/Content/Building/TextureData/FloorTexture/TileFloor3_Tan_Worn.0"
      },
      "ResourceType": "EFortResourceType::Stone",
      "StaticMeshComponent": {
        "ObjectName": "StaticMeshComponent'Athena_REM_1x1_Shack_c:PersistentLevel.Boardwalk_Floor_15.StaticMeshComponent0'",
        "ObjectPath": "FortniteGame/Content/Athena/Maps/Buildings/1x1/Athena_REM_1x1_Shack_c.32"
      },
      "BaseMaterial": {
        "ObjectName": "MaterialInstanceConstant'MI_Fort_Floors_Generic_TilesAndGarbage_Tan'",
        "ObjectPath": "FortniteGame/Content/Packages/Fortress_Floors_Generic/SM/Materials/MI_Fort_Floors_Generic_TilesAndGarbage_Tan.0"
      },
      "MyGuid": "1BD3125A-40727580-83656281-EB971347",
      "DataVersion": 1,
      "CullDistance": 0.0,
      "RootComponent": {
        "ObjectName": "StaticMeshComponent'Athena_REM_1x1_Shack_c:PersistentLevel.Boardwalk_Floor_15.StaticMeshComponent0'",
        "ObjectPath": "FortniteGame/Content/Athena/Maps/Buildings/1x1/Athena_REM_1x1_Shack_c.32"
      }
    }
  },
  {
    "Type": "StaticMeshComponent",
    "Name": "StaticMeshComponent0",
    "Outer": "Boardwalk_Floor_15",
    "Class": "UScriptClass'StaticMeshComponent'",
    "Template": {
      "ObjectName": "StaticMeshComponent'Default__SM_FORT_Floors_Generic_BasicTileBeams_C:StaticMeshComponent0'",
      "ObjectPath": "FortniteGame/Content/Building/ActorBlueprints/Floor/SM_FORT_Floors_Generic_BasicTileBeams.4"
    },
    "Properties": {
      "OverrideMaterials": [
        {
          "ObjectName": "MaterialInstanceConstant'MI_Fort_Floors_Generic_TilesAndGarbage_Tan'",
          "ObjectPath": "FortniteGame/Content/Packages/Fortress_Floors_Generic/SM/Materials/MI_Fort_Floors_Generic_TilesAndGarbage_Tan.0"
        }
      ],
      "LODParentPrimitive": {
        "ObjectName": "StaticMeshComponent'Athena_REM_1x1_Shack_c:PersistentLevel.LODActor_0.StaticMeshComponent0'",
        "ObjectPath": "FortniteGame/Content/Athena/Maps/Buildings/1x1/Athena_REM_1x1_Shack_c.42"
      },
      "RelativeLocation": {
        "X": 0.0,
        "Y": -256.0,
        "Z": 0.0
      }
    }
  },
  {
    "Type": "StaticMeshComponent",
    "Name": "StaticMeshComponent0",
    "Outer": "Factory_4c_ThreeQuarter2",
    "Class": "UScriptClass'StaticMeshComponent'",
    "Template": {
      "ObjectName": "StaticMeshComponent'Default__Factory_4c_ThreeQuarter_C:StaticMeshComponent0'",
      "ObjectPath": "FortniteGame/Content/Building/ActorBlueprints/Corner/Factory_4c_ThreeQuarter.4"
    },
    "Properties": {
      "OverrideMaterials": [
        null
      ],
      "LODParentPrimitive": {
        "ObjectName": "StaticMeshComponent'Athena_REM_1x1_Shack_c:PersistentLevel.LODActor_0.StaticMeshComponent0'",
        "ObjectPath": "FortniteGame/Content/Athena/Maps/Buildings/1x1/Athena_REM_1x1_Shack_c.42"
      },
      "RelativeLocation": {
        "X": -256.0,
        "Y": 256.0,
        "Z": 0.0
      }
    }
  },
  {
    "Type": "StaticMeshComponent",
    "Name": "StaticMeshComponent0",
    "Outer": "Factory_4c_ThreeQuarter3",
    "Class": "UScriptClass'StaticMeshComponent'",
    "Template": {
      "ObjectName": "StaticMeshComponent'Default__Factory_4c_ThreeQuarter_C:StaticMeshComponent0'",
      "ObjectPath": "FortniteGame/Content/Building/ActorBlueprints/Corner/Factory_4c_ThreeQuarter.4"
    },
    "Properties": {
      "OverrideMaterials": [
        null
      ],
      "LODParentPrimitive": {
        "ObjectName": "StaticMeshComponent'Athena_REM_1x1_Shack_c:PersistentLevel.LODActor_0.StaticMeshComponent0'",
        "ObjectPath": "FortniteGame/Content/Athena/Maps/Buildings/1x1/Athena_REM_1x1_Shack_c.42"
      },
      "RelativeLocation": {
        "X": -256.0,
        "Y": -256.0,
        "Z": -384.0
      },
      "RelativeRotation": {
        "Pitch": 0.0,
        "Yaw": 89.99999,
        "Roll": 0.0
      }
    }
  },
  {
    "Type": "StaticMeshComponent",
    "Name": "StaticMeshComponent0",
    "Outer": "Factory_4c_ThreeQuarter4",
    "Class": "UScriptClass'StaticMeshComponent'",
    "Template": {
      "ObjectName": "StaticMeshComponent'Default__Factory_4c_ThreeQuarter_C:StaticMeshComponent0'",
      "ObjectPath": "FortniteGame/Content/Building/ActorBlueprints/Corner/Factory_4c_ThreeQuarter.4"
    },
    "Properties": {
      "OverrideMaterials": [
        null
      ],
      "LODParentPrimitive": {
        "ObjectName": "StaticMeshComponent'Athena_REM_1x1_Shack_c:PersistentLevel.LODActor_0.StaticMeshComponent0'",
        "ObjectPath": "FortniteGame/Content/Athena/Maps/Buildings/1x1/Athena_REM_1x1_Shack_c.42"
      },
      "RelativeLocation": {
        "X": -256.0,
        "Y": -256.0,
        "Z": 0.0
      },
      "RelativeRotation": {
        "Pitch": 0.0,
        "Yaw": 89.99999,
        "Roll": 0.0
      }
    }
  },
  {
    "Type": "StaticMeshComponent",
    "Name": "StaticMeshComponent0",
    "Outer": "Factory_4c_ThreeQuarter5",
    "Class": "UScriptClass'StaticMeshComponent'",
    "Template": {
      "ObjectName": "StaticMeshComponent'Default__Factory_4c_ThreeQuarter_C:StaticMeshComponent0'",
      "ObjectPath": "FortniteGame/Content/Building/ActorBlueprints/Corner/Factory_4c_ThreeQuarter.4"
    },
    "Properties": {
      "OverrideMaterials": [
        null
      ],
      "LODParentPrimitive": {
        "ObjectName": "StaticMeshComponent'Athena_REM_1x1_Shack_c:PersistentLevel.LODActor_0.StaticMeshComponent0'",
        "ObjectPath": "FortniteGame/Content/Athena/Maps/Buildings/1x1/Athena_REM_1x1_Shack_c.42"
      },
      "RelativeLocation": {
        "X": 255.99991,
        "Y": -256.0001,
        "Z": -384.0
      },
      "RelativeRotation": {
        "Pitch": 0.0,
        "Yaw": 179.99997,
        "Roll": 0.0
      }
    }
  },
  {
    "Type": "StaticMeshComponent",
    "Name": "StaticMeshComponent0",
    "Outer": "Factory_4c_ThreeQuarter6",
    "Class": "UScriptClass'StaticMeshComponent'",
    "Template": {
      "ObjectName": "StaticMeshComponent'Default__Factory_4c_ThreeQuarter_C:StaticMeshComponent0'",
      "ObjectPath": "FortniteGame/Content/Building/ActorBlueprints/Corner/Factory_4c_ThreeQuarter.4"
    },
    "Properties": {
      "OverrideMaterials": [
        null
      ],
      "LODParentPrimitive": {
        "ObjectName": "StaticMeshComponent'Athena_REM_1x1_Shack_c:PersistentLevel.LODActor_0.StaticMeshComponent0'",
        "ObjectPath": "FortniteGame/Content/Athena/Maps/Buildings/1x1/Athena_REM_1x1_Shack_c.42"
      },
      "RelativeLocation": {
        "X": 255.99991,
        "Y": -256.0001,
        "Z": 0.0
      },
      "RelativeRotation": {
        "Pitch": 0.0,
        "Yaw": 179.99997,
        "Roll": 0.0
      }
    }
  },
  {
    "Type": "StaticMeshComponent",
    "Name": "StaticMeshComponent0",
    "Outer": "Factory_4c_ThreeQuarter7",
    "Class": "UScriptClass'StaticMeshComponent'",
    "Template": {
      "ObjectName": "StaticMeshComponent'Default__Factory_4c_ThreeQuarter_C:StaticMeshComponent0'",
      "ObjectPath": "FortniteGame/Content/Building/ActorBlueprints/Corner/Factory_4c_ThreeQuarter.4"
    },
    "Properties": {
      "OverrideMaterials": [
        null
      ],
      "LODParentPrimitive": {
        "ObjectName": "StaticMeshComponent'Athena_REM_1x1_Shack_c:PersistentLevel.LODActor_0.StaticMeshComponent0'",
        "ObjectPath": "FortniteGame/Content/Athena/Maps/Buildings/1x1/Athena_REM_1x1_Shack_c.42"
      },
      "RelativeLocation": {
        "X": 256.00024,
        "Y": 255.99976,
        "Z": -384.0
      },
      "RelativeRotation": {
        "Pitch": 0.0,
        "Yaw": -90.00007,
        "Roll": 0.0
      }
    }
  },
  {
    "Type": "StaticMeshComponent",
    "Name": "StaticMeshComponent0",
    "Outer": "Factory_4c_ThreeQuarter8",
    "Class": "UScriptClass'StaticMeshComponent'",
    "Template": {
      "ObjectName": "StaticMeshComponent'Default__Factory_4c_ThreeQuarter_C:StaticMeshComponent0'",
      "ObjectPath": "FortniteGame/Content/Building/ActorBlueprints/Corner/Factory_4c_ThreeQuarter.4"
    },
    "Properties": {
      "OverrideMaterials": [
        null
      ],
      "LODParentPrimitive": {
        "ObjectName": "StaticMeshComponent'Athena_REM_1x1_Shack_c:PersistentLevel.LODActor_0.StaticMeshComponent0'",
        "ObjectPath": "FortniteGame/Content/Athena/Maps/Buildings/1x1/Athena_REM_1x1_Shack_c.42"
      },
      "RelativeLocation": {
        "X": 256.00024,
        "Y": 255.99976,
        "Z": 0.0
      },
      "RelativeRotation": {
        "Pitch": 0.0,
        "Yaw": -90.00007,
        "Roll": 0.0
      }
    }
  },
  {
    "Type": "StaticMeshComponent",
    "Name": "StaticMeshComponent0",
    "Outer": "Factory_4c_ThreeQuarter_2",
    "Class": "UScriptClass'StaticMeshComponent'",
    "Template": {
      "ObjectName": "StaticMeshComponent'Default__Factory_4c_ThreeQuarter_C:StaticMeshComponent0'",
      "ObjectPath": "FortniteGame/Content/Building/ActorBlueprints/Corner/Factory_4c_ThreeQuarter.4"
    },
    "Properties": {
      "OverrideMaterials": [
        null
      ],
      "LODParentPrimitive": {
        "ObjectName": "StaticMeshComponent'Athena_REM_1x1_Shack_c:PersistentLevel.LODActor_0.StaticMeshComponent0'",
        "ObjectPath": "FortniteGame/Content/Athena/Maps/Buildings/1x1/Athena_REM_1x1_Shack_c.42"
      },
      "RelativeLocation": {
        "X": -256.0,
        "Y": 256.0,
        "Z": -384.0
      }
    }
  },
  {
    "Type": "StaticMeshComponent",
    "Name": "StaticMeshComponent0",
    "Outer": "Living_EasyChair_02_2",
    "Class": "UScriptClass'StaticMeshComponent'",
    "Template": {
      "ObjectName": "StaticMeshComponent'Default__Athena_Prop_Living_EasyChair_02_C:StaticMeshComponent0'",
      "ObjectPath": "FortniteGame/Content/Athena/BuildingActors/Props/Building/ActorBlueprints/Containers/Athena_Prop_Living_EasyChair_02.5"
    },
    "Properties": {
      "OverrideMaterials": [
        null
      ],
      "CachedMaxDrawDistance": 4853.351,
      "RelativeLocation": {
        "X": -200.0,
        "Y": 200.0,
        "Z": 8.0
      },
      "RelativeRotation": {
        "Pitch": 0.0,
        "Yaw": -140.62502,
        "Roll": 0.0
      }
    }
  },
  {
    "Type": "StaticMeshComponent",
    "Name": "StaticMeshComponent0",
    "Outer": "LODActor_0",
    "Class": "UScriptClass'StaticMeshComponent'",
    "Properties": {
      "StaticMesh": {
        "ObjectName": "StaticMesh'SM_Athena_REM_1x1_Shack_c_0_SM_Farm_Roof1_PeakCap_5'",
        "ObjectPath": "FortniteGame/Content/Athena/Maps/Buildings/1x1/HLOD/Athena_REM_1x1_Shack_c_0_HLOD.3"
      },
      "MinDrawDistance": 35000.0,
      "CastShadow": true,
      "bCastStaticShadow": true
    }
  },
  {
    "Type": "StaticMeshComponent",
    "Name": "StaticMeshComponent0",
    "Outer": "Office_FileCabinet01a_2",
    "Class": "UScriptClass'StaticMeshComponent'",
    "Template": {
      "ObjectName": "StaticMeshComponent'Default__Athena_Prop_Office_FileCabinet01a_C:StaticMeshComponent0'",
      "ObjectPath": "FortniteGame/Content/Athena/BuildingActors/Props/Building/ActorBlueprints/Containers/Athena_Prop_Office_FileCabinet01a.5"
    },
    "Properties": {
      "OverrideMaterials": [
        null
      ],
      "CachedMaxDrawDistance": 6096.587,
      "RelativeLocation": {
        "X": 204.0,
        "Y": -204.0,
        "Z": 8.0
      },
      "RelativeRotation": {
        "Pitch": 0.0,
        "Yaw": 50.625053,
        "Roll": 0.0
      }
    }
  },
  {
    "Type": "StaticMeshComponent",
    "Name": "StaticMeshComponent0",
    "Outer": "SM_Farm_Roof1_PeakCap_5",
    "Class": "UScriptClass'StaticMeshComponent'",
    "Template": {
      "ObjectName": "StaticMeshComponent'Default__SM_Farm_Roof1_PeakCap_C:StaticMeshComponent0'",
      "ObjectPath": "FortniteGame/Content/Building/ActorBlueprints/Wall/SM_Farm_Roof1_PeakCap.4"
    },
    "Properties": {
      "OverrideMaterials": [
        null
      ],
      "LODParentPrimitive": {
        "ObjectName": "StaticMeshComponent'Athena_REM_1x1_Shack_c:PersistentLevel.LODActor_0.StaticMeshComponent0'",
        "ObjectPath": "FortniteGame/Content/Athena/Maps/Buildings/1x1/Athena_REM_1x1_Shack_c.42"
      },
      "RelativeLocation": {
        "X": 256.0,
        "Y": 0.0,
        "Z": 384.0
      },
      "RelativeRotation": {
        "Pitch": 0.0,
        "Yaw": -89.99997,
        "Roll": -0.0
      }
    }
  },
  {
    "Type": "StaticMeshComponent",
    "Name": "StaticMeshComponent0",
    "Outer": "SM_Farm_Roof1_PeakCap_6",
    "Class": "UScriptClass'StaticMeshComponent'",
    "Template": {
      "ObjectName": "StaticMeshComponent'Default__SM_Farm_Roof1_PeakCap_C:StaticMeshComponent0'",
      "ObjectPath": "FortniteGame/Content/Building/ActorBlueprints/Wall/SM_Farm_Roof1_PeakCap.4"
    },
    "Properties": {
      "OverrideMaterials": [
        null
      ],
      "LODParentPrimitive": {
        "ObjectName": "StaticMeshComponent'Athena_REM_1x1_Shack_c:PersistentLevel.LODActor_0.StaticMeshComponent0'",
        "ObjectPath": "FortniteGame/Content/Athena/Maps/Buildings/1x1/Athena_REM_1x1_Shack_c.42"
      },
      "RelativeLocation": {
        "X": -256.0,
        "Y": 0.0,
        "Z": 384.0
      },
      "RelativeRotation": {
        "Pitch": 0.0,
        "Yaw": 89.999954,
        "Roll": -0.0
      }
    }
  },
  {
    "Type": "StaticMeshComponent",
    "Name": "StaticMeshComponent0",
    "Outer": "SM_Farm_Roof1_PeakCap_7",
    "Class": "UScriptClass'StaticMeshComponent'",
    "Template": {
      "ObjectName": "StaticMeshComponent'Default__Farm_Roof1_Peak_C:StaticMeshComponent0'",
      "ObjectPath": "FortniteGame/Content/Building/ActorBlueprints/Roof/Farm_Roof1_Peak.4"
    },
    "Properties": {
      "OverrideMaterials": [
        null
      ],
      "LODParentPrimitive": {
        "ObjectName": "StaticMeshComponent'Athena_REM_1x1_Shack_c:PersistentLevel.LODActor_0.StaticMeshComponent0'",
        "ObjectPath": "FortniteGame/Content/Athena/Maps/Buildings/1x1/Athena_REM_1x1_Shack_c.42"
      },
      "RelativeLocation": {
        "X": 0.000244,
        "Y": 255.99998,
        "Z": 384.0
      },
      "RelativeRotation": {
        "Pitch": 0.0,
        "Yaw": 179.99995,
        "Roll": 0.0
      }
    }
  },
  {
    "Type": "StaticMeshComponent",
    "Name": "StaticMeshComponent0",
    "Outer": "SM_Farm_Wall_10",
    "Class": "UScriptClass'StaticMeshComponent'",
    "Template": {
      "ObjectName": "StaticMeshComponent'Default__Factory_Wall_3_C:StaticMeshComponent0'",
      "ObjectPath": "FortniteGame/Content/Building/ActorBlueprints/Wall/Factory_Wall_3.4"
    },
    "Properties": {
      "OverrideMaterials": [
        null
      ],
      "LODParentPrimitive": {
        "ObjectName": "StaticMeshComponent'Athena_REM_1x1_Shack_c:PersistentLevel.LODActor_0.StaticMeshComponent0'",
        "ObjectPath": "FortniteGame/Content/Athena/Maps/Buildings/1x1/Athena_REM_1x1_Shack_c.42"
      },
      "RelativeLocation": {
        "X": 0.0,
        "Y": 256.0,
        "Z": 0.0
      }
    }
  },
  {
    "Type": "StaticMeshComponent",
    "Name": "StaticMeshComponent0",
    "Outer": "SM_Farm_Wall_11",
    "Class": "UScriptClass'StaticMeshComponent'",
    "Template": {
      "ObjectName": "StaticMeshComponent'Default__Factory_Wall_17_C:StaticMeshComponent0'",
      "ObjectPath": "FortniteGame/Content/Building/ActorBlueprints/Wall/Factory_Wall_17.5"
    },
    "Properties": {
      "OverrideMaterials": [
        null
      ],
      "LODParentPrimitive": {
        "ObjectName": "StaticMeshComponent'Athena_REM_1x1_Shack_c:PersistentLevel.LODActor_0.StaticMeshComponent0'",
        "ObjectPath": "FortniteGame/Content/Athena/Maps/Buildings/1x1/Athena_REM_1x1_Shack_c.42"
      },
      "RelativeLocation": {
        "X": 0.0,
        "Y": -256.0,
        "Z": 0.0
      },
      "RelativeRotation": {
        "Pitch": 0.0,
        "Yaw": -179.99994,
        "Roll": 0.0
      }
    }
  },
  {
    "Type": "StaticMeshComponent",
    "Name": "StaticMeshComponent0",
    "Outer": "SM_Farm_Wall_12",
    "Class": "UScriptClass'StaticMeshComponent'",
    "Template": {
      "ObjectName": "StaticMeshComponent'Default__Factory_Wall_3_C:StaticMeshComponent0'",
      "ObjectPath": "FortniteGame/Content/Building/ActorBlueprints/Wall/Factory_Wall_3.4"
    },
    "Properties": {
      "OverrideMaterials": [
        null
      ],
      "LODParentPrimitive": {
        "ObjectName": "StaticMeshComponent'Athena_REM_1x1_Shack_c:PersistentLevel.LODActor_0.StaticMeshComponent0'",
        "ObjectPath": "FortniteGame/Content/Athena/Maps/Buildings/1x1/Athena_REM_1x1_Shack_c.42"
      },
      "RelativeLocation": {
        "X": 256.0,
        "Y": 0.0,
        "Z": 0.0
      },
      "RelativeRotation": {
        "Pitch": 0.0,
        "Yaw": -89.99996,
        "Roll": 0.0
      }
    }
  },
  {
    "Type": "StaticMeshComponent",
    "Name": "StaticMeshComponent0",
    "Outer": "SM_Farm_Wall_13",
    "Class": "UScriptClass'StaticMeshComponent'",
    "Template": {
      "ObjectName": "StaticMeshComponent'Default__Factory_Wall_4_C:StaticMeshComponent0'",
      "ObjectPath": "FortniteGame/Content/Building/ActorBlueprints/Wall/Factory_Wall_4.4"
    },
    "Properties": {
      "OverrideMaterials": [
        null
      ],
      "LODParentPrimitive": {
        "ObjectName": "StaticMeshComponent'Athena_REM_1x1_Shack_c:PersistentLevel.LODActor_0.StaticMeshComponent0'",
        "ObjectPath": "FortniteGame/Content/Athena/Maps/Buildings/1x1/Athena_REM_1x1_Shack_c.42"
      },
      "RelativeLocation": {
        "X": 256.0,
        "Y": 0.0,
        "Z": -384.0
      },
      "RelativeRotation": {
        "Pitch": 0.0,
        "Yaw": -89.99996,
        "Roll": 0.0
      }
    }
  },
  {
    "Type": "StaticMeshComponent",
    "Name": "StaticMeshComponent0",
    "Outer": "SM_Farm_Wall_14",
    "Class": "UScriptClass'StaticMeshComponent'",
    "Template": {
      "ObjectName": "StaticMeshComponent'Default__Factory_Wall_4_C:StaticMeshComponent0'",
      "ObjectPath": "FortniteGame/Content/Building/ActorBlueprints/Wall/Factory_Wall_4.4"
    },
    "Properties": {
      "OverrideMaterials": [
        null
      ],
      "LODParentPrimitive": {
        "ObjectName": "StaticMeshComponent'Athena_REM_1x1_Shack_c:PersistentLevel.LODActor_0.StaticMeshComponent0'",
        "ObjectPath": "FortniteGame/Content/Athena/Maps/Buildings/1x1/Athena_REM_1x1_Shack_c.42"
      },
      "RelativeLocation": {
        "X": 0.0,
        "Y": 256.0,
        "Z": -384.0
      }
    }
  },
  {
    "Type": "StaticMeshComponent",
    "Name": "StaticMeshComponent0",
    "Outer": "SM_Farm_Wall_15",
    "Class": "UScriptClass'StaticMeshComponent'",
    "Template": {
      "ObjectName": "StaticMeshComponent'Default__Factory_Wall_4_C:StaticMeshComponent0'",
      "ObjectPath": "FortniteGame/Content/Building/ActorBlueprints/Wall/Factory_Wall_4.4"
    },
    "Properties": {
      "OverrideMaterials": [
        null
      ],
      "LODParentPrimitive": {
        "ObjectName": "StaticMeshComponent'Athena_REM_1x1_Shack_c:PersistentLevel.LODActor_0.StaticMeshComponent0'",
        "ObjectPath": "FortniteGame/Content/Athena/Maps/Buildings/1x1/Athena_REM_1x1_Shack_c.42"
      },
      "RelativeLocation": {
        "X": -256.0,
        "Y": 0.0,
        "Z": -384.0
      },
      "RelativeRotation": {
        "Pitch": 0.0,
        "Yaw": 89.99999,
        "Roll": 0.0
      }
    }
  },
  {
    "Type": "StaticMeshComponent",
    "Name": "StaticMeshComponent0",
    "Outer": "SM_Farm_Wall_16",
    "Class": "UScriptClass'StaticMeshComponent'",
    "Template": {
      "ObjectName": "StaticMeshComponent'Default__Factory_Wall_4_C:StaticMeshComponent0'",
      "ObjectPath": "FortniteGame/Content/Building/ActorBlueprints/Wall/Factory_Wall_4.4"
    },
    "Properties": {
      "OverrideMaterials": [
        null
      ],
      "LODParentPrimitive": {
        "ObjectName": "StaticMeshComponent'Athena_REM_1x1_Shack_c:PersistentLevel.LODActor_0.StaticMeshComponent0'",
        "ObjectPath": "FortniteGame/Content/Athena/Maps/Buildings/1x1/Athena_REM_1x1_Shack_c.42"
      },
      "RelativeLocation": {
        "X": 0.0,
        "Y": -256.0,
        "Z": -384.0
      },
      "RelativeRotation": {
        "Pitch": 0.0,
        "Yaw": -179.99998,
        "Roll": 0.0
      }
    }
  },
  {
    "Type": "StaticMeshComponent",
    "Name": "StaticMeshComponent0",
    "Outer": "SM_Farm_Wall_9",
    "Class": "UScriptClass'StaticMeshComponent'",
    "Template": {
      "ObjectName": "StaticMeshComponent'Default__Factory_Wall_3_C:StaticMeshComponent0'",
      "ObjectPath": "FortniteGame/Content/Building/ActorBlueprints/Wall/Factory_Wall_3.4"
    },
    "Properties": {
      "OverrideMaterials": [
        null
      ],
      "LODParentPrimitive": {
        "ObjectName": "StaticMeshComponent'Athena_REM_1x1_Shack_c:PersistentLevel.LODActor_0.StaticMeshComponent0'",
        "ObjectPath": "FortniteGame/Content/Athena/Maps/Buildings/1x1/Athena_REM_1x1_Shack_c.42"
      },
      "RelativeLocation": {
        "X": -256.0,
        "Y": 0.0,
        "Z": 0.0
      },
      "RelativeRotation": {
        "Pitch": 0.0,
        "Yaw": 89.999954,
        "Roll": 0.0
      }
    }
  },
  {
    "Type": "StaticMeshComponent",
    "Name": "StaticMeshComponent0",
    "Outer": "Tiered_Athena_FloorLoot_01_2",
    "Class": "UScriptClass'StaticMeshComponent'",
    "Template": {
      "ObjectName": "StaticMeshComponent'Default__Tiered_Athena_FloorLoot_01_C:StaticMeshComponent0'",
      "ObjectPath": "FortniteGame/Content/Athena/Environments/Blueprints/Tiered_Athena_FloorLoot_01.5"
    },
    "Properties": {
      "OverrideMaterials": [
        null
      ],
      "CachedMaxDrawDistance": 10643.375,
      "RelativeLocation": {
        "X": 0.0,
        "Y": 0.0,
        "Z": 8.014218
      }
    }
  },
  {
    "Type": "StaticMeshComponent",
    "Name": "StaticMeshComponent0",
    "Outer": "TrashPile_05_2",
    "Class": "UScriptClass'StaticMeshComponent'",
    "Template": {
      "ObjectName": "StaticMeshComponent'Default__TrashPile_05_C:StaticMeshComponent0'",
      "ObjectPath": "FortniteGame/Content/Building/ActorBlueprints/Deco/TrashPile_05.4"
    },
    "Properties": {
      "OverrideMaterials": [
        null
      ],
      "LDMaxDrawDistance": 0.0,
      "CachedMaxDrawDistance": 19982.031,
      "RelativeLocation": {
        "X": 48.0,
        "Y": 12.0,
        "Z": 8.0
      },
      "RelativeRotation": {
        "Pitch": 0.0,
        "Yaw": -132.83533,
        "Roll": 0.0
      }
    }
  },
  {
    "Type": "Tiered_Athena_FloorLoot_01_C",
    "Name": "Tiered_Athena_FloorLoot_01_2",
    "Outer": "PersistentLevel",
    "Class": "BlueprintGeneratedClass'FortniteGame/Content/Athena/Environments/Blueprints/Tiered_Athena_FloorLoot_01.Tiered_Athena_FloorLoot_01_C'",
    "Template": {
      "ObjectName": "Tiered_Athena_FloorLoot_01_C'Default__Tiered_Athena_FloorLoot_01_C'",
      "ObjectPath": "FortniteGame/Content/Athena/Environments/Blueprints/Tiered_Athena_FloorLoot_01.1"
    },
    "Properties": {
      "StaticMeshComponent": {
        "ObjectName": "StaticMeshComponent'Athena_REM_1x1_Shack_c:PersistentLevel.Tiered_Athena_FloorLoot_01_2.StaticMeshComponent0'",
        "ObjectPath": "FortniteGame/Content/Athena/Maps/Buildings/1x1/Athena_REM_1x1_Shack_c.55"
      },
      "MyGuid": "D73A746C-46F45AFF-74C973AB-7FF8E690",
      "DataVersion": 1,
      "CullDistance": 10643.375,
      "RootComponent": {
        "ObjectName": "StaticMeshComponent'Athena_REM_1x1_Shack_c:PersistentLevel.Tiered_Athena_FloorLoot_01_2.StaticMeshComponent0'",
        "ObjectPath": "FortniteGame/Content/Athena/Maps/Buildings/1x1/Athena_REM_1x1_Shack_c.55"
      }
    }
  },
  {
    "Type": "TrashPile_05_C",
    "Name": "TrashPile_05_2",
    "Outer": "PersistentLevel",
    "Class": "BlueprintGeneratedClass'FortniteGame/Content/Building/ActorBlueprints/Deco/TrashPile_05.TrashPile_05_C'",
    "Template": {
      "ObjectName": "TrashPile_05_C'Default__TrashPile_05_C'",
      "ObjectPath": "FortniteGame/Content/Building/ActorBlueprints/Deco/TrashPile_05.1"
    },
    "Properties": {
      "StaticMeshComponent": {
        "ObjectName": "StaticMeshComponent'Athena_REM_1x1_Shack_c:PersistentLevel.TrashPile_05_2.StaticMeshComponent0'",
        "ObjectPath": "FortniteGame/Content/Athena/Maps/Buildings/1x1/Athena_REM_1x1_Shack_c.56"
      },
      "MyGuid": "CEBE7D58-42D08FA7-59AA7A9A-8CC33B15",
      "DataVersion": 1,
      "CullDistance": 19982.031,
      "RootComponent": {
        "ObjectName": "StaticMeshComponent'Athena_REM_1x1_Shack_c:PersistentLevel.TrashPile_05_2.StaticMeshComponent0'",
        "ObjectPath": "FortniteGame/Content/Athena/Maps/Buildings/1x1/Athena_REM_1x1_Shack_c.56"
      }
    }
  },
  {
    "Type": "World",
    "Name": "Athena_REM_1x1_Shack_c",
    "Class": "UScriptClass'World'",
    "Properties": {
      "DefaultPhysicsVolume": null
    },
    "PersistentLevel": {
      "ObjectName": "Level'Athena_REM_1x1_Shack_c:PersistentLevel'",
      "ObjectPath": "FortniteGame/Content/Athena/Maps/Buildings/1x1/Athena_REM_1x1_Shack_c.24"
    },
    "ExtraReferencedObjects": [],
    "StreamingLevels": []
  }
]