[
  {
    "Type": "BlueprintGeneratedClass",
    "Name": "Athena_JUNG_1x1_Cove_C_C",
    "Class": "UScriptClass'BlueprintGeneratedClass'",
    "SuperStruct": {
      "ObjectName": "Class'FortLevelScriptActor'",
      "ObjectPath": "/Script/FortniteGame"
    },
    "ClassFlags": "CLASS_Optional | CLASS_NotPlaceable | CLASS_ReplicationDataIsSetUp | CLASS_CompiledFromBlueprint | CLASS_HasInstancedReference",
    "ClassWithin": {
      "ObjectName": "Class'Object'",
      "ObjectPath": "/Script/CoreUObject"
    },
    "ClassConfigName": "Engine",
    "bCooked": true,
    "ClassDefaultObject": {
      "ObjectName": "Athena_JUNG_1x1_Cove_C_C'Default__Athena_JUNG_1x1_Cove_C_C'",
      "ObjectPath": "FortniteGame/Content/Athena/Maps/Buildings/1x1/Athena_JUNG_1x1_Cove_C.1"
    }
  },
  {
    "Type": "Athena_JUNG_1x1_Cove_C_C",
    "Name": "Default__Athena_JUNG_1x1_Cove_C_C",
    "Class": "BlueprintGeneratedClass'FortniteGame/Content/Athena/Maps/Buildings/1x1/Athena_JUNG_1x1_Cove_C.Athena_JUNG_1x1_Cove_C_C'"
  },
  {
    "Type": "Athena_JUNG_1x1_Cove_C_C",
    "Name": "Athena_JUNG_1x1_Cove_C_C_1",
    "Outer": "PersistentLevel",
    "Class": "BlueprintGeneratedClass'FortniteGame/Content/Athena/Maps/Buildings/1x1/Athena_JUNG_1x1_Cove_C.Athena_JUNG_1x1_Cove_C_C'",
    "Template": {
      "ObjectName": "Athena_JUNG_1x1_Cove_C_C'Default__Athena_JUNG_1x1_Cove_C_C'",
      "ObjectPath": "FortniteGame/Content/Athena/Maps/Buildings/1x1/Athena_JUNG_1x1_Cove_C.1"
    }
  },
  {
    "Type": "Athena_Plant_Vines_Jungle_C",
    "Name": "Athena_Plant_Vines12_2",
    "Outer": "PersistentLevel",
    "Class": "BlueprintGeneratedClass'FortniteGame/Content/Building/ActorBlueprints/Containers/Athena_Plant_Vines_Jungle.Athena_Plant_Vines_Jungle_C'",
    "Template": {
      "ObjectName": "Athena_Plant_Vines_Jungle_C'Default__Athena_Plant_Vines_Jungle_C'",
      "ObjectPath": "FortniteGame/Content/Building/ActorBlueprints/Containers/Athena_Plant_Vines_Jungle.1"
    },
    "Properties": {
      "StaticMeshComponent": {
        "ObjectName": "StaticMeshComponent'Athena_JUNG_1x1_Cove_C:PersistentLevel.Athena_Plant_Vines12_2.StaticMeshComponent0'",
        "ObjectPath": "FortniteGame/Content/Athena/Maps/Buildings/1x1/Athena_JUNG_1x1_Cove_C.26"
      },
      "ParentActorToAttachTo": {
        "ObjectName": "CryptWalls_02_C'Athena_JUNG_1x1_Cove_C:PersistentLevel.Pueblo_Solid_11'",
        "ObjectPath": "FortniteGame/Content/Athena/Maps/Buildings/1x1/Athena_JUNG_1x1_Cove_C.11"
      },
      "MyGuid": "1E039889-4A0E869B-33ED5988-0DF2191E",
      "DataVersion": 1,
      "CullDistance": 22193.336,
      "RootComponent": {
        "ObjectName": "StaticMeshComponent'Athena_JUNG_1x1_Cove_C:PersistentLevel.Athena_Plant_Vines12_2.StaticMeshComponent0'",
        "ObjectPath": "FortniteGame/Content/Athena/Maps/Buildings/1x1/Athena_JUNG_1x1_Cove_C.26"
      }
    }
  },
  {
    "Type": "Athena_Plant_Vines_Jungle_C",
    "Name": "Athena_Plant_Vines13",
    "Outer": "PersistentLevel",
    "Class": "BlueprintGeneratedClass'FortniteGame/Content/Building/ActorBlueprints/Containers/Athena_Plant_Vines_Jungle.Athena_Plant_Vines_Jungle_C'",
    "Template": {
      "ObjectName": "Athena_Plant_Vines_Jungle_C'Default__Athena_Plant_Vines_Jungle_C'",
      "ObjectPath": "FortniteGame/Content/Building/ActorBlueprints/Containers/Athena_Plant_Vines_Jungle.1"
    },
    "Properties": {
      "StaticMeshComponent": {
        "ObjectName": "StaticMeshComponent'Athena_JUNG_1x1_Cove_C:PersistentLevel.Athena_Plant_Vines13.StaticMeshComponent0'",
        "ObjectPath": "FortniteGame/Content/Athena/Maps/Buildings/1x1/Athena_JUNG_1x1_Cove_C.27"
      },
      "ParentActorToAttachTo": {
        "ObjectName": "CryptWalls_08_C'Athena_JUNG_1x1_Cove_C:PersistentLevel.Pueblo_DoorC_01_2'",
        "ObjectPath": "FortniteGame/Content/Athena/Maps/Buildings/1x1/Athena_JUNG_1x1_Cove_C.14"
      },
      "MyGuid": "A127C900-431F1A0E-4691BF82-9E4B9A63",
      "DataVersion": 1,
      "CullDistance": 22193.338,
      "RootComponent": {
        "ObjectName": "StaticMeshComponent'Athena_JUNG_1x1_Cove_C:PersistentLevel.Athena_Plant_Vines13.StaticMeshComponent0'",
        "ObjectPath": "FortniteGame/Content/Athena/Maps/Buildings/1x1/Athena_JUNG_1x1_Cove_C.27"
      }
    }
  },
  {
    "Type": "Athena_Prop_Storage_Barrel_02_C",
    "Name": "Athena_Prop_Storage_Barrel_167",
    "Outer": "PersistentLevel",
    "Class": "BlueprintGeneratedClass'FortniteGame/Content/Athena/BuildingActors/Props/Building/ActorBlueprints/Containers/Athena_Prop_Storage_Barrel_02.Athena_Prop_Storage_Barrel_02_C'",
    "Template": {
      "ObjectName": "Athena_Prop_Storage_Barrel_02_C'Default__Athena_Prop_Storage_Barrel_02_C'",
      "ObjectPath": "FortniteGame/Content/Athena/BuildingActors/Props/Building/ActorBlueprints/Containers/Athena_Prop_Storage_Barrel_02.1"
    },
    "Properties": {
      "StaticMeshComponent": {
        "ObjectName": "StaticMeshComponent'Athena_JUNG_1x1_Cove_C:PersistentLevel.Athena_Prop_Storage_Barrel_167.StaticMeshComponent0'",
        "ObjectPath": "FortniteGame/Content/Athena/Maps/Buildings/1x1/Athena_JUNG_1x1_Cove_C.28"
      },
      "ParentActorToAttachTo": {
        "ObjectName": "SM_FORT_Floors_Generic_BasicTile_C'Athena_JUNG_1x1_Cove_C:PersistentLevel.Pueblo_Floor_6'",
        "ObjectPath": "FortniteGame/Content/Athena/Maps/Buildings/1x1/Athena_JUNG_1x1_Cove_C.25"
      },
      "MyGuid": "4DE37338-4C389D0A-E61FE6B1-613A437A",
      "DataVersion": 1,
      "CullDistance": 2800.0,
      "RootComponent": {
        "ObjectName": "StaticMeshComponent'Athena_JUNG_1x1_Cove_C:PersistentLevel.Athena_Prop_Storage_Barrel_167.StaticMeshComponent0'",
        "ObjectPath": "FortniteGame/Content/Athena/Maps/Buildings/1x1/Athena_JUNG_1x1_Cove_C.28"
      }
    }
  },
  {
    "Type": "Athena_Prop_Storage_Barrel_02_C",
    "Name": "Athena_Prop_Storage_Barrel_169",
    "Outer": "PersistentLevel",
    "Class": "BlueprintGeneratedClass'FortniteGame/Content/Athena/BuildingActors/Props/Building/ActorBlueprints/Containers/Athena_Prop_Storage_Barrel_02.Athena_Prop_Storage_Barrel_02_C'",
    "Template": {
      "ObjectName": "Athena_Prop_Storage_Barrel_02_C'Default__Athena_Prop_Storage_Barrel_02_C'",
      "ObjectPath": "FortniteGame/Content/Athena/BuildingActors/Props/Building/ActorBlueprints/Containers/Athena_Prop_Storage_Barrel_02.1"
    },
    "Properties": {
      "StaticMeshComponent": {
        "ObjectName": "StaticMeshComponent'Athena_JUNG_1x1_Cove_C:PersistentLevel.Athena_Prop_Storage_Barrel_169.StaticMeshComponent0'",
        "ObjectPath": "FortniteGame/Content/Athena/Maps/Buildings/1x1/Athena_JUNG_1x1_Cove_C.29"
      },
      "ParentActorToAttachTo": {
        "ObjectName": "SM_FORT_Floors_Generic_BasicTile_C'Athena_JUNG_1x1_Cove_C:PersistentLevel.Pueblo_Floor_6'",
        "ObjectPath": "FortniteGame/Content/Athena/Maps/Buildings/1x1/Athena_JUNG_1x1_Cove_C.25"
      },
      "MyGuid": "226CF47E-43C87016-978FB68A-BDA704B9",
      "DataVersion": 1,
      "CullDistance": 2800.0,
      "RootComponent": {
        "ObjectName": "StaticMeshComponent'Athena_JUNG_1x1_Cove_C:PersistentLevel.Athena_Prop_Storage_Barrel_169.StaticMeshComponent0'",
        "ObjectPath": "FortniteGame/Content/Athena/Maps/Buildings/1x1/Athena_JUNG_1x1_Cove_C.29"
      }
    }
  },
  {
    "Type": "Athena_Prop_Storage_Barrel_02_C",
    "Name": "Athena_Prop_Storage_Barrel_171",
    "Outer": "PersistentLevel",
    "Class": "BlueprintGeneratedClass'FortniteGame/Content/Athena/BuildingActors/Props/Building/ActorBlueprints/Containers/Athena_Prop_Storage_Barrel_02.Athena_Prop_Storage_Barrel_02_C'",
    "Template": {
      "ObjectName": "Athena_Prop_Storage_Barrel_02_C'Default__Athena_Prop_Storage_Barrel_02_C'",
      "ObjectPath": "FortniteGame/Content/Athena/BuildingActors/Props/Building/ActorBlueprints/Containers/Athena_Prop_Storage_Barrel_02.1"
    },
    "Properties": {
      "StaticMeshComponent": {
        "ObjectName": "StaticMeshComponent'Athena_JUNG_1x1_Cove_C:PersistentLevel.Athena_Prop_Storage_Barrel_171.StaticMeshComponent0'",
        "ObjectPath": "FortniteGame/Content/Athena/Maps/Buildings/1x1/Athena_JUNG_1x1_Cove_C.30"
      },
      "ParentActorToAttachTo": {
        "ObjectName": "SM_FORT_Floors_Generic_BasicTile_C'Athena_JUNG_1x1_Cove_C:PersistentLevel.Pueblo_Floor_6'",
        "ObjectPath": "FortniteGame/Content/Athena/Maps/Buildings/1x1/Athena_JUNG_1x1_Cove_C.25"
      },
      "MyGuid": "B1D8BB2E-4C272CA2-39FAD188-35A0A9E3",
      "DataVersion": 1,
      "CullDistance": 2800.0,
      "RootComponent": {
        "ObjectName": "StaticMeshComponent'Athena_JUNG_1x1_Cove_C:PersistentLevel.Athena_Prop_Storage_Barrel_171.StaticMeshComponent0'",
        "ObjectPath": "FortniteGame/Content/Athena/Maps/Buildings/1x1/Athena_JUNG_1x1_Cove_C.30"
      }
    }
  },
  {
    "Type": "Athena_Prop_Storage_Crate01a_side_C",
    "Name": "Athena_Prop_Storage_Crate01a_side34_2",
    "Outer": "PersistentLevel",
    "Class": "BlueprintGeneratedClass'FortniteGame/Content/Athena/BuildingActors/Props/Building/ActorBlueprints/Containers/Athena_Prop_Storage_Crate01a_side.Athena_Prop_Storage_Crate01a_side_C'",
    "Template": {
      "ObjectName": "Athena_Prop_Storage_Crate01a_side_C'Default__Athena_Prop_Storage_Crate01a_side_C'",
      "ObjectPath": "FortniteGame/Content/Athena/BuildingActors/Props/Building/ActorBlueprints/Containers/Athena_Prop_Storage_Crate01a_side.1"
    },
    "Properties": {
      "StaticMeshComponent": {
        "ObjectName": "StaticMeshComponent'Athena_JUNG_1x1_Cove_C:PersistentLevel.Athena_Prop_Storage_Crate01a_side34_2.StaticMeshComponent0'",
        "ObjectPath": "FortniteGame/Content/Athena/Maps/Buildings/1x1/Athena_JUNG_1x1_Cove_C.31"
      },
      "ParentActorToAttachTo": {
        "ObjectName": "SM_FORT_Floors_Generic_BasicTile_C'Athena_JUNG_1x1_Cove_C:PersistentLevel.Pueblo_Floor_6'",
        "ObjectPath": "FortniteGame/Content/Athena/Maps/Buildings/1x1/Athena_JUNG_1x1_Cove_C.25"
      },
      "MyGuid": "FA476768-42D3AB84-3D35819C-1277599A",
      "DataVersion": 1,
      "CullDistance": 7177.147,
      "RootComponent": {
        "ObjectName": "StaticMeshComponent'Athena_JUNG_1x1_Cove_C:PersistentLevel.Athena_Prop_Storage_Crate01a_side34_2.StaticMeshComponent0'",
        "ObjectPath": "FortniteGame/Content/Athena/Maps/Buildings/1x1/Athena_JUNG_1x1_Cove_C.31"
      }
    }
  },
  {
    "Type": "Athena_Prop_Storage_Crate01a_side_C",
    "Name": "Athena_Prop_Storage_Crate01a_side51",
    "Outer": "PersistentLevel",
    "Class": "BlueprintGeneratedClass'FortniteGame/Content/Athena/BuildingActors/Props/Building/ActorBlueprints/Containers/Athena_Prop_Storage_Crate01a_side.Athena_Prop_Storage_Crate01a_side_C'",
    "Template": {
      "ObjectName": "Athena_Prop_Storage_Crate01a_side_C'Default__Athena_Prop_Storage_Crate01a_side_C'",
      "ObjectPath": "FortniteGame/Content/Athena/BuildingActors/Props/Building/ActorBlueprints/Containers/Athena_Prop_Storage_Crate01a_side.1"
    },
    "Properties": {
      "StaticMeshComponent": {
        "ObjectName": "StaticMeshComponent'Athena_JUNG_1x1_Cove_C:PersistentLevel.Athena_Prop_Storage_Crate01a_side51.StaticMeshComponent0'",
        "ObjectPath": "FortniteGame/Content/Athena/Maps/Buildings/1x1/Athena_JUNG_1x1_Cove_C.32"
      },
      "ParentActorToAttachTo": {
        "ObjectName": "SM_FORT_Floors_Generic_BasicTile_C'Athena_JUNG_1x1_Cove_C:PersistentLevel.Pueblo_Floor_6'",
        "ObjectPath": "FortniteGame/Content/Athena/Maps/Buildings/1x1/Athena_JUNG_1x1_Cove_C.25"
      },
      "MyGuid": "ED25E9CB-426CA909-EBF33BB1-8333CD0A",
      "DataVersion": 1,
      "CullDistance": 7177.147,
      "RootComponent": {
        "ObjectName": "StaticMeshComponent'Athena_JUNG_1x1_Cove_C:PersistentLevel.Athena_Prop_Storage_Crate01a_side51.StaticMeshComponent0'",
        "ObjectPath": "FortniteGame/Content/Athena/Maps/Buildings/1x1/Athena_JUNG_1x1_Cove_C.32"
      }
    }
  },
  {
    "Type": "BoxComponent",
    "Name": "BoxComponent0",
    "Outer": "LevelBounds_1",
    "Class": "UScriptClass'BoxComponent'",
    "Properties": {
      "AreaClass": {
        "ObjectName": "Class'FortMetaNavArea_Obstacles'",
        "ObjectPath": "/Script/FortniteGame"
      },
      "BodyInstance": {
        "MaxAngularVelocity": 3599.9998
      },
      "RelativeLocation": {
        "X": 42.69449,
        "Y": -61.75528,
        "Z": 253.7099
      },
      "RelativeScale3D": {
        "X": 651.68774,
        "Y": 685.6108,
        "Z": 653.7682
      }
    }
  },
  {
    "Type": "CryptWalls_02_C",
    "Name": "Pueblo_Solid_11",
    "Outer": "PersistentLevel",
    "Class": "BlueprintGeneratedClass'FortniteGame/Content/Building/ActorBlueprints/Wall/CryptWalls_02.CryptWalls_02_C'",
    "Template": {
      "ObjectName": "CryptWalls_02_C'Default__CryptWalls_02_C'",
      "ObjectPath": "FortniteGame/Content/Building/ActorBlueprints/Wall/CryptWalls_02.1"
    },
    "Properties": {
      "TextureData": {
        "ObjectName": "BuildingTextureData'MI_Farm_Wood_2'",
        "ObjectPath": "FortniteGame/Content/Building/TextureData/WallOuter/MI_Farm_Wood_2.0"
      },
      "TextureData": {
        "ObjectName": "BuildingTextureData'MI_Farm_Wood_2'",
        "ObjectPath": "FortniteGame/Content/Building/TextureData/WallOuter/MI_Farm_Wood_2.0"
      },
      "ResourceType": "EFortResourceType::Wood",
      "StaticMeshComponent": {
        "ObjectName": "StaticMeshComponent'Athena_JUNG_1x1_Cove_C:PersistentLevel.Pueblo_Solid_11.StaticMeshComponent0'",
        "ObjectPath": "FortniteGame/Content/Athena/Maps/Buildings/1x1/Athena_JUNG_1x1_Cove_C.40"
      },
      "BaseMaterial": {
        "ObjectName": "MaterialInstanceConstant'MI_CryptWallsSet'",
        "ObjectPath": "FortniteGame/Content/Environments/Sets/Crypt/Materials/MI_CryptWallsSet.0"
      },
      "MyGuid": "A9D260C3-4FFFDBFC-CA2BF797-BCADB3F4",
      "DataVersion": 1,
      "CullDistance": 0.0,
      "RootComponent": {
        "ObjectName": "StaticMeshComponent'Athena_JUNG_1x1_Cove_C:PersistentLevel.Pueblo_Solid_11.StaticMeshComponent0'",
        "ObjectPath": "FortniteGame/Content/Athena/Maps/Buildings/1x1/Athena_JUNG_1x1_Cove_C.40"
      }
    }
  },
  {
    "Type": "CryptWalls_02_C",
    "Name": "Pueblo_Solid_9",
    "Outer": "PersistentLevel",
    "Class": "BlueprintGeneratedClass'FortniteGame/Content/Building/ActorBlueprints/Wall/CryptWalls_02.CryptWalls_02_C'",
    "Template": {
      "ObjectName": "CryptWalls_02_C'Default__CryptWalls_02_C'",
      "ObjectPath": "FortniteGame/Content/Building/ActorBlueprints/Wall/CryptWalls_02.1"
    },
    "Properties": {
      "TextureData": {
        "ObjectName": "BuildingTextureData'MI_Farm_Wood_2'",
        "ObjectPath": "FortniteGame/Content/Building/TextureData/WallOuter/MI_Farm_Wood_2.0"
      },
      "TextureData": {
        "ObjectName": "BuildingTextureData'MI_Farm_Wood_2'",
        "ObjectPath": "FortniteGame/Content/Building/TextureData/WallOuter/MI_Farm_Wood_2.0"
      },
      "ResourceType": "EFortResourceType::Wood",
      "StaticMeshComponent": {
        "ObjectName": "StaticMeshComponent'Athena_JUNG_1x1_Cove_C:PersistentLevel.Pueblo_Solid_9.StaticMeshComponent0'",
        "ObjectPath": "FortniteGame/Content/Athena/Maps/Buildings/1x1/Athena_JUNG_1x1_Cove_C.41"
      },
      "BaseMaterial": {
        "ObjectName": "MaterialInstanceConstant'MI_CryptWallsSet'",
        "ObjectPath": "FortniteGame/Content/Environments/Sets/Crypt/Materials/MI_CryptWallsSet.0"
      },
      "MyGuid": "6B148C38-4B743E9B-5B48BEB1-D404E200",
      "DataVersion": 1,
      "CullDistance": 0.0,
      "RootComponent": {
        "ObjectName": "StaticMeshComponent'Athena_JUNG_1x1_Cove_C:PersistentLevel.Pueblo_Solid_9.StaticMeshComponent0'",
        "ObjectPath": "FortniteGame/Content/Athena/Maps/Buildings/1x1/Athena_JUNG_1x1_Cove_C.41"
      }
    }
  },
  {
    "Type": "CryptWalls_02_C",
    "Name": "Pueblo_WindowSide_01_2",
    "Outer": "PersistentLevel",
    "Class": "BlueprintGeneratedClass'FortniteGame/Content/Building/ActorBlueprints/Wall/CryptWalls_02.CryptWalls_02_C'",
    "Template": {
      "ObjectName": "CryptWalls_02_C'Default__CryptWalls_02_C'",
      "ObjectPath": "FortniteGame/Content/Building/ActorBlueprints/Wall/CryptWalls_02.1"
    },
    "Properties": {
      "TextureData": {
        "ObjectName": "BuildingTextureData'MI_Farm_Wood_2'",
        "ObjectPath": "FortniteGame/Content/Building/TextureData/WallOuter/MI_Farm_Wood_2.0"
      },
      "TextureData": {
        "ObjectName": "BuildingTextureData'MI_Farm_Wood_2'",
        "ObjectPath": "FortniteGame/Content/Building/TextureData/WallOuter/MI_Farm_Wood_2.0"
      },
      "ResourceType": "EFortResourceType::Wood",
      "bMirrored": true,
      "StaticMeshComponent": {
        "ObjectName": "StaticMeshComponent'Athena_JUNG_1x1_Cove_C:PersistentLevel.Pueblo_WindowSide_01_2.StaticMeshComponent0'",
        "ObjectPath": "FortniteGame/Content/Athena/Maps/Buildings/1x1/Athena_JUNG_1x1_Cove_C.42"
      },
      "BaseMaterial": {
        "ObjectName": "MaterialInstanceConstant'MI_CryptWallsSet'",
        "ObjectPath": "FortniteGame/Content/Environments/Sets/Crypt/Materials/MI_CryptWallsSet.0"
      },
      "MyGuid": "6552B44F-44E4C167-DDFD479A-2456233F",
      "DataVersion": 1,
      "CullDistance": 0.0,
      "RootComponent": {
        "ObjectName": "StaticMeshComponent'Athena_JUNG_1x1_Cove_C:PersistentLevel.Pueblo_WindowSide_01_2.StaticMeshComponent0'",
        "ObjectPath": "FortniteGame/Content/Athena/Maps/Buildings/1x1/Athena_JUNG_1x1_Cove_C.42"
      }
    }
  },
  {
    "Type": "CryptWalls_08_C",
    "Name": "Pueblo_DoorC_01_2",
    "Outer": "PersistentLevel",
    "Class": "BlueprintGeneratedClass'FortniteGame/Content/Building/ActorBlueprints/Wall/CryptWalls_08.CryptWalls_08_C'",
    "Template": {
      "ObjectName": "CryptWalls_08_C'Default__CryptWalls_08_C'",
      "ObjectPath": "FortniteGame/Content/Building/ActorBlueprints/Wall/CryptWalls_08.1"
    },
    "Properties": {
      "TextureData": {
        "ObjectName": "BuildingTextureData'MI_Farm_Wood_2'",
        "ObjectPath": "FortniteGame/Content/Building/TextureData/WallOuter/MI_Farm_Wood_2.0"
      },
      "TextureData": {
        "ObjectName": "BuildingTextureData'MI_Farm_Wood_2'",
        "ObjectPath": "FortniteGame/Content/Building/TextureData/WallOuter/MI_Farm_Wood_2.0"
      },
      "ResourceType": "EFortResourceType::Wood",
      "StaticMeshComponent": {
        "ObjectName": "StaticMeshComponent'Athena_JUNG_1x1_Cove_C:PersistentLevel.Pueblo_DoorC_01_2.StaticMeshComponent0'",
        "ObjectPath": "FortniteGame/Content/Athena/Maps/Buildings/1x1/Athena_JUNG_1x1_Cove_C.37"
      },
      "BaseMaterial": {
        "ObjectName": "MaterialInstanceConstant'MI_CryptWallsSet'",
        "ObjectPath": "FortniteGame/Content/Environments/Sets/Crypt/Materials/MI_CryptWallsSet.0"
      },
      "MyGuid": "C2D07BB4-49F6F893-42E855B4-AFE8B6E4",
      "DataVersion": 1,
      "CullDistance": 0.0,
      "RootComponent": {
        "ObjectName": "StaticMeshComponent'Athena_JUNG_1x1_Cove_C:PersistentLevel.Pueblo_DoorC_01_2.StaticMeshComponent0'",
        "ObjectPath": "FortniteGame/Content/Athena/Maps/Buildings/1x1/Athena_JUNG_1x1_Cove_C.37"
      }
    }
  },
  {
    "Type": "FortWorldSettings",
    "Name": "FortWorldSettings",
    "Outer": "PersistentLevel",
    "Class": "UScriptClass'FortWorldSettings'",
    "Properties": {
      "WorldCells": [
        2147483647,
        1
      ],
      "WorldCellsOrigin": {
        "X": 512.0,
        "Y": 512.0,
        "Z": 0.0
      },
      "MinCullObjectSize": 64.0,
      "MinCullDistance": 2800.0,
      "MaxCullObjectSize": 1000.0,
      "MaxCullDistance": 40000.0,
      "NavigationSystemConfig": {
        "ObjectName": "NavigationSystemModuleConfig'Athena_JUNG_1x1_Cove_C:PersistentLevel.FortWorldSettings.NavigationSystemConfig_0'",
        "ObjectPath": "FortniteGame/Content/Athena/Maps/Buildings/1x1/Athena_JUNG_1x1_Cove_C.20"
      },
      "DefaultGameMode": {
        "ObjectName": "BlueprintGeneratedClass'Athena_GameMode_C'",
        "ObjectPath": "FortniteGame/Content/Athena/Athena_GameMode.1"
      },
      "BookmarkArray": [
        null,
        null,
        null,
        null,
        null,
        null,
        null,
        null,
        null,
        null
      ]
    }
  },
  {
    "Type": "Level",
    "Name": "PersistentLevel",
    "Outer": "Athena_JUNG_1x1_Cove_C",
    "Class": "UScriptClass'Level'",
    "Properties": {
      "Model": {
        "ObjectName": "Model'Athena_JUNG_1x1_Cove_C:PersistentLevel.Model_0'",
        "ObjectPath": "FortniteGame/Content/Athena/Maps/Buildings/1x1/Athena_JUNG_1x1_Cove_C.19"
      },
      "LevelScriptActor": {
        "ObjectName": "Athena_JUNG_1x1_Cove_C_C'Athena_JUNG_1x1_Cove_C:PersistentLevel.Athena_JUNG_1x1_Cove_C_C_1'",
        "ObjectPath": "FortniteGame/Content/Athena/Maps/Buildings/1x1/Athena_JUNG_1x1_Cove_C.2"
      },
      "LevelBuildDataId": "F1DC7AAC-4DAF7604-1647F983-770A1C1B",
      "bTextureStreamingRotationChanged": true,
      "WorldSettings": {
        "ObjectName": "FortWorldSettings'Athena_JUNG_1x1_Cove_C:PersistentLevel.FortWorldSettings'",
        "ObjectPath": "FortniteGame/Content/Athena/Maps/Buildings/1x1/Athena_JUNG_1x1_Cove_C.15"
      }
    },
    "Actors": [
      {
        "ObjectName": "FortWorldSettings'Athena_JUNG_1x1_Cove_C:PersistentLevel.FortWorldSettings'",
        "ObjectPath": "FortniteGame/Content/Athena/Maps/Buildings/1x1/Athena_JUNG_1x1_Cove_C.15"
      },
      null,
      {
        "ObjectName": "LevelBounds'Athena_JUNG_1x1_Cove_C:PersistentLevel.LevelBounds_1'",
        "ObjectPath": "FortniteGame/Content/Athena/Maps/Buildings/1x1/Athena_JUNG_1x1_Cove_C.17"
      },
      {
        "ObjectName": "LODActor'Athena_JUNG_1x1_Cove_C:PersistentLevel.LODActor_0'",
        "ObjectPath": "FortniteGame/Content/Athena/Maps/Buildings/1x1/Athena_JUNG_1x1_Cove_C.18"
      },
      {
        "ObjectName": "Prop_WildWest_SimpleTable_01_C'Athena_JUNG_1x1_Cove_C:PersistentLevel.Prop_WildWest_SimpleTable_01_2'",
        "ObjectPath": "FortniteGame/Content/Athena/Maps/Buildings/1x1/Athena_JUNG_1x1_Cove_C.23"
      },
      {
        "ObjectName": "Prop_WildWest_SimpleChair_01_C'Athena_JUNG_1x1_Cove_C:PersistentLevel.Prop_WildWest_SimpleChair_01_2'",
        "ObjectPath": "FortniteGame/Content/Athena/Maps/Buildings/1x1/Athena_JUNG_1x1_Cove_C.22"
      },
      {
        "ObjectName": "CryptWalls_02_C'Athena_JUNG_1x1_Cove_C:PersistentLevel.Pueblo_Solid_9'",
        "ObjectPath": "FortniteGame/Content/Athena/Maps/Buildings/1x1/Athena_JUNG_1x1_Cove_C.12"
      },
      {
        "ObjectName": "CryptWalls_08_C'Athena_JUNG_1x1_Cove_C:PersistentLevel.Pueblo_DoorC_01_2'",
        "ObjectPath": "FortniteGame/Content/Athena/Maps/Buildings/1x1/Athena_JUNG_1x1_Cove_C.14"
      },
      {
        "ObjectName": "CryptWalls_02_C'Athena_JUNG_1x1_Cove_C:PersistentLevel.Pueblo_WindowSide_01_2'",
        "ObjectPath": "FortniteGame/Content/Athena/Maps/Buildings/1x1/Athena_JUNG_1x1_Cove_C.13"
      },
      {
        "ObjectName": "CryptWalls_02_C'Athena_JUNG_1x1_Cove_C:PersistentLevel.Pueblo_Solid_11'",
        "ObjectPath": "FortniteGame/Content/Athena/Maps/Buildings/1x1/Athena_JUNG_1x1_Cove_C.11"
      },
      {
        "ObjectName": "SM_Construction_Concrete_Floor_03_C'Athena_JUNG_1x1_Cove_C:PersistentLevel.Pueblo_Floor_02_2'",
        "ObjectPath": "FortniteGame/Content/Athena/Maps/Buildings/1x1/Athena_JUNG_1x1_Cove_C.24"
      },
      {
        "ObjectName": "SM_FORT_Floors_Generic_BasicTile_C'Athena_JUNG_1x1_Cove_C:PersistentLevel.Pueblo_Floor_6'",
        "ObjectPath": "FortniteGame/Content/Athena/Maps/Buildings/1x1/Athena_JUNG_1x1_Cove_C.25"
      },
      {
        "ObjectName": "Athena_Prop_Storage_Crate01a_side_C'Athena_JUNG_1x1_Cove_C:PersistentLevel.Athena_Prop_Storage_Crate01a_side34_2'",
        "ObjectPath": "FortniteGame/Content/Athena/Maps/Buildings/1x1/Athena_JUNG_1x1_Cove_C.8"
      },
      {
        "ObjectName": "Athena_Prop_Storage_Crate01a_side_C'Athena_JUNG_1x1_Cove_C:PersistentLevel.Athena_Prop_Storage_Crate01a_side51'",
        "ObjectPath": "FortniteGame/Content/Athena/Maps/Buildings/1x1/Athena_JUNG_1x1_Cove_C.9"
      },
      {
        "ObjectName": "PirateShip_Loot_A_C'Athena_JUNG_1x1_Cove_C:PersistentLevel.PirateShip_Loot_A36'",
        "ObjectPath": "FortniteGame/Content/Athena/Maps/Buildings/1x1/Athena_JUNG_1x1_Cove_C.21"
      },
      {
        "ObjectName": "Athena_Prop_Storage_Barrel_02_C'Athena_JUNG_1x1_Cove_C:PersistentLevel.Athena_Prop_Storage_Barrel_167'",
        "ObjectPath": "FortniteGame/Content/Athena/Maps/Buildings/1x1/Athena_JUNG_1x1_Cove_C.5"
      },
      {
        "ObjectName": "Athena_Prop_Storage_Barrel_02_C'Athena_JUNG_1x1_Cove_C:PersistentLevel.Athena_Prop_Storage_Barrel_169'",
        "ObjectPath": "FortniteGame/Content/Athena/Maps/Buildings/1x1/Athena_JUNG_1x1_Cove_C.6"
      },
      {
        "ObjectName": "Athena_Prop_Storage_Barrel_02_C'Athena_JUNG_1x1_Cove_C:PersistentLevel.Athena_Prop_Storage_Barrel_171'",
        "ObjectPath": "FortniteGame/Content/Athena/Maps/Buildings/1x1/Athena_JUNG_1x1_Cove_C.7"
      },
      {
        "ObjectName": "Tiered_Ammo_Athena_C'Athena_JUNG_1x1_Cove_C:PersistentLevel.Tiered_Ammo_Athena_2'",
        "ObjectPath": "FortniteGame/Content/Athena/Maps/Buildings/1x1/Athena_JUNG_1x1_Cove_C.45"
      },
      {
        "ObjectName": "Tiered_Athena_FloorLoot_01_C'Athena_JUNG_1x1_Cove_C:PersistentLevel.Tiered_Athena_FloorLoot_01_2'",
        "ObjectPath": "FortniteGame/Content/Athena/Maps/Buildings/1x1/Athena_JUNG_1x1_Cove_C.46"
      },
      {
        "ObjectName": "Athena_Plant_Vines_Jungle_C'Athena_JUNG_1x1_Cove_C:PersistentLevel.Athena_Plant_Vines13'",
        "ObjectPath": "FortniteGame/Content/Athena/Maps/Buildings/1x1/Athena_JUNG_1x1_Cove_C.4"
      },
      {
        "ObjectName": "Athena_Plant_Vines_Jungle_C'Athena_JUNG_1x1_Cove_C:PersistentLevel.Athena_Plant_Vines12_2'",
        "ObjectPath": "FortniteGame/Content/Athena/Maps/Buildings/1x1/Athena_JUNG_1x1_Cove_C.3"
      },
      {
        "ObjectName": "Athena_JUNG_1x1_Cove_C_C'Athena_JUNG_1x1_Cove_C:PersistentLevel.Athena_JUNG_1x1_Cove_C_C_1'",
        "ObjectPath": "FortniteGame/Content/Athena/Maps/Buildings/1x1/Athena_JUNG_1x1_Cove_C.2"
      }
    ],
    "URL": {
      "Protocol": "unreal",
      "Host": "",
      "Port": 7777,
      "Valid": true,
      "Map": "/Game/Maps/Frontend",
      "Op": [],
      "Portal": ""
    },
    "Model": {
      "ObjectName": "Model'Athena_JUNG_1x1_Cove_C:PersistentLevel.Model_0'",
      "ObjectPath": "FortniteGame/Content/Athena/Maps/Buildings/1x1/Athena_JUNG_1x1_Cove_C.19"
    },
    "ModelComponents": [],
    "LevelScriptActor": {
      "ObjectName": "Athena_JUNG_1x1_Cove_C_C'Athena_JUNG_1x1_Cove_C:PersistentLevel.Athena_JUNG_1x1_Cove_C_C_1'",
      "ObjectPath": "FortniteGame/Content/Athena/Maps/Buildings/1x1/Athena_JUNG_1x1_Cove_C.2"
    },
    "NavListStart": null,
    "NavListEnd": null,
    "PrecomputedVisibilityHandler": {
      "PrecomputedVisibilityCellBucketOriginXY": {
        "X": 0.0,
        "Y": 0.0
      },
      "PrecomputedVisibilityCellSizeXY": 0.0,
      "PrecomputedVisibilityCellSizeZ": 0.0,
      "PrecomputedVisibilityCellBucketSizeXY": 0,
      "PrecomputedVisibilityNumCellBuckets": 0,
      "PrecomputedVisibilityCellBuckets": []
    },
    "PrecomputedVolumeDistanceField": {
      "VolumeMaxDistance": 0.0,
      "VolumeBox": {
        "Min": {
          "X": 0.0,
          "Y": 0.0,
          "Z": 0.0
        },
        "Max": {
          "X": 0.0,
          "Y": 0.0,
          "Z": 0.0
        },
        "IsValid": 0
      },
      "VolumeSizeX": 0,
      "VolumeSizeY": 0,
      "VolumeSizeZ": 0,
      "Data": []
    }
  },
  {
    "Type": "LevelBounds",
    "Name": "LevelBounds_1",
    "Outer": "PersistentLevel",
    "Class": "UScriptClass'LevelBounds'",
    "Properties": {
      "RootComponent": {
        "ObjectName": "BoxComponent'Athena_JUNG_1x1_Cove_C:PersistentLevel.LevelBounds_1.BoxComponent0'",
        "ObjectPath": "FortniteGame/Content/Athena/Maps/Buildings/1x1/Athena_JUNG_1x1_Cove_C.10"
      }
    }
  },
  {
    "Type": "LODActor",
    "Name": "LODActor_0",
    "Outer": "PersistentLevel",
    "Class": "UScriptClass'LODActor'",
    "Properties": {
      "StaticMeshComponent": {
        "ObjectName": "StaticMeshComponent'Athena_JUNG_1x1_Cove_C:PersistentLevel.LODActor_0.StaticMeshComponent0'",
        "ObjectPath": "FortniteGame/Content/Athena/Maps/Buildings/1x1/Athena_JUNG_1x1_Cove_C.33"
      },
      "Proxy": {
        "ObjectName": "HLODProxy'Athena_JUNG_1x1_Cove_C_0_HLOD'",
        "ObjectPath": "FortniteGame/Content/Athena/Maps/Buildings/1x1/HLOD/Athena_JUNG_1x1_Cove_C_0_HLOD.1"
      },
      "Key": "76927B120C6645ACB9200E7FB8896AC3_35DA7C324EF4EAF0B4A9AFAA80380713_B6397B6E_1B864DD1_3C020694_ProxyLODMeshReduction",
      "LODDrawDistance": 15325.0205,
      "LODLevel": 1,
      "SubActors": [
        {
          "ObjectName": "CryptWalls_02_C'Athena_JUNG_1x1_Cove_C:PersistentLevel.Pueblo_Solid_9'",
          "ObjectPath": "FortniteGame/Content/Athena/Maps/Buildings/1x1/Athena_JUNG_1x1_Cove_C.12"
        },
        {
          "ObjectName": "CryptWalls_08_C'Athena_JUNG_1x1_Cove_C:PersistentLevel.Pueblo_DoorC_01_2'",
          "ObjectPath": "FortniteGame/Content/Athena/Maps/Buildings/1x1/Athena_JUNG_1x1_Cove_C.14"
        },
        {
          "ObjectName": "CryptWalls_02_C'Athena_JUNG_1x1_Cove_C:PersistentLevel.Pueblo_WindowSide_01_2'",
          "ObjectPath": "FortniteGame/Content/Athena/Maps/Buildings/1x1/Athena_JUNG_1x1_Cove_C.13"
        },
        {
          "ObjectName": "CryptWalls_02_C'Athena_JUNG_1x1_Cove_C:PersistentLevel.Pueblo_Solid_11'",
          "ObjectPath": "FortniteGame/Content/Athena/Maps/Buildings/1x1/Athena_JUNG_1x1_Cove_C.11"
        },
        {
          "ObjectName": "SM_Construction_Concrete_Floor_03_C'Athena_JUNG_1x1_Cove_C:PersistentLevel.Pueblo_Floor_02_2'",
          "ObjectPath": "FortniteGame/Content/Athena/Maps/Buildings/1x1/Athena_JUNG_1x1_Cove_C.24"
        },
        {
          "ObjectName": "SM_FORT_Floors_Generic_BasicTile_C'Athena_JUNG_1x1_Cove_C:PersistentLevel.Pueblo_Floor_6'",
          "ObjectPath": "FortniteGame/Content/Athena/Maps/Buildings/1x1/Athena_JUNG_1x1_Cove_C.25"
        }
      ],
      "RootComponent": {
        "ObjectName": "StaticMeshComponent'Athena_JUNG_1x1_Cove_C:PersistentLevel.LODActor_0.StaticMeshComponent0'",
        "ObjectPath": "FortniteGame/Content/Athena/Maps/Buildings/1x1/Athena_JUNG_1x1_Cove_C.33"
      }
    }
  },
  {
    "Type": "Model",
    "Name": "Model_0",
    "Outer": "PersistentLevel",
    "Class": "UScriptClass'Model'",
    "Bounds": {
      "Origin": {
        "X": 0.0,
        "Y": 0.0,
        "Z": 0.0
      },
      "BoxExtent": {
        "X": 0.0,
        "Y": 0.0,
        "Z": 0.0
      },
      "SphereRadius": 0.0
    },
    "Vectors": [],
    "Points": [],
    "Nodes": [],
    "Surfs": [],
    "NumSharedSides": 4,
    "VertexBuffer": {
      "Vertices": []
    },
    "LightingGuid": "B1D95126-4CE36837-518C44AD-91E8C749",
    "LightmassSettings": []
  },
  {
    "Type": "NavigationSystemModuleConfig",
    "Name": "NavigationSystemConfig_0",
    "Outer": "FortWorldSettings",
    "Class": "UScriptClass'NavigationSystemModuleConfig'",
    "Properties": {
      "bAutoSpawnMissingNavData": true,
      "NavigationSystemClass": {
        "AssetPathName": "/Script/FortniteGame.FortNavSystem",
        "SubPathString": ""
      }
    }
  },
  {
    "Type": "PirateShip_Loot_A_C",
    "Name": "PirateShip_Loot_A36",
    "Outer": "PersistentLevel",
    "Class": "BlueprintGeneratedClass'FortniteGame/Content/Building/ActorBlueprints/Prop/PirateShip_Loot_A.PirateShip_Loot_A_C'",
    "Template": {
      "ObjectName": "PirateShip_Loot_A_C'Default__PirateShip_Loot_A_C'",
      "ObjectPath": "FortniteGame/Content/Building/ActorBlueprints/Prop/PirateShip_Loot_A.1"
    },
    "Properties": {
      "StaticMeshComponent": {
        "ObjectName": "StaticMeshComponent'Athena_JUNG_1x1_Cove_C:PersistentLevel.PirateShip_Loot_A36.StaticMeshComponent0'",
        "ObjectPath": "FortniteGame/Content/Athena/Maps/Buildings/1x1/Athena_JUNG_1x1_Cove_C.34"
      },
      "ParentActorToAttachTo": {
        "ObjectName": "SM_FORT_Floors_Generic_BasicTile_C'Athena_JUNG_1x1_Cove_C:PersistentLevel.Pueblo_Floor_6'",
        "ObjectPath": "FortniteGame/Content/Athena/Maps/Buildings/1x1/Athena_JUNG_1x1_Cove_C.25"
      },
      "MyGuid": "223A36DA-448191EF-E78685BA-6CC8CD56",
      "DataVersion": 1,
      "CullDistance": 8618.921,
      "RootComponent": {
        "ObjectName": "StaticMeshComponent'Athena_JUNG_1x1_Cove_C:PersistentLevel.PirateShip_Loot_A36.StaticMeshComponent0'",
        "ObjectPath": "FortniteGame/Content/Athena/Maps/Buildings/1x1/Athena_JUNG_1x1_Cove_C.34"
      }
    }
  },
  {
    "Type": "Prop_WildWest_SimpleChair_01_C",
    "Name": "Prop_WildWest_SimpleChair_01_2",
    "Outer": "PersistentLevel",
    "Class": "BlueprintGeneratedClass'FortniteGame/Content/Building/ActorBlueprints/Prop/Prop_WildWest_SimpleChair_01.Prop_WildWest_SimpleChair_01_C'",
    "Template": {
      "ObjectName": "Prop_WildWest_SimpleChair_01_C'Default__Prop_WildWest_SimpleChair_01_C'",
      "ObjectPath": "FortniteGame/Content/Building/ActorBlueprints/Prop/Prop_WildWest_SimpleChair_01.1"
    },
    "Properties": {
      "StaticMeshComponent": {
        "ObjectName": "StaticMeshComponent'Athena_JUNG_1x1_Cove_C:PersistentLevel.Prop_WildWest_SimpleChair_01_2.StaticMeshComponent0'",
        "ObjectPath": "FortniteGame/Content/Athena/Maps/Buildings/1x1/Athena_JUNG_1x1_Cove_C.35"
      },
      "ParentActorToAttachTo": {
        "ObjectName": "SM_FORT_Floors_Generic_BasicTile_C'Athena_JUNG_1x1_Cove_C:PersistentLevel.Pueblo_Floor_6'",
        "ObjectPath": "FortniteGame/Content/Athena/Maps/Buildings/1x1/Athena_JUNG_1x1_Cove_C.25"
      },
      "MyGuid": "CF50EC0F-4FF93529-7F4FE093-1B05DD9E",
      "DataVersion": 1,
      "CullDistance": 3968.0444,
      "RootComponent": {
        "ObjectName": "StaticMeshComponent'Athena_JUNG_1x1_Cove_C:PersistentLevel.Prop_WildWest_SimpleChair_01_2.StaticMeshComponent0'",
        "ObjectPath": "FortniteGame/Content/Athena/Maps/Buildings/1x1/Athena_JUNG_1x1_Cove_C.35"
      }
    }
  },
  {
    "Type": "Prop_WildWest_SimpleTable_01_C",
    "Name": "Prop_WildWest_SimpleTable_01_2",
    "Outer": "PersistentLevel",
    "Class": "BlueprintGeneratedClass'FortniteGame/Content/Building/ActorBlueprints/Prop/Prop_WildWest_SimpleTable_01.Prop_WildWest_SimpleTable_01_C'",
    "Template": {
      "ObjectName": "Prop_WildWest_SimpleTable_01_C'Default__Prop_WildWest_SimpleTable_01_C'",
      "ObjectPath": "FortniteGame/Content/Building/ActorBlueprints/Prop/Prop_WildWest_SimpleTable_01.1"
    },
    "Properties": {
      "StaticMeshComponent": {
        "ObjectName": "StaticMeshComponent'Athena_JUNG_1x1_Cove_C:PersistentLevel.Prop_WildWest_SimpleTable_01_2.StaticMeshComponent0'",
        "ObjectPath": "FortniteGame/Content/Athena/Maps/Buildings/1x1/Athena_JUNG_1x1_Cove_C.36"
      },
      "ParentActorToAttachTo": {
        "ObjectName": "SM_FORT_Floors_Generic_BasicTile_C'Athena_JUNG_1x1_Cove_C:PersistentLevel.Pueblo_Floor_6'",
        "ObjectPath": "FortniteGame/Content/Athena/Maps/Buildings/1x1/Athena_JUNG_1x1_Cove_C.25"
      },
      "MyGuid": "03D6B7D2-48D92E32-DD7B56B5-537821DD",
      "DataVersion": 1,
      "CullDistance": 8979.283,
      "RootComponent": {
        "ObjectName": "StaticMeshComponent'Athena_JUNG_1x1_Cove_C:PersistentLevel.Prop_WildWest_SimpleTable_01_2.StaticMeshComponent0'",
        "ObjectPath": "FortniteGame/Content/Athena/Maps/Buildings/1x1/Athena_JUNG_1x1_Cove_C.36"
      }
    }
  },
  {
    "Type": "SM_Construction_Concrete_Floor_03_C",
    "Name": "Pueblo_Floor_02_2",
    "Outer": "PersistentLevel",
    "Class": "BlueprintGeneratedClass'FortniteGame/Content/Building/ActorBlueprints/Floor/SM_Construction_Concrete_Floor_03.SM_Construction_Concrete_Floor_03_C'",
    "Template": {
      "ObjectName": "SM_Construction_Concrete_Floor_03_C'Default__SM_Construction_Concrete_Floor_03_C'",
      "ObjectPath": "FortniteGame/Content/Building/ActorBlueprints/Floor/SM_Construction_Concrete_Floor_03.1"
    },
    "Properties": {
      "TextureData": {
        "ObjectName": "BuildingTextureData'MI_Farm_Wood_2'",
        "ObjectPath": "FortniteGame/Content/Building/TextureData/WallOuter/MI_Farm_Wood_2.0"
      },
      "TextureData": {
        "ObjectName": "BuildingTextureData'MI_Farm_Wood_2'",
        "ObjectPath": "FortniteGame/Content/Building/TextureData/WallOuter/MI_Farm_Wood_2.0"
      },
      "ResourceType": "EFortResourceType::Wood",
      "StaticMeshComponent": {
        "ObjectName": "StaticMeshComponent'Athena_JUNG_1x1_Cove_C:PersistentLevel.Pueblo_Floor_02_2.StaticMeshComponent0'",
        "ObjectPath": "FortniteGame/Content/Athena/Maps/Buildings/1x1/Athena_JUNG_1x1_Cove_C.38"
      },
      "BaseMaterial": {
        "ObjectName": "MaterialInstanceConstant'MI_Fort_Floors_Generic_TilesClean'",
        "ObjectPath": "FortniteGame/Content/Packages/Fortress_Floors_Generic/SM/Materials/MI_Fort_Floors_Generic_TilesClean.0"
      },
      "MyGuid": "1421CB17-4AAC08D2-D95C4A99-B4FD1B0B",
      "DataVersion": 1,
      "CullDistance": 0.0,
      "RootComponent": {
        "ObjectName": "StaticMeshComponent'Athena_JUNG_1x1_Cove_C:PersistentLevel.Pueblo_Floor_02_2.StaticMeshComponent0'",
        "ObjectPath": "FortniteGame/Content/Athena/Maps/Buildings/1x1/Athena_JUNG_1x1_Cove_C.38"
      }
    }
  },
  {
    "Type": "SM_FORT_Floors_Generic_BasicTile_C",
    "Name": "Pueblo_Floor_6",
    "Outer": "PersistentLevel",
    "Class": "BlueprintGeneratedClass'FortniteGame/Content/Building/ActorBlueprints/Floor/SM_FORT_Floors_Generic_BasicTile.SM_FORT_Floors_Generic_BasicTile_C'",
    "Template": {
      "ObjectName": "SM_FORT_Floors_Generic_BasicTile_C'Default__SM_FORT_Floors_Generic_BasicTile_C'",
      "ObjectPath": "FortniteGame/Content/Building/ActorBlueprints/Floor/SM_FORT_Floors_Generic_BasicTile.1"
    },
    "Properties": {
      "TextureData": {
        "ObjectName": "BuildingTextureData'Wooden_Floorboards_Brwn'",
        "ObjectPath": "FortniteGame/Content/Building/TextureData/FloorTexture/Wooden_Floorboards_Brwn.0"
      },
      "TextureData": {
        "ObjectName": "BuildingTextureData'Wooden_Floorboards_Brwn'",
        "ObjectPath": "FortniteGame/Content/Building/TextureData/FloorTexture/Wooden_Floorboards_Brwn.0"
      },
      "ResourceType": "EFortResourceType::Wood",
      "bMirrored": true,
      "StaticMeshComponent": {
        "ObjectName": "StaticMeshComponent'Athena_JUNG_1x1_Cove_C:PersistentLevel.Pueblo_Floor_6.StaticMeshComponent0'",
        "ObjectPath": "FortniteGame/Content/Athena/Maps/Buildings/1x1/Athena_JUNG_1x1_Cove_C.39"
      },
      "BaseMaterial": {
        "ObjectName": "MaterialInstanceConstant'MI_Fort_Floors_Generic_TilesClean'",
        "ObjectPath": "FortniteGame/Content/Packages/Fortress_Floors_Generic/SM/Materials/MI_Fort_Floors_Generic_TilesClean.0"
      },
      "MyGuid": "DB1400A4-4EBF124D-7239BFA0-2368BDCD",
      "DataVersion": 1,
      "CullDistance": 0.0,
      "RootComponent": {
        "ObjectName": "StaticMeshComponent'Athena_JUNG_1x1_Cove_C:PersistentLevel.Pueblo_Floor_6.StaticMeshComponent0'",
        "ObjectPath": "FortniteGame/Content/Athena/Maps/Buildings/1x1/Athena_JUNG_1x1_Cove_C.39"
      }
    }
  },
  {
    "Type": "StaticMeshComponent",
    "Name": "StaticMeshComponent0",
    "Outer": "Athena_Plant_Vines12_2",
    "Class": "UScriptClass'StaticMeshComponent'",
    "Template": {
      "ObjectName": "StaticMeshComponent'Default__Athena_Plant_Vines_Jungle_C:StaticMeshComponent0'",
      "ObjectPath": "FortniteGame/Content/Building/ActorBlueprints/Containers/Athena_Plant_Vines_Jungle.5"
    },
    "Properties": {
      "OverrideMaterials": [
        null
      ],
      "LDMaxDrawDistance": 8000.0,
      "CachedMaxDrawDistance": 8000.0,
      "RelativeLocation": {
        "X": 280.0078,
        "Y": -40.225586,
        "Z": 3.2294922
      },
      "RelativeRotation": {
        "Pitch": -15.000002,
        "Yaw": -90.00018,
        "Roll": 1.0606696E-05
      },
      "RelativeScale3D": {
        "X": -1.0,
        "Y": 1.0,
        "Z": 1.0
      }
    }
  },
  {
    "Type": "StaticMeshComponent",
    "Name": "StaticMeshComponent0",
    "Outer": "Athena_Plant_Vines13",
    "Class": "UScriptClass'StaticMeshComponent'",
    "Template": {
      "ObjectName": "StaticMeshComponent'Default__Athena_Plant_Vines_Jungle_C:StaticMeshComponent0'",
      "ObjectPath": "FortniteGame/Content/Building/ActorBlueprints/Containers/Athena_Plant_Vines_Jungle.5"
    },
    "Properties": {
      "OverrideMaterials": [
        null
      ],
      "LDMaxDrawDistance": 8000.0,
      "CachedMaxDrawDistance": 8000.0,
      "RelativeLocation": {
        "X": 218.05469,
        "Y": -270.17285,
        "Z": 106.620605
      },
      "RelativeRotation": {
        "Pitch": -44.978508,
        "Yaw": 178.43736,
        "Roll": 2.2106152
      },
      "RelativeScale3D": {
        "X": -1.0,
        "Y": 1.0,
        "Z": 1.0
      }
    }
  },
  {
    "Type": "StaticMeshComponent",
    "Name": "StaticMeshComponent0",
    "Outer": "Athena_Prop_Storage_Barrel_167",
    "Class": "UScriptClass'StaticMeshComponent'",
    "Template": {
      "ObjectName": "StaticMeshComponent'Default__Athena_Prop_Storage_Barrel_02_C:StaticMeshComponent0'",
      "ObjectPath": "FortniteGame/Content/Athena/BuildingActors/Props/Building/ActorBlueprints/Containers/Athena_Prop_Storage_Barrel_02.5"
    },
    "Properties": {
      "OverrideMaterials": [
        null
      ],
      "CachedMaxDrawDistance": 2800.0,
      "RelativeLocation": {
        "X": 207.72656,
        "Y": 206.15039,
        "Z": 8.0
      },
      "RelativeRotation": {
        "Pitch": 0.0,
        "Yaw": 63.801384,
        "Roll": 0.0
      }
    }
  },
  {
    "Type": "StaticMeshComponent",
    "Name": "StaticMeshComponent0",
    "Outer": "Athena_Prop_Storage_Barrel_169",
    "Class": "UScriptClass'StaticMeshComponent'",
    "Template": {
      "ObjectName": "StaticMeshComponent'Default__Athena_Prop_Storage_Barrel_02_C:StaticMeshComponent0'",
      "ObjectPath": "FortniteGame/Content/Athena/BuildingActors/Props/Building/ActorBlueprints/Containers/Athena_Prop_Storage_Barrel_02.5"
    },
    "Properties": {
      "OverrideMaterials": [
        null
      ],
      "CachedMaxDrawDistance": 2800.0,
      "RelativeLocation": {
        "X": 169.14844,
        "Y": 182.14941,
        "Z": 40.0
      },
      "RelativeRotation": {
        "Pitch": 4.0981133E-05,
        "Yaw": 328.80112,
        "Roll": -89.999794
      }
    }
  },
  {
    "Type": "StaticMeshComponent",
    "Name": "StaticMeshComponent0",
    "Outer": "Athena_Prop_Storage_Barrel_171",
    "Class": "UScriptClass'StaticMeshComponent'",
    "Template": {
      "ObjectName": "StaticMeshComponent'Default__Athena_Prop_Storage_Barrel_02_C:StaticMeshComponent0'",
      "ObjectPath": "FortniteGame/Content/Athena/BuildingActors/Props/Building/ActorBlueprints/Containers/Athena_Prop_Storage_Barrel_02.5"
    },
    "Properties": {
      "OverrideMaterials": [
        null
      ],
      "CachedMaxDrawDistance": 2800.0,
      "RelativeLocation": {
        "X": 129.25781,
        "Y": 213.2373,
        "Z": 0.0
      },
      "RelativeRotation": {
        "Pitch": 0.0,
        "Yaw": 173.80069,
        "Roll": 0.0
      }
    }
  },
  {
    "Type": "StaticMeshComponent",
    "Name": "StaticMeshComponent0",
    "Outer": "Athena_Prop_Storage_Crate01a_side34_2",
    "Class": "UScriptClass'StaticMeshComponent'",
    "Template": {
      "ObjectName": "StaticMeshComponent'Default__Athena_Prop_Storage_Crate01a_side_C:StaticMeshComponent0'",
      "ObjectPath": "FortniteGame/Content/Athena/BuildingActors/Props/Building/ActorBlueprints/Containers/Athena_Prop_Storage_Crate01a_side.5"
    },
    "Properties": {
      "OverrideMaterials": [
        null
      ],
      "CachedMaxDrawDistance": 7177.147,
      "RelativeLocation": {
        "X": -153.42188,
        "Y": -35.753906,
        "Z": 0.0
      },
      "RelativeRotation": {
        "Pitch": 0.0,
        "Yaw": 120.00028,
        "Roll": 0.0
      }
    }
  },
  {
    "Type": "StaticMeshComponent",
    "Name": "StaticMeshComponent0",
    "Outer": "Athena_Prop_Storage_Crate01a_side51",
    "Class": "UScriptClass'StaticMeshComponent'",
    "Template": {
      "ObjectName": "StaticMeshComponent'Default__Athena_Prop_Storage_Crate01a_side_C:StaticMeshComponent0'",
      "ObjectPath": "FortniteGame/Content/Athena/BuildingActors/Props/Building/ActorBlueprints/Containers/Athena_Prop_Storage_Crate01a_side.5"
    },
    "Properties": {
      "OverrideMaterials": [
        null
      ],
      "CachedMaxDrawDistance": 7177.147,
      "RelativeLocation": {
        "X": -174.73438,
        "Y": -64.48828,
        "Z": 108.0
      },
      "RelativeRotation": {
        "Pitch": 0.0,
        "Yaw": 79.99968,
        "Roll": 0.0
      }
    }
  },
  {
    "Type": "StaticMeshComponent",
    "Name": "StaticMeshComponent0",
    "Outer": "LODActor_0",
    "Class": "UScriptClass'StaticMeshComponent'",
    "Properties": {
      "StaticMesh": {
        "ObjectName": "StaticMesh'SM_Athena_JUNG_1x1_Cove_C_0_Pueblo_Solid_9'",
        "ObjectPath": "FortniteGame/Content/Athena/Maps/Buildings/1x1/HLOD/Athena_JUNG_1x1_Cove_C_0_HLOD.3"
      },
      "MinDrawDistance": 35000.0,
      "CastShadow": true,
      "bCastStaticShadow": true
    }
  },
  {
    "Type": "StaticMeshComponent",
    "Name": "StaticMeshComponent0",
    "Outer": "PirateShip_Loot_A36",
    "Class": "UScriptClass'StaticMeshComponent'",
    "Template": {
      "ObjectName": "StaticMeshComponent'Default__PirateShip_Loot_A_C:StaticMeshComponent0'",
      "ObjectPath": "FortniteGame/Content/Building/ActorBlueprints/Prop/PirateShip_Loot_A.5"
    },
    "Properties": {
      "OverrideMaterials": [
        null
      ],
      "CachedMaxDrawDistance": 8618.921,
      "RelativeLocation": {
        "X": -54.0,
        "Y": 170.0,
        "Z": 8.0
      },
      "RelativeRotation": {
        "Pitch": 0.0,
        "Yaw": 123.12066,
        "Roll": 0.0
      }
    }
  },
  {
    "Type": "StaticMeshComponent",
    "Name": "StaticMeshComponent0",
    "Outer": "Prop_WildWest_SimpleChair_01_2",
    "Class": "UScriptClass'StaticMeshComponent'",
    "Template": {
      "ObjectName": "StaticMeshComponent'Default__Prop_WildWest_SimpleChair_01_C:StaticMeshComponent0'",
      "ObjectPath": "FortniteGame/Content/Building/ActorBlueprints/Prop/Prop_WildWest_SimpleChair_01.4"
    },
    "Properties": {
      "OverrideMaterials": [
        null
      ],
      "CachedMaxDrawDistance": 3968.0444,
      "RelativeLocation": {
        "X": 58.992188,
        "Y": 146.05078,
        "Z": 8.626953
      },
      "RelativeRotation": {
        "Pitch": 0.0,
        "Yaw": 333.75345,
        "Roll": -19.999805
      }
    }
  },
  {
    "Type": "StaticMeshComponent",
    "Name": "StaticMeshComponent0",
    "Outer": "Prop_WildWest_SimpleTable_01_2",
    "Class": "UScriptClass'StaticMeshComponent'",
    "Template": {
      "ObjectName": "StaticMeshComponent'Default__Prop_WildWest_SimpleTable_01_C:StaticMeshComponent0'",
      "ObjectPath": "FortniteGame/Content/Building/ActorBlueprints/Prop/Prop_WildWest_SimpleTable_01.4"
    },
    "Properties": {
      "OverrideMaterials": [
        null
      ],
      "CachedMaxDrawDistance": 8979.283,
      "RelativeLocation": {
        "X": -91.32031,
        "Y": 77.19922,
        "Z": 9.0859375
      },
      "RelativeRotation": {
        "Pitch": -59.999153,
        "Yaw": 321.20963,
        "Roll": 5.8055164E-05
      }
    }
  },
  {
    "Type": "StaticMeshComponent",
    "Name": "StaticMeshComponent0",
    "Outer": "Pueblo_DoorC_01_2",
    "Class": "UScriptClass'StaticMeshComponent'",
    "Template": {
      "ObjectName": "StaticMeshComponent'Default__CryptWalls_08_C:StaticMeshComponent0'",
      "ObjectPath": "FortniteGame/Content/Building/ActorBlueprints/Wall/CryptWalls_08.4"
    },
    "Properties": {
      "OverrideMaterials": [
        null
      ],
      "LODParentPrimitive": {
        "ObjectName": "StaticMeshComponent'Athena_JUNG_1x1_Cove_C:PersistentLevel.LODActor_0.StaticMeshComponent0'",
        "ObjectPath": "FortniteGame/Content/Athena/Maps/Buildings/1x1/Athena_JUNG_1x1_Cove_C.33"
      },
      "RelativeLocation": {
        "X": 0.046875,
        "Y": -256.0,
        "Z": 0.0
      },
      "RelativeRotation": {
        "Pitch": 0.0,
        "Yaw": 179.99997,
        "Roll": 0.0
      }
    }
  },
  {
    "Type": "StaticMeshComponent",
    "Name": "StaticMeshComponent0",
    "Outer": "Pueblo_Floor_02_2",
    "Class": "UScriptClass'StaticMeshComponent'",
    "Template": {
      "ObjectName": "StaticMeshComponent'Default__SM_Construction_Concrete_Floor_03_C:StaticMeshComponent0'",
      "ObjectPath": "FortniteGame/Content/Building/ActorBlueprints/Floor/SM_Construction_Concrete_Floor_03.4"
    },
    "Properties": {
      "OverrideMaterials": [
        null
      ],
      "LODParentPrimitive": {
        "ObjectName": "StaticMeshComponent'Athena_JUNG_1x1_Cove_C:PersistentLevel.LODActor_0.StaticMeshComponent0'",
        "ObjectPath": "FortniteGame/Content/Athena/Maps/Buildings/1x1/Athena_JUNG_1x1_Cove_C.33"
      },
      "RelativeLocation": {
        "X": 0.046875,
        "Y": -256.0,
        "Z": 384.0
      },
      "RelativeRotation": {
        "Pitch": 0.0,
        "Yaw": 0.00033903122,
        "Roll": 0.0
      }
    }
  },
  {
    "Type": "StaticMeshComponent",
    "Name": "StaticMeshComponent0",
    "Outer": "Pueblo_Floor_6",
    "Class": "UScriptClass'StaticMeshComponent'",
    "Template": {
      "ObjectName": "StaticMeshComponent'Default__SM_FORT_Floors_Generic_BasicTile_C:StaticMeshComponent0'",
      "ObjectPath": "FortniteGame/Content/Building/ActorBlueprints/Floor/SM_FORT_Floors_Generic_BasicTile.4"
    },
    "Properties": {
      "OverrideMaterials": [
        null
      ],
      "BodyInstance": {
        "MaxAngularVelocity": 3599.9998
      },
      "LODParentPrimitive": {
        "ObjectName": "StaticMeshComponent'Athena_JUNG_1x1_Cove_C:PersistentLevel.LODActor_0.StaticMeshComponent0'",
        "ObjectPath": "FortniteGame/Content/Athena/Maps/Buildings/1x1/Athena_JUNG_1x1_Cove_C.33"
      },
      "RelativeLocation": {
        "X": -256.0,
        "Y": 0.0009765625,
        "Z": 0.0
      },
      "RelativeRotation": {
        "Pitch": 0.0,
        "Yaw": 269.99988,
        "Roll": 0.0
      },
      "RelativeScale3D": {
        "X": -1.0,
        "Y": 1.0,
        "Z": 1.0
      }
    }
  },
  {
    "Type": "StaticMeshComponent",
    "Name": "StaticMeshComponent0",
    "Outer": "Pueblo_Solid_11",
    "Class": "UScriptClass'StaticMeshComponent'",
    "Template": {
      "ObjectName": "StaticMeshComponent'Default__CryptWalls_02_C:StaticMeshComponent0'",
      "ObjectPath": "FortniteGame/Content/Building/ActorBlueprints/Wall/CryptWalls_02.4"
    },
    "Properties": {
      "OverrideMaterials": [
        null
      ],
      "LODParentPrimitive": {
        "ObjectName": "StaticMeshComponent'Athena_JUNG_1x1_Cove_C:PersistentLevel.LODActor_0.StaticMeshComponent0'",
        "ObjectPath": "FortniteGame/Content/Athena/Maps/Buildings/1x1/Athena_JUNG_1x1_Cove_C.33"
      },
      "RelativeLocation": {
        "X": 256.0,
        "Y": 0.0029296875,
        "Z": 0.0
      },
      "RelativeRotation": {
        "Pitch": 0.0,
        "Yaw": 270.00006,
        "Roll": 0.0
      }
    }
  },
  {
    "Type": "StaticMeshComponent",
    "Name": "StaticMeshComponent0",
    "Outer": "Pueblo_Solid_9",
    "Class": "UScriptClass'StaticMeshComponent'",
    "Template": {
      "ObjectName": "StaticMeshComponent'Default__CryptWalls_02_C:StaticMeshComponent0'",
      "ObjectPath": "FortniteGame/Content/Building/ActorBlueprints/Wall/CryptWalls_02.4"
    },
    "Properties": {
      "OverrideMaterials": [
        null
      ],
      "LODParentPrimitive": {
        "ObjectName": "StaticMeshComponent'Athena_JUNG_1x1_Cove_C:PersistentLevel.LODActor_0.StaticMeshComponent0'",
        "ObjectPath": "FortniteGame/Content/Athena/Maps/Buildings/1x1/Athena_JUNG_1x1_Cove_C.33"
      },
      "RelativeLocation": {
        "X": 0.0,
        "Y": 256.0,
        "Z": 0.0
      },
      "RelativeRotation": {
        "Pitch": 0.0,
        "Yaw": 179.99997,
        "Roll": 0.0
      }
    }
  },
  {
    "Type": "StaticMeshComponent",
    "Name": "StaticMeshComponent0",
    "Outer": "Pueblo_WindowSide_01_2",
    "Class": "UScriptClass'StaticMeshComponent'",
    "Template": {
      "ObjectName": "StaticMeshComponent'Default__CryptWalls_02_C:StaticMeshComponent0'",
      "ObjectPath": "FortniteGame/Content/Building/ActorBlueprints/Wall/CryptWalls_02.4"
    },
    "Properties": {
      "OverrideMaterials": [
        null
      ],
      "BodyInstance": {
        "MaxAngularVelocity": 3599.9998
      },
      "LODParentPrimitive": {
        "ObjectName": "StaticMeshComponent'Athena_JUNG_1x1_Cove_C:PersistentLevel.LODActor_0.StaticMeshComponent0'",
        "ObjectPath": "FortniteGame/Content/Athena/Maps/Buildings/1x1/Athena_JUNG_1x1_Cove_C.33"
      },
      "RelativeLocation": {
        "X": -256.0,
        "Y": 0.0,
        "Z": 0.0
      },
      "RelativeRotation": {
        "Pitch": 0.0,
        "Yaw": -90.00001,
        "Roll": 0.0
      },
      "RelativeScale3D": {
        "X": -1.0,
        "Y": 1.0,
        "Z": 1.0
      }
    }
  },
  {
    "Type": "StaticMeshComponent",
    "Name": "StaticMeshComponent0",
    "Outer": "Tiered_Ammo_Athena_2",
    "Class": "UScriptClass'StaticMeshComponent'",
    "Template": {
      "ObjectName": "StaticMeshComponent'Default__Tiered_Ammo_Athena_C:StaticMeshComponent0'",
      "ObjectPath": "FortniteGame/Content/Building/ActorBlueprints/Containers/Tiered_Ammo_Athena.48"
    },
    "Properties": {
      "OverrideMaterials": [
        null
      ],
      "CachedMaxDrawDistance": 5914.6885,
      "RelativeLocation": {
        "X": -156.0,
        "Y": 154.0,
        "Z": 4.0
      },
      "RelativeRotation": {
        "Pitch": 0.0,
        "Yaw": 214.99998,
        "Roll": 0.0
      }
    }
  },
  {
    "Type": "StaticMeshComponent",
    "Name": "StaticMeshComponent0",
    "Outer": "Tiered_Athena_FloorLoot_01_2",
    "Class": "UScriptClass'StaticMeshComponent'",
    "Template": {
      "ObjectName": "StaticMeshComponent'Default__Tiered_Athena_FloorLoot_01_C:StaticMeshComponent0'",
      "ObjectPath": "FortniteGame/Content/Athena/Environments/Blueprints/Tiered_Athena_FloorLoot_01.5"
    },
    "Properties": {
      "OverrideMaterials": [
        null
      ],
      "CachedMaxDrawDistance": 10643.375,
      "RelativeLocation": {
        "X": 72.0,
        "Y": -104.0,
        "Z": 8.0
      }
    }
  },
  {
    "Type": "Tiered_Ammo_Athena_C",
    "Name": "Tiered_Ammo_Athena_2",
    "Outer": "PersistentLevel",
    "Class": "BlueprintGeneratedClass'FortniteGame/Content/Building/ActorBlueprints/Containers/Tiered_Ammo_Athena.Tiered_Ammo_Athena_C'",
    "Template": {
      "ObjectName": "Tiered_Ammo_Athena_C'Default__Tiered_Ammo_Athena_C'",
      "ObjectPath": "FortniteGame/Content/Building/ActorBlueprints/Containers/Tiered_Ammo_Athena.2"
    },
    "Properties": {
      "MobileSelectedTL": {
        "ObjectName": "TimelineComponent'Athena_JUNG_1x1_Cove_C:PersistentLevel.Tiered_Ammo_Athena_2.MobileSelectedTL'",
        "ObjectPath": "FortniteGame/Content/Athena/Maps/Buildings/1x1/Athena_JUNG_1x1_Cove_C.47"
      },
      "StaticMeshComponent": {
        "ObjectName": "StaticMeshComponent'Athena_JUNG_1x1_Cove_C:PersistentLevel.Tiered_Ammo_Athena_2.StaticMeshComponent0'",
        "ObjectPath": "FortniteGame/Content/Athena/Maps/Buildings/1x1/Athena_JUNG_1x1_Cove_C.43"
      },
      "ParentActorToAttachTo": {
        "ObjectName": "SM_FORT_Floors_Generic_BasicTile_C'Athena_JUNG_1x1_Cove_C:PersistentLevel.Pueblo_Floor_6'",
        "ObjectPath": "FortniteGame/Content/Athena/Maps/Buildings/1x1/Athena_JUNG_1x1_Cove_C.25"
      },
      "MyGuid": "AAD3CAA7-44E6855C-111F79AA-9763C6D8",
      "DataVersion": 1,
      "CullDistance": 5914.6885,
      "RootComponent": {
        "ObjectName": "StaticMeshComponent'Athena_JUNG_1x1_Cove_C:PersistentLevel.Tiered_Ammo_Athena_2.StaticMeshComponent0'",
        "ObjectPath": "FortniteGame/Content/Athena/Maps/Buildings/1x1/Athena_JUNG_1x1_Cove_C.43"
      },
      "BlueprintCreatedComponents": [
        {
          "ObjectName": "TimelineComponent'Athena_JUNG_1x1_Cove_C:PersistentLevel.Tiered_Ammo_Athena_2.MobileSelectedTL'",
          "ObjectPath": "FortniteGame/Content/Athena/Maps/Buildings/1x1/Athena_JUNG_1x1_Cove_C.47"
        }
      ]
    }
  },
  {
    "Type": "Tiered_Athena_FloorLoot_01_C",
    "Name": "Tiered_Athena_FloorLoot_01_2",
    "Outer": "PersistentLevel",
    "Class": "BlueprintGeneratedClass'FortniteGame/Content/Athena/Environments/Blueprints/Tiered_Athena_FloorLoot_01.Tiered_Athena_FloorLoot_01_C'",
    "Template": {
      "ObjectName": "Tiered_Athena_FloorLoot_01_C'Default__Tiered_Athena_FloorLoot_01_C'",
      "ObjectPath": "FortniteGame/Content/Athena/Environments/Blueprints/Tiered_Athena_FloorLoot_01.1"
    },
    "Properties": {
      "StaticMeshComponent": {
        "ObjectName": "StaticMeshComponent'Athena_JUNG_1x1_Cove_C:PersistentLevel.Tiered_Athena_FloorLoot_01_2.StaticMeshComponent0'",
        "ObjectPath": "FortniteGame/Content/Athena/Maps/Buildings/1x1/Athena_JUNG_1x1_Cove_C.44"
      },
      "MyGuid": "2E66B903-42D26B5E-D28573B9-4601633B",
      "DataVersion": 1,
      "CullDistance": 10643.375,
      "RootComponent": {
        "ObjectName": "StaticMeshComponent'Athena_JUNG_1x1_Cove_C:PersistentLevel.Tiered_Athena_FloorLoot_01_2.StaticMeshComponent0'",
        "ObjectPath": "FortniteGame/Content/Athena/Maps/Buildings/1x1/Athena_JUNG_1x1_Cove_C.44"
      }
    }
  },
  {
    "Type": "TimelineComponent",
    "Name": "MobileSelectedTL",
    "Outer": "Tiered_Ammo_Athena_2",
    "Class": "UScriptClass'TimelineComponent'",
    "Properties": {
      "TheTimeline": {
        "LengthMode": "TL_TimelineLength",
        "Length": 0.21,
        "InterpFloats": [
          {
            "FloatCurve": {
              "ObjectName": "CurveFloat'Tiered_Ammo_Athena_C:CurveFloat_0'",
              "ObjectPath": "FortniteGame/Content/Building/ActorBlueprints/Containers/Tiered_Ammo_Athena.28"
            },
            "InterpFunc": {
              "Num": 0,
              "Name": "None"
            },
            "TrackName": "LerpObject",
            "FloatPropertyName": "MobileSelectedTL_LerpObject_A5A509274549841DD24AFF8F04042949"
          },
          {
            "FloatCurve": {
              "ObjectName": "CurveFloat'Tiered_Ammo_Athena_C:CurveFloat_1'",
              "ObjectPath": "FortniteGame/Content/Building/ActorBlueprints/Containers/Tiered_Ammo_Athena.29"
            },
            "InterpFunc": {
              "Num": 0,
              "Name": "None"
            },
            "TrackName": "LerpInteactoIcon",
            "FloatPropertyName": "MobileSelectedTL_LerpInteactoIcon_A5A509274549841DD24AFF8F04042949"
          }
        ],
        "TimelinePostUpdateFunc": {
          "Num": 46,
          "Name": "MobileSelectedTL__UpdateFunc"
        },
        "TimelineFinishedFunc": {
          "Num": 46,
          "Name": "MobileSelectedTL__FinishedFunc"
        },
        "PropertySetObject": {
          "ObjectName": "Tiered_Ammo_Athena_C'Athena_JUNG_1x1_Cove_C:PersistentLevel.Tiered_Ammo_Athena_2'",
          "ObjectPath": "FortniteGame/Content/Athena/Maps/Buildings/1x1/Athena_JUNG_1x1_Cove_C.45"
        },
        "DirectionPropertyName": "MobileSelectedTL__Direction_A5A509274549841DD24AFF8F04042949"
      },
      "bNetAddressable": true,
      "CreationMethod": "EComponentCreationMethod::UserConstructionScript"
    }
  },
  {
    "Type": "World",
    "Name": "Athena_JUNG_1x1_Cove_C",
    "Class": "UScriptClass'World'",
    "Properties": {
      "DefaultPhysicsVolume": null
    },
    "PersistentLevel": {
      "ObjectName": "Level'Athena_JUNG_1x1_Cove_C:PersistentLevel'",
      "ObjectPath": "FortniteGame/Content/Athena/Maps/Buildings/1x1/Athena_JUNG_1x1_Cove_C.16"
    },
    "ExtraReferencedObjects": [],
    "StreamingLevels": []
  }
]