[
  {
    "Type": "BlueprintGeneratedClass",
    "Name": "Athena_JUNG_1x1_Cove_B_C",
    "Class": "UScriptClass'BlueprintGeneratedClass'",
    "SuperStruct": {
      "ObjectName": "Class'FortLevelScriptActor'",
      "ObjectPath": "/Script/FortniteGame"
    },
    "ClassFlags": "CLASS_Optional | CLASS_NotPlaceable | CLASS_ReplicationDataIsSetUp | CLASS_CompiledFromBlueprint | CLASS_HasInstancedReference",
    "ClassWithin": {
      "ObjectName": "Class'Object'",
      "ObjectPath": "/Script/CoreUObject"
    },
    "ClassConfigName": "Engine",
    "bCooked": true,
    "ClassDefaultObject": {
      "ObjectName": "Athena_JUNG_1x1_Cove_B_C'Default__Athena_JUNG_1x1_Cove_B_C'",
      "ObjectPath": "FortniteGame/Content/Athena/Maps/Buildings/1x1/Athena_JUNG_1x1_Cove_B.1"
    }
  },
  {
    "Type": "Athena_JUNG_1x1_Cove_B_C",
    "Name": "Default__Athena_JUNG_1x1_Cove_B_C",
    "Class": "BlueprintGeneratedClass'FortniteGame/Content/Athena/Maps/Buildings/1x1/Athena_JUNG_1x1_Cove_B.Athena_JUNG_1x1_Cove_B_C'"
  },
  {
    "Type": "Athena_JUNG_1x1_Cove_B_C",
    "Name": "Athena_JUNG_1x1_Cove_B_C_1",
    "Outer": "PersistentLevel",
    "Class": "BlueprintGeneratedClass'FortniteGame/Content/Athena/Maps/Buildings/1x1/Athena_JUNG_1x1_Cove_B.Athena_JUNG_1x1_Cove_B_C'",
    "Template": {
      "ObjectName": "Athena_JUNG_1x1_Cove_B_C'Default__Athena_JUNG_1x1_Cove_B_C'",
      "ObjectPath": "FortniteGame/Content/Athena/Maps/Buildings/1x1/Athena_JUNG_1x1_Cove_B.1"
    }
  },
  {
    "Type": "Athena_Prop_Mansion_Art_Painting_04_C",
    "Name": "Athena_Prop_Mansion_Art_Painting_8",
    "Outer": "PersistentLevel",
    "Class": "BlueprintGeneratedClass'FortniteGame/Content/Athena/BuildingActors/Props/Building/ActorBlueprints/Containers/Athena_Prop_Mansion_Art_Painting_04.Athena_Prop_Mansion_Art_Painting_04_C'",
    "Template": {
      "ObjectName": "Athena_Prop_Mansion_Art_Painting_04_C'Default__Athena_Prop_Mansion_Art_Painting_04_C'",
      "ObjectPath": "FortniteGame/Content/Athena/BuildingActors/Props/Building/ActorBlueprints/Containers/Athena_Prop_Mansion_Art_Painting_04.1"
    },
    "Properties": {
      "TextureData": {
        "ObjectName": "BuildingTextureData'Pirate_Paintings'",
        "ObjectPath": "FortniteGame/Content/Building/TextureData/PropOverrides/Pirate_Paintings.0"
      },
      "StaticMeshComponent": {
        "ObjectName": "StaticMeshComponent'Athena_JUNG_1x1_Cove_B:PersistentLevel.Athena_Prop_Mansion_Art_Painting_8.StaticMeshComponent0'",
        "ObjectPath": "FortniteGame/Content/Athena/Maps/Buildings/1x1/Athena_JUNG_1x1_Cove_B.34"
      },
      "BaseMaterial": {
        "ObjectName": "MaterialInstanceConstant'MI_Mansion_Deco_PaintingFrame_01'",
        "ObjectPath": "FortniteGame/Content/Environments/Props/Mansion/Materials/MI_Mansion_Deco_PaintingFrame_01.0"
      },
      "ParentActorToAttachTo": {
        "ObjectName": "BP_WV_Tudor_Wall_05_C'Athena_JUNG_1x1_Cove_B:PersistentLevel.Pueblo_Solid_9'",
        "ObjectPath": "FortniteGame/Content/Athena/Maps/Buildings/1x1/Athena_JUNG_1x1_Cove_B.10"
      },
      "MyGuid": "A637F105-49487FED-FB398B93-E9CB8D27",
      "DataVersion": 1,
      "CullDistance": 4934.677,
      "RootComponent": {
        "ObjectName": "StaticMeshComponent'Athena_JUNG_1x1_Cove_B:PersistentLevel.Athena_Prop_Mansion_Art_Painting_8.StaticMeshComponent0'",
        "ObjectPath": "FortniteGame/Content/Athena/Maps/Buildings/1x1/Athena_JUNG_1x1_Cove_B.34"
      }
    }
  },
  {
    "Type": "Athena_Prop_Prop_Bear_C",
    "Name": "Athena_Prop_Prop_Bear6_2",
    "Outer": "PersistentLevel",
    "Class": "BlueprintGeneratedClass'FortniteGame/Content/Athena/BuildingActors/Props/Building/ActorBlueprints/Prop/Athena_Prop_Prop_Bear.Athena_Prop_Prop_Bear_C'",
    "Template": {
      "ObjectName": "Athena_Prop_Prop_Bear_C'Default__Athena_Prop_Prop_Bear_C'",
      "ObjectPath": "FortniteGame/Content/Athena/BuildingActors/Props/Building/ActorBlueprints/Prop/Athena_Prop_Prop_Bear.2"
    },
    "Properties": {
      "StaticMeshComponent": {
        "ObjectName": "StaticMeshComponent'Athena_JUNG_1x1_Cove_B:PersistentLevel.Athena_Prop_Prop_Bear6_2.StaticMeshComponent0'",
        "ObjectPath": "FortniteGame/Content/Athena/Maps/Buildings/1x1/Athena_JUNG_1x1_Cove_B.35"
      },
      "ParentActorToAttachTo": {
        "ObjectName": "Athena_Prop_WildWest_SimpleBed_03_C'Athena_JUNG_1x1_Cove_B:PersistentLevel.Athena_Prop_WildWest_SimpleBed_6'",
        "ObjectPath": "FortniteGame/Content/Athena/Maps/Buildings/1x1/Athena_JUNG_1x1_Cove_B.5"
      },
      "MyGuid": "6FBB26D2-4E9DF2ED-DF1C1594-DEFD3655",
      "DataVersion": 1,
      "CullDistance": 2902.5906,
      "RootComponent": {
        "ObjectName": "StaticMeshComponent'Athena_JUNG_1x1_Cove_B:PersistentLevel.Athena_Prop_Prop_Bear6_2.StaticMeshComponent0'",
        "ObjectPath": "FortniteGame/Content/Athena/Maps/Buildings/1x1/Athena_JUNG_1x1_Cove_B.35"
      }
    }
  },
  {
    "Type": "Athena_Prop_WildWest_SimpleBed_03_C",
    "Name": "Athena_Prop_WildWest_SimpleBed_6",
    "Outer": "PersistentLevel",
    "Class": "BlueprintGeneratedClass'FortniteGame/Content/Athena/BuildingActors/Props/Building/ActorBlueprints/Containers/Athena_Prop_WildWest_SimpleBed_03.Athena_Prop_WildWest_SimpleBed_03_C'",
    "Template": {
      "ObjectName": "Athena_Prop_WildWest_SimpleBed_03_C'Default__Athena_Prop_WildWest_SimpleBed_03_C'",
      "ObjectPath": "FortniteGame/Content/Athena/BuildingActors/Props/Building/ActorBlueprints/Containers/Athena_Prop_WildWest_SimpleBed_03.1"
    },
    "Properties": {
      "StaticMeshComponent": {
        "ObjectName": "StaticMeshComponent'Athena_JUNG_1x1_Cove_B:PersistentLevel.Athena_Prop_WildWest_SimpleBed_6.StaticMeshComponent0'",
        "ObjectPath": "FortniteGame/Content/Athena/Maps/Buildings/1x1/Athena_JUNG_1x1_Cove_B.36"
      },
      "ParentActorToAttachTo": {
        "ObjectName": "Pueblo_Floor_01_C'Athena_JUNG_1x1_Cove_B:PersistentLevel.Pueblo_Floor_6'",
        "ObjectPath": "FortniteGame/Content/Athena/Maps/Buildings/1x1/Athena_JUNG_1x1_Cove_B.32"
      },
      "MyGuid": "7F230B11-40CB1FEE-6F0518AD-DFA6BEF5",
      "DataVersion": 1,
      "CullDistance": 14686.633,
      "RootComponent": {
        "ObjectName": "StaticMeshComponent'Athena_JUNG_1x1_Cove_B:PersistentLevel.Athena_Prop_WildWest_SimpleBed_6.StaticMeshComponent0'",
        "ObjectPath": "FortniteGame/Content/Athena/Maps/Buildings/1x1/Athena_JUNG_1x1_Cove_B.36"
      }
    }
  },
  {
    "Type": "Athena_Prop_WildWest_SimpleEndTable_02_C",
    "Name": "Athena_Prop_WildWest_SimpleEndTable_11",
    "Outer": "PersistentLevel",
    "Class": "BlueprintGeneratedClass'FortniteGame/Content/Athena/BuildingActors/Props/Building/ActorBlueprints/Containers/Athena_Prop_WildWest_SimpleEndTable_02.Athena_Prop_WildWest_SimpleEndTable_02_C'",
    "Template": {
      "ObjectName": "Athena_Prop_WildWest_SimpleEndTable_02_C'Default__Athena_Prop_WildWest_SimpleEndTable_02_C'",
      "ObjectPath": "FortniteGame/Content/Athena/BuildingActors/Props/Building/ActorBlueprints/Containers/Athena_Prop_WildWest_SimpleEndTable_02.1"
    },
    "Properties": {
      "StaticMeshComponent": {
        "ObjectName": "StaticMeshComponent'Athena_JUNG_1x1_Cove_B:PersistentLevel.Athena_Prop_WildWest_SimpleEndTable_11.StaticMeshComponent0'",
        "ObjectPath": "FortniteGame/Content/Athena/Maps/Buildings/1x1/Athena_JUNG_1x1_Cove_B.37"
      },
      "ParentActorToAttachTo": {
        "ObjectName": "Pueblo_Floor_01_C'Athena_JUNG_1x1_Cove_B:PersistentLevel.Pueblo_Floor_6'",
        "ObjectPath": "FortniteGame/Content/Athena/Maps/Buildings/1x1/Athena_JUNG_1x1_Cove_B.32"
      },
      "MyGuid": "47DDE4E6-40513C09-948DC588-4F525AE9",
      "DataVersion": 1,
      "CullDistance": 4107.1147,
      "RootComponent": {
        "ObjectName": "StaticMeshComponent'Athena_JUNG_1x1_Cove_B:PersistentLevel.Athena_Prop_WildWest_SimpleEndTable_11.StaticMeshComponent0'",
        "ObjectPath": "FortniteGame/Content/Athena/Maps/Buildings/1x1/Athena_JUNG_1x1_Cove_B.37"
      }
    }
  },
  {
    "Type": "AudioComponent",
    "Name": "Chest_Ambient_Sound",
    "Outer": "Tiered_Chest_Athena66_2",
    "Class": "UScriptClass'AudioComponent'",
    "Template": {
      "ObjectName": "AudioComponent'Tiered_Chest_Athena_C:AudioComponent_1'",
      "ObjectPath": "FortniteGame/Content/Building/ActorBlueprints/Containers/Tiered_Chest_Athena.49"
    },
    "Properties": {
      "AttachParent": {
        "ObjectName": "StaticMeshComponent'Athena_JUNG_1x1_Cove_B:PersistentLevel.Tiered_Chest_Athena66_2.StaticMeshComponent0'",
        "ObjectPath": "FortniteGame/Content/Athena/Maps/Buildings/1x1/Athena_JUNG_1x1_Cove_B.56"
      },
      "bNetAddressable": true,
      "CreationMethod": "EComponentCreationMethod::SimpleConstructionScript"
    }
  },
  {
    "Type": "BoxComponent",
    "Name": "BoxComponent0",
    "Outer": "LevelBounds_1",
    "Class": "UScriptClass'BoxComponent'",
    "Properties": {
      "AreaClass": {
        "ObjectName": "Class'FortMetaNavArea_Obstacles'",
        "ObjectPath": "/Script/FortniteGame"
      },
      "BodyInstance": {
        "MaxAngularVelocity": 3599.9998
      },
      "RelativeLocation": {
        "X": 0.0,
        "Y": -26.24588,
        "Z": 383.67355
      },
      "RelativeScale3D": {
        "X": 592.7338,
        "Y": 791.51996,
        "Z": 783.3472
      }
    }
  },
  {
    "Type": "BP_WV_Tudor_Door_02_C",
    "Name": "BP_WV_Tudor_Door_02_2",
    "Outer": "PersistentLevel",
    "Class": "BlueprintGeneratedClass'FortniteGame/Content/Building/ActorBlueprints/WinterVillage/Walls/BP_WV_Tudor_Door_02.BP_WV_Tudor_Door_02_C'",
    "Template": {
      "ObjectName": "BP_WV_Tudor_Door_02_C'Default__BP_WV_Tudor_Door_02_C'",
      "ObjectPath": "FortniteGame/Content/Building/ActorBlueprints/WinterVillage/Walls/BP_WV_Tudor_Door_02.1"
    },
    "Properties": {
      "TextureData": {
        "ObjectName": "BuildingTextureData'Cove_Wood_Plank_WallPlain'",
        "ObjectPath": "FortniteGame/Content/Environments/Sets/Pirate_Cove/Pirate_Village/Materials/Cove_Wood_Plank_WallPlain.0"
      },
      "TextureData": {
        "ObjectName": "BuildingTextureData'Cove_WoodenWall'",
        "ObjectPath": "FortniteGame/Content/Environments/Sets/Pirate_Cove/Pirate_Village/Materials/Cove_WoodenWall.0"
      },
      "ResourceType": "EFortResourceType::Wood",
      "bMirrored": true,
      "StaticMeshComponent": {
        "ObjectName": "StaticMeshComponent'Athena_JUNG_1x1_Cove_B:PersistentLevel.BP_WV_Tudor_Door_02_2.StaticMeshComponent0'",
        "ObjectPath": "FortniteGame/Content/Athena/Maps/Buildings/1x1/Athena_JUNG_1x1_Cove_B.38"
      },
      "BaseMaterial": {
        "ObjectName": "MaterialInstanceConstant'Cove_Wood_Plank_Wall_Plain'",
        "ObjectPath": "FortniteGame/Content/Environments/Sets/Pirate_Cove/Pirate_Village/Materials/Cove_Wood_Plank_Wall_Plain.0"
      },
      "MyGuid": "019B9B40-4C928035-B1A84283-2A45C8A0",
      "StaticGameplayTags": [
        "Building.Type.Door"
      ],
      "DataVersion": 1,
      "CullDistance": 0.0,
      "RootComponent": {
        "ObjectName": "StaticMeshComponent'Athena_JUNG_1x1_Cove_B:PersistentLevel.BP_WV_Tudor_Door_02_2.StaticMeshComponent0'",
        "ObjectPath": "FortniteGame/Content/Athena/Maps/Buildings/1x1/Athena_JUNG_1x1_Cove_B.38"
      }
    }
  },
  {
    "Type": "BP_WV_Tudor_Wall_05_C",
    "Name": "Pueblo_Solid_9",
    "Outer": "PersistentLevel",
    "Class": "BlueprintGeneratedClass'FortniteGame/Content/Building/ActorBlueprints/WinterVillage/Walls/BP_WV_Tudor_Wall_05.BP_WV_Tudor_Wall_05_C'",
    "Template": {
      "ObjectName": "BP_WV_Tudor_Wall_05_C'Default__BP_WV_Tudor_Wall_05_C'",
      "ObjectPath": "FortniteGame/Content/Building/ActorBlueprints/WinterVillage/Walls/BP_WV_Tudor_Wall_05.1"
    },
    "Properties": {
      "TextureData": {
        "ObjectName": "BuildingTextureData'Cove_Wood_Plank_WallPlain'",
        "ObjectPath": "FortniteGame/Content/Environments/Sets/Pirate_Cove/Pirate_Village/Materials/Cove_Wood_Plank_WallPlain.0"
      },
      "TextureData": {
        "ObjectName": "BuildingTextureData'Cove_WoodenWall'",
        "ObjectPath": "FortniteGame/Content/Environments/Sets/Pirate_Cove/Pirate_Village/Materials/Cove_WoodenWall.0"
      },
      "ResourceType": "EFortResourceType::Wood",
      "StaticMeshComponent": {
        "ObjectName": "StaticMeshComponent'Athena_JUNG_1x1_Cove_B:PersistentLevel.Pueblo_Solid_9.StaticMeshComponent0'",
        "ObjectPath": "FortniteGame/Content/Athena/Maps/Buildings/1x1/Athena_JUNG_1x1_Cove_B.52"
      },
      "BaseMaterial": {
        "ObjectName": "MaterialInstanceConstant'Cove_Wood_Plank_Wall_Plain'",
        "ObjectPath": "FortniteGame/Content/Environments/Sets/Pirate_Cove/Pirate_Village/Materials/Cove_Wood_Plank_Wall_Plain.0"
      },
      "MyGuid": "41CB74DE-4DB2B7E3-BCC89680-2F493FD2",
      "DataVersion": 1,
      "CullDistance": 0.0,
      "RootComponent": {
        "ObjectName": "StaticMeshComponent'Athena_JUNG_1x1_Cove_B:PersistentLevel.Pueblo_Solid_9.StaticMeshComponent0'",
        "ObjectPath": "FortniteGame/Content/Athena/Maps/Buildings/1x1/Athena_JUNG_1x1_Cove_B.52"
      }
    }
  },
  {
    "Type": "BP_WV_Tudor_Wall_05_C",
    "Name": "Pueblo_WindowSide_01_2",
    "Outer": "PersistentLevel",
    "Class": "BlueprintGeneratedClass'FortniteGame/Content/Building/ActorBlueprints/WinterVillage/Walls/BP_WV_Tudor_Wall_05.BP_WV_Tudor_Wall_05_C'",
    "Template": {
      "ObjectName": "BP_WV_Tudor_Wall_05_C'Default__BP_WV_Tudor_Wall_05_C'",
      "ObjectPath": "FortniteGame/Content/Building/ActorBlueprints/WinterVillage/Walls/BP_WV_Tudor_Wall_05.1"
    },
    "Properties": {
      "TextureData": {
        "ObjectName": "BuildingTextureData'Cove_Wood_Plank_WallPlain'",
        "ObjectPath": "FortniteGame/Content/Environments/Sets/Pirate_Cove/Pirate_Village/Materials/Cove_Wood_Plank_WallPlain.0"
      },
      "TextureData": {
        "ObjectName": "BuildingTextureData'Cove_WoodenWall'",
        "ObjectPath": "FortniteGame/Content/Environments/Sets/Pirate_Cove/Pirate_Village/Materials/Cove_WoodenWall.0"
      },
      "ResourceType": "EFortResourceType::Wood",
      "bMirrored": true,
      "StaticMeshComponent": {
        "ObjectName": "StaticMeshComponent'Athena_JUNG_1x1_Cove_B:PersistentLevel.Pueblo_WindowSide_01_2.StaticMeshComponent0'",
        "ObjectPath": "FortniteGame/Content/Athena/Maps/Buildings/1x1/Athena_JUNG_1x1_Cove_B.53"
      },
      "BaseMaterial": {
        "ObjectName": "MaterialInstanceConstant'Cove_Wood_Plank_Wall_Plain'",
        "ObjectPath": "FortniteGame/Content/Environments/Sets/Pirate_Cove/Pirate_Village/Materials/Cove_Wood_Plank_Wall_Plain.0"
      },
      "MyGuid": "789CA3B1-45372777-C8E5B985-E7C81564",
      "DataVersion": 1,
      "CullDistance": 0.0,
      "RootComponent": {
        "ObjectName": "StaticMeshComponent'Athena_JUNG_1x1_Cove_B:PersistentLevel.Pueblo_WindowSide_01_2.StaticMeshComponent0'",
        "ObjectPath": "FortniteGame/Content/Athena/Maps/Buildings/1x1/Athena_JUNG_1x1_Cove_B.53"
      }
    }
  },
  {
    "Type": "BP_WV_Tudor_Window_01_C",
    "Name": "Pueblo_Solid_11",
    "Outer": "PersistentLevel",
    "Class": "BlueprintGeneratedClass'FortniteGame/Content/Building/ActorBlueprints/WinterVillage/Walls/BP_WV_Tudor_Window_01.BP_WV_Tudor_Window_01_C'",
    "Template": {
      "ObjectName": "BP_WV_Tudor_Window_01_C'Default__BP_WV_Tudor_Window_01_C'",
      "ObjectPath": "FortniteGame/Content/Building/ActorBlueprints/WinterVillage/Walls/BP_WV_Tudor_Window_01.1"
    },
    "Properties": {
      "TextureData": {
        "ObjectName": "BuildingTextureData'Cove_Wood_Plank_WallPlain'",
        "ObjectPath": "FortniteGame/Content/Environments/Sets/Pirate_Cove/Pirate_Village/Materials/Cove_Wood_Plank_WallPlain.0"
      },
      "TextureData": {
        "ObjectName": "BuildingTextureData'Cove_WoodenWall'",
        "ObjectPath": "FortniteGame/Content/Environments/Sets/Pirate_Cove/Pirate_Village/Materials/Cove_WoodenWall.0"
      },
      "ResourceType": "EFortResourceType::Wood",
      "StaticMeshComponent": {
        "ObjectName": "StaticMeshComponent'Athena_JUNG_1x1_Cove_B:PersistentLevel.Pueblo_Solid_11.StaticMeshComponent0'",
        "ObjectPath": "FortniteGame/Content/Athena/Maps/Buildings/1x1/Athena_JUNG_1x1_Cove_B.51"
      },
      "BaseMaterial": {
        "ObjectName": "MaterialInstanceConstant'Cove_Wood_Plank_Wall_Plain'",
        "ObjectPath": "FortniteGame/Content/Environments/Sets/Pirate_Cove/Pirate_Village/Materials/Cove_Wood_Plank_Wall_Plain.0"
      },
      "MyGuid": "B5F62505-4B4F529C-E5BB8FB6-D8D1C883",
      "DataVersion": 1,
      "CullDistance": 0.0,
      "RootComponent": {
        "ObjectName": "StaticMeshComponent'Athena_JUNG_1x1_Cove_B:PersistentLevel.Pueblo_Solid_11.StaticMeshComponent0'",
        "ObjectPath": "FortniteGame/Content/Athena/Maps/Buildings/1x1/Athena_JUNG_1x1_Cove_B.51"
      }
    }
  },
  {
    "Type": "FortWorldSettings",
    "Name": "FortWorldSettings",
    "Outer": "PersistentLevel",
    "Class": "UScriptClass'FortWorldSettings'",
    "Properties": {
      "WorldCells": [
        2147483647,
        1
      ],
      "WorldCellsOrigin": {
        "X": 512.0,
        "Y": 512.0,
        "Z": 0.0
      },
      "MinCullObjectSize": 64.0,
      "MinCullDistance": 2800.0,
      "MaxCullObjectSize": 1000.0,
      "MaxCullDistance": 40000.0,
      "NavigationSystemConfig": {
        "ObjectName": "NavigationSystemModuleConfig'Athena_JUNG_1x1_Cove_B:PersistentLevel.FortWorldSettings.NavigationSystemConfig_0'",
        "ObjectPath": "FortniteGame/Content/Athena/Maps/Buildings/1x1/Athena_JUNG_1x1_Cove_B.23"
      },
      "DefaultGameMode": {
        "ObjectName": "BlueprintGeneratedClass'Athena_GameMode_C'",
        "ObjectPath": "FortniteGame/Content/Athena/Athena_GameMode.1"
      },
      "BookmarkArray": [
        null,
        null,
        null,
        null,
        null,
        null,
        null,
        null,
        null,
        null
      ]
    }
  },
  {
    "Type": "IceCastle_Roof_EndCap_C",
    "Name": "IceCastle_Roof_EndCap3_2",
    "Outer": "PersistentLevel",
    "Class": "BlueprintGeneratedClass'FortniteGame/Content/Playgrounds/Environments/Sets/IceCastle/IceCastle_Roof_EndCap.IceCastle_Roof_EndCap_C'",
    "Template": {
      "ObjectName": "IceCastle_Roof_EndCap_C'Default__IceCastle_Roof_EndCap_C'",
      "ObjectPath": "FortniteGame/Content/Playgrounds/Environments/Sets/IceCastle/IceCastle_Roof_EndCap.1"
    },
    "Properties": {
      "TextureData": {
        "ObjectName": "BuildingTextureData'Cove_WoodenWall'",
        "ObjectPath": "FortniteGame/Content/Environments/Sets/Pirate_Cove/Pirate_Village/Materials/Cove_WoodenWall.0"
      },
      "ResourceType": "EFortResourceType::Wood",
      "StaticMeshComponent": {
        "ObjectName": "StaticMeshComponent'Athena_JUNG_1x1_Cove_B:PersistentLevel.IceCastle_Roof_EndCap3_2.StaticMeshComponent0'",
        "ObjectPath": "FortniteGame/Content/Athena/Maps/Buildings/1x1/Athena_JUNG_1x1_Cove_B.39"
      },
      "BaseMaterial": {
        "ObjectName": "MaterialInstanceConstant'MI_IceCastle_Roof'",
        "ObjectPath": "FortniteGame/Content/Environments/Sets/IceCastle/Materials/MI_IceCastle_Roof.0"
      },
      "MyGuid": "ED65F0F2-4371E7CE-9DFEFDA3-F821C925",
      "DataVersion": 1,
      "CullDistance": 0.0,
      "RootComponent": {
        "ObjectName": "StaticMeshComponent'Athena_JUNG_1x1_Cove_B:PersistentLevel.IceCastle_Roof_EndCap3_2.StaticMeshComponent0'",
        "ObjectPath": "FortniteGame/Content/Athena/Maps/Buildings/1x1/Athena_JUNG_1x1_Cove_B.39"
      }
    }
  },
  {
    "Type": "IceCastle_Roof_EndCap_C",
    "Name": "IceCastle_Roof_EndCap4",
    "Outer": "PersistentLevel",
    "Class": "BlueprintGeneratedClass'FortniteGame/Content/Playgrounds/Environments/Sets/IceCastle/IceCastle_Roof_EndCap.IceCastle_Roof_EndCap_C'",
    "Template": {
      "ObjectName": "IceCastle_Roof_EndCap_C'Default__IceCastle_Roof_EndCap_C'",
      "ObjectPath": "FortniteGame/Content/Playgrounds/Environments/Sets/IceCastle/IceCastle_Roof_EndCap.1"
    },
    "Properties": {
      "TextureData": {
        "ObjectName": "BuildingTextureData'Cove_WoodenWall'",
        "ObjectPath": "FortniteGame/Content/Environments/Sets/Pirate_Cove/Pirate_Village/Materials/Cove_WoodenWall.0"
      },
      "ResourceType": "EFortResourceType::Wood",
      "StaticMeshComponent": {
        "ObjectName": "StaticMeshComponent'Athena_JUNG_1x1_Cove_B:PersistentLevel.IceCastle_Roof_EndCap4.StaticMeshComponent0'",
        "ObjectPath": "FortniteGame/Content/Athena/Maps/Buildings/1x1/Athena_JUNG_1x1_Cove_B.40"
      },
      "BaseMaterial": {
        "ObjectName": "MaterialInstanceConstant'MI_IceCastle_Roof'",
        "ObjectPath": "FortniteGame/Content/Environments/Sets/IceCastle/Materials/MI_IceCastle_Roof.0"
      },
      "MyGuid": "18831659-458B2BB8-D0A6A387-23D30A65",
      "DataVersion": 1,
      "CullDistance": 0.0,
      "RootComponent": {
        "ObjectName": "StaticMeshComponent'Athena_JUNG_1x1_Cove_B:PersistentLevel.IceCastle_Roof_EndCap4.StaticMeshComponent0'",
        "ObjectPath": "FortniteGame/Content/Athena/Maps/Buildings/1x1/Athena_JUNG_1x1_Cove_B.40"
      }
    }
  },
  {
    "Type": "IceCastle_Roof_Top_C",
    "Name": "IceCastle_Roof_Top4_2",
    "Outer": "PersistentLevel",
    "Class": "BlueprintGeneratedClass'FortniteGame/Content/Playgrounds/Environments/Sets/IceCastle/IceCastle_Roof_Top.IceCastle_Roof_Top_C'",
    "Template": {
      "ObjectName": "IceCastle_Roof_Top_C'Default__IceCastle_Roof_Top_C'",
      "ObjectPath": "FortniteGame/Content/Playgrounds/Environments/Sets/IceCastle/IceCastle_Roof_Top.1"
    },
    "Properties": {
      "StaticMeshComponent": {
        "ObjectName": "StaticMeshComponent'Athena_JUNG_1x1_Cove_B:PersistentLevel.IceCastle_Roof_Top4_2.StaticMeshComponent0'",
        "ObjectPath": "FortniteGame/Content/Athena/Maps/Buildings/1x1/Athena_JUNG_1x1_Cove_B.41"
      },
      "MyGuid": "BA060754-45DCB650-EB8A11A2-883104BC",
      "DataVersion": 1,
      "CullDistance": 0.0,
      "RootComponent": {
        "ObjectName": "StaticMeshComponent'Athena_JUNG_1x1_Cove_B:PersistentLevel.IceCastle_Roof_Top4_2.StaticMeshComponent0'",
        "ObjectPath": "FortniteGame/Content/Athena/Maps/Buildings/1x1/Athena_JUNG_1x1_Cove_B.41"
      }
    }
  },
  {
    "Type": "LanternGlow_C",
    "Name": "LanternGlow27_2",
    "Outer": "PersistentLevel",
    "Class": "BlueprintGeneratedClass'FortniteGame/Content/Building/ActorBlueprints/Prop/LanternGlow.LanternGlow_C'",
    "Template": {
      "ObjectName": "LanternGlow_C'Default__LanternGlow_C'",
      "ObjectPath": "FortniteGame/Content/Building/ActorBlueprints/Prop/LanternGlow.2"
    },
    "Properties": {
      "PointLight": {
        "ObjectName": "PointLightComponent'Athena_JUNG_1x1_Cove_B:PersistentLevel.LanternGlow27_2.PointLight'",
        "ObjectPath": "FortniteGame/Content/Athena/Maps/Buildings/1x1/Athena_JUNG_1x1_Cove_B.29"
      },
      "TimeOfDayControlledLights": [
        {
          "ObjectName": "PointLightComponent'Athena_JUNG_1x1_Cove_B:PersistentLevel.LanternGlow27_2.PointLight'",
          "ObjectPath": "FortniteGame/Content/Athena/Maps/Buildings/1x1/Athena_JUNG_1x1_Cove_B.29"
        }
      ],
      "StaticMeshComponent": {
        "ObjectName": "StaticMeshComponent'Athena_JUNG_1x1_Cove_B:PersistentLevel.LanternGlow27_2.StaticMeshComponent0'",
        "ObjectPath": "FortniteGame/Content/Athena/Maps/Buildings/1x1/Athena_JUNG_1x1_Cove_B.42"
      },
      "ParentActorToAttachTo": {
        "ObjectName": "Athena_Prop_WildWest_SimpleEndTable_02_C'Athena_JUNG_1x1_Cove_B:PersistentLevel.Athena_Prop_WildWest_SimpleEndTable_11'",
        "ObjectPath": "FortniteGame/Content/Athena/Maps/Buildings/1x1/Athena_JUNG_1x1_Cove_B.6"
      },
      "MyGuid": "73CA744C-48624B19-1276C0BE-9DB4D612",
      "DataVersion": 1,
      "CullDistance": 8354.694,
      "RootComponent": {
        "ObjectName": "StaticMeshComponent'Athena_JUNG_1x1_Cove_B:PersistentLevel.LanternGlow27_2.StaticMeshComponent0'",
        "ObjectPath": "FortniteGame/Content/Athena/Maps/Buildings/1x1/Athena_JUNG_1x1_Cove_B.42"
      },
      "BlueprintCreatedComponents": [
        {
          "ObjectName": "PointLightComponent'Athena_JUNG_1x1_Cove_B:PersistentLevel.LanternGlow27_2.PointLight'",
          "ObjectPath": "FortniteGame/Content/Athena/Maps/Buildings/1x1/Athena_JUNG_1x1_Cove_B.29"
        }
      ]
    }
  },
  {
    "Type": "Level",
    "Name": "PersistentLevel",
    "Outer": "Athena_JUNG_1x1_Cove_B",
    "Class": "UScriptClass'Level'",
    "Properties": {
      "Model": {
        "ObjectName": "Model'Athena_JUNG_1x1_Cove_B:PersistentLevel.Model_0'",
        "ObjectPath": "FortniteGame/Content/Athena/Maps/Buildings/1x1/Athena_JUNG_1x1_Cove_B.22"
      },
      "LevelScriptActor": {
        "ObjectName": "Athena_JUNG_1x1_Cove_B_C'Athena_JUNG_1x1_Cove_B:PersistentLevel.Athena_JUNG_1x1_Cove_B_C_1'",
        "ObjectPath": "FortniteGame/Content/Athena/Maps/Buildings/1x1/Athena_JUNG_1x1_Cove_B.2"
      },
      "LevelBuildDataId": "F1DC7AAC-4DAF7604-1647F983-770A1C1B",
      "bTextureStreamingRotationChanged": true,
      "WorldSettings": {
        "ObjectName": "FortWorldSettings'Athena_JUNG_1x1_Cove_B:PersistentLevel.FortWorldSettings'",
        "ObjectPath": "FortniteGame/Content/Athena/Maps/Buildings/1x1/Athena_JUNG_1x1_Cove_B.13"
      }
    },
    "Actors": [
      {
        "ObjectName": "FortWorldSettings'Athena_JUNG_1x1_Cove_B:PersistentLevel.FortWorldSettings'",
        "ObjectPath": "FortniteGame/Content/Athena/Maps/Buildings/1x1/Athena_JUNG_1x1_Cove_B.13"
      },
      null,
      {
        "ObjectName": "LevelBounds'Athena_JUNG_1x1_Cove_B:PersistentLevel.LevelBounds_1'",
        "ObjectPath": "FortniteGame/Content/Athena/Maps/Buildings/1x1/Athena_JUNG_1x1_Cove_B.19"
      },
      {
        "ObjectName": "LODActor'Athena_JUNG_1x1_Cove_B:PersistentLevel.LODActor_1'",
        "ObjectPath": "FortniteGame/Content/Athena/Maps/Buildings/1x1/Athena_JUNG_1x1_Cove_B.20"
      },
      {
        "ObjectName": "Pueblo_Floor_02_C'Athena_JUNG_1x1_Cove_B:PersistentLevel.Pueblo_Floor_02_2'",
        "ObjectPath": "FortniteGame/Content/Athena/Maps/Buildings/1x1/Athena_JUNG_1x1_Cove_B.33"
      },
      {
        "ObjectName": "Pueblo_Floor_01_C'Athena_JUNG_1x1_Cove_B:PersistentLevel.Pueblo_Floor_6'",
        "ObjectPath": "FortniteGame/Content/Athena/Maps/Buildings/1x1/Athena_JUNG_1x1_Cove_B.32"
      },
      {
        "ObjectName": "Tiered_Athena_FloorLoot_01_C'Athena_JUNG_1x1_Cove_B:PersistentLevel.Tiered_Athena_FloorLoot_01_2'",
        "ObjectPath": "FortniteGame/Content/Athena/Maps/Buildings/1x1/Athena_JUNG_1x1_Cove_B.58"
      },
      {
        "ObjectName": "BP_WV_Tudor_Wall_05_C'Athena_JUNG_1x1_Cove_B:PersistentLevel.Pueblo_WindowSide_01_2'",
        "ObjectPath": "FortniteGame/Content/Athena/Maps/Buildings/1x1/Athena_JUNG_1x1_Cove_B.11"
      },
      {
        "ObjectName": "BP_WV_Tudor_Wall_05_C'Athena_JUNG_1x1_Cove_B:PersistentLevel.Pueblo_Solid_9'",
        "ObjectPath": "FortniteGame/Content/Athena/Maps/Buildings/1x1/Athena_JUNG_1x1_Cove_B.10"
      },
      {
        "ObjectName": "BP_WV_Tudor_Window_01_C'Athena_JUNG_1x1_Cove_B:PersistentLevel.Pueblo_Solid_11'",
        "ObjectPath": "FortniteGame/Content/Athena/Maps/Buildings/1x1/Athena_JUNG_1x1_Cove_B.12"
      },
      {
        "ObjectName": "BP_WV_Tudor_Door_02_C'Athena_JUNG_1x1_Cove_B:PersistentLevel.BP_WV_Tudor_Door_02_2'",
        "ObjectPath": "FortniteGame/Content/Athena/Maps/Buildings/1x1/Athena_JUNG_1x1_Cove_B.9"
      },
      {
        "ObjectName": "PirateShip_Hanging_Lantern_A_C'Athena_JUNG_1x1_Cove_B:PersistentLevel.PirateShip_Hanging_Lantern_A29_2'",
        "ObjectPath": "FortniteGame/Content/Athena/Maps/Buildings/1x1/Athena_JUNG_1x1_Cove_B.26"
      },
      {
        "ObjectName": "IceCastle_Roof_EndCap_C'Athena_JUNG_1x1_Cove_B:PersistentLevel.IceCastle_Roof_EndCap3_2'",
        "ObjectPath": "FortniteGame/Content/Athena/Maps/Buildings/1x1/Athena_JUNG_1x1_Cove_B.14"
      },
      {
        "ObjectName": "IceCastle_Roof_Top_C'Athena_JUNG_1x1_Cove_B:PersistentLevel.IceCastle_Roof_Top4_2'",
        "ObjectPath": "FortniteGame/Content/Athena/Maps/Buildings/1x1/Athena_JUNG_1x1_Cove_B.16"
      },
      {
        "ObjectName": "IceCastle_Roof_EndCap_C'Athena_JUNG_1x1_Cove_B:PersistentLevel.IceCastle_Roof_EndCap4'",
        "ObjectPath": "FortniteGame/Content/Athena/Maps/Buildings/1x1/Athena_JUNG_1x1_Cove_B.15"
      },
      {
        "ObjectName": "Athena_Prop_WildWest_SimpleBed_03_C'Athena_JUNG_1x1_Cove_B:PersistentLevel.Athena_Prop_WildWest_SimpleBed_6'",
        "ObjectPath": "FortniteGame/Content/Athena/Maps/Buildings/1x1/Athena_JUNG_1x1_Cove_B.5"
      },
      {
        "ObjectName": "Athena_Prop_Mansion_Art_Painting_04_C'Athena_JUNG_1x1_Cove_B:PersistentLevel.Athena_Prop_Mansion_Art_Painting_8'",
        "ObjectPath": "FortniteGame/Content/Athena/Maps/Buildings/1x1/Athena_JUNG_1x1_Cove_B.3"
      },
      {
        "ObjectName": "Athena_Prop_Prop_Bear_C'Athena_JUNG_1x1_Cove_B:PersistentLevel.Athena_Prop_Prop_Bear6_2'",
        "ObjectPath": "FortniteGame/Content/Athena/Maps/Buildings/1x1/Athena_JUNG_1x1_Cove_B.4"
      },
      {
        "ObjectName": "Athena_Prop_WildWest_SimpleEndTable_02_C'Athena_JUNG_1x1_Cove_B:PersistentLevel.Athena_Prop_WildWest_SimpleEndTable_11'",
        "ObjectPath": "FortniteGame/Content/Athena/Maps/Buildings/1x1/Athena_JUNG_1x1_Cove_B.6"
      },
      {
        "ObjectName": "Mansion_Rug_03_C'Athena_JUNG_1x1_Cove_B:PersistentLevel.Mansion_Rug_9'",
        "ObjectPath": "FortniteGame/Content/Athena/Maps/Buildings/1x1/Athena_JUNG_1x1_Cove_B.21"
      },
      {
        "ObjectName": "LanternGlow_C'Athena_JUNG_1x1_Cove_B:PersistentLevel.LanternGlow27_2'",
        "ObjectPath": "FortniteGame/Content/Athena/Maps/Buildings/1x1/Athena_JUNG_1x1_Cove_B.17"
      },
      {
        "ObjectName": "Viking_Laundry_Bathtub_C'Athena_JUNG_1x1_Cove_B:PersistentLevel.Viking_Laundry_Bathtub3_2'",
        "ObjectPath": "FortniteGame/Content/Athena/Maps/Buildings/1x1/Athena_JUNG_1x1_Cove_B.62"
      },
      {
        "ObjectName": "PirateShip_Cargo_Net_B_C'Athena_JUNG_1x1_Cove_B:PersistentLevel.PirateShip_Cargo_Net_B38_4'",
        "ObjectPath": "FortniteGame/Content/Athena/Maps/Buildings/1x1/Athena_JUNG_1x1_Cove_B.25"
      },
      {
        "ObjectName": "Tiered_Chest_Athena_C'Athena_JUNG_1x1_Cove_B:PersistentLevel.Tiered_Chest_Athena66_2'",
        "ObjectPath": "FortniteGame/Content/Athena/Maps/Buildings/1x1/Athena_JUNG_1x1_Cove_B.59"
      },
      {
        "ObjectName": "PirateShip_Loot_A_C'Athena_JUNG_1x1_Cove_B:PersistentLevel.PirateShip_Loot_A33_2'",
        "ObjectPath": "FortniteGame/Content/Athena/Maps/Buildings/1x1/Athena_JUNG_1x1_Cove_B.27"
      },
      {
        "ObjectName": "PirateShip_Loot_A_C'Athena_JUNG_1x1_Cove_B:PersistentLevel.PirateShip_Loot_A34'",
        "ObjectPath": "FortniteGame/Content/Athena/Maps/Buildings/1x1/Athena_JUNG_1x1_Cove_B.28"
      },
      {
        "ObjectName": "Athena_JUNG_1x1_Cove_B_C'Athena_JUNG_1x1_Cove_B:PersistentLevel.Athena_JUNG_1x1_Cove_B_C_1'",
        "ObjectPath": "FortniteGame/Content/Athena/Maps/Buildings/1x1/Athena_JUNG_1x1_Cove_B.2"
      }
    ],
    "URL": {
      "Protocol": "unreal",
      "Host": "",
      "Port": 7777,
      "Valid": true,
      "Map": "/Game/Maps/Frontend",
      "Op": [],
      "Portal": ""
    },
    "Model": {
      "ObjectName": "Model'Athena_JUNG_1x1_Cove_B:PersistentLevel.Model_0'",
      "ObjectPath": "FortniteGame/Content/Athena/Maps/Buildings/1x1/Athena_JUNG_1x1_Cove_B.22"
    },
    "ModelComponents": [],
    "LevelScriptActor": {
      "ObjectName": "Athena_JUNG_1x1_Cove_B_C'Athena_JUNG_1x1_Cove_B:PersistentLevel.Athena_JUNG_1x1_Cove_B_C_1'",
      "ObjectPath": "FortniteGame/Content/Athena/Maps/Buildings/1x1/Athena_JUNG_1x1_Cove_B.2"
    },
    "NavListStart": null,
    "NavListEnd": null,
    "PrecomputedVisibilityHandler": {
      "PrecomputedVisibilityCellBucketOriginXY": {
        "X": 0.0,
        "Y": 0.0
      },
      "PrecomputedVisibilityCellSizeXY": 0.0,
      "PrecomputedVisibilityCellSizeZ": 0.0,
      "PrecomputedVisibilityCellBucketSizeXY": 0,
      "PrecomputedVisibilityNumCellBuckets": 0,
      "PrecomputedVisibilityCellBuckets": []
    },
    "PrecomputedVolumeDistanceField": {
      "VolumeMaxDistance": 0.0,
      "VolumeBox": {
        "Min": {
          "X": 0.0,
          "Y": 0.0,
          "Z": 0.0
        },
        "Max": {
          "X": 0.0,
          "Y": 0.0,
          "Z": 0.0
        },
        "IsValid": 0
      },
      "VolumeSizeX": 0,
      "VolumeSizeY": 0,
      "VolumeSizeZ": 0,
      "Data": []
    }
  },
  {
    "Type": "LevelBounds",
    "Name": "LevelBounds_1",
    "Outer": "PersistentLevel",
    "Class": "UScriptClass'LevelBounds'",
    "Properties": {
      "RootComponent": {
        "ObjectName": "BoxComponent'Athena_JUNG_1x1_Cove_B:PersistentLevel.LevelBounds_1.BoxComponent0'",
        "ObjectPath": "FortniteGame/Content/Athena/Maps/Buildings/1x1/Athena_JUNG_1x1_Cove_B.8"
      }
    }
  },
  {
    "Type": "LODActor",
    "Name": "LODActor_1",
    "Outer": "PersistentLevel",
    "Class": "UScriptClass'LODActor'",
    "Properties": {
      "StaticMeshComponent": {
        "ObjectName": "StaticMeshComponent'Athena_JUNG_1x1_Cove_B:PersistentLevel.LODActor_1.StaticMeshComponent0'",
        "ObjectPath": "FortniteGame/Content/Athena/Maps/Buildings/1x1/Athena_JUNG_1x1_Cove_B.43"
      },
      "Proxy": {
        "ObjectName": "HLODProxy'Athena_JUNG_1x1_Cove_B_0_HLOD'",
        "ObjectPath": "FortniteGame/Content/Athena/Maps/Buildings/1x1/HLOD/Athena_JUNG_1x1_Cove_B_0_HLOD.1"
      },
      "Key": "76927B120C6645ACB9200E7FB8896AC3_2D7557A14B0ADD5DCD7ECEA2953ACF82_B6397B6E_1B864DD1_4A82F19E_ProxyLODMeshReduction",
      "LODDrawDistance": 19571.496,
      "LODLevel": 1,
      "SubActors": [
        {
          "ObjectName": "Pueblo_Floor_02_C'Athena_JUNG_1x1_Cove_B:PersistentLevel.Pueblo_Floor_02_2'",
          "ObjectPath": "FortniteGame/Content/Athena/Maps/Buildings/1x1/Athena_JUNG_1x1_Cove_B.33"
        },
        {
          "ObjectName": "Pueblo_Floor_01_C'Athena_JUNG_1x1_Cove_B:PersistentLevel.Pueblo_Floor_6'",
          "ObjectPath": "FortniteGame/Content/Athena/Maps/Buildings/1x1/Athena_JUNG_1x1_Cove_B.32"
        },
        {
          "ObjectName": "BP_WV_Tudor_Wall_05_C'Athena_JUNG_1x1_Cove_B:PersistentLevel.Pueblo_WindowSide_01_2'",
          "ObjectPath": "FortniteGame/Content/Athena/Maps/Buildings/1x1/Athena_JUNG_1x1_Cove_B.11"
        },
        {
          "ObjectName": "BP_WV_Tudor_Wall_05_C'Athena_JUNG_1x1_Cove_B:PersistentLevel.Pueblo_Solid_9'",
          "ObjectPath": "FortniteGame/Content/Athena/Maps/Buildings/1x1/Athena_JUNG_1x1_Cove_B.10"
        },
        {
          "ObjectName": "BP_WV_Tudor_Window_01_C'Athena_JUNG_1x1_Cove_B:PersistentLevel.Pueblo_Solid_11'",
          "ObjectPath": "FortniteGame/Content/Athena/Maps/Buildings/1x1/Athena_JUNG_1x1_Cove_B.12"
        },
        {
          "ObjectName": "BP_WV_Tudor_Door_02_C'Athena_JUNG_1x1_Cove_B:PersistentLevel.BP_WV_Tudor_Door_02_2'",
          "ObjectPath": "FortniteGame/Content/Athena/Maps/Buildings/1x1/Athena_JUNG_1x1_Cove_B.9"
        },
        {
          "ObjectName": "IceCastle_Roof_EndCap_C'Athena_JUNG_1x1_Cove_B:PersistentLevel.IceCastle_Roof_EndCap3_2'",
          "ObjectPath": "FortniteGame/Content/Athena/Maps/Buildings/1x1/Athena_JUNG_1x1_Cove_B.14"
        },
        {
          "ObjectName": "IceCastle_Roof_Top_C'Athena_JUNG_1x1_Cove_B:PersistentLevel.IceCastle_Roof_Top4_2'",
          "ObjectPath": "FortniteGame/Content/Athena/Maps/Buildings/1x1/Athena_JUNG_1x1_Cove_B.16"
        },
        {
          "ObjectName": "IceCastle_Roof_EndCap_C'Athena_JUNG_1x1_Cove_B:PersistentLevel.IceCastle_Roof_EndCap4'",
          "ObjectPath": "FortniteGame/Content/Athena/Maps/Buildings/1x1/Athena_JUNG_1x1_Cove_B.15"
        },
        {
          "ObjectName": "Viking_Laundry_Bathtub_C'Athena_JUNG_1x1_Cove_B:PersistentLevel.Viking_Laundry_Bathtub3_2'",
          "ObjectPath": "FortniteGame/Content/Athena/Maps/Buildings/1x1/Athena_JUNG_1x1_Cove_B.62"
        }
      ],
      "RootComponent": {
        "ObjectName": "StaticMeshComponent'Athena_JUNG_1x1_Cove_B:PersistentLevel.LODActor_1.StaticMeshComponent0'",
        "ObjectPath": "FortniteGame/Content/Athena/Maps/Buildings/1x1/Athena_JUNG_1x1_Cove_B.43"
      }
    }
  },
  {
    "Type": "Mansion_Rug_03_C",
    "Name": "Mansion_Rug_9",
    "Outer": "PersistentLevel",
    "Class": "BlueprintGeneratedClass'FortniteGame/Content/Building/ActorBlueprints/Deco/Mansion_Rug_03.Mansion_Rug_03_C'",
    "Template": {
      "ObjectName": "Mansion_Rug_03_C'Default__Mansion_Rug_03_C'",
      "ObjectPath": "FortniteGame/Content/Building/ActorBlueprints/Deco/Mansion_Rug_03.1"
    },
    "Properties": {
      "StaticMeshComponent": {
        "ObjectName": "StaticMeshComponent'Athena_JUNG_1x1_Cove_B:PersistentLevel.Mansion_Rug_9.StaticMeshComponent0'",
        "ObjectPath": "FortniteGame/Content/Athena/Maps/Buildings/1x1/Athena_JUNG_1x1_Cove_B.44"
      },
      "ParentActorToAttachTo": {
        "ObjectName": "Pueblo_Floor_01_C'Athena_JUNG_1x1_Cove_B:PersistentLevel.Pueblo_Floor_6'",
        "ObjectPath": "FortniteGame/Content/Athena/Maps/Buildings/1x1/Athena_JUNG_1x1_Cove_B.32"
      },
      "MyGuid": "3E1C9569-41094E36-F547DFAF-FA3CC2CA",
      "DataVersion": 1,
      "CullDistance": 16056.758,
      "RootComponent": {
        "ObjectName": "StaticMeshComponent'Athena_JUNG_1x1_Cove_B:PersistentLevel.Mansion_Rug_9.StaticMeshComponent0'",
        "ObjectPath": "FortniteGame/Content/Athena/Maps/Buildings/1x1/Athena_JUNG_1x1_Cove_B.44"
      }
    }
  },
  {
    "Type": "Model",
    "Name": "Model_0",
    "Outer": "PersistentLevel",
    "Class": "UScriptClass'Model'",
    "Bounds": {
      "Origin": {
        "X": 0.0,
        "Y": 0.0,
        "Z": 0.0
      },
      "BoxExtent": {
        "X": 0.0,
        "Y": 0.0,
        "Z": 0.0
      },
      "SphereRadius": 0.0
    },
    "Vectors": [],
    "Points": [],
    "Nodes": [],
    "Surfs": [],
    "NumSharedSides": 4,
    "VertexBuffer": {
      "Vertices": []
    },
    "LightingGuid": "040EC37B-45B3BF5E-5D1C2688-1E74F8EE",
    "LightmassSettings": []
  },
  {
    "Type": "NavigationSystemModuleConfig",
    "Name": "NavigationSystemConfig_0",
    "Outer": "FortWorldSettings",
    "Class": "UScriptClass'NavigationSystemModuleConfig'",
    "Properties": {
      "bAutoSpawnMissingNavData": true,
      "NavigationSystemClass": {
        "AssetPathName": "/Script/FortniteGame.FortNavSystem",
        "SubPathString": ""
      }
    }
  },
  {
    "Type": "ParticleSystemComponent",
    "Name": "P_Loot_Chest_Aura_Athena",
    "Outer": "Tiered_Chest_Athena66_2",
    "Class": "UScriptClass'ParticleSystemComponent'",
    "Template": {
      "ObjectName": "ParticleSystemComponent'Tiered_Chest_Athena_C:P_Loot_Chest_Aura_Athena_GEN_VARIABLE'",
      "ObjectPath": "FortniteGame/Content/Building/ActorBlueprints/Containers/Tiered_Chest_Athena.155"
    },
    "Properties": {
      "CachedMaxDrawDistance": 8915.371,
      "AttachParent": {
        "ObjectName": "StaticMeshComponent'Athena_JUNG_1x1_Cove_B:PersistentLevel.Tiered_Chest_Athena66_2.S_Chest_SmokeSheet'",
        "ObjectPath": "FortniteGame/Content/Athena/Maps/Buildings/1x1/Athena_JUNG_1x1_Cove_B.55"
      },
      "bNetAddressable": true,
      "CreationMethod": "EComponentCreationMethod::SimpleConstructionScript"
    }
  },
  {
    "Type": "PirateShip_Cargo_Net_B_C",
    "Name": "PirateShip_Cargo_Net_B38_4",
    "Outer": "PersistentLevel",
    "Class": "BlueprintGeneratedClass'FortniteGame/Content/Building/ActorBlueprints/Prop/PirateShip_Cargo_Net_B.PirateShip_Cargo_Net_B_C'",
    "Template": {
      "ObjectName": "PirateShip_Cargo_Net_B_C'Default__PirateShip_Cargo_Net_B_C'",
      "ObjectPath": "FortniteGame/Content/Building/ActorBlueprints/Prop/PirateShip_Cargo_Net_B.1"
    },
    "Properties": {
      "CodeControlled_NumberOfMaterials": 1,
      "StaticMeshComponent": {
        "ObjectName": "StaticMeshComponent'Athena_JUNG_1x1_Cove_B:PersistentLevel.PirateShip_Cargo_Net_B38_4.StaticMeshComponent0'",
        "ObjectPath": "FortniteGame/Content/Athena/Maps/Buildings/1x1/Athena_JUNG_1x1_Cove_B.45"
      },
      "ParentActorToAttachTo": {
        "ObjectName": "BP_WV_Tudor_Wall_05_C'Athena_JUNG_1x1_Cove_B:PersistentLevel.Pueblo_Solid_9'",
        "ObjectPath": "FortniteGame/Content/Athena/Maps/Buildings/1x1/Athena_JUNG_1x1_Cove_B.10"
      },
      "MyGuid": "833A8F6B-457F7C79-2796C098-B2EC7FBA",
      "DataVersion": 1,
      "CullDistance": 18844.676,
      "RootComponent": {
        "ObjectName": "StaticMeshComponent'Athena_JUNG_1x1_Cove_B:PersistentLevel.PirateShip_Cargo_Net_B38_4.StaticMeshComponent0'",
        "ObjectPath": "FortniteGame/Content/Athena/Maps/Buildings/1x1/Athena_JUNG_1x1_Cove_B.45"
      }
    }
  },
  {
    "Type": "PirateShip_Hanging_Lantern_A_C",
    "Name": "PirateShip_Hanging_Lantern_A29_2",
    "Outer": "PersistentLevel",
    "Class": "BlueprintGeneratedClass'FortniteGame/Content/Building/ActorBlueprints/Prop/PirateShip_Hanging_Lantern_A.PirateShip_Hanging_Lantern_A_C'",
    "Template": {
      "ObjectName": "PirateShip_Hanging_Lantern_A_C'Default__PirateShip_Hanging_Lantern_A_C'",
      "ObjectPath": "FortniteGame/Content/Building/ActorBlueprints/Prop/PirateShip_Hanging_Lantern_A.2"
    },
    "Properties": {
      "PointLight": {
        "ObjectName": "PointLightComponent'Athena_JUNG_1x1_Cove_B:PersistentLevel.PirateShip_Hanging_Lantern_A29_2.PointLight'",
        "ObjectPath": "FortniteGame/Content/Athena/Maps/Buildings/1x1/Athena_JUNG_1x1_Cove_B.30"
      },
      "CodeControlled_NumberOfMaterials": 1,
      "TimeOfDayControlledLights": [
        {
          "ObjectName": "PointLightComponent'Athena_JUNG_1x1_Cove_B:PersistentLevel.PirateShip_Hanging_Lantern_A29_2.PointLight'",
          "ObjectPath": "FortniteGame/Content/Athena/Maps/Buildings/1x1/Athena_JUNG_1x1_Cove_B.30"
        }
      ],
      "StaticMeshComponent": {
        "ObjectName": "StaticMeshComponent'Athena_JUNG_1x1_Cove_B:PersistentLevel.PirateShip_Hanging_Lantern_A29_2.StaticMeshComponent0'",
        "ObjectPath": "FortniteGame/Content/Athena/Maps/Buildings/1x1/Athena_JUNG_1x1_Cove_B.46"
      },
      "ParentActorToAttachTo": {
        "ObjectName": "BP_WV_Tudor_Door_02_C'Athena_JUNG_1x1_Cove_B:PersistentLevel.BP_WV_Tudor_Door_02_2'",
        "ObjectPath": "FortniteGame/Content/Athena/Maps/Buildings/1x1/Athena_JUNG_1x1_Cove_B.9"
      },
      "MyGuid": "40DE199E-4F328684-9104E38C-A82FE447",
      "DataVersion": 1,
      "CullDistance": 14199.819,
      "RootComponent": {
        "ObjectName": "StaticMeshComponent'Athena_JUNG_1x1_Cove_B:PersistentLevel.PirateShip_Hanging_Lantern_A29_2.StaticMeshComponent0'",
        "ObjectPath": "FortniteGame/Content/Athena/Maps/Buildings/1x1/Athena_JUNG_1x1_Cove_B.46"
      },
      "BlueprintCreatedComponents": [
        {
          "ObjectName": "PointLightComponent'Athena_JUNG_1x1_Cove_B:PersistentLevel.PirateShip_Hanging_Lantern_A29_2.PointLight'",
          "ObjectPath": "FortniteGame/Content/Athena/Maps/Buildings/1x1/Athena_JUNG_1x1_Cove_B.30"
        }
      ]
    }
  },
  {
    "Type": "PirateShip_Loot_A_C",
    "Name": "PirateShip_Loot_A33_2",
    "Outer": "PersistentLevel",
    "Class": "BlueprintGeneratedClass'FortniteGame/Content/Building/ActorBlueprints/Prop/PirateShip_Loot_A.PirateShip_Loot_A_C'",
    "Template": {
      "ObjectName": "PirateShip_Loot_A_C'Default__PirateShip_Loot_A_C'",
      "ObjectPath": "FortniteGame/Content/Building/ActorBlueprints/Prop/PirateShip_Loot_A.1"
    },
    "Properties": {
      "StaticMeshComponent": {
        "ObjectName": "StaticMeshComponent'Athena_JUNG_1x1_Cove_B:PersistentLevel.PirateShip_Loot_A33_2.StaticMeshComponent0'",
        "ObjectPath": "FortniteGame/Content/Athena/Maps/Buildings/1x1/Athena_JUNG_1x1_Cove_B.47"
      },
      "ParentActorToAttachTo": {
        "ObjectName": "Pueblo_Floor_02_C'Athena_JUNG_1x1_Cove_B:PersistentLevel.Pueblo_Floor_02_2'",
        "ObjectPath": "FortniteGame/Content/Athena/Maps/Buildings/1x1/Athena_JUNG_1x1_Cove_B.33"
      },
      "MyGuid": "9EC9EE14-4E61EE01-916E10BE-83F4E19A",
      "DataVersion": 1,
      "CullDistance": 8618.921,
      "RootComponent": {
        "ObjectName": "StaticMeshComponent'Athena_JUNG_1x1_Cove_B:PersistentLevel.PirateShip_Loot_A33_2.StaticMeshComponent0'",
        "ObjectPath": "FortniteGame/Content/Athena/Maps/Buildings/1x1/Athena_JUNG_1x1_Cove_B.47"
      }
    }
  },
  {
    "Type": "PirateShip_Loot_A_C",
    "Name": "PirateShip_Loot_A34",
    "Outer": "PersistentLevel",
    "Class": "BlueprintGeneratedClass'FortniteGame/Content/Building/ActorBlueprints/Prop/PirateShip_Loot_A.PirateShip_Loot_A_C'",
    "Template": {
      "ObjectName": "PirateShip_Loot_A_C'Default__PirateShip_Loot_A_C'",
      "ObjectPath": "FortniteGame/Content/Building/ActorBlueprints/Prop/PirateShip_Loot_A.1"
    },
    "Properties": {
      "StaticMeshComponent": {
        "ObjectName": "StaticMeshComponent'Athena_JUNG_1x1_Cove_B:PersistentLevel.PirateShip_Loot_A34.StaticMeshComponent0'",
        "ObjectPath": "FortniteGame/Content/Athena/Maps/Buildings/1x1/Athena_JUNG_1x1_Cove_B.48"
      },
      "ParentActorToAttachTo": {
        "ObjectName": "Pueblo_Floor_02_C'Athena_JUNG_1x1_Cove_B:PersistentLevel.Pueblo_Floor_02_2'",
        "ObjectPath": "FortniteGame/Content/Athena/Maps/Buildings/1x1/Athena_JUNG_1x1_Cove_B.33"
      },
      "MyGuid": "9295CC8B-4D8244B8-0B1028BB-839F2EE3",
      "DataVersion": 1,
      "CullDistance": 8618.921,
      "RootComponent": {
        "ObjectName": "StaticMeshComponent'Athena_JUNG_1x1_Cove_B:PersistentLevel.PirateShip_Loot_A34.StaticMeshComponent0'",
        "ObjectPath": "FortniteGame/Content/Athena/Maps/Buildings/1x1/Athena_JUNG_1x1_Cove_B.48"
      }
    }
  },
  {
    "Type": "PointLightComponent",
    "Name": "PointLight",
    "Outer": "LanternGlow27_2",
    "Class": "UScriptClass'PointLightComponent'",
    "Template": {
      "ObjectName": "PointLightComponent'LanternGlow_C:PointLight_GEN_VARIABLE'",
      "ObjectPath": "FortniteGame/Content/Building/ActorBlueprints/Prop/LanternGlow.3"
    },
    "Properties": {
      "MaxDrawDistance": 8354.694,
      "LightGuid": "CCC8FA38-478155D6-291CC89B-46C65584",
      "AttachParent": {
        "ObjectName": "StaticMeshComponent'Athena_JUNG_1x1_Cove_B:PersistentLevel.LanternGlow27_2.StaticMeshComponent0'",
        "ObjectPath": "FortniteGame/Content/Athena/Maps/Buildings/1x1/Athena_JUNG_1x1_Cove_B.42"
      },
      "bNetAddressable": true,
      "CreationMethod": "EComponentCreationMethod::SimpleConstructionScript"
    }
  },
  {
    "Type": "PointLightComponent",
    "Name": "PointLight",
    "Outer": "PirateShip_Hanging_Lantern_A29_2",
    "Class": "UScriptClass'PointLightComponent'",
    "Template": {
      "ObjectName": "PointLightComponent'PirateShip_Hanging_Lantern_A_C:PointLight_GEN_VARIABLE'",
      "ObjectPath": "FortniteGame/Content/Building/ActorBlueprints/Prop/PirateShip_Hanging_Lantern_A.3"
    },
    "Properties": {
      "MaxDrawDistance": 14199.819,
      "MaxDistanceFadeRange": 2048.0,
      "LightGuid": "B176DF7E-4C97BD53-5CA038B2-5DDC3B2C",
      "VolumetricScatteringIntensity": 0.0,
      "AttachParent": {
        "ObjectName": "StaticMeshComponent'Athena_JUNG_1x1_Cove_B:PersistentLevel.PirateShip_Hanging_Lantern_A29_2.StaticMeshComponent0'",
        "ObjectPath": "FortniteGame/Content/Athena/Maps/Buildings/1x1/Athena_JUNG_1x1_Cove_B.46"
      },
      "bNetAddressable": true,
      "CreationMethod": "EComponentCreationMethod::SimpleConstructionScript"
    }
  },
  {
    "Type": "PointLightComponent",
    "Name": "TrasureLight",
    "Outer": "Tiered_Chest_Athena66_2",
    "Class": "UScriptClass'PointLightComponent'",
    "Template": {
      "ObjectName": "PointLightComponent'Tiered_Chest_Athena_C:TrasureLight_GEN_VARIABLE'",
      "ObjectPath": "FortniteGame/Content/Building/ActorBlueprints/Containers/Tiered_Chest_Athena.156"
    },
    "Properties": {
      "MaxDrawDistance": 8915.371,
      "MaxDistanceFadeRange": 2048.0,
      "LightGuid": "17E2F6D2-45C3F6F0-FEF7C5A7-B40E07C3",
      "VolumetricScatteringIntensity": 1.0,
      "AttachParent": {
        "ObjectName": "StaticMeshComponent'Athena_JUNG_1x1_Cove_B:PersistentLevel.Tiered_Chest_Athena66_2.StaticMeshComponent0'",
        "ObjectPath": "FortniteGame/Content/Athena/Maps/Buildings/1x1/Athena_JUNG_1x1_Cove_B.56"
      },
      "bVisible": false,
      "bNetAddressable": true,
      "CreationMethod": "EComponentCreationMethod::SimpleConstructionScript"
    }
  },
  {
    "Type": "Pueblo_Floor_01_C",
    "Name": "Pueblo_Floor_6",
    "Outer": "PersistentLevel",
    "Class": "BlueprintGeneratedClass'FortniteGame/Content/Building/ActorBlueprints/Floor/Pueblo_Floor_01.Pueblo_Floor_01_C'",
    "Template": {
      "ObjectName": "Pueblo_Floor_01_C'Default__Pueblo_Floor_01_C'",
      "ObjectPath": "FortniteGame/Content/Building/ActorBlueprints/Floor/Pueblo_Floor_01.1"
    },
    "Properties": {
      "TextureData": {
        "ObjectName": "BuildingTextureData'Wooden_Floorboards_Brwn'",
        "ObjectPath": "FortniteGame/Content/Building/TextureData/FloorTexture/Wooden_Floorboards_Brwn.0"
      },
      "ResourceType": "EFortResourceType::Wood",
      "StaticMeshComponent": {
        "ObjectName": "StaticMeshComponent'Athena_JUNG_1x1_Cove_B:PersistentLevel.Pueblo_Floor_6.StaticMeshComponent0'",
        "ObjectPath": "FortniteGame/Content/Athena/Maps/Buildings/1x1/Athena_JUNG_1x1_Cove_B.50"
      },
      "BaseMaterial": {
        "ObjectName": "MaterialInstanceConstant'Pueblo_plaster01'",
        "ObjectPath": "FortniteGame/Content/Environments/Sets/Pueblo/Materials/Pueblo_plaster01.0"
      },
      "MyGuid": "6D4D977F-4B7EC5B0-C71722B8-44D75010",
      "DataVersion": 1,
      "CullDistance": 0.0,
      "RootComponent": {
        "ObjectName": "StaticMeshComponent'Athena_JUNG_1x1_Cove_B:PersistentLevel.Pueblo_Floor_6.StaticMeshComponent0'",
        "ObjectPath": "FortniteGame/Content/Athena/Maps/Buildings/1x1/Athena_JUNG_1x1_Cove_B.50"
      }
    }
  },
  {
    "Type": "Pueblo_Floor_02_C",
    "Name": "Pueblo_Floor_02_2",
    "Outer": "PersistentLevel",
    "Class": "BlueprintGeneratedClass'FortniteGame/Content/Building/ActorBlueprints/Floor/Pueblo_Floor_02.Pueblo_Floor_02_C'",
    "Template": {
      "ObjectName": "Pueblo_Floor_02_C'Default__Pueblo_Floor_02_C'",
      "ObjectPath": "FortniteGame/Content/Building/ActorBlueprints/Floor/Pueblo_Floor_02.1"
    },
    "Properties": {
      "TextureData": {
        "ObjectName": "BuildingTextureData'Wooden_Floorboards_Brwn'",
        "ObjectPath": "FortniteGame/Content/Building/TextureData/FloorTexture/Wooden_Floorboards_Brwn.0"
      },
      "ResourceType": "EFortResourceType::Wood",
      "StaticMeshComponent": {
        "ObjectName": "StaticMeshComponent'Athena_JUNG_1x1_Cove_B:PersistentLevel.Pueblo_Floor_02_2.StaticMeshComponent0'",
        "ObjectPath": "FortniteGame/Content/Athena/Maps/Buildings/1x1/Athena_JUNG_1x1_Cove_B.49"
      },
      "BaseMaterial": {
        "ObjectName": "MaterialInstanceConstant'Pueblo_plaster01'",
        "ObjectPath": "FortniteGame/Content/Environments/Sets/Pueblo/Materials/Pueblo_plaster01.0"
      },
      "MyGuid": "9C74216E-4EB8890E-9B327285-D3F34AC4",
      "DataVersion": 1,
      "CullDistance": 0.0,
      "RootComponent": {
        "ObjectName": "StaticMeshComponent'Athena_JUNG_1x1_Cove_B:PersistentLevel.Pueblo_Floor_02_2.StaticMeshComponent0'",
        "ObjectPath": "FortniteGame/Content/Athena/Maps/Buildings/1x1/Athena_JUNG_1x1_Cove_B.49"
      }
    }
  },
  {
    "Type": "StaticMeshComponent",
    "Name": "StaticMeshComponent0",
    "Outer": "Athena_Prop_Mansion_Art_Painting_8",
    "Class": "UScriptClass'StaticMeshComponent'",
    "Template": {
      "ObjectName": "StaticMeshComponent'Default__Athena_Prop_Mansion_Art_Painting_04_C:StaticMeshComponent0'",
      "ObjectPath": "FortniteGame/Content/Athena/BuildingActors/Props/Building/ActorBlueprints/Containers/Athena_Prop_Mansion_Art_Painting_04.5"
    },
    "Properties": {
      "OverrideMaterials": [
        null
      ],
      "CachedMaxDrawDistance": 4934.677,
      "RelativeLocation": {
        "X": -134.11572,
        "Y": 247.99365,
        "Z": 225.38538
      },
      "RelativeRotation": {
        "Pitch": 5.0000057,
        "Yaw": 179.99994,
        "Roll": 1.395929E-06
      },
      "RelativeScale3D": {
        "X": 1.3,
        "Y": 1.3,
        "Z": 1.3
      }
    }
  },
  {
    "Type": "StaticMeshComponent",
    "Name": "StaticMeshComponent0",
    "Outer": "Athena_Prop_Prop_Bear6_2",
    "Class": "UScriptClass'StaticMeshComponent'",
    "Template": {
      "ObjectName": "StaticMeshComponent'Default__Athena_Prop_Prop_Bear_C:StaticMeshComponent0'",
      "ObjectPath": "FortniteGame/Content/Athena/BuildingActors/Props/Building/ActorBlueprints/Prop/Athena_Prop_Prop_Bear.20"
    },
    "Properties": {
      "OverrideMaterials": [
        null
      ],
      "CachedMaxDrawDistance": 2902.5906,
      "RelativeLocation": {
        "X": -152.51123,
        "Y": 115.078125,
        "Z": 64.0
      },
      "RelativeRotation": {
        "Pitch": 0.0,
        "Yaw": -144.9997,
        "Roll": 0.0
      }
    }
  },
  {
    "Type": "StaticMeshComponent",
    "Name": "StaticMeshComponent0",
    "Outer": "Athena_Prop_WildWest_SimpleBed_6",
    "Class": "UScriptClass'StaticMeshComponent'",
    "Template": {
      "ObjectName": "StaticMeshComponent'Default__Athena_Prop_WildWest_SimpleBed_03_C:StaticMeshComponent0'",
      "ObjectPath": "FortniteGame/Content/Athena/BuildingActors/Props/Building/ActorBlueprints/Containers/Athena_Prop_WildWest_SimpleBed_03.5"
    },
    "Properties": {
      "OverrideMaterials": [
        null
      ],
      "CachedMaxDrawDistance": 14686.633,
      "RelativeLocation": {
        "X": -152.51074,
        "Y": 103.078125,
        "Z": 8.0
      },
      "RelativeRotation": {
        "Pitch": 0.0,
        "Yaw": -179.99995,
        "Roll": 0.0
      }
    }
  },
  {
    "Type": "StaticMeshComponent",
    "Name": "StaticMeshComponent0",
    "Outer": "Athena_Prop_WildWest_SimpleEndTable_11",
    "Class": "UScriptClass'StaticMeshComponent'",
    "Template": {
      "ObjectName": "StaticMeshComponent'Default__Athena_Prop_WildWest_SimpleEndTable_02_C:StaticMeshComponent0'",
      "ObjectPath": "FortniteGame/Content/Athena/BuildingActors/Props/Building/ActorBlueprints/Containers/Athena_Prop_WildWest_SimpleEndTable_02.5"
    },
    "Properties": {
      "OverrideMaterials": [
        null
      ],
      "CachedMaxDrawDistance": 4107.1147,
      "RelativeLocation": {
        "X": 31.348145,
        "Y": 185.00635,
        "Z": 8.0
      },
      "RelativeRotation": {
        "Pitch": 0.0,
        "Yaw": 164.99939,
        "Roll": 0.0
      }
    }
  },
  {
    "Type": "StaticMeshComponent",
    "Name": "StaticMeshComponent0",
    "Outer": "BP_WV_Tudor_Door_02_2",
    "Class": "UScriptClass'StaticMeshComponent'",
    "Template": {
      "ObjectName": "StaticMeshComponent'Default__BP_WV_Tudor_Door_02_C:StaticMeshComponent0'",
      "ObjectPath": "FortniteGame/Content/Building/ActorBlueprints/WinterVillage/Walls/BP_WV_Tudor_Door_02.5"
    },
    "Properties": {
      "OverrideMaterials": [
        null
      ],
      "BodyInstance": {
        "MaxAngularVelocity": 3599.9998
      },
      "LODParentPrimitive": {
        "ObjectName": "StaticMeshComponent'Athena_JUNG_1x1_Cove_B:PersistentLevel.LODActor_1.StaticMeshComponent0'",
        "ObjectPath": "FortniteGame/Content/Athena/Maps/Buildings/1x1/Athena_JUNG_1x1_Cove_B.43"
      },
      "RelativeLocation": {
        "X": -0.00048828125,
        "Y": -256.00098,
        "Z": 0.0
      },
      "RelativeRotation": {
        "Pitch": 0.0,
        "Yaw": -0.00023564152,
        "Roll": 0.0
      },
      "RelativeScale3D": {
        "X": -1.0,
        "Y": 1.0,
        "Z": 1.0
      }
    }
  },
  {
    "Type": "StaticMeshComponent",
    "Name": "StaticMeshComponent0",
    "Outer": "IceCastle_Roof_EndCap3_2",
    "Class": "UScriptClass'StaticMeshComponent'",
    "Template": {
      "ObjectName": "StaticMeshComponent'Default__IceCastle_Roof_EndCap_C:StaticMeshComponent0'",
      "ObjectPath": "FortniteGame/Content/Playgrounds/Environments/Sets/IceCastle/IceCastle_Roof_EndCap.5"
    },
    "Properties": {
      "OverrideMaterials": [
        null
      ],
      "LODParentPrimitive": {
        "ObjectName": "StaticMeshComponent'Athena_JUNG_1x1_Cove_B:PersistentLevel.LODActor_1.StaticMeshComponent0'",
        "ObjectPath": "FortniteGame/Content/Athena/Maps/Buildings/1x1/Athena_JUNG_1x1_Cove_B.43"
      },
      "RelativeLocation": {
        "X": -0.00048828125,
        "Y": -256.00098,
        "Z": 384.0
      },
      "RelativeRotation": {
        "Pitch": 0.0,
        "Yaw": -179.99997,
        "Roll": 0.0
      }
    }
  },
  {
    "Type": "StaticMeshComponent",
    "Name": "StaticMeshComponent0",
    "Outer": "IceCastle_Roof_EndCap4",
    "Class": "UScriptClass'StaticMeshComponent'",
    "Template": {
      "ObjectName": "StaticMeshComponent'Default__IceCastle_Roof_EndCap_C:StaticMeshComponent0'",
      "ObjectPath": "FortniteGame/Content/Playgrounds/Environments/Sets/IceCastle/IceCastle_Roof_EndCap.5"
    },
    "Properties": {
      "OverrideMaterials": [
        null
      ],
      "LODParentPrimitive": {
        "ObjectName": "StaticMeshComponent'Athena_JUNG_1x1_Cove_B:PersistentLevel.LODActor_1.StaticMeshComponent0'",
        "ObjectPath": "FortniteGame/Content/Athena/Maps/Buildings/1x1/Athena_JUNG_1x1_Cove_B.43"
      },
      "RelativeLocation": {
        "X": -0.00048828125,
        "Y": 255.99902,
        "Z": 384.0
      },
      "RelativeRotation": {
        "Pitch": 0.0,
        "Yaw": -2.3905655E-05,
        "Roll": 0.0
      }
    }
  },
  {
    "Type": "StaticMeshComponent",
    "Name": "StaticMeshComponent0",
    "Outer": "IceCastle_Roof_Top4_2",
    "Class": "UScriptClass'StaticMeshComponent'",
    "Template": {
      "ObjectName": "StaticMeshComponent'Default__IceCastle_Roof_Top_C:StaticMeshComponent0'",
      "ObjectPath": "FortniteGame/Content/Playgrounds/Environments/Sets/IceCastle/IceCastle_Roof_Top.5"
    },
    "Properties": {
      "OverrideMaterials": [
        null
      ],
      "LODParentPrimitive": {
        "ObjectName": "StaticMeshComponent'Athena_JUNG_1x1_Cove_B:PersistentLevel.LODActor_1.StaticMeshComponent0'",
        "ObjectPath": "FortniteGame/Content/Athena/Maps/Buildings/1x1/Athena_JUNG_1x1_Cove_B.43"
      },
      "RelativeLocation": {
        "X": 256.0,
        "Y": 0.00048828125,
        "Z": 384.0
      },
      "RelativeRotation": {
        "Pitch": 0.0,
        "Yaw": 90.00027,
        "Roll": 0.0
      }
    }
  },
  {
    "Type": "StaticMeshComponent",
    "Name": "StaticMeshComponent0",
    "Outer": "LanternGlow27_2",
    "Class": "UScriptClass'StaticMeshComponent'",
    "Template": {
      "ObjectName": "StaticMeshComponent'Default__LanternGlow_C:StaticMeshComponent0'",
      "ObjectPath": "FortniteGame/Content/Building/ActorBlueprints/Prop/LanternGlow.8"
    },
    "Properties": {
      "LDMaxDrawDistance": 0.0,
      "CachedMaxDrawDistance": 8354.694,
      "RelativeLocation": {
        "X": -0.6489258,
        "Y": 169.00488,
        "Z": 92.0
      },
      "RelativeRotation": {
        "Pitch": 0.0,
        "Yaw": -60.29915,
        "Roll": 0.0
      },
      "RelativeScale3D": {
        "X": 0.65,
        "Y": 0.65,
        "Z": 0.65
      }
    }
  },
  {
    "Type": "StaticMeshComponent",
    "Name": "StaticMeshComponent0",
    "Outer": "LODActor_1",
    "Class": "UScriptClass'StaticMeshComponent'",
    "Properties": {
      "StaticMesh": {
        "ObjectName": "StaticMesh'SM_Athena_JUNG_1x1_Cove_B_0_Pueblo_Floor_02_2'",
        "ObjectPath": "FortniteGame/Content/Athena/Maps/Buildings/1x1/HLOD/Athena_JUNG_1x1_Cove_B_0_HLOD.3"
      },
      "MinDrawDistance": 35000.0,
      "CastShadow": true,
      "bCastStaticShadow": true
    }
  },
  {
    "Type": "StaticMeshComponent",
    "Name": "StaticMeshComponent0",
    "Outer": "Mansion_Rug_9",
    "Class": "UScriptClass'StaticMeshComponent'",
    "Template": {
      "ObjectName": "StaticMeshComponent'Default__Mansion_Rug_03_C:StaticMeshComponent0'",
      "ObjectPath": "FortniteGame/Content/Building/ActorBlueprints/Deco/Mansion_Rug_03.5"
    },
    "Properties": {
      "OverrideMaterials": [
        null
      ],
      "CachedMaxDrawDistance": 16056.758,
      "RelativeLocation": {
        "X": -4.0029297,
        "Y": -16.006348,
        "Z": 8.0
      },
      "RelativeRotation": {
        "Pitch": 0.0,
        "Yaw": 60.00019,
        "Roll": 0.0
      },
      "RelativeScale3D": {
        "X": 0.8,
        "Y": 0.8,
        "Z": 0.8
      }
    }
  },
  {
    "Type": "StaticMeshComponent",
    "Name": "StaticMeshComponent0",
    "Outer": "PirateShip_Cargo_Net_B38_4",
    "Class": "UScriptClass'StaticMeshComponent'",
    "Template": {
      "ObjectName": "StaticMeshComponent'Default__PirateShip_Cargo_Net_B_C:StaticMeshComponent0'",
      "ObjectPath": "FortniteGame/Content/Building/ActorBlueprints/Prop/PirateShip_Cargo_Net_B.5"
    },
    "Properties": {
      "OverrideMaterials": [
        null
      ],
      "CachedMaxDrawDistance": 18844.676,
      "CastShadow": true,
      "RelativeLocation": {
        "X": 3.9990234,
        "Y": 239.99756,
        "Z": 344.0
      },
      "RelativeRotation": {
        "Pitch": 0.0,
        "Yaw": 0.00062837725,
        "Roll": 0.0
      },
      "RelativeScale3D": {
        "X": 0.9,
        "Y": 0.9,
        "Z": 0.9
      }
    }
  },
  {
    "Type": "StaticMeshComponent",
    "Name": "StaticMeshComponent0",
    "Outer": "PirateShip_Hanging_Lantern_A29_2",
    "Class": "UScriptClass'StaticMeshComponent'",
    "Template": {
      "ObjectName": "StaticMeshComponent'Default__PirateShip_Hanging_Lantern_A_C:StaticMeshComponent0'",
      "ObjectPath": "FortniteGame/Content/Building/ActorBlueprints/Prop/PirateShip_Hanging_Lantern_A.8"
    },
    "Properties": {
      "OverrideMaterials": [
        null
      ],
      "CachedMaxDrawDistance": 14199.819,
      "RelativeLocation": {
        "X": 24.000977,
        "Y": -274.00586,
        "Z": 236.0
      },
      "RelativeRotation": {
        "Pitch": 0.0,
        "Yaw": -179.99995,
        "Roll": 0.0
      }
    }
  },
  {
    "Type": "StaticMeshComponent",
    "Name": "StaticMeshComponent0",
    "Outer": "PirateShip_Loot_A33_2",
    "Class": "UScriptClass'StaticMeshComponent'",
    "Template": {
      "ObjectName": "StaticMeshComponent'Default__PirateShip_Loot_A_C:StaticMeshComponent0'",
      "ObjectPath": "FortniteGame/Content/Building/ActorBlueprints/Prop/PirateShip_Loot_A.5"
    },
    "Properties": {
      "OverrideMaterials": [
        null
      ],
      "CachedMaxDrawDistance": 8618.921,
      "RelativeLocation": {
        "X": -39.038574,
        "Y": 184.04688,
        "Z": 392.0
      },
      "RelativeRotation": {
        "Pitch": 0.0,
        "Yaw": 148.30461,
        "Roll": 0.0
      }
    }
  },
  {
    "Type": "StaticMeshComponent",
    "Name": "StaticMeshComponent0",
    "Outer": "PirateShip_Loot_A34",
    "Class": "UScriptClass'StaticMeshComponent'",
    "Template": {
      "ObjectName": "StaticMeshComponent'Default__PirateShip_Loot_A_C:StaticMeshComponent0'",
      "ObjectPath": "FortniteGame/Content/Building/ActorBlueprints/Prop/PirateShip_Loot_A.5"
    },
    "Properties": {
      "OverrideMaterials": [
        null
      ],
      "CachedMaxDrawDistance": 8618.921,
      "RelativeLocation": {
        "X": -149.51904,
        "Y": 22.058594,
        "Z": 392.0
      },
      "RelativeRotation": {
        "Pitch": 0.0,
        "Yaw": -110.56411,
        "Roll": 0.0
      }
    }
  },
  {
    "Type": "StaticMeshComponent",
    "Name": "StaticMeshComponent0",
    "Outer": "Pueblo_Floor_02_2",
    "Class": "UScriptClass'StaticMeshComponent'",
    "Template": {
      "ObjectName": "StaticMeshComponent'Default__Pueblo_Floor_02_C:StaticMeshComponent0'",
      "ObjectPath": "FortniteGame/Content/Building/ActorBlueprints/Floor/Pueblo_Floor_02.4"
    },
    "Properties": {
      "StreamingTextureData": [
        {
          "PackedRelativeBox": 4294942720,
          "TextureLevelIndex": 142,
          "TexelFactor": 477.25586
        },
        {
          "PackedRelativeBox": 2684157953,
          "TextureLevelIndex": 143,
          "TexelFactor": 601.9405
        },
        {
          "PackedRelativeBox": 2684157953,
          "TextureLevelIndex": 144,
          "TexelFactor": 601.9405
        },
        {
          "PackedRelativeBox": 2684157953,
          "TextureLevelIndex": 145,
          "TexelFactor": 601.9405
        },
        {
          "PackedRelativeBox": 4294942720,
          "TextureLevelIndex": 146,
          "TexelFactor": 477.25586
        },
        {
          "PackedRelativeBox": 4294942720,
          "TextureLevelIndex": 149,
          "TexelFactor": 477.25586
        }
      ],
      "OverrideMaterials": [
        null
      ],
      "LODParentPrimitive": {
        "ObjectName": "StaticMeshComponent'Athena_JUNG_1x1_Cove_B:PersistentLevel.LODActor_1.StaticMeshComponent0'",
        "ObjectPath": "FortniteGame/Content/Athena/Maps/Buildings/1x1/Athena_JUNG_1x1_Cove_B.43"
      },
      "RelativeLocation": {
        "X": 256.0,
        "Y": -0.00048828125,
        "Z": 384.0
      },
      "RelativeRotation": {
        "Pitch": 0.0,
        "Yaw": 90.00009,
        "Roll": 0.0
      }
    }
  },
  {
    "Type": "StaticMeshComponent",
    "Name": "StaticMeshComponent0",
    "Outer": "Pueblo_Floor_6",
    "Class": "UScriptClass'StaticMeshComponent'",
    "Template": {
      "ObjectName": "StaticMeshComponent'Default__Pueblo_Floor_01_C:StaticMeshComponent0'",
      "ObjectPath": "FortniteGame/Content/Building/ActorBlueprints/Floor/Pueblo_Floor_01.4"
    },
    "Properties": {
      "StreamingTextureData": [
        {
          "PackedRelativeBox": 4294901760,
          "TextureLevelIndex": 142,
          "TexelFactor": 498.4387
        },
        {
          "PackedRelativeBox": 4294901760,
          "TextureLevelIndex": 146,
          "TexelFactor": 498.4387
        },
        {
          "PackedRelativeBox": 4294901760,
          "TextureLevelIndex": 149,
          "TexelFactor": 498.4387
        }
      ],
      "OverrideMaterials": [
        null
      ],
      "LODParentPrimitive": {
        "ObjectName": "StaticMeshComponent'Athena_JUNG_1x1_Cove_B:PersistentLevel.LODActor_1.StaticMeshComponent0'",
        "ObjectPath": "FortniteGame/Content/Athena/Maps/Buildings/1x1/Athena_JUNG_1x1_Cove_B.43"
      },
      "RelativeLocation": {
        "X": -0.00048828125,
        "Y": 255.99902,
        "Z": 0.0
      },
      "RelativeRotation": {
        "Pitch": 0.0,
        "Yaw": -179.99995,
        "Roll": 0.0
      }
    }
  },
  {
    "Type": "StaticMeshComponent",
    "Name": "StaticMeshComponent0",
    "Outer": "Pueblo_Solid_11",
    "Class": "UScriptClass'StaticMeshComponent'",
    "Template": {
      "ObjectName": "StaticMeshComponent'Default__BP_WV_Tudor_Window_01_C:StaticMeshComponent0'",
      "ObjectPath": "FortniteGame/Content/Building/ActorBlueprints/WinterVillage/Walls/BP_WV_Tudor_Window_01.5"
    },
    "Properties": {
      "OverrideMaterials": [
        null
      ],
      "LODParentPrimitive": {
        "ObjectName": "StaticMeshComponent'Athena_JUNG_1x1_Cove_B:PersistentLevel.LODActor_1.StaticMeshComponent0'",
        "ObjectPath": "FortniteGame/Content/Athena/Maps/Buildings/1x1/Athena_JUNG_1x1_Cove_B.43"
      },
      "RelativeLocation": {
        "X": -256.0,
        "Y": -0.00048828125,
        "Z": 0.0
      },
      "RelativeRotation": {
        "Pitch": 0.0,
        "Yaw": 90.0002,
        "Roll": 0.0
      }
    }
  },
  {
    "Type": "StaticMeshComponent",
    "Name": "StaticMeshComponent0",
    "Outer": "Pueblo_Solid_9",
    "Class": "UScriptClass'StaticMeshComponent'",
    "Template": {
      "ObjectName": "StaticMeshComponent'Default__BP_WV_Tudor_Wall_05_C:StaticMeshComponent0'",
      "ObjectPath": "FortniteGame/Content/Building/ActorBlueprints/WinterVillage/Walls/BP_WV_Tudor_Wall_05.5"
    },
    "Properties": {
      "OverrideMaterials": [
        null
      ],
      "LODParentPrimitive": {
        "ObjectName": "StaticMeshComponent'Athena_JUNG_1x1_Cove_B:PersistentLevel.LODActor_1.StaticMeshComponent0'",
        "ObjectPath": "FortniteGame/Content/Athena/Maps/Buildings/1x1/Athena_JUNG_1x1_Cove_B.43"
      },
      "RelativeLocation": {
        "X": -0.00048828125,
        "Y": 255.99902,
        "Z": 0.0
      },
      "RelativeRotation": {
        "Pitch": 0.0,
        "Yaw": -2.3905655E-05,
        "Roll": 0.0
      }
    }
  },
  {
    "Type": "StaticMeshComponent",
    "Name": "StaticMeshComponent0",
    "Outer": "Pueblo_WindowSide_01_2",
    "Class": "UScriptClass'StaticMeshComponent'",
    "Template": {
      "ObjectName": "StaticMeshComponent'Default__BP_WV_Tudor_Wall_05_C:StaticMeshComponent0'",
      "ObjectPath": "FortniteGame/Content/Building/ActorBlueprints/WinterVillage/Walls/BP_WV_Tudor_Wall_05.5"
    },
    "Properties": {
      "OverrideMaterials": [
        null
      ],
      "BodyInstance": {
        "MaxAngularVelocity": 3599.9998
      },
      "LODParentPrimitive": {
        "ObjectName": "StaticMeshComponent'Athena_JUNG_1x1_Cove_B:PersistentLevel.LODActor_1.StaticMeshComponent0'",
        "ObjectPath": "FortniteGame/Content/Athena/Maps/Buildings/1x1/Athena_JUNG_1x1_Cove_B.43"
      },
      "RelativeLocation": {
        "X": 256.0005,
        "Y": -0.00048828125,
        "Z": 0.0
      },
      "RelativeRotation": {
        "Pitch": 0.0,
        "Yaw": -89.99987,
        "Roll": 0.0
      },
      "RelativeScale3D": {
        "X": -1.0,
        "Y": 1.0,
        "Z": 1.0
      }
    }
  },
  {
    "Type": "StaticMeshComponent",
    "Name": "StaticMeshComponent0",
    "Outer": "Tiered_Athena_FloorLoot_01_2",
    "Class": "UScriptClass'StaticMeshComponent'",
    "Template": {
      "ObjectName": "StaticMeshComponent'Default__Tiered_Athena_FloorLoot_01_C:StaticMeshComponent0'",
      "ObjectPath": "FortniteGame/Content/Athena/Environments/Blueprints/Tiered_Athena_FloorLoot_01.5"
    },
    "Properties": {
      "OverrideMaterials": [
        null
      ],
      "CachedMaxDrawDistance": 10643.375,
      "RelativeLocation": {
        "X": 66.23486,
        "Y": -76.95166,
        "Z": 12.553101
      },
      "RelativeRotation": {
        "Pitch": 0.0,
        "Yaw": -179.99995,
        "Roll": 0.0
      }
    }
  },
  {
    "Type": "StaticMeshComponent",
    "Name": "S_Chest_SmokeSheet",
    "Outer": "Tiered_Chest_Athena66_2",
    "Class": "UScriptClass'StaticMeshComponent'",
    "Template": {
      "ObjectName": "StaticMeshComponent'Tiered_Chest_Athena_C:S_Chest_SmokeSheet_GEN_VARIABLE'",
      "ObjectPath": "FortniteGame/Content/Building/ActorBlueprints/Containers/Tiered_Chest_Athena.166"
    },
    "Properties": {
      "CachedMaxDrawDistance": 8915.371,
      "AttachParent": {
        "ObjectName": "StaticMeshComponent'Athena_JUNG_1x1_Cove_B:PersistentLevel.Tiered_Chest_Athena66_2.StaticMeshComponent0'",
        "ObjectPath": "FortniteGame/Content/Athena/Maps/Buildings/1x1/Athena_JUNG_1x1_Cove_B.56"
      },
      "bNetAddressable": true,
      "CreationMethod": "EComponentCreationMethod::SimpleConstructionScript"
    }
  },
  {
    "Type": "StaticMeshComponent",
    "Name": "StaticMeshComponent0",
    "Outer": "Tiered_Chest_Athena66_2",
    "Class": "UScriptClass'StaticMeshComponent'",
    "Template": {
      "ObjectName": "StaticMeshComponent'Default__Tiered_Chest_Athena_C:StaticMeshComponent0'",
      "ObjectPath": "FortniteGame/Content/Building/ActorBlueprints/Containers/Tiered_Chest_Athena.164"
    },
    "Properties": {
      "OverrideMaterials": [
        null
      ],
      "LDMaxDrawDistance": 0.0,
      "CachedMaxDrawDistance": 8915.371,
      "RelativeLocation": {
        "X": -119.66553,
        "Y": 183.67236,
        "Z": 392.0
      },
      "RelativeRotation": {
        "Pitch": 0.0,
        "Yaw": -144.99977,
        "Roll": 0.0
      }
    }
  },
  {
    "Type": "StaticMeshComponent",
    "Name": "StaticMeshComponent0",
    "Outer": "Viking_Laundry_Bathtub3_2",
    "Class": "UScriptClass'StaticMeshComponent'",
    "Template": {
      "ObjectName": "StaticMeshComponent'Default__Viking_Laundry_Bathtub_C:StaticMeshComponent0'",
      "ObjectPath": "FortniteGame/Content/Building/ActorBlueprints/Prop/Viking_Laundry_Bathtub.5"
    },
    "Properties": {
      "OverrideMaterials": [
        null
      ],
      "LODParentPrimitive": {
        "ObjectName": "StaticMeshComponent'Athena_JUNG_1x1_Cove_B:PersistentLevel.LODActor_1.StaticMeshComponent0'",
        "ObjectPath": "FortniteGame/Content/Athena/Maps/Buildings/1x1/Athena_JUNG_1x1_Cove_B.43"
      },
      "RelativeLocation": {
        "X": -160.00146,
        "Y": -154.00488,
        "Z": 8.0
      },
      "RelativeRotation": {
        "Pitch": 0.0,
        "Yaw": 90.00035,
        "Roll": 0.0
      }
    }
  },
  {
    "Type": "Tiered_Athena_FloorLoot_01_C",
    "Name": "Tiered_Athena_FloorLoot_01_2",
    "Outer": "PersistentLevel",
    "Class": "BlueprintGeneratedClass'FortniteGame/Content/Athena/Environments/Blueprints/Tiered_Athena_FloorLoot_01.Tiered_Athena_FloorLoot_01_C'",
    "Template": {
      "ObjectName": "Tiered_Athena_FloorLoot_01_C'Default__Tiered_Athena_FloorLoot_01_C'",
      "ObjectPath": "FortniteGame/Content/Athena/Environments/Blueprints/Tiered_Athena_FloorLoot_01.1"
    },
    "Properties": {
      "StaticMeshComponent": {
        "ObjectName": "StaticMeshComponent'Athena_JUNG_1x1_Cove_B:PersistentLevel.Tiered_Athena_FloorLoot_01_2.StaticMeshComponent0'",
        "ObjectPath": "FortniteGame/Content/Athena/Maps/Buildings/1x1/Athena_JUNG_1x1_Cove_B.54"
      },
      "MyGuid": "9A7DD453-43CA8619-468BD1BE-3958C82C",
      "DataVersion": 1,
      "CullDistance": 10643.375,
      "RootComponent": {
        "ObjectName": "StaticMeshComponent'Athena_JUNG_1x1_Cove_B:PersistentLevel.Tiered_Athena_FloorLoot_01_2.StaticMeshComponent0'",
        "ObjectPath": "FortniteGame/Content/Athena/Maps/Buildings/1x1/Athena_JUNG_1x1_Cove_B.54"
      }
    }
  },
  {
    "Type": "Tiered_Chest_Athena_C",
    "Name": "Tiered_Chest_Athena66_2",
    "Outer": "PersistentLevel",
    "Class": "BlueprintGeneratedClass'FortniteGame/Content/Building/ActorBlueprints/Containers/Tiered_Chest_Athena.Tiered_Chest_Athena_C'",
    "Template": {
      "ObjectName": "Tiered_Chest_Athena_C'Default__Tiered_Chest_Athena_C'",
      "ObjectPath": "FortniteGame/Content/Building/ActorBlueprints/Containers/Tiered_Chest_Athena.2"
    },
    "Properties": {
      "P_Loot_Chest_Aura_Athena": {
        "ObjectName": "ParticleSystemComponent'Athena_JUNG_1x1_Cove_B:PersistentLevel.Tiered_Chest_Athena66_2.P_Loot_Chest_Aura_Athena'",
        "ObjectPath": "FortniteGame/Content/Athena/Maps/Buildings/1x1/Athena_JUNG_1x1_Cove_B.24"
      },
      "S_Chest_SmokeSheet": {
        "ObjectName": "StaticMeshComponent'Athena_JUNG_1x1_Cove_B:PersistentLevel.Tiered_Chest_Athena66_2.S_Chest_SmokeSheet'",
        "ObjectPath": "FortniteGame/Content/Athena/Maps/Buildings/1x1/Athena_JUNG_1x1_Cove_B.55"
      },
      "TrasureLight": {
        "ObjectName": "PointLightComponent'Athena_JUNG_1x1_Cove_B:PersistentLevel.Tiered_Chest_Athena66_2.TrasureLight'",
        "ObjectPath": "FortniteGame/Content/Athena/Maps/Buildings/1x1/Athena_JUNG_1x1_Cove_B.31"
      },
      "Chest_Ambient_Sound": {
        "ObjectName": "AudioComponent'Athena_JUNG_1x1_Cove_B:PersistentLevel.Tiered_Chest_Athena66_2.Chest_Ambient_Sound'",
        "ObjectPath": "FortniteGame/Content/Athena/Maps/Buildings/1x1/Athena_JUNG_1x1_Cove_B.7"
      },
      "MobileSelectedTL": {
        "ObjectName": "TimelineComponent'Athena_JUNG_1x1_Cove_B:PersistentLevel.Tiered_Chest_Athena66_2.MobileSelectedTL'",
        "ObjectPath": "FortniteGame/Content/Athena/Maps/Buildings/1x1/Athena_JUNG_1x1_Cove_B.61"
      },
      "MobileOnInteractTL": {
        "ObjectName": "TimelineComponent'Athena_JUNG_1x1_Cove_B:PersistentLevel.Tiered_Chest_Athena66_2.MobileOnInteractTL'",
        "ObjectPath": "FortniteGame/Content/Athena/Maps/Buildings/1x1/Athena_JUNG_1x1_Cove_B.60"
      },
      "TimeOfDayControlledLights": [
        {
          "ObjectName": "PointLightComponent'Athena_JUNG_1x1_Cove_B:PersistentLevel.Tiered_Chest_Athena66_2.TrasureLight'",
          "ObjectPath": "FortniteGame/Content/Athena/Maps/Buildings/1x1/Athena_JUNG_1x1_Cove_B.31"
        }
      ],
      "StaticMeshComponent": {
        "ObjectName": "StaticMeshComponent'Athena_JUNG_1x1_Cove_B:PersistentLevel.Tiered_Chest_Athena66_2.StaticMeshComponent0'",
        "ObjectPath": "FortniteGame/Content/Athena/Maps/Buildings/1x1/Athena_JUNG_1x1_Cove_B.56"
      },
      "ParentActorToAttachTo": {
        "ObjectName": "Pueblo_Floor_02_C'Athena_JUNG_1x1_Cove_B:PersistentLevel.Pueblo_Floor_02_2'",
        "ObjectPath": "FortniteGame/Content/Athena/Maps/Buildings/1x1/Athena_JUNG_1x1_Cove_B.33"
      },
      "MyGuid": "A039A28A-4445BC6E-F0E287B2-D192C030",
      "DataVersion": 1,
      "CullDistance": 8915.371,
      "RootComponent": {
        "ObjectName": "StaticMeshComponent'Athena_JUNG_1x1_Cove_B:PersistentLevel.Tiered_Chest_Athena66_2.StaticMeshComponent0'",
        "ObjectPath": "FortniteGame/Content/Athena/Maps/Buildings/1x1/Athena_JUNG_1x1_Cove_B.56"
      },
      "BlueprintCreatedComponents": [
        {
          "ObjectName": "AudioComponent'Athena_JUNG_1x1_Cove_B:PersistentLevel.Tiered_Chest_Athena66_2.Chest_Ambient_Sound'",
          "ObjectPath": "FortniteGame/Content/Athena/Maps/Buildings/1x1/Athena_JUNG_1x1_Cove_B.7"
        },
        {
          "ObjectName": "PointLightComponent'Athena_JUNG_1x1_Cove_B:PersistentLevel.Tiered_Chest_Athena66_2.TrasureLight'",
          "ObjectPath": "FortniteGame/Content/Athena/Maps/Buildings/1x1/Athena_JUNG_1x1_Cove_B.31"
        },
        {
          "ObjectName": "StaticMeshComponent'Athena_JUNG_1x1_Cove_B:PersistentLevel.Tiered_Chest_Athena66_2.S_Chest_SmokeSheet'",
          "ObjectPath": "FortniteGame/Content/Athena/Maps/Buildings/1x1/Athena_JUNG_1x1_Cove_B.55"
        },
        {
          "ObjectName": "ParticleSystemComponent'Athena_JUNG_1x1_Cove_B:PersistentLevel.Tiered_Chest_Athena66_2.P_Loot_Chest_Aura_Athena'",
          "ObjectPath": "FortniteGame/Content/Athena/Maps/Buildings/1x1/Athena_JUNG_1x1_Cove_B.24"
        },
        {
          "ObjectName": "TimelineComponent'Athena_JUNG_1x1_Cove_B:PersistentLevel.Tiered_Chest_Athena66_2.MobileOnInteractTL'",
          "ObjectPath": "FortniteGame/Content/Athena/Maps/Buildings/1x1/Athena_JUNG_1x1_Cove_B.60"
        },
        {
          "ObjectName": "TimelineComponent'Athena_JUNG_1x1_Cove_B:PersistentLevel.Tiered_Chest_Athena66_2.MobileSelectedTL'",
          "ObjectPath": "FortniteGame/Content/Athena/Maps/Buildings/1x1/Athena_JUNG_1x1_Cove_B.61"
        }
      ]
    }
  },
  {
    "Type": "TimelineComponent",
    "Name": "MobileOnInteractTL",
    "Outer": "Tiered_Chest_Athena66_2",
    "Class": "UScriptClass'TimelineComponent'",
    "Properties": {
      "TheTimeline": {
        "LengthMode": "TL_TimelineLength",
        "Length": 0.25,
        "InterpFloats": [
          {
            "FloatCurve": {
              "ObjectName": "CurveFloat'Tiered_Chest_Athena_C:CurveFloat_0'",
              "ObjectPath": "FortniteGame/Content/Building/ActorBlueprints/Containers/Tiered_Chest_Athena.85"
            },
            "InterpFunc": {
              "Num": 0,
              "Name": "None"
            },
            "TrackName": "LERP",
            "FloatPropertyName": "MobileOnInteractTL_LERP_9BD788A146DACD005BAF94BEBEDAB584"
          }
        ],
        "TimelinePostUpdateFunc": {
          "Num": 60,
          "Name": "MobileOnInteractTL__UpdateFunc"
        },
        "TimelineFinishedFunc": {
          "Num": 60,
          "Name": "MobileOnInteractTL__FinishedFunc"
        },
        "PropertySetObject": {
          "ObjectName": "Tiered_Chest_Athena_C'Athena_JUNG_1x1_Cove_B:PersistentLevel.Tiered_Chest_Athena66_2'",
          "ObjectPath": "FortniteGame/Content/Athena/Maps/Buildings/1x1/Athena_JUNG_1x1_Cove_B.59"
        },
        "DirectionPropertyName": "MobileOnInteractTL__Direction_9BD788A146DACD005BAF94BEBEDAB584"
      },
      "bNetAddressable": true,
      "CreationMethod": "EComponentCreationMethod::UserConstructionScript"
    }
  },
  {
    "Type": "TimelineComponent",
    "Name": "MobileSelectedTL",
    "Outer": "Tiered_Chest_Athena66_2",
    "Class": "UScriptClass'TimelineComponent'",
    "Properties": {
      "TheTimeline": {
        "LengthMode": "TL_TimelineLength",
        "Length": 0.21,
        "InterpFloats": [
          {
            "FloatCurve": {
              "ObjectName": "CurveFloat'Tiered_Chest_Athena_C:CurveFloat_0_1'",
              "ObjectPath": "FortniteGame/Content/Building/ActorBlueprints/Containers/Tiered_Chest_Athena.86"
            },
            "InterpFunc": {
              "Num": 0,
              "Name": "None"
            },
            "TrackName": "LerpObject",
            "FloatPropertyName": "MobileSelectedTL_LerpObject_EEB30EBE433E8977EDA63DB381EAF0C8"
          },
          {
            "FloatCurve": {
              "ObjectName": "CurveFloat'Tiered_Chest_Athena_C:CurveFloat_1'",
              "ObjectPath": "FortniteGame/Content/Building/ActorBlueprints/Containers/Tiered_Chest_Athena.87"
            },
            "InterpFunc": {
              "Num": 0,
              "Name": "None"
            },
            "TrackName": "LerpInteactoIcon",
            "FloatPropertyName": "MobileSelectedTL_LerpInteactoIcon_EEB30EBE433E8977EDA63DB381EAF0C8"
          }
        ],
        "TimelinePostUpdateFunc": {
          "Num": 60,
          "Name": "MobileSelectedTL__UpdateFunc"
        },
        "TimelineFinishedFunc": {
          "Num": 60,
          "Name": "MobileSelectedTL__FinishedFunc"
        },
        "PropertySetObject": {
          "ObjectName": "Tiered_Chest_Athena_C'Athena_JUNG_1x1_Cove_B:PersistentLevel.Tiered_Chest_Athena66_2'",
          "ObjectPath": "FortniteGame/Content/Athena/Maps/Buildings/1x1/Athena_JUNG_1x1_Cove_B.59"
        },
        "DirectionPropertyName": "MobileSelectedTL__Direction_EEB30EBE433E8977EDA63DB381EAF0C8"
      },
      "bNetAddressable": true,
      "CreationMethod": "EComponentCreationMethod::UserConstructionScript"
    }
  },
  {
    "Type": "Viking_Laundry_Bathtub_C",
    "Name": "Viking_Laundry_Bathtub3_2",
    "Outer": "PersistentLevel",
    "Class": "BlueprintGeneratedClass'FortniteGame/Content/Building/ActorBlueprints/Prop/Viking_Laundry_Bathtub.Viking_Laundry_Bathtub_C'",
    "Template": {
      "ObjectName": "Viking_Laundry_Bathtub_C'Default__Viking_Laundry_Bathtub_C'",
      "ObjectPath": "FortniteGame/Content/Building/ActorBlueprints/Prop/Viking_Laundry_Bathtub.1"
    },
    "Properties": {
      "StaticMeshComponent": {
        "ObjectName": "StaticMeshComponent'Athena_JUNG_1x1_Cove_B:PersistentLevel.Viking_Laundry_Bathtub3_2.StaticMeshComponent0'",
        "ObjectPath": "FortniteGame/Content/Athena/Maps/Buildings/1x1/Athena_JUNG_1x1_Cove_B.57"
      },
      "ParentActorToAttachTo": {
        "ObjectName": "Pueblo_Floor_01_C'Athena_JUNG_1x1_Cove_B:PersistentLevel.Pueblo_Floor_6'",
        "ObjectPath": "FortniteGame/Content/Athena/Maps/Buildings/1x1/Athena_JUNG_1x1_Cove_B.32"
      },
      "MyGuid": "3043F641-4C430EF2-971AECBD-1C4C955C",
      "DataVersion": 1,
      "CullDistance": 0.0,
      "RootComponent": {
        "ObjectName": "StaticMeshComponent'Athena_JUNG_1x1_Cove_B:PersistentLevel.Viking_Laundry_Bathtub3_2.StaticMeshComponent0'",
        "ObjectPath": "FortniteGame/Content/Athena/Maps/Buildings/1x1/Athena_JUNG_1x1_Cove_B.57"
      }
    }
  },
  {
    "Type": "World",
    "Name": "Athena_JUNG_1x1_Cove_B",
    "Class": "UScriptClass'World'",
    "Properties": {
      "DefaultPhysicsVolume": null
    },
    "PersistentLevel": {
      "ObjectName": "Level'Athena_JUNG_1x1_Cove_B:PersistentLevel'",
      "ObjectPath": "FortniteGame/Content/Athena/Maps/Buildings/1x1/Athena_JUNG_1x1_Cove_B.18"
    },
    "ExtraReferencedObjects": [],
    "StreamingLevels": []
  }
]