[
  {
    "Type": "BlueprintGeneratedClass",
    "Name": "Athena_ICE_1x1_Castle_c_C",
    "Class": "UScriptClass'BlueprintGeneratedClass'",
    "SuperStruct": {
      "ObjectName": "Class'FortLevelScriptActor'",
      "ObjectPath": "/Script/FortniteGame"
    },
    "ClassFlags": "CLASS_Optional | CLASS_NotPlaceable | CLASS_ReplicationDataIsSetUp | CLASS_CompiledFromBlueprint | CLASS_HasInstancedReference",
    "ClassWithin": {
      "ObjectName": "Class'Object'",
      "ObjectPath": "/Script/CoreUObject"
    },
    "ClassConfigName": "Engine",
    "bCooked": true,
    "ClassDefaultObject": {
      "ObjectName": "Athena_ICE_1x1_Castle_c_C'Default__Athena_ICE_1x1_Castle_c_C'",
      "ObjectPath": "FortniteGame/Content/Athena/Maps/Buildings/1x1/Athena_ICE_1x1_Castle_c.1"
    }
  },
  {
    "Type": "Athena_ICE_1x1_Castle_c_C",
    "Name": "Default__Athena_ICE_1x1_Castle_c_C",
    "Class": "BlueprintGeneratedClass'FortniteGame/Content/Athena/Maps/Buildings/1x1/Athena_ICE_1x1_Castle_c.Athena_ICE_1x1_Castle_c_C'"
  },
  {
    "Type": "Athena_ICE_1x1_Castle_c_C",
    "Name": "Athena_ICE_1x1_Castle_c_C_0",
    "Outer": "PersistentLevel",
    "Class": "BlueprintGeneratedClass'FortniteGame/Content/Athena/Maps/Buildings/1x1/Athena_ICE_1x1_Castle_c.Athena_ICE_1x1_Castle_c_C'",
    "Template": {
      "ObjectName": "Athena_ICE_1x1_Castle_c_C'Default__Athena_ICE_1x1_Castle_c_C'",
      "ObjectPath": "FortniteGame/Content/Athena/Maps/Buildings/1x1/Athena_ICE_1x1_Castle_c.1"
    }
  },
  {
    "Type": "Athena_Prop_Storage_Barrel_02_C",
    "Name": "Athena_Prop_Storage_Barrel_10",
    "Outer": "PersistentLevel",
    "Class": "BlueprintGeneratedClass'FortniteGame/Content/Athena/BuildingActors/Props/Building/ActorBlueprints/Containers/Athena_Prop_Storage_Barrel_02.Athena_Prop_Storage_Barrel_02_C'",
    "Template": {
      "ObjectName": "Athena_Prop_Storage_Barrel_02_C'Default__Athena_Prop_Storage_Barrel_02_C'",
      "ObjectPath": "FortniteGame/Content/Athena/BuildingActors/Props/Building/ActorBlueprints/Containers/Athena_Prop_Storage_Barrel_02.1"
    },
    "Properties": {
      "StaticMeshComponent": {
        "ObjectName": "StaticMeshComponent'Athena_ICE_1x1_Castle_c:PersistentLevel.Athena_Prop_Storage_Barrel_10.StaticMeshComponent0'",
        "ObjectPath": "FortniteGame/Content/Athena/Maps/Buildings/1x1/Athena_ICE_1x1_Castle_c.35"
      },
      "MyGuid": "BC25AE0D-4D199B53-7D5343A6-8D2CBAE6",
      "DataVersion": 1,
      "CullDistance": 2800.0,
      "RootComponent": {
        "ObjectName": "StaticMeshComponent'Athena_ICE_1x1_Castle_c:PersistentLevel.Athena_Prop_Storage_Barrel_10.StaticMeshComponent0'",
        "ObjectPath": "FortniteGame/Content/Athena/Maps/Buildings/1x1/Athena_ICE_1x1_Castle_c.35"
      }
    }
  },
  {
    "Type": "Athena_Prop_Storage_Barrel_02_C",
    "Name": "Athena_Prop_Storage_Barrel_11",
    "Outer": "PersistentLevel",
    "Class": "BlueprintGeneratedClass'FortniteGame/Content/Athena/BuildingActors/Props/Building/ActorBlueprints/Containers/Athena_Prop_Storage_Barrel_02.Athena_Prop_Storage_Barrel_02_C'",
    "Template": {
      "ObjectName": "Athena_Prop_Storage_Barrel_02_C'Default__Athena_Prop_Storage_Barrel_02_C'",
      "ObjectPath": "FortniteGame/Content/Athena/BuildingActors/Props/Building/ActorBlueprints/Containers/Athena_Prop_Storage_Barrel_02.1"
    },
    "Properties": {
      "StaticMeshComponent": {
        "ObjectName": "StaticMeshComponent'Athena_ICE_1x1_Castle_c:PersistentLevel.Athena_Prop_Storage_Barrel_11.StaticMeshComponent0'",
        "ObjectPath": "FortniteGame/Content/Athena/Maps/Buildings/1x1/Athena_ICE_1x1_Castle_c.36"
      },
      "MyGuid": "2443A143-439E011F-BECFF49D-0517AA11",
      "DataVersion": 1,
      "CullDistance": 2800.0,
      "RootComponent": {
        "ObjectName": "StaticMeshComponent'Athena_ICE_1x1_Castle_c:PersistentLevel.Athena_Prop_Storage_Barrel_11.StaticMeshComponent0'",
        "ObjectPath": "FortniteGame/Content/Athena/Maps/Buildings/1x1/Athena_ICE_1x1_Castle_c.36"
      }
    }
  },
  {
    "Type": "Athena_Prop_Storage_Barrel_02_C",
    "Name": "Athena_Prop_Storage_Barrel_9",
    "Outer": "PersistentLevel",
    "Class": "BlueprintGeneratedClass'FortniteGame/Content/Athena/BuildingActors/Props/Building/ActorBlueprints/Containers/Athena_Prop_Storage_Barrel_02.Athena_Prop_Storage_Barrel_02_C'",
    "Template": {
      "ObjectName": "Athena_Prop_Storage_Barrel_02_C'Default__Athena_Prop_Storage_Barrel_02_C'",
      "ObjectPath": "FortniteGame/Content/Athena/BuildingActors/Props/Building/ActorBlueprints/Containers/Athena_Prop_Storage_Barrel_02.1"
    },
    "Properties": {
      "StaticMeshComponent": {
        "ObjectName": "StaticMeshComponent'Athena_ICE_1x1_Castle_c:PersistentLevel.Athena_Prop_Storage_Barrel_9.StaticMeshComponent0'",
        "ObjectPath": "FortniteGame/Content/Athena/Maps/Buildings/1x1/Athena_ICE_1x1_Castle_c.37"
      },
      "MyGuid": "6E0CBAFB-49EAA54B-27C3C7B1-7BC331ED",
      "DataVersion": 1,
      "CullDistance": 2800.0,
      "RootComponent": {
        "ObjectName": "StaticMeshComponent'Athena_ICE_1x1_Castle_c:PersistentLevel.Athena_Prop_Storage_Barrel_9.StaticMeshComponent0'",
        "ObjectPath": "FortniteGame/Content/Athena/Maps/Buildings/1x1/Athena_ICE_1x1_Castle_c.37"
      }
    }
  },
  {
    "Type": "AudioComponent",
    "Name": "Chest_Ambient_Sound",
    "Outer": "Tiered_Chest_Athena_2",
    "Class": "UScriptClass'AudioComponent'",
    "Template": {
      "ObjectName": "AudioComponent'Tiered_Chest_Athena_C:AudioComponent_1'",
      "ObjectPath": "FortniteGame/Content/Building/ActorBlueprints/Containers/Tiered_Chest_Athena.49"
    },
    "Properties": {
      "AttachParent": {
        "ObjectName": "StaticMeshComponent'Athena_ICE_1x1_Castle_c:PersistentLevel.Tiered_Chest_Athena_2.StaticMeshComponent0'",
        "ObjectPath": "FortniteGame/Content/Athena/Maps/Buildings/1x1/Athena_ICE_1x1_Castle_c.59"
      },
      "bNetAddressable": true,
      "CreationMethod": "EComponentCreationMethod::SimpleConstructionScript"
    }
  },
  {
    "Type": "AudioComponent",
    "Name": "WoodCreakSound",
    "Outer": "WoodMines_Floor2",
    "Class": "UScriptClass'AudioComponent'",
    "Template": {
      "ObjectName": "AudioComponent'WoodMines_BalconyI_C:AudioComponent_3'",
      "ObjectPath": "FortniteGame/Content/Building/ActorBlueprints/Floor/WoodMines_BalconyI.3"
    },
    "Properties": {
      "AttachParent": {
        "ObjectName": "StaticMeshComponent'Athena_ICE_1x1_Castle_c:PersistentLevel.WoodMines_Floor2.StaticMeshComponent0'",
        "ObjectPath": "FortniteGame/Content/Athena/Maps/Buildings/1x1/Athena_ICE_1x1_Castle_c.60"
      },
      "bNetAddressable": true,
      "CreationMethod": "EComponentCreationMethod::SimpleConstructionScript"
    }
  },
  {
    "Type": "AudioComponent",
    "Name": "WoodStressSound",
    "Outer": "WoodMines_Floor_2",
    "Class": "UScriptClass'AudioComponent'",
    "Template": {
      "ObjectName": "AudioComponent'WoodMines_Floor_C:AudioComponent_7'",
      "ObjectPath": "FortniteGame/Content/Building/ActorBlueprints/Floor/WoodMines_Floor.3"
    },
    "Properties": {
      "AttachParent": {
        "ObjectName": "StaticMeshComponent'Athena_ICE_1x1_Castle_c:PersistentLevel.WoodMines_Floor_2.StaticMeshComponent0'",
        "ObjectPath": "FortniteGame/Content/Athena/Maps/Buildings/1x1/Athena_ICE_1x1_Castle_c.61"
      },
      "bNetAddressable": true,
      "CreationMethod": "EComponentCreationMethod::SimpleConstructionScript"
    }
  },
  {
    "Type": "BoxComponent",
    "Name": "BoxComponent0",
    "Outer": "LevelBounds_0",
    "Class": "UScriptClass'BoxComponent'",
    "Properties": {
      "AreaClass": {
        "ObjectName": "Class'FortMetaNavArea_Obstacles'",
        "ObjectPath": "/Script/FortniteGame"
      },
      "BodyInstance": {
        "MaxAngularVelocity": 3599.9998
      },
      "RelativeLocation": {
        "X": 0.0,
        "Y": -4.5776367E-05,
        "Z": 285.4065
      },
      "RelativeScale3D": {
        "X": 660.1902,
        "Y": 660.1902,
        "Z": 1338.813
      }
    }
  },
  {
    "Type": "FortWorldSettings",
    "Name": "FortWorldSettings",
    "Outer": "PersistentLevel",
    "Class": "UScriptClass'FortWorldSettings'",
    "Properties": {
      "WorldCells": [
        2147483647,
        1
      ],
      "WorldCellsOrigin": {
        "X": 512.0,
        "Y": 512.0,
        "Z": 0.0
      },
      "MinCullObjectSize": 64.0,
      "MinCullDistance": 2800.0,
      "MaxCullObjectSize": 1000.0,
      "MaxCullDistance": 40000.0,
      "NavigationSystemConfig": {
        "ObjectName": "NavigationSystemModuleConfig'Athena_ICE_1x1_Castle_c:PersistentLevel.FortWorldSettings.NavigationSystemModuleConfig_0'",
        "ObjectPath": "FortniteGame/Content/Athena/Maps/Buildings/1x1/Athena_ICE_1x1_Castle_c.32"
      },
      "BookmarkArray": [
        null,
        null,
        null,
        null,
        null,
        null,
        null,
        null,
        null,
        null
      ]
    }
  },
  {
    "Type": "IceCastle_Battlement1_Corner_C",
    "Name": "IceCastle_Battlement1_Corner2",
    "Outer": "PersistentLevel",
    "Class": "BlueprintGeneratedClass'FortniteGame/Content/Building/ActorBlueprints/IceCastle/Walls/IceCastle_Battlement1_Corner.IceCastle_Battlement1_Corner_C'",
    "Template": {
      "ObjectName": "IceCastle_Battlement1_Corner_C'Default__IceCastle_Battlement1_Corner_C'",
      "ObjectPath": "FortniteGame/Content/Building/ActorBlueprints/IceCastle/Walls/IceCastle_Battlement1_Corner.1"
    },
    "Properties": {
      "StaticMeshComponent": {
        "ObjectName": "StaticMeshComponent'Athena_ICE_1x1_Castle_c:PersistentLevel.IceCastle_Battlement1_Corner2.StaticMeshComponent0'",
        "ObjectPath": "FortniteGame/Content/Athena/Maps/Buildings/1x1/Athena_ICE_1x1_Castle_c.49"
      },
      "MyGuid": "3DBCC6CC-4087A4D4-BB5D85A4-64043A55",
      "DataVersion": 1,
      "CullDistance": 0.0,
      "RootComponent": {
        "ObjectName": "StaticMeshComponent'Athena_ICE_1x1_Castle_c:PersistentLevel.IceCastle_Battlement1_Corner2.StaticMeshComponent0'",
        "ObjectPath": "FortniteGame/Content/Athena/Maps/Buildings/1x1/Athena_ICE_1x1_Castle_c.49"
      }
    }
  },
  {
    "Type": "IceCastle_Battlement1_Corner_C",
    "Name": "IceCastle_Battlement1_Corner3",
    "Outer": "PersistentLevel",
    "Class": "BlueprintGeneratedClass'FortniteGame/Content/Building/ActorBlueprints/IceCastle/Walls/IceCastle_Battlement1_Corner.IceCastle_Battlement1_Corner_C'",
    "Template": {
      "ObjectName": "IceCastle_Battlement1_Corner_C'Default__IceCastle_Battlement1_Corner_C'",
      "ObjectPath": "FortniteGame/Content/Building/ActorBlueprints/IceCastle/Walls/IceCastle_Battlement1_Corner.1"
    },
    "Properties": {
      "StaticMeshComponent": {
        "ObjectName": "StaticMeshComponent'Athena_ICE_1x1_Castle_c:PersistentLevel.IceCastle_Battlement1_Corner3.StaticMeshComponent0'",
        "ObjectPath": "FortniteGame/Content/Athena/Maps/Buildings/1x1/Athena_ICE_1x1_Castle_c.50"
      },
      "MyGuid": "181897B0-427EF5FB-3CE085BA-12E28D04",
      "DataVersion": 1,
      "CullDistance": 0.0,
      "RootComponent": {
        "ObjectName": "StaticMeshComponent'Athena_ICE_1x1_Castle_c:PersistentLevel.IceCastle_Battlement1_Corner3.StaticMeshComponent0'",
        "ObjectPath": "FortniteGame/Content/Athena/Maps/Buildings/1x1/Athena_ICE_1x1_Castle_c.50"
      }
    }
  },
  {
    "Type": "IceCastle_Battlement1_Corner_C",
    "Name": "IceCastle_Battlement1_Corner4",
    "Outer": "PersistentLevel",
    "Class": "BlueprintGeneratedClass'FortniteGame/Content/Building/ActorBlueprints/IceCastle/Walls/IceCastle_Battlement1_Corner.IceCastle_Battlement1_Corner_C'",
    "Template": {
      "ObjectName": "IceCastle_Battlement1_Corner_C'Default__IceCastle_Battlement1_Corner_C'",
      "ObjectPath": "FortniteGame/Content/Building/ActorBlueprints/IceCastle/Walls/IceCastle_Battlement1_Corner.1"
    },
    "Properties": {
      "StaticMeshComponent": {
        "ObjectName": "StaticMeshComponent'Athena_ICE_1x1_Castle_c:PersistentLevel.IceCastle_Battlement1_Corner4.StaticMeshComponent0'",
        "ObjectPath": "FortniteGame/Content/Athena/Maps/Buildings/1x1/Athena_ICE_1x1_Castle_c.51"
      },
      "MyGuid": "EE3EA52E-4FCC7E6E-EE5F9B90-0919E60B",
      "DataVersion": 1,
      "CullDistance": 0.0,
      "RootComponent": {
        "ObjectName": "StaticMeshComponent'Athena_ICE_1x1_Castle_c:PersistentLevel.IceCastle_Battlement1_Corner4.StaticMeshComponent0'",
        "ObjectPath": "FortniteGame/Content/Athena/Maps/Buildings/1x1/Athena_ICE_1x1_Castle_c.51"
      }
    }
  },
  {
    "Type": "IceCastle_Battlement1_Corner_C",
    "Name": "IceCastle_Battlement1_Corner_2",
    "Outer": "PersistentLevel",
    "Class": "BlueprintGeneratedClass'FortniteGame/Content/Building/ActorBlueprints/IceCastle/Walls/IceCastle_Battlement1_Corner.IceCastle_Battlement1_Corner_C'",
    "Template": {
      "ObjectName": "IceCastle_Battlement1_Corner_C'Default__IceCastle_Battlement1_Corner_C'",
      "ObjectPath": "FortniteGame/Content/Building/ActorBlueprints/IceCastle/Walls/IceCastle_Battlement1_Corner.1"
    },
    "Properties": {
      "StaticMeshComponent": {
        "ObjectName": "StaticMeshComponent'Athena_ICE_1x1_Castle_c:PersistentLevel.IceCastle_Battlement1_Corner_2.StaticMeshComponent0'",
        "ObjectPath": "FortniteGame/Content/Athena/Maps/Buildings/1x1/Athena_ICE_1x1_Castle_c.52"
      },
      "MyGuid": "1A07F634-4ACB1F6E-6325BC83-F6CE2B3F",
      "DataVersion": 1,
      "CullDistance": 0.0,
      "RootComponent": {
        "ObjectName": "StaticMeshComponent'Athena_ICE_1x1_Castle_c:PersistentLevel.IceCastle_Battlement1_Corner_2.StaticMeshComponent0'",
        "ObjectPath": "FortniteGame/Content/Athena/Maps/Buildings/1x1/Athena_ICE_1x1_Castle_c.52"
      }
    }
  },
  {
    "Type": "IceCastle_Door1_C",
    "Name": "IceCastle_Door1_2",
    "Outer": "PersistentLevel",
    "Class": "BlueprintGeneratedClass'FortniteGame/Content/Building/ActorBlueprints/IceCastle/Walls/IceCastle_Door1.IceCastle_Door1_C'",
    "Template": {
      "ObjectName": "IceCastle_Door1_C'Default__IceCastle_Door1_C'",
      "ObjectPath": "FortniteGame/Content/Building/ActorBlueprints/IceCastle/Walls/IceCastle_Door1.1"
    },
    "Properties": {
      "StaticMeshComponent": {
        "ObjectName": "StaticMeshComponent'Athena_ICE_1x1_Castle_c:PersistentLevel.IceCastle_Door1_2.StaticMeshComponent0'",
        "ObjectPath": "FortniteGame/Content/Athena/Maps/Buildings/1x1/Athena_ICE_1x1_Castle_c.53"
      },
      "MyGuid": "5CD4E4CF-4738B6D9-93778CA2-94D3AC7B",
      "StaticGameplayTags": [
        "Building.Type.Door"
      ],
      "DataVersion": 1,
      "CullDistance": 0.0,
      "RootComponent": {
        "ObjectName": "StaticMeshComponent'Athena_ICE_1x1_Castle_c:PersistentLevel.IceCastle_Door1_2.StaticMeshComponent0'",
        "ObjectPath": "FortniteGame/Content/Athena/Maps/Buildings/1x1/Athena_ICE_1x1_Castle_c.53"
      }
    }
  },
  {
    "Type": "IceCastle_Floor1_C",
    "Name": "IceCastle_Floor1_2",
    "Outer": "PersistentLevel",
    "Class": "BlueprintGeneratedClass'FortniteGame/Content/Building/ActorBlueprints/IceCastle/Floor/IceCastle_Floor1.IceCastle_Floor1_C'",
    "Template": {
      "ObjectName": "IceCastle_Floor1_C'Default__IceCastle_Floor1_C'",
      "ObjectPath": "FortniteGame/Content/Building/ActorBlueprints/IceCastle/Floor/IceCastle_Floor1.1"
    },
    "Properties": {
      "StaticMeshComponent": {
        "ObjectName": "StaticMeshComponent'Athena_ICE_1x1_Castle_c:PersistentLevel.IceCastle_Floor1_2.StaticMeshComponent0'",
        "ObjectPath": "FortniteGame/Content/Athena/Maps/Buildings/1x1/Athena_ICE_1x1_Castle_c.54"
      },
      "MyGuid": "7E124032-4FA4B7DA-73F7F7A3-8CCA9557",
      "DataVersion": 1,
      "CullDistance": 0.0,
      "RootComponent": {
        "ObjectName": "StaticMeshComponent'Athena_ICE_1x1_Castle_c:PersistentLevel.IceCastle_Floor1_2.StaticMeshComponent0'",
        "ObjectPath": "FortniteGame/Content/Athena/Maps/Buildings/1x1/Athena_ICE_1x1_Castle_c.54"
      }
    }
  },
  {
    "Type": "IceCastle_Wall1_C",
    "Name": "BrickSimple_AAA_SolidWall499",
    "Outer": "PersistentLevel",
    "Class": "BlueprintGeneratedClass'FortniteGame/Content/Building/ActorBlueprints/IceCastle/Walls/IceCastle_Wall1.IceCastle_Wall1_C'",
    "Template": {
      "ObjectName": "IceCastle_Wall1_C'Default__IceCastle_Wall1_C'",
      "ObjectPath": "FortniteGame/Content/Building/ActorBlueprints/IceCastle/Walls/IceCastle_Wall1.1"
    },
    "Properties": {
      "StaticMeshComponent": {
        "ObjectName": "StaticMeshComponent'Athena_ICE_1x1_Castle_c:PersistentLevel.BrickSimple_AAA_SolidWall499.StaticMeshComponent0'",
        "ObjectPath": "FortniteGame/Content/Athena/Maps/Buildings/1x1/Athena_ICE_1x1_Castle_c.38"
      },
      "MyGuid": "753E5A28-416CCD32-D6F3209D-1F739C82",
      "DataVersion": 1,
      "CullDistance": 0.0,
      "RootComponent": {
        "ObjectName": "StaticMeshComponent'Athena_ICE_1x1_Castle_c:PersistentLevel.BrickSimple_AAA_SolidWall499.StaticMeshComponent0'",
        "ObjectPath": "FortniteGame/Content/Athena/Maps/Buildings/1x1/Athena_ICE_1x1_Castle_c.38"
      }
    }
  },
  {
    "Type": "IceCastle_Wall1_C",
    "Name": "BrickSimple_AAA_SolidWall501",
    "Outer": "PersistentLevel",
    "Class": "BlueprintGeneratedClass'FortniteGame/Content/Building/ActorBlueprints/IceCastle/Walls/IceCastle_Wall1.IceCastle_Wall1_C'",
    "Template": {
      "ObjectName": "IceCastle_Wall1_C'Default__IceCastle_Wall1_C'",
      "ObjectPath": "FortniteGame/Content/Building/ActorBlueprints/IceCastle/Walls/IceCastle_Wall1.1"
    },
    "Properties": {
      "StaticMeshComponent": {
        "ObjectName": "StaticMeshComponent'Athena_ICE_1x1_Castle_c:PersistentLevel.BrickSimple_AAA_SolidWall501.StaticMeshComponent0'",
        "ObjectPath": "FortniteGame/Content/Athena/Maps/Buildings/1x1/Athena_ICE_1x1_Castle_c.39"
      },
      "MyGuid": "A0B54891-476A014C-3F94948E-3FA3B9E3",
      "DataVersion": 1,
      "CullDistance": 0.0,
      "RootComponent": {
        "ObjectName": "StaticMeshComponent'Athena_ICE_1x1_Castle_c:PersistentLevel.BrickSimple_AAA_SolidWall501.StaticMeshComponent0'",
        "ObjectPath": "FortniteGame/Content/Athena/Maps/Buildings/1x1/Athena_ICE_1x1_Castle_c.39"
      }
    }
  },
  {
    "Type": "IceCastle_Wall1_C",
    "Name": "BrickSimple_AAA_SolidWall502",
    "Outer": "PersistentLevel",
    "Class": "BlueprintGeneratedClass'FortniteGame/Content/Building/ActorBlueprints/IceCastle/Walls/IceCastle_Wall1.IceCastle_Wall1_C'",
    "Template": {
      "ObjectName": "IceCastle_Wall1_C'Default__IceCastle_Wall1_C'",
      "ObjectPath": "FortniteGame/Content/Building/ActorBlueprints/IceCastle/Walls/IceCastle_Wall1.1"
    },
    "Properties": {
      "StaticMeshComponent": {
        "ObjectName": "StaticMeshComponent'Athena_ICE_1x1_Castle_c:PersistentLevel.BrickSimple_AAA_SolidWall502.StaticMeshComponent0'",
        "ObjectPath": "FortniteGame/Content/Athena/Maps/Buildings/1x1/Athena_ICE_1x1_Castle_c.40"
      },
      "MyGuid": "3DA4979A-4172CF4F-D0A228A3-003F6F40",
      "DataVersion": 1,
      "CullDistance": 0.0,
      "RootComponent": {
        "ObjectName": "StaticMeshComponent'Athena_ICE_1x1_Castle_c:PersistentLevel.BrickSimple_AAA_SolidWall502.StaticMeshComponent0'",
        "ObjectPath": "FortniteGame/Content/Athena/Maps/Buildings/1x1/Athena_ICE_1x1_Castle_c.40"
      }
    }
  },
  {
    "Type": "IceCastle_Wall1_C",
    "Name": "BrickSimple_AAA_SolidWall503",
    "Outer": "PersistentLevel",
    "Class": "BlueprintGeneratedClass'FortniteGame/Content/Building/ActorBlueprints/IceCastle/Walls/IceCastle_Wall1.IceCastle_Wall1_C'",
    "Template": {
      "ObjectName": "IceCastle_Wall1_C'Default__IceCastle_Wall1_C'",
      "ObjectPath": "FortniteGame/Content/Building/ActorBlueprints/IceCastle/Walls/IceCastle_Wall1.1"
    },
    "Properties": {
      "StaticMeshComponent": {
        "ObjectName": "StaticMeshComponent'Athena_ICE_1x1_Castle_c:PersistentLevel.BrickSimple_AAA_SolidWall503.StaticMeshComponent0'",
        "ObjectPath": "FortniteGame/Content/Athena/Maps/Buildings/1x1/Athena_ICE_1x1_Castle_c.41"
      },
      "MyGuid": "D7F6932D-488F8A89-A5D6A6AE-6F17CE7F",
      "DataVersion": 1,
      "CullDistance": 0.0,
      "RootComponent": {
        "ObjectName": "StaticMeshComponent'Athena_ICE_1x1_Castle_c:PersistentLevel.BrickSimple_AAA_SolidWall503.StaticMeshComponent0'",
        "ObjectPath": "FortniteGame/Content/Athena/Maps/Buildings/1x1/Athena_ICE_1x1_Castle_c.41"
      }
    }
  },
  {
    "Type": "IceCastle_Wall1_C",
    "Name": "BrickSimple_AAA_SolidWall504",
    "Outer": "PersistentLevel",
    "Class": "BlueprintGeneratedClass'FortniteGame/Content/Building/ActorBlueprints/IceCastle/Walls/IceCastle_Wall1.IceCastle_Wall1_C'",
    "Template": {
      "ObjectName": "IceCastle_Wall1_C'Default__IceCastle_Wall1_C'",
      "ObjectPath": "FortniteGame/Content/Building/ActorBlueprints/IceCastle/Walls/IceCastle_Wall1.1"
    },
    "Properties": {
      "StaticMeshComponent": {
        "ObjectName": "StaticMeshComponent'Athena_ICE_1x1_Castle_c:PersistentLevel.BrickSimple_AAA_SolidWall504.StaticMeshComponent0'",
        "ObjectPath": "FortniteGame/Content/Athena/Maps/Buildings/1x1/Athena_ICE_1x1_Castle_c.42"
      },
      "MyGuid": "A0AD3454-4DA57ABB-F86348A0-384CFB1B",
      "DataVersion": 1,
      "CullDistance": 0.0,
      "RootComponent": {
        "ObjectName": "StaticMeshComponent'Athena_ICE_1x1_Castle_c:PersistentLevel.BrickSimple_AAA_SolidWall504.StaticMeshComponent0'",
        "ObjectPath": "FortniteGame/Content/Athena/Maps/Buildings/1x1/Athena_ICE_1x1_Castle_c.42"
      }
    }
  },
  {
    "Type": "IceCastle_Wall1_C",
    "Name": "BrickSimple_AAA_SolidWall506",
    "Outer": "PersistentLevel",
    "Class": "BlueprintGeneratedClass'FortniteGame/Content/Building/ActorBlueprints/IceCastle/Walls/IceCastle_Wall1.IceCastle_Wall1_C'",
    "Template": {
      "ObjectName": "IceCastle_Wall1_C'Default__IceCastle_Wall1_C'",
      "ObjectPath": "FortniteGame/Content/Building/ActorBlueprints/IceCastle/Walls/IceCastle_Wall1.1"
    },
    "Properties": {
      "StaticMeshComponent": {
        "ObjectName": "StaticMeshComponent'Athena_ICE_1x1_Castle_c:PersistentLevel.BrickSimple_AAA_SolidWall506.StaticMeshComponent0'",
        "ObjectPath": "FortniteGame/Content/Athena/Maps/Buildings/1x1/Athena_ICE_1x1_Castle_c.43"
      },
      "MyGuid": "3870EA99-46939ABE-A0F0FE9E-B438124C",
      "DataVersion": 1,
      "CullDistance": 0.0,
      "RootComponent": {
        "ObjectName": "StaticMeshComponent'Athena_ICE_1x1_Castle_c:PersistentLevel.BrickSimple_AAA_SolidWall506.StaticMeshComponent0'",
        "ObjectPath": "FortniteGame/Content/Athena/Maps/Buildings/1x1/Athena_ICE_1x1_Castle_c.43"
      }
    }
  },
  {
    "Type": "IceCastle_Wall1_C",
    "Name": "BrickSimple_AAA_SolidWall530",
    "Outer": "PersistentLevel",
    "Class": "BlueprintGeneratedClass'FortniteGame/Content/Building/ActorBlueprints/IceCastle/Walls/IceCastle_Wall1.IceCastle_Wall1_C'",
    "Template": {
      "ObjectName": "IceCastle_Wall1_C'Default__IceCastle_Wall1_C'",
      "ObjectPath": "FortniteGame/Content/Building/ActorBlueprints/IceCastle/Walls/IceCastle_Wall1.1"
    },
    "Properties": {
      "StaticMeshComponent": {
        "ObjectName": "StaticMeshComponent'Athena_ICE_1x1_Castle_c:PersistentLevel.BrickSimple_AAA_SolidWall530.StaticMeshComponent0'",
        "ObjectPath": "FortniteGame/Content/Athena/Maps/Buildings/1x1/Athena_ICE_1x1_Castle_c.45"
      },
      "MyGuid": "B76469EB-47C29234-883CEB9F-EF32E2D5",
      "DataVersion": 1,
      "CullDistance": 0.0,
      "RootComponent": {
        "ObjectName": "StaticMeshComponent'Athena_ICE_1x1_Castle_c:PersistentLevel.BrickSimple_AAA_SolidWall530.StaticMeshComponent0'",
        "ObjectPath": "FortniteGame/Content/Athena/Maps/Buildings/1x1/Athena_ICE_1x1_Castle_c.45"
      }
    }
  },
  {
    "Type": "IceCastle_Wall3_C",
    "Name": "BrickSimple_AAA_SolidWall527_79",
    "Outer": "PersistentLevel",
    "Class": "BlueprintGeneratedClass'FortniteGame/Content/Building/ActorBlueprints/IceCastle/Walls/IceCastle_Wall3.IceCastle_Wall3_C'",
    "Template": {
      "ObjectName": "IceCastle_Wall3_C'Default__IceCastle_Wall3_C'",
      "ObjectPath": "FortniteGame/Content/Building/ActorBlueprints/IceCastle/Walls/IceCastle_Wall3.1"
    },
    "Properties": {
      "StaticMeshComponent": {
        "ObjectName": "StaticMeshComponent'Athena_ICE_1x1_Castle_c:PersistentLevel.BrickSimple_AAA_SolidWall527_79.StaticMeshComponent0'",
        "ObjectPath": "FortniteGame/Content/Athena/Maps/Buildings/1x1/Athena_ICE_1x1_Castle_c.44"
      },
      "MyGuid": "9EF61C9C-44E14CB8-2B870483-504A5430",
      "DataVersion": 1,
      "CullDistance": 0.0,
      "RootComponent": {
        "ObjectName": "StaticMeshComponent'Athena_ICE_1x1_Castle_c:PersistentLevel.BrickSimple_AAA_SolidWall527_79.StaticMeshComponent0'",
        "ObjectPath": "FortniteGame/Content/Athena/Maps/Buildings/1x1/Athena_ICE_1x1_Castle_c.44"
      }
    }
  },
  {
    "Type": "IceCastle_Window1_C",
    "Name": "BrickSimple_AAA_SolidWall531",
    "Outer": "PersistentLevel",
    "Class": "BlueprintGeneratedClass'FortniteGame/Content/Building/ActorBlueprints/IceCastle/Walls/IceCastle_Window1.IceCastle_Window1_C'",
    "Template": {
      "ObjectName": "IceCastle_Window1_C'Default__IceCastle_Window1_C'",
      "ObjectPath": "FortniteGame/Content/Building/ActorBlueprints/IceCastle/Walls/IceCastle_Window1.1"
    },
    "Properties": {
      "StaticMeshComponent": {
        "ObjectName": "StaticMeshComponent'Athena_ICE_1x1_Castle_c:PersistentLevel.BrickSimple_AAA_SolidWall531.StaticMeshComponent0'",
        "ObjectPath": "FortniteGame/Content/Athena/Maps/Buildings/1x1/Athena_ICE_1x1_Castle_c.46"
      },
      "MyGuid": "3B80C6A2-44852DFD-8A8651BD-766B0E7D",
      "DataVersion": 1,
      "CullDistance": 0.0,
      "RootComponent": {
        "ObjectName": "StaticMeshComponent'Athena_ICE_1x1_Castle_c:PersistentLevel.BrickSimple_AAA_SolidWall531.StaticMeshComponent0'",
        "ObjectPath": "FortniteGame/Content/Athena/Maps/Buildings/1x1/Athena_ICE_1x1_Castle_c.46"
      }
    }
  },
  {
    "Type": "IceCastle_Window1_C",
    "Name": "BrickSimple_AAA_SolidWall532",
    "Outer": "PersistentLevel",
    "Class": "BlueprintGeneratedClass'FortniteGame/Content/Building/ActorBlueprints/IceCastle/Walls/IceCastle_Window1.IceCastle_Window1_C'",
    "Template": {
      "ObjectName": "IceCastle_Window1_C'Default__IceCastle_Window1_C'",
      "ObjectPath": "FortniteGame/Content/Building/ActorBlueprints/IceCastle/Walls/IceCastle_Window1.1"
    },
    "Properties": {
      "StaticMeshComponent": {
        "ObjectName": "StaticMeshComponent'Athena_ICE_1x1_Castle_c:PersistentLevel.BrickSimple_AAA_SolidWall532.StaticMeshComponent0'",
        "ObjectPath": "FortniteGame/Content/Athena/Maps/Buildings/1x1/Athena_ICE_1x1_Castle_c.47"
      },
      "MyGuid": "C7034174-4681EA99-01C956B1-8B912F51",
      "DataVersion": 1,
      "CullDistance": 0.0,
      "RootComponent": {
        "ObjectName": "StaticMeshComponent'Athena_ICE_1x1_Castle_c:PersistentLevel.BrickSimple_AAA_SolidWall532.StaticMeshComponent0'",
        "ObjectPath": "FortniteGame/Content/Athena/Maps/Buildings/1x1/Athena_ICE_1x1_Castle_c.47"
      }
    }
  },
  {
    "Type": "IceCastle_Window1_C",
    "Name": "BrickSimple_AAA_SolidWall533",
    "Outer": "PersistentLevel",
    "Class": "BlueprintGeneratedClass'FortniteGame/Content/Building/ActorBlueprints/IceCastle/Walls/IceCastle_Window1.IceCastle_Window1_C'",
    "Template": {
      "ObjectName": "IceCastle_Window1_C'Default__IceCastle_Window1_C'",
      "ObjectPath": "FortniteGame/Content/Building/ActorBlueprints/IceCastle/Walls/IceCastle_Window1.1"
    },
    "Properties": {
      "StaticMeshComponent": {
        "ObjectName": "StaticMeshComponent'Athena_ICE_1x1_Castle_c:PersistentLevel.BrickSimple_AAA_SolidWall533.StaticMeshComponent0'",
        "ObjectPath": "FortniteGame/Content/Athena/Maps/Buildings/1x1/Athena_ICE_1x1_Castle_c.48"
      },
      "MyGuid": "A9860846-465C576B-A833AFB2-00E0ABA9",
      "DataVersion": 1,
      "CullDistance": 0.0,
      "RootComponent": {
        "ObjectName": "StaticMeshComponent'Athena_ICE_1x1_Castle_c:PersistentLevel.BrickSimple_AAA_SolidWall533.StaticMeshComponent0'",
        "ObjectPath": "FortniteGame/Content/Athena/Maps/Buildings/1x1/Athena_ICE_1x1_Castle_c.48"
      }
    }
  },
  {
    "Type": "Level",
    "Name": "PersistentLevel",
    "Outer": "Athena_ICE_1x1_Castle_c",
    "Class": "UScriptClass'Level'",
    "Properties": {
      "Model": {
        "ObjectName": "Model'Athena_ICE_1x1_Castle_c:PersistentLevel.Model_0'",
        "ObjectPath": "FortniteGame/Content/Athena/Maps/Buildings/1x1/Athena_ICE_1x1_Castle_c.31"
      },
      "LevelScriptActor": {
        "ObjectName": "Athena_ICE_1x1_Castle_c_C'Athena_ICE_1x1_Castle_c:PersistentLevel.Athena_ICE_1x1_Castle_c_C_0'",
        "ObjectPath": "FortniteGame/Content/Athena/Maps/Buildings/1x1/Athena_ICE_1x1_Castle_c.2"
      },
      "LevelBuildDataId": "F0261D6A-48FCF22D-A2F716BF-E75D0150",
      "WorldSettings": {
        "ObjectName": "FortWorldSettings'Athena_ICE_1x1_Castle_c:PersistentLevel.FortWorldSettings'",
        "ObjectPath": "FortniteGame/Content/Athena/Maps/Buildings/1x1/Athena_ICE_1x1_Castle_c.10"
      }
    },
    "Actors": [
      {
        "ObjectName": "FortWorldSettings'Athena_ICE_1x1_Castle_c:PersistentLevel.FortWorldSettings'",
        "ObjectPath": "FortniteGame/Content/Athena/Maps/Buildings/1x1/Athena_ICE_1x1_Castle_c.10"
      },
      null,
      {
        "ObjectName": "LevelBounds'Athena_ICE_1x1_Castle_c:PersistentLevel.LevelBounds_0'",
        "ObjectPath": "FortniteGame/Content/Athena/Maps/Buildings/1x1/Athena_ICE_1x1_Castle_c.29"
      },
      {
        "ObjectName": "LODActor'Athena_ICE_1x1_Castle_c:PersistentLevel.LODActor_1'",
        "ObjectPath": "FortniteGame/Content/Athena/Maps/Buildings/1x1/Athena_ICE_1x1_Castle_c.30"
      },
      {
        "ObjectName": "IceCastle_Wall1_C'Athena_ICE_1x1_Castle_c:PersistentLevel.BrickSimple_AAA_SolidWall499'",
        "ObjectPath": "FortniteGame/Content/Athena/Maps/Buildings/1x1/Athena_ICE_1x1_Castle_c.17"
      },
      {
        "ObjectName": "IceCastle_Wall1_C'Athena_ICE_1x1_Castle_c:PersistentLevel.BrickSimple_AAA_SolidWall501'",
        "ObjectPath": "FortniteGame/Content/Athena/Maps/Buildings/1x1/Athena_ICE_1x1_Castle_c.18"
      },
      {
        "ObjectName": "IceCastle_Wall3_C'Athena_ICE_1x1_Castle_c:PersistentLevel.BrickSimple_AAA_SolidWall527_79'",
        "ObjectPath": "FortniteGame/Content/Athena/Maps/Buildings/1x1/Athena_ICE_1x1_Castle_c.24"
      },
      {
        "ObjectName": "Tiered_Chest_Athena_C'Athena_ICE_1x1_Castle_c:PersistentLevel.Tiered_Chest_Athena_2'",
        "ObjectPath": "FortniteGame/Content/Athena/Maps/Buildings/1x1/Athena_ICE_1x1_Castle_c.64"
      },
      {
        "ObjectName": "Athena_Prop_Storage_Barrel_02_C'Athena_ICE_1x1_Castle_c:PersistentLevel.Athena_Prop_Storage_Barrel_9'",
        "ObjectPath": "FortniteGame/Content/Athena/Maps/Buildings/1x1/Athena_ICE_1x1_Castle_c.5"
      },
      {
        "ObjectName": "Athena_Prop_Storage_Barrel_02_C'Athena_ICE_1x1_Castle_c:PersistentLevel.Athena_Prop_Storage_Barrel_10'",
        "ObjectPath": "FortniteGame/Content/Athena/Maps/Buildings/1x1/Athena_ICE_1x1_Castle_c.3"
      },
      {
        "ObjectName": "Athena_Prop_Storage_Barrel_02_C'Athena_ICE_1x1_Castle_c:PersistentLevel.Athena_Prop_Storage_Barrel_11'",
        "ObjectPath": "FortniteGame/Content/Athena/Maps/Buildings/1x1/Athena_ICE_1x1_Castle_c.4"
      },
      {
        "ObjectName": "Tiered_Athena_FloorLoot_01_C'Athena_ICE_1x1_Castle_c:PersistentLevel.Tiered_Athena_FloorLoot_118'",
        "ObjectPath": "FortniteGame/Content/Athena/Maps/Buildings/1x1/Athena_ICE_1x1_Castle_c.62"
      },
      {
        "ObjectName": "WoodMines_Floor_C'Athena_ICE_1x1_Castle_c:PersistentLevel.WoodMines_Floor_2'",
        "ObjectPath": "FortniteGame/Content/Athena/Maps/Buildings/1x1/Athena_ICE_1x1_Castle_c.68"
      },
      {
        "ObjectName": "IceCastle_Wall1_C'Athena_ICE_1x1_Castle_c:PersistentLevel.BrickSimple_AAA_SolidWall503'",
        "ObjectPath": "FortniteGame/Content/Athena/Maps/Buildings/1x1/Athena_ICE_1x1_Castle_c.20"
      },
      {
        "ObjectName": "IceCastle_Floor1_C'Athena_ICE_1x1_Castle_c:PersistentLevel.IceCastle_Floor1_2'",
        "ObjectPath": "FortniteGame/Content/Athena/Maps/Buildings/1x1/Athena_ICE_1x1_Castle_c.16"
      },
      {
        "ObjectName": "IceCastle_Wall1_C'Athena_ICE_1x1_Castle_c:PersistentLevel.BrickSimple_AAA_SolidWall504'",
        "ObjectPath": "FortniteGame/Content/Athena/Maps/Buildings/1x1/Athena_ICE_1x1_Castle_c.21"
      },
      {
        "ObjectName": "IceCastle_Wall1_C'Athena_ICE_1x1_Castle_c:PersistentLevel.BrickSimple_AAA_SolidWall506'",
        "ObjectPath": "FortniteGame/Content/Athena/Maps/Buildings/1x1/Athena_ICE_1x1_Castle_c.22"
      },
      {
        "ObjectName": "IceCastle_Window1_C'Athena_ICE_1x1_Castle_c:PersistentLevel.BrickSimple_AAA_SolidWall531'",
        "ObjectPath": "FortniteGame/Content/Athena/Maps/Buildings/1x1/Athena_ICE_1x1_Castle_c.25"
      },
      {
        "ObjectName": "IceCastle_Window1_C'Athena_ICE_1x1_Castle_c:PersistentLevel.BrickSimple_AAA_SolidWall532'",
        "ObjectPath": "FortniteGame/Content/Athena/Maps/Buildings/1x1/Athena_ICE_1x1_Castle_c.26"
      },
      {
        "ObjectName": "IceCastle_Window1_C'Athena_ICE_1x1_Castle_c:PersistentLevel.BrickSimple_AAA_SolidWall533'",
        "ObjectPath": "FortniteGame/Content/Athena/Maps/Buildings/1x1/Athena_ICE_1x1_Castle_c.27"
      },
      {
        "ObjectName": "IceCastle_Wall1_C'Athena_ICE_1x1_Castle_c:PersistentLevel.BrickSimple_AAA_SolidWall502'",
        "ObjectPath": "FortniteGame/Content/Athena/Maps/Buildings/1x1/Athena_ICE_1x1_Castle_c.19"
      },
      {
        "ObjectName": "IceCastle_Door1_C'Athena_ICE_1x1_Castle_c:PersistentLevel.IceCastle_Door1_2'",
        "ObjectPath": "FortniteGame/Content/Athena/Maps/Buildings/1x1/Athena_ICE_1x1_Castle_c.15"
      },
      {
        "ObjectName": "WoodMines_BalconyI_C'Athena_ICE_1x1_Castle_c:PersistentLevel.WoodMines_Floor2'",
        "ObjectPath": "FortniteGame/Content/Athena/Maps/Buildings/1x1/Athena_ICE_1x1_Castle_c.67"
      },
      {
        "ObjectName": "Tiered_Athena_FloorLoot_01_C'Athena_ICE_1x1_Castle_c:PersistentLevel.Tiered_Athena_FloorLoot_119'",
        "ObjectPath": "FortniteGame/Content/Athena/Maps/Buildings/1x1/Athena_ICE_1x1_Castle_c.63"
      },
      {
        "ObjectName": "IceCastle_Wall1_C'Athena_ICE_1x1_Castle_c:PersistentLevel.BrickSimple_AAA_SolidWall530'",
        "ObjectPath": "FortniteGame/Content/Athena/Maps/Buildings/1x1/Athena_ICE_1x1_Castle_c.23"
      },
      {
        "ObjectName": "IceCastle_Battlement1_Corner_C'Athena_ICE_1x1_Castle_c:PersistentLevel.IceCastle_Battlement1_Corner2'",
        "ObjectPath": "FortniteGame/Content/Athena/Maps/Buildings/1x1/Athena_ICE_1x1_Castle_c.11"
      },
      {
        "ObjectName": "IceCastle_Battlement1_Corner_C'Athena_ICE_1x1_Castle_c:PersistentLevel.IceCastle_Battlement1_Corner3'",
        "ObjectPath": "FortniteGame/Content/Athena/Maps/Buildings/1x1/Athena_ICE_1x1_Castle_c.12"
      },
      {
        "ObjectName": "IceCastle_Battlement1_Corner_C'Athena_ICE_1x1_Castle_c:PersistentLevel.IceCastle_Battlement1_Corner4'",
        "ObjectPath": "FortniteGame/Content/Athena/Maps/Buildings/1x1/Athena_ICE_1x1_Castle_c.13"
      },
      {
        "ObjectName": "IceCastle_Battlement1_Corner_C'Athena_ICE_1x1_Castle_c:PersistentLevel.IceCastle_Battlement1_Corner_2'",
        "ObjectPath": "FortniteGame/Content/Athena/Maps/Buildings/1x1/Athena_ICE_1x1_Castle_c.14"
      },
      {
        "ObjectName": "Athena_ICE_1x1_Castle_c_C'Athena_ICE_1x1_Castle_c:PersistentLevel.Athena_ICE_1x1_Castle_c_C_0'",
        "ObjectPath": "FortniteGame/Content/Athena/Maps/Buildings/1x1/Athena_ICE_1x1_Castle_c.2"
      }
    ],
    "URL": {
      "Protocol": "unreal",
      "Host": "",
      "Port": 7777,
      "Valid": true,
      "Map": "/Game/Maps/Frontend",
      "Op": [],
      "Portal": ""
    },
    "Model": {
      "ObjectName": "Model'Athena_ICE_1x1_Castle_c:PersistentLevel.Model_0'",
      "ObjectPath": "FortniteGame/Content/Athena/Maps/Buildings/1x1/Athena_ICE_1x1_Castle_c.31"
    },
    "ModelComponents": [],
    "LevelScriptActor": {
      "ObjectName": "Athena_ICE_1x1_Castle_c_C'Athena_ICE_1x1_Castle_c:PersistentLevel.Athena_ICE_1x1_Castle_c_C_0'",
      "ObjectPath": "FortniteGame/Content/Athena/Maps/Buildings/1x1/Athena_ICE_1x1_Castle_c.2"
    },
    "NavListStart": null,
    "NavListEnd": null,
    "PrecomputedVisibilityHandler": {
      "PrecomputedVisibilityCellBucketOriginXY": {
        "X": 0.0,
        "Y": 0.0
      },
      "PrecomputedVisibilityCellSizeXY": 0.0,
      "PrecomputedVisibilityCellSizeZ": 0.0,
      "PrecomputedVisibilityCellBucketSizeXY": 0,
      "PrecomputedVisibilityNumCellBuckets": 0,
      "PrecomputedVisibilityCellBuckets": []
    },
    "PrecomputedVolumeDistanceField": {
      "VolumeMaxDistance": 0.0,
      "VolumeBox": {
        "Min": {
          "X": 0.0,
          "Y": 0.0,
          "Z": 0.0
        },
        "Max": {
          "X": 0.0,
          "Y": 0.0,
          "Z": 0.0
        },
        "IsValid": 0
      },
      "VolumeSizeX": 0,
      "VolumeSizeY": 0,
      "VolumeSizeZ": 0,
      "Data": []
    }
  },
  {
    "Type": "LevelBounds",
    "Name": "LevelBounds_0",
    "Outer": "PersistentLevel",
    "Class": "UScriptClass'LevelBounds'",
    "Properties": {
      "RootComponent": {
        "ObjectName": "BoxComponent'Athena_ICE_1x1_Castle_c:PersistentLevel.LevelBounds_0.BoxComponent0'",
        "ObjectPath": "FortniteGame/Content/Athena/Maps/Buildings/1x1/Athena_ICE_1x1_Castle_c.9"
      }
    }
  },
  {
    "Type": "LODActor",
    "Name": "LODActor_1",
    "Outer": "PersistentLevel",
    "Class": "UScriptClass'LODActor'",
    "Properties": {
      "StaticMeshComponent": {
        "ObjectName": "StaticMeshComponent'Athena_ICE_1x1_Castle_c:PersistentLevel.LODActor_1.StaticMeshComponent0'",
        "ObjectPath": "FortniteGame/Content/Athena/Maps/Buildings/1x1/Athena_ICE_1x1_Castle_c.55"
      },
      "Proxy": {
        "ObjectName": "HLODProxy'Athena_ICE_1x1_Castle_c_0_HLOD'",
        "ObjectPath": "FortniteGame/Content/Athena/Maps/Buildings/1x1/HLOD/Athena_ICE_1x1_Castle_c_0_HLOD.1"
      },
      "Key": "76927B120C6645ACB9200E7FB8896AC3_543C478F4CACE8946EF00B93EB129347_B6397B6E_1B864DD1_6CBAD999_ProxyLODMeshReduction",
      "LODDrawDistance": 28227.084,
      "LODLevel": 1,
      "SubActors": [
        {
          "ObjectName": "IceCastle_Wall1_C'Athena_ICE_1x1_Castle_c:PersistentLevel.BrickSimple_AAA_SolidWall499'",
          "ObjectPath": "FortniteGame/Content/Athena/Maps/Buildings/1x1/Athena_ICE_1x1_Castle_c.17"
        },
        {
          "ObjectName": "IceCastle_Wall1_C'Athena_ICE_1x1_Castle_c:PersistentLevel.BrickSimple_AAA_SolidWall501'",
          "ObjectPath": "FortniteGame/Content/Athena/Maps/Buildings/1x1/Athena_ICE_1x1_Castle_c.18"
        },
        {
          "ObjectName": "IceCastle_Wall3_C'Athena_ICE_1x1_Castle_c:PersistentLevel.BrickSimple_AAA_SolidWall527_79'",
          "ObjectPath": "FortniteGame/Content/Athena/Maps/Buildings/1x1/Athena_ICE_1x1_Castle_c.24"
        },
        {
          "ObjectName": "WoodMines_Floor_C'Athena_ICE_1x1_Castle_c:PersistentLevel.WoodMines_Floor_2'",
          "ObjectPath": "FortniteGame/Content/Athena/Maps/Buildings/1x1/Athena_ICE_1x1_Castle_c.68"
        },
        {
          "ObjectName": "IceCastle_Wall1_C'Athena_ICE_1x1_Castle_c:PersistentLevel.BrickSimple_AAA_SolidWall503'",
          "ObjectPath": "FortniteGame/Content/Athena/Maps/Buildings/1x1/Athena_ICE_1x1_Castle_c.20"
        },
        {
          "ObjectName": "IceCastle_Floor1_C'Athena_ICE_1x1_Castle_c:PersistentLevel.IceCastle_Floor1_2'",
          "ObjectPath": "FortniteGame/Content/Athena/Maps/Buildings/1x1/Athena_ICE_1x1_Castle_c.16"
        },
        {
          "ObjectName": "IceCastle_Wall1_C'Athena_ICE_1x1_Castle_c:PersistentLevel.BrickSimple_AAA_SolidWall504'",
          "ObjectPath": "FortniteGame/Content/Athena/Maps/Buildings/1x1/Athena_ICE_1x1_Castle_c.21"
        },
        {
          "ObjectName": "IceCastle_Wall1_C'Athena_ICE_1x1_Castle_c:PersistentLevel.BrickSimple_AAA_SolidWall506'",
          "ObjectPath": "FortniteGame/Content/Athena/Maps/Buildings/1x1/Athena_ICE_1x1_Castle_c.22"
        },
        {
          "ObjectName": "IceCastle_Window1_C'Athena_ICE_1x1_Castle_c:PersistentLevel.BrickSimple_AAA_SolidWall531'",
          "ObjectPath": "FortniteGame/Content/Athena/Maps/Buildings/1x1/Athena_ICE_1x1_Castle_c.25"
        },
        {
          "ObjectName": "IceCastle_Window1_C'Athena_ICE_1x1_Castle_c:PersistentLevel.BrickSimple_AAA_SolidWall532'",
          "ObjectPath": "FortniteGame/Content/Athena/Maps/Buildings/1x1/Athena_ICE_1x1_Castle_c.26"
        },
        {
          "ObjectName": "IceCastle_Window1_C'Athena_ICE_1x1_Castle_c:PersistentLevel.BrickSimple_AAA_SolidWall533'",
          "ObjectPath": "FortniteGame/Content/Athena/Maps/Buildings/1x1/Athena_ICE_1x1_Castle_c.27"
        },
        {
          "ObjectName": "IceCastle_Wall1_C'Athena_ICE_1x1_Castle_c:PersistentLevel.BrickSimple_AAA_SolidWall502'",
          "ObjectPath": "FortniteGame/Content/Athena/Maps/Buildings/1x1/Athena_ICE_1x1_Castle_c.19"
        },
        {
          "ObjectName": "IceCastle_Door1_C'Athena_ICE_1x1_Castle_c:PersistentLevel.IceCastle_Door1_2'",
          "ObjectPath": "FortniteGame/Content/Athena/Maps/Buildings/1x1/Athena_ICE_1x1_Castle_c.15"
        },
        {
          "ObjectName": "WoodMines_BalconyI_C'Athena_ICE_1x1_Castle_c:PersistentLevel.WoodMines_Floor2'",
          "ObjectPath": "FortniteGame/Content/Athena/Maps/Buildings/1x1/Athena_ICE_1x1_Castle_c.67"
        },
        {
          "ObjectName": "IceCastle_Wall1_C'Athena_ICE_1x1_Castle_c:PersistentLevel.BrickSimple_AAA_SolidWall530'",
          "ObjectPath": "FortniteGame/Content/Athena/Maps/Buildings/1x1/Athena_ICE_1x1_Castle_c.23"
        },
        {
          "ObjectName": "IceCastle_Battlement1_Corner_C'Athena_ICE_1x1_Castle_c:PersistentLevel.IceCastle_Battlement1_Corner2'",
          "ObjectPath": "FortniteGame/Content/Athena/Maps/Buildings/1x1/Athena_ICE_1x1_Castle_c.11"
        },
        {
          "ObjectName": "IceCastle_Battlement1_Corner_C'Athena_ICE_1x1_Castle_c:PersistentLevel.IceCastle_Battlement1_Corner3'",
          "ObjectPath": "FortniteGame/Content/Athena/Maps/Buildings/1x1/Athena_ICE_1x1_Castle_c.12"
        },
        {
          "ObjectName": "IceCastle_Battlement1_Corner_C'Athena_ICE_1x1_Castle_c:PersistentLevel.IceCastle_Battlement1_Corner4'",
          "ObjectPath": "FortniteGame/Content/Athena/Maps/Buildings/1x1/Athena_ICE_1x1_Castle_c.13"
        },
        {
          "ObjectName": "IceCastle_Battlement1_Corner_C'Athena_ICE_1x1_Castle_c:PersistentLevel.IceCastle_Battlement1_Corner_2'",
          "ObjectPath": "FortniteGame/Content/Athena/Maps/Buildings/1x1/Athena_ICE_1x1_Castle_c.14"
        }
      ],
      "RootComponent": {
        "ObjectName": "StaticMeshComponent'Athena_ICE_1x1_Castle_c:PersistentLevel.LODActor_1.StaticMeshComponent0'",
        "ObjectPath": "FortniteGame/Content/Athena/Maps/Buildings/1x1/Athena_ICE_1x1_Castle_c.55"
      }
    }
  },
  {
    "Type": "Model",
    "Name": "Model_0",
    "Outer": "PersistentLevel",
    "Class": "UScriptClass'Model'",
    "Bounds": {
      "Origin": {
        "X": 0.0,
        "Y": 0.0,
        "Z": 0.0
      },
      "BoxExtent": {
        "X": 0.0,
        "Y": 0.0,
        "Z": 0.0
      },
      "SphereRadius": 0.0
    },
    "Vectors": [],
    "Points": [],
    "Nodes": [],
    "Surfs": [],
    "NumSharedSides": 4,
    "VertexBuffer": {
      "Vertices": []
    },
    "LightingGuid": "71C2AB0D-4A255146-FC0AC8BB-28735C2C",
    "LightmassSettings": []
  },
  {
    "Type": "NavigationSystemModuleConfig",
    "Name": "NavigationSystemModuleConfig_0",
    "Outer": "FortWorldSettings",
    "Class": "UScriptClass'NavigationSystemModuleConfig'",
    "Properties": {
      "bAutoSpawnMissingNavData": true,
      "NavigationSystemClass": {
        "AssetPathName": "/Script/FortniteGame.FortNavSystem",
        "SubPathString": ""
      }
    }
  },
  {
    "Type": "ParticleSystemComponent",
    "Name": "P_Loot_Chest_Aura_Athena",
    "Outer": "Tiered_Chest_Athena_2",
    "Class": "UScriptClass'ParticleSystemComponent'",
    "Template": {
      "ObjectName": "ParticleSystemComponent'Tiered_Chest_Athena_C:P_Loot_Chest_Aura_Athena_GEN_VARIABLE'",
      "ObjectPath": "FortniteGame/Content/Building/ActorBlueprints/Containers/Tiered_Chest_Athena.155"
    },
    "Properties": {
      "CachedMaxDrawDistance": 8915.371,
      "AttachParent": {
        "ObjectName": "StaticMeshComponent'Athena_ICE_1x1_Castle_c:PersistentLevel.Tiered_Chest_Athena_2.S_Chest_SmokeSheet'",
        "ObjectPath": "FortniteGame/Content/Athena/Maps/Buildings/1x1/Athena_ICE_1x1_Castle_c.58"
      },
      "bNetAddressable": true,
      "CreationMethod": "EComponentCreationMethod::SimpleConstructionScript"
    }
  },
  {
    "Type": "PointLightComponent",
    "Name": "TrasureLight",
    "Outer": "Tiered_Chest_Athena_2",
    "Class": "UScriptClass'PointLightComponent'",
    "Template": {
      "ObjectName": "PointLightComponent'Tiered_Chest_Athena_C:TrasureLight_GEN_VARIABLE'",
      "ObjectPath": "FortniteGame/Content/Building/ActorBlueprints/Containers/Tiered_Chest_Athena.156"
    },
    "Properties": {
      "MaxDrawDistance": 8915.371,
      "MaxDistanceFadeRange": 2048.0,
      "LightGuid": "4A947937-4A19AE1F-4EBC2893-CA6A6343",
      "VolumetricScatteringIntensity": 1.0,
      "AttachParent": {
        "ObjectName": "StaticMeshComponent'Athena_ICE_1x1_Castle_c:PersistentLevel.Tiered_Chest_Athena_2.StaticMeshComponent0'",
        "ObjectPath": "FortniteGame/Content/Athena/Maps/Buildings/1x1/Athena_ICE_1x1_Castle_c.59"
      },
      "bVisible": false,
      "bNetAddressable": true,
      "CreationMethod": "EComponentCreationMethod::SimpleConstructionScript"
    }
  },
  {
    "Type": "StaticMeshComponent",
    "Name": "StaticMeshComponent0",
    "Outer": "Athena_Prop_Storage_Barrel_10",
    "Class": "UScriptClass'StaticMeshComponent'",
    "Template": {
      "ObjectName": "StaticMeshComponent'Default__Athena_Prop_Storage_Barrel_02_C:StaticMeshComponent0'",
      "ObjectPath": "FortniteGame/Content/Athena/BuildingActors/Props/Building/ActorBlueprints/Containers/Athena_Prop_Storage_Barrel_02.5"
    },
    "Properties": {
      "OverrideMaterials": [
        null
      ],
      "CachedMaxDrawDistance": 2800.0,
      "RelativeLocation": {
        "X": -192.0,
        "Y": 100.0,
        "Z": 396.0
      },
      "RelativeRotation": {
        "Pitch": 0.0,
        "Yaw": 63.29221,
        "Roll": 0.0
      }
    }
  },
  {
    "Type": "StaticMeshComponent",
    "Name": "StaticMeshComponent0",
    "Outer": "Athena_Prop_Storage_Barrel_11",
    "Class": "UScriptClass'StaticMeshComponent'",
    "Template": {
      "ObjectName": "StaticMeshComponent'Default__Athena_Prop_Storage_Barrel_02_C:StaticMeshComponent0'",
      "ObjectPath": "FortniteGame/Content/Athena/BuildingActors/Props/Building/ActorBlueprints/Containers/Athena_Prop_Storage_Barrel_02.5"
    },
    "Properties": {
      "OverrideMaterials": [
        null
      ],
      "CachedMaxDrawDistance": 2800.0,
      "RelativeLocation": {
        "X": -128.0,
        "Y": -184.0,
        "Z": 392.0
      },
      "RelativeRotation": {
        "Pitch": 0.0,
        "Yaw": 63.29221,
        "Roll": 0.0
      }
    }
  },
  {
    "Type": "StaticMeshComponent",
    "Name": "StaticMeshComponent0",
    "Outer": "Athena_Prop_Storage_Barrel_9",
    "Class": "UScriptClass'StaticMeshComponent'",
    "Template": {
      "ObjectName": "StaticMeshComponent'Default__Athena_Prop_Storage_Barrel_02_C:StaticMeshComponent0'",
      "ObjectPath": "FortniteGame/Content/Athena/BuildingActors/Props/Building/ActorBlueprints/Containers/Athena_Prop_Storage_Barrel_02.5"
    },
    "Properties": {
      "OverrideMaterials": [
        null
      ],
      "CachedMaxDrawDistance": 2800.0,
      "RelativeLocation": {
        "X": -128.0,
        "Y": 176.0,
        "Z": 396.0
      },
      "RelativeRotation": {
        "Pitch": 0.0,
        "Yaw": -26.707829,
        "Roll": 0.0
      }
    }
  },
  {
    "Type": "StaticMeshComponent",
    "Name": "StaticMeshComponent0",
    "Outer": "BrickSimple_AAA_SolidWall499",
    "Class": "UScriptClass'StaticMeshComponent'",
    "Template": {
      "ObjectName": "StaticMeshComponent'Default__IceCastle_Wall1_C:StaticMeshComponent0'",
      "ObjectPath": "FortniteGame/Content/Building/ActorBlueprints/IceCastle/Walls/IceCastle_Wall1.5"
    },
    "Properties": {
      "OverrideMaterials": [
        null
      ],
      "LODParentPrimitive": {
        "ObjectName": "StaticMeshComponent'Athena_ICE_1x1_Castle_c:PersistentLevel.LODActor_1.StaticMeshComponent0'",
        "ObjectPath": "FortniteGame/Content/Athena/Maps/Buildings/1x1/Athena_ICE_1x1_Castle_c.55"
      },
      "RelativeLocation": {
        "X": 0.0,
        "Y": -256.0,
        "Z": -384.0
      },
      "RelativeRotation": {
        "Pitch": 0.0,
        "Yaw": -179.99998,
        "Roll": 0.0
      }
    }
  },
  {
    "Type": "StaticMeshComponent",
    "Name": "StaticMeshComponent0",
    "Outer": "BrickSimple_AAA_SolidWall501",
    "Class": "UScriptClass'StaticMeshComponent'",
    "Template": {
      "ObjectName": "StaticMeshComponent'Default__IceCastle_Wall1_C:StaticMeshComponent0'",
      "ObjectPath": "FortniteGame/Content/Building/ActorBlueprints/IceCastle/Walls/IceCastle_Wall1.5"
    },
    "Properties": {
      "OverrideMaterials": [
        null
      ],
      "LODParentPrimitive": {
        "ObjectName": "StaticMeshComponent'Athena_ICE_1x1_Castle_c:PersistentLevel.LODActor_1.StaticMeshComponent0'",
        "ObjectPath": "FortniteGame/Content/Athena/Maps/Buildings/1x1/Athena_ICE_1x1_Castle_c.55"
      },
      "RelativeLocation": {
        "X": 256.0,
        "Y": 0.0,
        "Z": 0.0
      },
      "RelativeRotation": {
        "Pitch": 0.0,
        "Yaw": 89.99999,
        "Roll": 0.0
      }
    }
  },
  {
    "Type": "StaticMeshComponent",
    "Name": "StaticMeshComponent0",
    "Outer": "BrickSimple_AAA_SolidWall502",
    "Class": "UScriptClass'StaticMeshComponent'",
    "Template": {
      "ObjectName": "StaticMeshComponent'Default__IceCastle_Wall1_C:StaticMeshComponent0'",
      "ObjectPath": "FortniteGame/Content/Building/ActorBlueprints/IceCastle/Walls/IceCastle_Wall1.5"
    },
    "Properties": {
      "OverrideMaterials": [
        null
      ],
      "LODParentPrimitive": {
        "ObjectName": "StaticMeshComponent'Athena_ICE_1x1_Castle_c:PersistentLevel.LODActor_1.StaticMeshComponent0'",
        "ObjectPath": "FortniteGame/Content/Athena/Maps/Buildings/1x1/Athena_ICE_1x1_Castle_c.55"
      },
      "RelativeLocation": {
        "X": 0.0,
        "Y": 256.0,
        "Z": -384.0
      },
      "RelativeRotation": {
        "Pitch": 0.0,
        "Yaw": -179.99998,
        "Roll": 0.0
      }
    }
  },
  {
    "Type": "StaticMeshComponent",
    "Name": "StaticMeshComponent0",
    "Outer": "BrickSimple_AAA_SolidWall503",
    "Class": "UScriptClass'StaticMeshComponent'",
    "Template": {
      "ObjectName": "StaticMeshComponent'Default__IceCastle_Wall1_C:StaticMeshComponent0'",
      "ObjectPath": "FortniteGame/Content/Building/ActorBlueprints/IceCastle/Walls/IceCastle_Wall1.5"
    },
    "Properties": {
      "OverrideMaterials": [
        null
      ],
      "LODParentPrimitive": {
        "ObjectName": "StaticMeshComponent'Athena_ICE_1x1_Castle_c:PersistentLevel.LODActor_1.StaticMeshComponent0'",
        "ObjectPath": "FortniteGame/Content/Athena/Maps/Buildings/1x1/Athena_ICE_1x1_Castle_c.55"
      },
      "RelativeLocation": {
        "X": -256.0,
        "Y": 0.0,
        "Z": 0.0
      },
      "RelativeRotation": {
        "Pitch": 0.0,
        "Yaw": 89.99999,
        "Roll": 0.0
      }
    }
  },
  {
    "Type": "StaticMeshComponent",
    "Name": "StaticMeshComponent0",
    "Outer": "BrickSimple_AAA_SolidWall504",
    "Class": "UScriptClass'StaticMeshComponent'",
    "Template": {
      "ObjectName": "StaticMeshComponent'Default__IceCastle_Wall1_C:StaticMeshComponent0'",
      "ObjectPath": "FortniteGame/Content/Building/ActorBlueprints/IceCastle/Walls/IceCastle_Wall1.5"
    },
    "Properties": {
      "OverrideMaterials": [
        null
      ],
      "LODParentPrimitive": {
        "ObjectName": "StaticMeshComponent'Athena_ICE_1x1_Castle_c:PersistentLevel.LODActor_1.StaticMeshComponent0'",
        "ObjectPath": "FortniteGame/Content/Athena/Maps/Buildings/1x1/Athena_ICE_1x1_Castle_c.55"
      },
      "RelativeLocation": {
        "X": -256.0,
        "Y": 0.0,
        "Z": -384.0
      },
      "RelativeRotation": {
        "Pitch": 0.0,
        "Yaw": 89.99999,
        "Roll": 0.0
      }
    }
  },
  {
    "Type": "StaticMeshComponent",
    "Name": "StaticMeshComponent0",
    "Outer": "BrickSimple_AAA_SolidWall506",
    "Class": "UScriptClass'StaticMeshComponent'",
    "Template": {
      "ObjectName": "StaticMeshComponent'Default__IceCastle_Wall1_C:StaticMeshComponent0'",
      "ObjectPath": "FortniteGame/Content/Building/ActorBlueprints/IceCastle/Walls/IceCastle_Wall1.5"
    },
    "Properties": {
      "OverrideMaterials": [
        null
      ],
      "LODParentPrimitive": {
        "ObjectName": "StaticMeshComponent'Athena_ICE_1x1_Castle_c:PersistentLevel.LODActor_1.StaticMeshComponent0'",
        "ObjectPath": "FortniteGame/Content/Athena/Maps/Buildings/1x1/Athena_ICE_1x1_Castle_c.55"
      },
      "RelativeLocation": {
        "X": 256.0,
        "Y": 0.0,
        "Z": -384.0
      },
      "RelativeRotation": {
        "Pitch": 0.0,
        "Yaw": -90.00001,
        "Roll": 0.0
      }
    }
  },
  {
    "Type": "StaticMeshComponent",
    "Name": "StaticMeshComponent0",
    "Outer": "BrickSimple_AAA_SolidWall527_79",
    "Class": "UScriptClass'StaticMeshComponent'",
    "Template": {
      "ObjectName": "StaticMeshComponent'Default__IceCastle_Wall3_C:StaticMeshComponent0'",
      "ObjectPath": "FortniteGame/Content/Building/ActorBlueprints/IceCastle/Walls/IceCastle_Wall3.5"
    },
    "Properties": {
      "OverrideMaterials": [
        null
      ],
      "LODParentPrimitive": {
        "ObjectName": "StaticMeshComponent'Athena_ICE_1x1_Castle_c:PersistentLevel.LODActor_1.StaticMeshComponent0'",
        "ObjectPath": "FortniteGame/Content/Athena/Maps/Buildings/1x1/Athena_ICE_1x1_Castle_c.55"
      },
      "RelativeLocation": {
        "X": 0.0,
        "Y": 256.0,
        "Z": 0.0
      }
    }
  },
  {
    "Type": "StaticMeshComponent",
    "Name": "StaticMeshComponent0",
    "Outer": "BrickSimple_AAA_SolidWall530",
    "Class": "UScriptClass'StaticMeshComponent'",
    "Template": {
      "ObjectName": "StaticMeshComponent'Default__IceCastle_Wall1_C:StaticMeshComponent0'",
      "ObjectPath": "FortniteGame/Content/Building/ActorBlueprints/IceCastle/Walls/IceCastle_Wall1.5"
    },
    "Properties": {
      "OverrideMaterials": [
        null
      ],
      "LODParentPrimitive": {
        "ObjectName": "StaticMeshComponent'Athena_ICE_1x1_Castle_c:PersistentLevel.LODActor_1.StaticMeshComponent0'",
        "ObjectPath": "FortniteGame/Content/Athena/Maps/Buildings/1x1/Athena_ICE_1x1_Castle_c.55"
      },
      "RelativeLocation": {
        "X": 0.0,
        "Y": -256.0,
        "Z": 384.0
      },
      "RelativeRotation": {
        "Pitch": 0.0,
        "Yaw": -179.99997,
        "Roll": 0.0
      }
    }
  },
  {
    "Type": "StaticMeshComponent",
    "Name": "StaticMeshComponent0",
    "Outer": "BrickSimple_AAA_SolidWall531",
    "Class": "UScriptClass'StaticMeshComponent'",
    "Template": {
      "ObjectName": "StaticMeshComponent'Default__IceCastle_Window1_C:StaticMeshComponent0'",
      "ObjectPath": "FortniteGame/Content/Building/ActorBlueprints/IceCastle/Walls/IceCastle_Window1.5"
    },
    "Properties": {
      "OverrideMaterials": [
        null
      ],
      "LODParentPrimitive": {
        "ObjectName": "StaticMeshComponent'Athena_ICE_1x1_Castle_c:PersistentLevel.LODActor_1.StaticMeshComponent0'",
        "ObjectPath": "FortniteGame/Content/Athena/Maps/Buildings/1x1/Athena_ICE_1x1_Castle_c.55"
      },
      "RelativeLocation": {
        "X": 0.0,
        "Y": 256.0,
        "Z": 384.0
      }
    }
  },
  {
    "Type": "StaticMeshComponent",
    "Name": "StaticMeshComponent0",
    "Outer": "BrickSimple_AAA_SolidWall532",
    "Class": "UScriptClass'StaticMeshComponent'",
    "Template": {
      "ObjectName": "StaticMeshComponent'Default__IceCastle_Window1_C:StaticMeshComponent0'",
      "ObjectPath": "FortniteGame/Content/Building/ActorBlueprints/IceCastle/Walls/IceCastle_Window1.5"
    },
    "Properties": {
      "OverrideMaterials": [
        null
      ],
      "LODParentPrimitive": {
        "ObjectName": "StaticMeshComponent'Athena_ICE_1x1_Castle_c:PersistentLevel.LODActor_1.StaticMeshComponent0'",
        "ObjectPath": "FortniteGame/Content/Athena/Maps/Buildings/1x1/Athena_ICE_1x1_Castle_c.55"
      },
      "RelativeLocation": {
        "X": 256.0,
        "Y": 0.0,
        "Z": 384.0
      },
      "RelativeRotation": {
        "Pitch": 0.0,
        "Yaw": -90.00001,
        "Roll": 0.0
      }
    }
  },
  {
    "Type": "StaticMeshComponent",
    "Name": "StaticMeshComponent0",
    "Outer": "BrickSimple_AAA_SolidWall533",
    "Class": "UScriptClass'StaticMeshComponent'",
    "Template": {
      "ObjectName": "StaticMeshComponent'Default__IceCastle_Window1_C:StaticMeshComponent0'",
      "ObjectPath": "FortniteGame/Content/Building/ActorBlueprints/IceCastle/Walls/IceCastle_Window1.5"
    },
    "Properties": {
      "OverrideMaterials": [
        null
      ],
      "LODParentPrimitive": {
        "ObjectName": "StaticMeshComponent'Athena_ICE_1x1_Castle_c:PersistentLevel.LODActor_1.StaticMeshComponent0'",
        "ObjectPath": "FortniteGame/Content/Athena/Maps/Buildings/1x1/Athena_ICE_1x1_Castle_c.55"
      },
      "RelativeLocation": {
        "X": -256.0,
        "Y": 0.0,
        "Z": 384.0
      },
      "RelativeRotation": {
        "Pitch": 0.0,
        "Yaw": 89.99999,
        "Roll": 0.0
      }
    }
  },
  {
    "Type": "StaticMeshComponent",
    "Name": "StaticMeshComponent0",
    "Outer": "IceCastle_Battlement1_Corner2",
    "Class": "UScriptClass'StaticMeshComponent'",
    "Template": {
      "ObjectName": "StaticMeshComponent'Default__IceCastle_Battlement1_Corner_C:StaticMeshComponent0'",
      "ObjectPath": "FortniteGame/Content/Building/ActorBlueprints/IceCastle/Walls/IceCastle_Battlement1_Corner.5"
    },
    "Properties": {
      "OverrideMaterials": [
        null
      ],
      "LODParentPrimitive": {
        "ObjectName": "StaticMeshComponent'Athena_ICE_1x1_Castle_c:PersistentLevel.LODActor_1.StaticMeshComponent0'",
        "ObjectPath": "FortniteGame/Content/Athena/Maps/Buildings/1x1/Athena_ICE_1x1_Castle_c.55"
      },
      "RelativeLocation": {
        "X": -256.0,
        "Y": 0.0,
        "Z": 768.0
      },
      "RelativeRotation": {
        "Pitch": 0.0,
        "Yaw": 89.99999,
        "Roll": 0.0
      }
    }
  },
  {
    "Type": "StaticMeshComponent",
    "Name": "StaticMeshComponent0",
    "Outer": "IceCastle_Battlement1_Corner3",
    "Class": "UScriptClass'StaticMeshComponent'",
    "Template": {
      "ObjectName": "StaticMeshComponent'Default__IceCastle_Battlement1_Corner_C:StaticMeshComponent0'",
      "ObjectPath": "FortniteGame/Content/Building/ActorBlueprints/IceCastle/Walls/IceCastle_Battlement1_Corner.5"
    },
    "Properties": {
      "OverrideMaterials": [
        null
      ],
      "LODParentPrimitive": {
        "ObjectName": "StaticMeshComponent'Athena_ICE_1x1_Castle_c:PersistentLevel.LODActor_1.StaticMeshComponent0'",
        "ObjectPath": "FortniteGame/Content/Athena/Maps/Buildings/1x1/Athena_ICE_1x1_Castle_c.55"
      },
      "RelativeLocation": {
        "X": 0.0,
        "Y": 256.0,
        "Z": 768.0
      }
    }
  },
  {
    "Type": "StaticMeshComponent",
    "Name": "StaticMeshComponent0",
    "Outer": "IceCastle_Battlement1_Corner4",
    "Class": "UScriptClass'StaticMeshComponent'",
    "Template": {
      "ObjectName": "StaticMeshComponent'Default__IceCastle_Battlement1_Corner_C:StaticMeshComponent0'",
      "ObjectPath": "FortniteGame/Content/Building/ActorBlueprints/IceCastle/Walls/IceCastle_Battlement1_Corner.5"
    },
    "Properties": {
      "OverrideMaterials": [
        null
      ],
      "LODParentPrimitive": {
        "ObjectName": "StaticMeshComponent'Athena_ICE_1x1_Castle_c:PersistentLevel.LODActor_1.StaticMeshComponent0'",
        "ObjectPath": "FortniteGame/Content/Athena/Maps/Buildings/1x1/Athena_ICE_1x1_Castle_c.55"
      },
      "RelativeLocation": {
        "X": 256.0,
        "Y": 0.0,
        "Z": 768.0
      },
      "RelativeRotation": {
        "Pitch": 0.0,
        "Yaw": -90.00001,
        "Roll": 0.0
      }
    }
  },
  {
    "Type": "StaticMeshComponent",
    "Name": "StaticMeshComponent0",
    "Outer": "IceCastle_Battlement1_Corner_2",
    "Class": "UScriptClass'StaticMeshComponent'",
    "Template": {
      "ObjectName": "StaticMeshComponent'Default__IceCastle_Battlement1_Corner_C:StaticMeshComponent0'",
      "ObjectPath": "FortniteGame/Content/Building/ActorBlueprints/IceCastle/Walls/IceCastle_Battlement1_Corner.5"
    },
    "Properties": {
      "OverrideMaterials": [
        null
      ],
      "LODParentPrimitive": {
        "ObjectName": "StaticMeshComponent'Athena_ICE_1x1_Castle_c:PersistentLevel.LODActor_1.StaticMeshComponent0'",
        "ObjectPath": "FortniteGame/Content/Athena/Maps/Buildings/1x1/Athena_ICE_1x1_Castle_c.55"
      },
      "RelativeLocation": {
        "X": 0.0,
        "Y": -256.0,
        "Z": 768.0
      },
      "RelativeRotation": {
        "Pitch": 0.0,
        "Yaw": -179.99998,
        "Roll": 0.0
      }
    }
  },
  {
    "Type": "StaticMeshComponent",
    "Name": "StaticMeshComponent0",
    "Outer": "IceCastle_Door1_2",
    "Class": "UScriptClass'StaticMeshComponent'",
    "Template": {
      "ObjectName": "StaticMeshComponent'Default__IceCastle_Door1_C:StaticMeshComponent0'",
      "ObjectPath": "FortniteGame/Content/Building/ActorBlueprints/IceCastle/Walls/IceCastle_Door1.5"
    },
    "Properties": {
      "OverrideMaterials": [
        null
      ],
      "LODParentPrimitive": {
        "ObjectName": "StaticMeshComponent'Athena_ICE_1x1_Castle_c:PersistentLevel.LODActor_1.StaticMeshComponent0'",
        "ObjectPath": "FortniteGame/Content/Athena/Maps/Buildings/1x1/Athena_ICE_1x1_Castle_c.55"
      },
      "RelativeLocation": {
        "X": 0.0,
        "Y": -256.0,
        "Z": 0.0
      },
      "RelativeRotation": {
        "Pitch": 0.0,
        "Yaw": -179.99995,
        "Roll": 0.0
      }
    }
  },
  {
    "Type": "StaticMeshComponent",
    "Name": "StaticMeshComponent0",
    "Outer": "IceCastle_Floor1_2",
    "Class": "UScriptClass'StaticMeshComponent'",
    "Template": {
      "ObjectName": "StaticMeshComponent'Default__IceCastle_Floor1_C:StaticMeshComponent0'",
      "ObjectPath": "FortniteGame/Content/Building/ActorBlueprints/IceCastle/Floor/IceCastle_Floor1.5"
    },
    "Properties": {
      "OverrideMaterials": [
        null
      ],
      "LODParentPrimitive": {
        "ObjectName": "StaticMeshComponent'Athena_ICE_1x1_Castle_c:PersistentLevel.LODActor_1.StaticMeshComponent0'",
        "ObjectPath": "FortniteGame/Content/Athena/Maps/Buildings/1x1/Athena_ICE_1x1_Castle_c.55"
      },
      "RelativeLocation": {
        "X": 0.0,
        "Y": -256.0,
        "Z": 768.0
      }
    },
    "LODData": [
      {
        "MapBuildDataId": "6A64E81F4F38F7262AD980B0BB4A88BA",
        "OverrideVertexColors": {
          "Data": [
            "FFFF0000",
            "FFFF0000",
            "FFFF0000",
            "FFFF0000",
            "FFFF0000",
            "FFFF0000",
            "FFFF0000",
            "FFFF0000",
            "FFFF0000",
            "FFFF0000",
            "FFFF0000",
            "FFFF0000",
            "FFFF0000",
            "FFFF0000",
            "FFFF0000",
            "FFFF0000",
            "FFFF0000",
            "FFFF0000",
            "FFFF0000",
            "FFFF0000",
            "FFFF0000",
            "FFFF0000",
            "FFFF0000",
            "FFFF0000",
            "FFFF0000",
            "FFFF0000",
            "FFFF0000",
            "FFFF0000",
            "FFFF0000",
            "FFFF0000",
            "FFFF0000",
            "FFFF0000",
            "FFFF0000",
            "FFFF0000",
            "FFFF0000",
            "FFFF0000",
            "FFFF0000",
            "FFFF0000",
            "FFFF0000",
            "FFFF0000",
            "FFFF0000",
            "FFFF0000",
            "FFFF0000",
            "FFFF0000",
            "FFFF0000",
            "FFFF0000",
            "FFFF0000",
            "FFFF0000",
            "FFFF0000",
            "FFFF0000",
            "FFFF0000",
            "FFFF0000",
            "FFFF0000",
            "FFFF0000",
            "FFFF0000",
            "FFFF0000",
            "FFFF0000",
            "FFFF0000",
            "FFFF0000",
            "FFFF0000",
            "FFFF0000",
            "FFFF0000",
            "FFFF0000",
            "FFFF0000",
            "FFFF0000",
            "FFFF0000",
            "FFFF0000",
            "FFFF0000",
            "FFFF0000",
            "FFFF0000",
            "FFFF0000",
            "FFFF0000",
            "FFFF0000",
            "FFFF0000",
            "FFFF0000",
            "FFFF0000",
            "FFFF0000",
            "FFFF0000",
            "FFFF0000",
            "FFFF0000",
            "FFFF0000",
            "FFFF0000",
            "FFFF0000",
            "FFFF0000",
            "FFFF0000",
            "FFFF0000",
            "FFFF0000",
            "FFFF0000",
            "FFFF0000",
            "FFFF0000",
            "FFFF0000",
            "FFFF0000",
            "FFFF0000",
            "FFFF0000",
            "FFFF0000",
            "FFFF0000",
            "FFFF0000",
            "FFFF0000",
            "FFFF0000",
            "FFFF0000",
            "FFFF0000",
            "FFFF0000",
            "FFFF0000",
            "FFFF0000",
            "FFFF0000",
            "FFFF0000",
            "FFFF0000",
            "FFFF0000",
            "FFFF0000",
            "FFFF0000",
            "FFFF0000",
            "FFFF0000",
            "FFFF0000",
            "FFFF0000",
            "FFFF0000",
            "FFFF0000",
            "FFFF0000",
            "FFFF0000",
            "FFFF0000",
            "FFFF0000",
            "FFFF0000",
            "FFFF0000",
            "FFFF0000",
            "FFFF0000",
            "FFFF0000",
            "FFFF0000",
            "FFFF0000",
            "FFFF0000",
            "FFFF0000",
            "FFFF0000",
            "FFFF0000",
            "FFFF0000",
            "FFFF0000",
            "FFFF0000",
            "FFFF0000",
            "FFFF0000",
            "FFFF0000",
            "FFFF0000",
            "FFFF0000",
            "FFFF0000",
            "FFFF0000",
            "FFFF0000",
            "FFFF0000",
            "FFFF0000",
            "FFFF0000",
            "FFFF0000",
            "FFFF0000",
            "FFFF0000",
            "FFFF0000",
            "FFFF0000",
            "FFFF0000",
            "FFFF0000",
            "FFFF0000",
            "FFFF0000",
            "FFFF0000",
            "FFFF0000",
            "FFFF0000",
            "FFFF0000",
            "FFFF0000",
            "FFFF0000",
            "FFFF0000",
            "FFFF0000",
            "FFFF0000",
            "FFFF0000",
            "FFFF0000",
            "FFFF0000",
            "FFFF0000",
            "FFFF0000",
            "FFFF0000",
            "FFFF0000",
            "FFFF0000",
            "FFFF0000",
            "FFFF0000",
            "FFFF0000",
            "FFFF0000",
            "FFFF0000",
            "FFFF0000",
            "FFFF0000",
            "FFFF0000",
            "FFFF0000",
            "FFFF0000",
            "FFFF0000",
            "FFFF0000",
            "FFFF0000",
            "FFFF0000",
            "FFFF0000",
            "FFFF0000",
            "FFFF0000",
            "FFFF0000",
            "FFFF0000",
            "FFFF0000",
            "FFFF0000",
            "FFFF0000",
            "FFFF0000",
            "FFFF0000",
            "FFFF0000",
            "FFFF0000",
            "FFFF0000",
            "FFFF0000",
            "FFFF0000",
            "FFFF0000",
            "FFFF0000",
            "FFFF0000",
            "FFFF0000",
            "FFFF0000",
            "FFFF0000",
            "FFFF0000",
            "FFFF0000",
            "FFFF0000",
            "FFFF0000",
            "FFFF0000",
            "FFFF0000",
            "FFFF0000",
            "FFFF0000",
            "FFFF0000",
            "FFFF0000",
            "FFFF0000",
            "FFFF0000",
            "FFFF0000",
            "FFFF0000",
            "FFFF0000",
            "FFFF0000",
            "FFFF0000",
            "FFFF0000",
            "FFFF0000",
            "FFFF0000",
            "FF000000",
            "FF000000",
            "FF0F0000",
            "FF000000",
            "FF000000",
            "FFFF0000",
            "FF000000",
            "FF000000",
            "FF000000",
            "FF000000",
            "FF000000",
            "FF1B0000",
            "FF000000",
            "FF000000",
            "FF000000",
            "FF000000",
            "FF000000",
            "FF000000",
            "FF890000",
            "FF000000",
            "FF000000",
            "FF890000",
            "FF000000",
            "FF040000",
            "FF000000",
            "FF060000",
            "FF470000",
            "FF000000",
            "FF000000",
            "FF040000",
            "FFFF0000",
            "FF000000",
            "FF000000",
            "FF000000",
            "FF000000",
            "FFFF0000",
            "FFFF0000",
            "FFFF0000",
            "FFFF0000",
            "FFFF0000",
            "FFFF0000",
            "FFFF0000",
            "FFFF0000",
            "FFFF0000"
          ],
          "Stride": 4,
          "NumVertices": 270
        }
      },
      {
        "MapBuildDataId": "0C381E09968DB6904383B7E9421F3277",
        "OverrideVertexColors": {
          "Data": [
            "FFFF0000",
            "FFFF0000",
            "FFFF0000",
            "FFFF0000",
            "FFFF0000",
            "FFFF0000",
            "FFFF0000",
            "FFFF0000",
            "FFFF0000",
            "FFFF0000",
            "FFFF0000",
            "FFFF0000",
            "FFFF0000",
            "FFFF0000",
            "FFFF0000",
            "FFFF0000",
            "FFFF0000",
            "FFFF0000",
            "FFFF0000",
            "FFFF0000",
            "FFFF0000",
            "FFFF0000",
            "FFFF0000",
            "FFFF0000",
            "FFFF0000",
            "FFFF0000",
            "FFFF0000",
            "FFFF0000",
            "FFFF0000",
            "FFFF0000",
            "FFFF0000",
            "FFFF0000",
            "FFFF0000",
            "FFFF0000",
            "FFFF0000",
            "FFFF0000",
            "FFFF0000",
            "FFFF0000",
            "FFFF0000",
            "FFFF0000",
            "FFFF0000",
            "FFFF0000",
            "FFFF0000",
            "FFFF0000",
            "FFFF0000",
            "FFFF0000",
            "FFFF0000",
            "FFFF0000",
            "FFFF0000",
            "FFFF0000",
            "FFFF0000",
            "FFFF0000",
            "FFFF0000",
            "FFFF0000",
            "FFFF0000",
            "FFFF0000",
            "FFFF0000",
            "FFFF0000",
            "FFFF0000",
            "FFFF0000",
            "FFFF0000",
            "FFFF0000",
            "FFFF0000",
            "FFFF0000",
            "FFFF0000",
            "FFFF0000",
            "FFFF0000",
            "FFFF0000",
            "FFFF0000",
            "FFFF0000",
            "FFFF0000",
            "FFFF0000",
            "FFFF0000",
            "FFFF0000",
            "FFFF0000",
            "FFFF0000",
            "FFFF0000",
            "FFFF0000",
            "FFFF0000",
            "FFFF0000",
            "FFFF0000",
            "FFFF0000",
            "FFFF0000",
            "FFFF0000",
            "FFFF0000",
            "FFFF0000",
            "FFFF0000",
            "FFFF0000",
            "FFFF0000",
            "FFFF0000",
            "FFFF0000",
            "FFFF0000",
            "FFFF0000",
            "FFFF0000",
            "FFFF0000",
            "FFFF0000",
            "FFFF0000",
            "FFFF0000",
            "FFFF0000",
            "FFFF0000",
            "FFFF0000",
            "FFFF0000",
            "FFFF0000",
            "FFFF0000",
            "FFFF0000",
            "FFFF0000",
            "FFFF0000",
            "FFFF0000",
            "FFFF0000",
            "FFFF0000",
            "FFFF0000",
            "FFFF0000",
            "FF1B0000",
            "FF000000",
            "FF000000",
            "FF0F0000",
            "FF000000",
            "FF000000",
            "FF000000",
            "FF000000",
            "FFFF0000",
            "FFFF0000",
            "FFFF0000",
            "FFFF0000",
            "FFFF0000",
            "FFFF0000",
            "FFFF0000",
            "FFFF0000",
            "FFFF0000",
            "FFFF0000",
            "FFFF0000",
            "FFFF0000",
            "FFFF0000",
            "FFFF0000",
            "FFFF0000",
            "FFFF0000",
            "FFFF0000",
            "FFFF0000",
            "FFFF0000",
            "FFFF0000",
            "FFFF0000",
            "FFFF0000",
            "FFFF0000",
            "FFFF0000",
            "FFFF0000",
            "FFFF0000",
            "FFFF0000",
            "FFFF0000",
            "FFFF0000",
            "FFFF0000",
            "FFFF0000",
            "FFFF0000",
            "FFFF0000",
            "FFFF0000",
            "FFFF0000",
            "FFFF0000",
            "FFFF0000",
            "FFFF0000",
            "FFFF0000",
            "FFFF0000",
            "FFFF0000",
            "FFFF0000",
            "FFFF0000",
            "FFFF0000",
            "FFFF0000",
            "FFFF0000",
            "FFFF0000",
            "FFFF0000",
            "FFFF0000",
            "FFFF0000",
            "FFFF0000",
            "FFFF0000",
            "FFFF0000",
            "FFFF0000",
            "FFFF0000",
            "FFFF0000",
            "FFFF0000",
            "FFFF0000",
            "FFFF0000",
            "FFFF0000",
            "FFFF0000",
            "FFFF0000"
          ],
          "Stride": 4,
          "NumVertices": 182
        }
      },
      {
        "MapBuildDataId": "BFFB213A586042D6EB70C4C9CC4B6E9C",
        "OverrideVertexColors": {
          "Data": [
            "FFFF0000",
            "FFFF0000",
            "FFFF0000",
            "FFFF0000",
            "FFFF0000",
            "FFFF0000",
            "FFFF0000",
            "FFFF0000",
            "FFFF0000",
            "FFFF0000",
            "FFFF0000",
            "FFFF0000",
            "FFFF0000",
            "FFFF0000",
            "FFFF0000",
            "FFFF0000",
            "FF000000",
            "FF1B0000",
            "FF0F0000",
            "FF000000",
            "FFFF0000",
            "FFFF0000",
            "FFFF0000",
            "FFFF0000"
          ],
          "Stride": 4,
          "NumVertices": 24
        }
      },
      {
        "MapBuildDataId": "5A1180148BB9B64961A0151C6826E1DD"
      }
    ]
  },
  {
    "Type": "StaticMeshComponent",
    "Name": "StaticMeshComponent0",
    "Outer": "LODActor_1",
    "Class": "UScriptClass'StaticMeshComponent'",
    "Properties": {
      "StaticMesh": {
        "ObjectName": "StaticMesh'SM_Athena_ICE_1x1_Castle_c_0_BrickSimple_AAA_SolidWall499'",
        "ObjectPath": "FortniteGame/Content/Athena/Maps/Buildings/1x1/HLOD/Athena_ICE_1x1_Castle_c_0_HLOD.3"
      },
      "MinDrawDistance": 35000.0,
      "CastShadow": true,
      "bCastStaticShadow": true
    }
  },
  {
    "Type": "StaticMeshComponent",
    "Name": "StaticMeshComponent0",
    "Outer": "Tiered_Athena_FloorLoot_118",
    "Class": "UScriptClass'StaticMeshComponent'",
    "Template": {
      "ObjectName": "StaticMeshComponent'Default__Tiered_Athena_FloorLoot_01_C:StaticMeshComponent0'",
      "ObjectPath": "FortniteGame/Content/Athena/Environments/Blueprints/Tiered_Athena_FloorLoot_01.5"
    },
    "Properties": {
      "OverrideMaterials": [
        null
      ],
      "CachedMaxDrawDistance": 10643.375,
      "RelativeLocation": {
        "X": 8.0,
        "Y": 0.0,
        "Z": 8.020088
      }
    }
  },
  {
    "Type": "StaticMeshComponent",
    "Name": "StaticMeshComponent0",
    "Outer": "Tiered_Athena_FloorLoot_119",
    "Class": "UScriptClass'StaticMeshComponent'",
    "Template": {
      "ObjectName": "StaticMeshComponent'Default__Tiered_Athena_FloorLoot_01_C:StaticMeshComponent0'",
      "ObjectPath": "FortniteGame/Content/Athena/Environments/Blueprints/Tiered_Athena_FloorLoot_01.5"
    },
    "Properties": {
      "OverrideMaterials": [
        null
      ],
      "CachedMaxDrawDistance": 10643.375,
      "RelativeLocation": {
        "X": 8.0,
        "Y": 0.0,
        "Z": 776.0602
      }
    }
  },
  {
    "Type": "StaticMeshComponent",
    "Name": "S_Chest_SmokeSheet",
    "Outer": "Tiered_Chest_Athena_2",
    "Class": "UScriptClass'StaticMeshComponent'",
    "Template": {
      "ObjectName": "StaticMeshComponent'Tiered_Chest_Athena_C:S_Chest_SmokeSheet_GEN_VARIABLE'",
      "ObjectPath": "FortniteGame/Content/Building/ActorBlueprints/Containers/Tiered_Chest_Athena.166"
    },
    "Properties": {
      "CachedMaxDrawDistance": 8915.371,
      "AttachParent": {
        "ObjectName": "StaticMeshComponent'Athena_ICE_1x1_Castle_c:PersistentLevel.Tiered_Chest_Athena_2.StaticMeshComponent0'",
        "ObjectPath": "FortniteGame/Content/Athena/Maps/Buildings/1x1/Athena_ICE_1x1_Castle_c.59"
      },
      "bNetAddressable": true,
      "CreationMethod": "EComponentCreationMethod::SimpleConstructionScript"
    }
  },
  {
    "Type": "StaticMeshComponent",
    "Name": "StaticMeshComponent0",
    "Outer": "Tiered_Chest_Athena_2",
    "Class": "UScriptClass'StaticMeshComponent'",
    "Template": {
      "ObjectName": "StaticMeshComponent'Default__Tiered_Chest_Athena_C:StaticMeshComponent0'",
      "ObjectPath": "FortniteGame/Content/Building/ActorBlueprints/Containers/Tiered_Chest_Athena.164"
    },
    "Properties": {
      "OverrideMaterials": [
        null
      ],
      "LDMaxDrawDistance": 0.0,
      "CachedMaxDrawDistance": 8915.371,
      "RelativeLocation": {
        "X": 0.0,
        "Y": 156.0,
        "Z": 396.03143
      },
      "RelativeRotation": {
        "Pitch": 0.0,
        "Yaw": -179.9999,
        "Roll": 0.0
      }
    }
  },
  {
    "Type": "StaticMeshComponent",
    "Name": "StaticMeshComponent0",
    "Outer": "WoodMines_Floor2",
    "Class": "UScriptClass'StaticMeshComponent'",
    "Template": {
      "ObjectName": "StaticMeshComponent'Default__WoodMines_BalconyI_C:StaticMeshComponent0'",
      "ObjectPath": "FortniteGame/Content/Building/ActorBlueprints/Floor/WoodMines_BalconyI.7"
    },
    "Properties": {
      "OverrideMaterials": [
        null
      ],
      "LODParentPrimitive": {
        "ObjectName": "StaticMeshComponent'Athena_ICE_1x1_Castle_c:PersistentLevel.LODActor_1.StaticMeshComponent0'",
        "ObjectPath": "FortniteGame/Content/Athena/Maps/Buildings/1x1/Athena_ICE_1x1_Castle_c.55"
      },
      "RelativeLocation": {
        "X": 0.0,
        "Y": -256.0,
        "Z": 384.0
      }
    }
  },
  {
    "Type": "StaticMeshComponent",
    "Name": "StaticMeshComponent0",
    "Outer": "WoodMines_Floor_2",
    "Class": "UScriptClass'StaticMeshComponent'",
    "Template": {
      "ObjectName": "StaticMeshComponent'Default__WoodMines_Floor_C:StaticMeshComponent0'",
      "ObjectPath": "FortniteGame/Content/Building/ActorBlueprints/Floor/WoodMines_Floor.12"
    },
    "Properties": {
      "OverrideMaterials": [
        null
      ],
      "LODParentPrimitive": {
        "ObjectName": "StaticMeshComponent'Athena_ICE_1x1_Castle_c:PersistentLevel.LODActor_1.StaticMeshComponent0'",
        "ObjectPath": "FortniteGame/Content/Athena/Maps/Buildings/1x1/Athena_ICE_1x1_Castle_c.55"
      },
      "RelativeLocation": {
        "X": 0.0,
        "Y": -256.0,
        "Z": 0.0
      }
    }
  },
  {
    "Type": "Tiered_Athena_FloorLoot_01_C",
    "Name": "Tiered_Athena_FloorLoot_118",
    "Outer": "PersistentLevel",
    "Class": "BlueprintGeneratedClass'FortniteGame/Content/Athena/Environments/Blueprints/Tiered_Athena_FloorLoot_01.Tiered_Athena_FloorLoot_01_C'",
    "Template": {
      "ObjectName": "Tiered_Athena_FloorLoot_01_C'Default__Tiered_Athena_FloorLoot_01_C'",
      "ObjectPath": "FortniteGame/Content/Athena/Environments/Blueprints/Tiered_Athena_FloorLoot_01.1"
    },
    "Properties": {
      "StaticMeshComponent": {
        "ObjectName": "StaticMeshComponent'Athena_ICE_1x1_Castle_c:PersistentLevel.Tiered_Athena_FloorLoot_118.StaticMeshComponent0'",
        "ObjectPath": "FortniteGame/Content/Athena/Maps/Buildings/1x1/Athena_ICE_1x1_Castle_c.56"
      },
      "MyGuid": "EF3067B7-45BE6D93-7DD42D96-CF5F99E7",
      "DataVersion": 1,
      "CullDistance": 10643.375,
      "RootComponent": {
        "ObjectName": "StaticMeshComponent'Athena_ICE_1x1_Castle_c:PersistentLevel.Tiered_Athena_FloorLoot_118.StaticMeshComponent0'",
        "ObjectPath": "FortniteGame/Content/Athena/Maps/Buildings/1x1/Athena_ICE_1x1_Castle_c.56"
      }
    }
  },
  {
    "Type": "Tiered_Athena_FloorLoot_01_C",
    "Name": "Tiered_Athena_FloorLoot_119",
    "Outer": "PersistentLevel",
    "Class": "BlueprintGeneratedClass'FortniteGame/Content/Athena/Environments/Blueprints/Tiered_Athena_FloorLoot_01.Tiered_Athena_FloorLoot_01_C'",
    "Template": {
      "ObjectName": "Tiered_Athena_FloorLoot_01_C'Default__Tiered_Athena_FloorLoot_01_C'",
      "ObjectPath": "FortniteGame/Content/Athena/Environments/Blueprints/Tiered_Athena_FloorLoot_01.1"
    },
    "Properties": {
      "StaticMeshComponent": {
        "ObjectName": "StaticMeshComponent'Athena_ICE_1x1_Castle_c:PersistentLevel.Tiered_Athena_FloorLoot_119.StaticMeshComponent0'",
        "ObjectPath": "FortniteGame/Content/Athena/Maps/Buildings/1x1/Athena_ICE_1x1_Castle_c.57"
      },
      "MyGuid": "E467CF67-4C446230-035903A1-B02EFD53",
      "DataVersion": 1,
      "CullDistance": 10643.375,
      "RootComponent": {
        "ObjectName": "StaticMeshComponent'Athena_ICE_1x1_Castle_c:PersistentLevel.Tiered_Athena_FloorLoot_119.StaticMeshComponent0'",
        "ObjectPath": "FortniteGame/Content/Athena/Maps/Buildings/1x1/Athena_ICE_1x1_Castle_c.57"
      }
    }
  },
  {
    "Type": "Tiered_Chest_Athena_C",
    "Name": "Tiered_Chest_Athena_2",
    "Outer": "PersistentLevel",
    "Class": "BlueprintGeneratedClass'FortniteGame/Content/Building/ActorBlueprints/Containers/Tiered_Chest_Athena.Tiered_Chest_Athena_C'",
    "Template": {
      "ObjectName": "Tiered_Chest_Athena_C'Default__Tiered_Chest_Athena_C'",
      "ObjectPath": "FortniteGame/Content/Building/ActorBlueprints/Containers/Tiered_Chest_Athena.2"
    },
    "Properties": {
      "P_Loot_Chest_Aura_Athena": {
        "ObjectName": "ParticleSystemComponent'Athena_ICE_1x1_Castle_c:PersistentLevel.Tiered_Chest_Athena_2.P_Loot_Chest_Aura_Athena'",
        "ObjectPath": "FortniteGame/Content/Athena/Maps/Buildings/1x1/Athena_ICE_1x1_Castle_c.33"
      },
      "S_Chest_SmokeSheet": {
        "ObjectName": "StaticMeshComponent'Athena_ICE_1x1_Castle_c:PersistentLevel.Tiered_Chest_Athena_2.S_Chest_SmokeSheet'",
        "ObjectPath": "FortniteGame/Content/Athena/Maps/Buildings/1x1/Athena_ICE_1x1_Castle_c.58"
      },
      "TrasureLight": {
        "ObjectName": "PointLightComponent'Athena_ICE_1x1_Castle_c:PersistentLevel.Tiered_Chest_Athena_2.TrasureLight'",
        "ObjectPath": "FortniteGame/Content/Athena/Maps/Buildings/1x1/Athena_ICE_1x1_Castle_c.34"
      },
      "Chest_Ambient_Sound": {
        "ObjectName": "AudioComponent'Athena_ICE_1x1_Castle_c:PersistentLevel.Tiered_Chest_Athena_2.Chest_Ambient_Sound'",
        "ObjectPath": "FortniteGame/Content/Athena/Maps/Buildings/1x1/Athena_ICE_1x1_Castle_c.6"
      },
      "MobileSelectedTL": {
        "ObjectName": "TimelineComponent'Athena_ICE_1x1_Castle_c:PersistentLevel.Tiered_Chest_Athena_2.MobileSelectedTL'",
        "ObjectPath": "FortniteGame/Content/Athena/Maps/Buildings/1x1/Athena_ICE_1x1_Castle_c.66"
      },
      "MobileOnInteractTL": {
        "ObjectName": "TimelineComponent'Athena_ICE_1x1_Castle_c:PersistentLevel.Tiered_Chest_Athena_2.MobileOnInteractTL'",
        "ObjectPath": "FortniteGame/Content/Athena/Maps/Buildings/1x1/Athena_ICE_1x1_Castle_c.65"
      },
      "TimeOfDayControlledLights": [
        {
          "ObjectName": "PointLightComponent'Athena_ICE_1x1_Castle_c:PersistentLevel.Tiered_Chest_Athena_2.TrasureLight'",
          "ObjectPath": "FortniteGame/Content/Athena/Maps/Buildings/1x1/Athena_ICE_1x1_Castle_c.34"
        }
      ],
      "StaticMeshComponent": {
        "ObjectName": "StaticMeshComponent'Athena_ICE_1x1_Castle_c:PersistentLevel.Tiered_Chest_Athena_2.StaticMeshComponent0'",
        "ObjectPath": "FortniteGame/Content/Athena/Maps/Buildings/1x1/Athena_ICE_1x1_Castle_c.59"
      },
      "MyGuid": "2261FA1C-4484DDB7-1805C993-5112BFF4",
      "DataVersion": 1,
      "CullDistance": 8915.371,
      "RootComponent": {
        "ObjectName": "StaticMeshComponent'Athena_ICE_1x1_Castle_c:PersistentLevel.Tiered_Chest_Athena_2.StaticMeshComponent0'",
        "ObjectPath": "FortniteGame/Content/Athena/Maps/Buildings/1x1/Athena_ICE_1x1_Castle_c.59"
      },
      "BlueprintCreatedComponents": [
        {
          "ObjectName": "AudioComponent'Athena_ICE_1x1_Castle_c:PersistentLevel.Tiered_Chest_Athena_2.Chest_Ambient_Sound'",
          "ObjectPath": "FortniteGame/Content/Athena/Maps/Buildings/1x1/Athena_ICE_1x1_Castle_c.6"
        },
        {
          "ObjectName": "PointLightComponent'Athena_ICE_1x1_Castle_c:PersistentLevel.Tiered_Chest_Athena_2.TrasureLight'",
          "ObjectPath": "FortniteGame/Content/Athena/Maps/Buildings/1x1/Athena_ICE_1x1_Castle_c.34"
        },
        {
          "ObjectName": "StaticMeshComponent'Athena_ICE_1x1_Castle_c:PersistentLevel.Tiered_Chest_Athena_2.S_Chest_SmokeSheet'",
          "ObjectPath": "FortniteGame/Content/Athena/Maps/Buildings/1x1/Athena_ICE_1x1_Castle_c.58"
        },
        {
          "ObjectName": "ParticleSystemComponent'Athena_ICE_1x1_Castle_c:PersistentLevel.Tiered_Chest_Athena_2.P_Loot_Chest_Aura_Athena'",
          "ObjectPath": "FortniteGame/Content/Athena/Maps/Buildings/1x1/Athena_ICE_1x1_Castle_c.33"
        },
        {
          "ObjectName": "TimelineComponent'Athena_ICE_1x1_Castle_c:PersistentLevel.Tiered_Chest_Athena_2.MobileOnInteractTL'",
          "ObjectPath": "FortniteGame/Content/Athena/Maps/Buildings/1x1/Athena_ICE_1x1_Castle_c.65"
        },
        {
          "ObjectName": "TimelineComponent'Athena_ICE_1x1_Castle_c:PersistentLevel.Tiered_Chest_Athena_2.MobileSelectedTL'",
          "ObjectPath": "FortniteGame/Content/Athena/Maps/Buildings/1x1/Athena_ICE_1x1_Castle_c.66"
        }
      ]
    }
  },
  {
    "Type": "TimelineComponent",
    "Name": "MobileOnInteractTL",
    "Outer": "Tiered_Chest_Athena_2",
    "Class": "UScriptClass'TimelineComponent'",
    "Properties": {
      "TheTimeline": {
        "LengthMode": "TL_TimelineLength",
        "Length": 0.25,
        "InterpFloats": [
          {
            "FloatCurve": {
              "ObjectName": "CurveFloat'Tiered_Chest_Athena_C:CurveFloat_0'",
              "ObjectPath": "FortniteGame/Content/Building/ActorBlueprints/Containers/Tiered_Chest_Athena.85"
            },
            "InterpFunc": {
              "Num": 0,
              "Name": "None"
            },
            "TrackName": "LERP",
            "FloatPropertyName": "MobileOnInteractTL_LERP_9BD788A146DACD005BAF94BEBEDAB584"
          }
        ],
        "TimelinePostUpdateFunc": {
          "Num": 65,
          "Name": "MobileOnInteractTL__UpdateFunc"
        },
        "TimelineFinishedFunc": {
          "Num": 65,
          "Name": "MobileOnInteractTL__FinishedFunc"
        },
        "PropertySetObject": {
          "ObjectName": "Tiered_Chest_Athena_C'Athena_ICE_1x1_Castle_c:PersistentLevel.Tiered_Chest_Athena_2'",
          "ObjectPath": "FortniteGame/Content/Athena/Maps/Buildings/1x1/Athena_ICE_1x1_Castle_c.64"
        },
        "DirectionPropertyName": "MobileOnInteractTL__Direction_9BD788A146DACD005BAF94BEBEDAB584"
      },
      "bNetAddressable": true,
      "CreationMethod": "EComponentCreationMethod::UserConstructionScript"
    }
  },
  {
    "Type": "TimelineComponent",
    "Name": "MobileSelectedTL",
    "Outer": "Tiered_Chest_Athena_2",
    "Class": "UScriptClass'TimelineComponent'",
    "Properties": {
      "TheTimeline": {
        "LengthMode": "TL_TimelineLength",
        "Length": 0.21,
        "InterpFloats": [
          {
            "FloatCurve": {
              "ObjectName": "CurveFloat'Tiered_Chest_Athena_C:CurveFloat_0_1'",
              "ObjectPath": "FortniteGame/Content/Building/ActorBlueprints/Containers/Tiered_Chest_Athena.86"
            },
            "InterpFunc": {
              "Num": 0,
              "Name": "None"
            },
            "TrackName": "LerpObject",
            "FloatPropertyName": "MobileSelectedTL_LerpObject_EEB30EBE433E8977EDA63DB381EAF0C8"
          },
          {
            "FloatCurve": {
              "ObjectName": "CurveFloat'Tiered_Chest_Athena_C:CurveFloat_1'",
              "ObjectPath": "FortniteGame/Content/Building/ActorBlueprints/Containers/Tiered_Chest_Athena.87"
            },
            "InterpFunc": {
              "Num": 0,
              "Name": "None"
            },
            "TrackName": "LerpInteactoIcon",
            "FloatPropertyName": "MobileSelectedTL_LerpInteactoIcon_EEB30EBE433E8977EDA63DB381EAF0C8"
          }
        ],
        "TimelinePostUpdateFunc": {
          "Num": 65,
          "Name": "MobileSelectedTL__UpdateFunc"
        },
        "TimelineFinishedFunc": {
          "Num": 65,
          "Name": "MobileSelectedTL__FinishedFunc"
        },
        "PropertySetObject": {
          "ObjectName": "Tiered_Chest_Athena_C'Athena_ICE_1x1_Castle_c:PersistentLevel.Tiered_Chest_Athena_2'",
          "ObjectPath": "FortniteGame/Content/Athena/Maps/Buildings/1x1/Athena_ICE_1x1_Castle_c.64"
        },
        "DirectionPropertyName": "MobileSelectedTL__Direction_EEB30EBE433E8977EDA63DB381EAF0C8"
      },
      "bNetAddressable": true,
      "CreationMethod": "EComponentCreationMethod::UserConstructionScript"
    }
  },
  {
    "Type": "WoodMines_BalconyI_C",
    "Name": "WoodMines_Floor2",
    "Outer": "PersistentLevel",
    "Class": "BlueprintGeneratedClass'FortniteGame/Content/Building/ActorBlueprints/Floor/WoodMines_BalconyI.WoodMines_BalconyI_C'",
    "Template": {
      "ObjectName": "WoodMines_BalconyI_C'Default__WoodMines_BalconyI_C'",
      "ObjectPath": "FortniteGame/Content/Building/ActorBlueprints/Floor/WoodMines_BalconyI.2"
    },
    "Properties": {
      "WoodCreakSound": {
        "ObjectName": "AudioComponent'Athena_ICE_1x1_Castle_c:PersistentLevel.WoodMines_Floor2.WoodCreakSound'",
        "ObjectPath": "FortniteGame/Content/Athena/Maps/Buildings/1x1/Athena_ICE_1x1_Castle_c.7"
      },
      "StaticMeshComponent": {
        "ObjectName": "StaticMeshComponent'Athena_ICE_1x1_Castle_c:PersistentLevel.WoodMines_Floor2.StaticMeshComponent0'",
        "ObjectPath": "FortniteGame/Content/Athena/Maps/Buildings/1x1/Athena_ICE_1x1_Castle_c.60"
      },
      "MyGuid": "C5E50016-48F9FD6C-2C7F0D89-3E4BABC0",
      "DataVersion": 1,
      "CullDistance": 0.0,
      "RootComponent": {
        "ObjectName": "StaticMeshComponent'Athena_ICE_1x1_Castle_c:PersistentLevel.WoodMines_Floor2.StaticMeshComponent0'",
        "ObjectPath": "FortniteGame/Content/Athena/Maps/Buildings/1x1/Athena_ICE_1x1_Castle_c.60"
      },
      "BlueprintCreatedComponents": [
        {
          "ObjectName": "AudioComponent'Athena_ICE_1x1_Castle_c:PersistentLevel.WoodMines_Floor2.WoodCreakSound'",
          "ObjectPath": "FortniteGame/Content/Athena/Maps/Buildings/1x1/Athena_ICE_1x1_Castle_c.7"
        }
      ]
    }
  },
  {
    "Type": "WoodMines_Floor_C",
    "Name": "WoodMines_Floor_2",
    "Outer": "PersistentLevel",
    "Class": "BlueprintGeneratedClass'FortniteGame/Content/Building/ActorBlueprints/Floor/WoodMines_Floor.WoodMines_Floor_C'",
    "Template": {
      "ObjectName": "WoodMines_Floor_C'Default__WoodMines_Floor_C'",
      "ObjectPath": "FortniteGame/Content/Building/ActorBlueprints/Floor/WoodMines_Floor.2"
    },
    "Properties": {
      "WoodStressSound": {
        "ObjectName": "AudioComponent'Athena_ICE_1x1_Castle_c:PersistentLevel.WoodMines_Floor_2.WoodStressSound'",
        "ObjectPath": "FortniteGame/Content/Athena/Maps/Buildings/1x1/Athena_ICE_1x1_Castle_c.8"
      },
      "StaticMeshComponent": {
        "ObjectName": "StaticMeshComponent'Athena_ICE_1x1_Castle_c:PersistentLevel.WoodMines_Floor_2.StaticMeshComponent0'",
        "ObjectPath": "FortniteGame/Content/Athena/Maps/Buildings/1x1/Athena_ICE_1x1_Castle_c.61"
      },
      "MyGuid": "3ADCB6A8-4F707FD5-CDEF32A4-E9FEB6A5",
      "DataVersion": 1,
      "CullDistance": 0.0,
      "RootComponent": {
        "ObjectName": "StaticMeshComponent'Athena_ICE_1x1_Castle_c:PersistentLevel.WoodMines_Floor_2.StaticMeshComponent0'",
        "ObjectPath": "FortniteGame/Content/Athena/Maps/Buildings/1x1/Athena_ICE_1x1_Castle_c.61"
      },
      "BlueprintCreatedComponents": [
        {
          "ObjectName": "AudioComponent'Athena_ICE_1x1_Castle_c:PersistentLevel.WoodMines_Floor_2.WoodStressSound'",
          "ObjectPath": "FortniteGame/Content/Athena/Maps/Buildings/1x1/Athena_ICE_1x1_Castle_c.8"
        }
      ]
    }
  },
  {
    "Type": "World",
    "Name": "Athena_ICE_1x1_Castle_c",
    "Class": "UScriptClass'World'",
    "Properties": {
      "DefaultPhysicsVolume": null
    },
    "PersistentLevel": {
      "ObjectName": "Level'Athena_ICE_1x1_Castle_c:PersistentLevel'",
      "ObjectPath": "FortniteGame/Content/Athena/Maps/Buildings/1x1/Athena_ICE_1x1_Castle_c.28"
    },
    "ExtraReferencedObjects": [],
    "StreamingLevels": []
  }
]