[
  {
    "Type": "Athena_Prop_Bedroom_Bed_03_C",
    "Name": "Athena_Prop_Bedroom_Bed_4",
    "Outer": "PersistentLevel",
    "Class": "BlueprintGeneratedClass'FortniteGame/Content/Athena/BuildingActors/Props/Building/ActorBlueprints/Containers/Athena_Prop_Bedroom_Bed_03.Athena_Prop_Bedroom_Bed_03_C'",
    "Template": {
      "ObjectName": "Athena_Prop_Bedroom_Bed_03_C'Default__Athena_Prop_Bedroom_Bed_03_C'",
      "ObjectPath": "FortniteGame/Content/Athena/BuildingActors/Props/Building/ActorBlueprints/Containers/Athena_Prop_Bedroom_Bed_03.1"
    },
    "Properties": {
      "StaticMeshComponent": {
        "ObjectName": "StaticMeshComponent'Athena_REM_1x1_LP_a:PersistentLevel.Athena_Prop_Bedroom_Bed_4.StaticMeshComponent0'",
        "ObjectPath": "FortniteGame/Content/Athena/Maps/Buildings/1x1/Athena_REM_1x1_LP_a.21"
      },
      "MyGuid": "A3F69ECF-4D6A4986-E83F78AB-B011587D",
      "DataVersion": 1,
      "CullDistance": 13538.97,
      "RootComponent": {
        "ObjectName": "StaticMeshComponent'Athena_REM_1x1_LP_a:PersistentLevel.Athena_Prop_Bedroom_Bed_4.StaticMeshComponent0'",
        "ObjectPath": "FortniteGame/Content/Athena/Maps/Buildings/1x1/Athena_REM_1x1_LP_a.21"
      }
    }
  },
  {
    "Type": "Athena_Prop_Kitchen_Cabinets_Counter_01_C",
    "Name": "Athena_Prop_Kitchen_Cabinets_Counter_01_2",
    "Outer": "PersistentLevel",
    "Class": "BlueprintGeneratedClass'FortniteGame/Content/Athena/BuildingActors/Props/Building/ActorBlueprints/Containers/Athena_Prop_Kitchen_Cabinets_Counter_01.Athena_Prop_Kitchen_Cabinets_Counter_01_C'",
    "Template": {
      "ObjectName": "Athena_Prop_Kitchen_Cabinets_Counter_01_C'Default__Athena_Prop_Kitchen_Cabinets_Counter_01_C'",
      "ObjectPath": "FortniteGame/Content/Athena/BuildingActors/Props/Building/ActorBlueprints/Containers/Athena_Prop_Kitchen_Cabinets_Counter_01.1"
    },
    "Properties": {
      "StaticMeshComponent": {
        "ObjectName": "StaticMeshComponent'Athena_REM_1x1_LP_a:PersistentLevel.Athena_Prop_Kitchen_Cabinets_Counter_01_2.StaticMeshComponent0'",
        "ObjectPath": "FortniteGame/Content/Athena/Maps/Buildings/1x1/Athena_REM_1x1_LP_a.22"
      },
      "MyGuid": "42C91E81-4B63948D-12FC7FA6-6C55F66D",
      "DataVersion": 1,
      "CullDistance": 4127.5337,
      "RootComponent": {
        "ObjectName": "StaticMeshComponent'Athena_REM_1x1_LP_a:PersistentLevel.Athena_Prop_Kitchen_Cabinets_Counter_01_2.StaticMeshComponent0'",
        "ObjectPath": "FortniteGame/Content/Athena/Maps/Buildings/1x1/Athena_REM_1x1_LP_a.22"
      }
    }
  },
  {
    "Type": "Athena_Prop_Kitchen_Cabinets_Sink_Corner_01_C",
    "Name": "Athena_Prop_Kitchen_Cabinets_Sink_Corner_01_2",
    "Outer": "PersistentLevel",
    "Class": "BlueprintGeneratedClass'FortniteGame/Content/Athena/BuildingActors/Props/Building/ActorBlueprints/Containers/Athena_Prop_Kitchen_Cabinets_Sink_Corner_01.Athena_Prop_Kitchen_Cabinets_Sink_Corner_01_C'",
    "Template": {
      "ObjectName": "Athena_Prop_Kitchen_Cabinets_Sink_Corner_01_C'Default__Athena_Prop_Kitchen_Cabinets_Sink_Corner_01_C'",
      "ObjectPath": "FortniteGame/Content/Athena/BuildingActors/Props/Building/ActorBlueprints/Containers/Athena_Prop_Kitchen_Cabinets_Sink_Corner_01.1"
    },
    "Properties": {
      "StaticMeshComponent": {
        "ObjectName": "StaticMeshComponent'Athena_REM_1x1_LP_a:PersistentLevel.Athena_Prop_Kitchen_Cabinets_Sink_Corner_01_2.StaticMeshComponent0'",
        "ObjectPath": "FortniteGame/Content/Athena/Maps/Buildings/1x1/Athena_REM_1x1_LP_a.23"
      },
      "MyGuid": "36F4CF03-4F7A0712-29C38E82-1E7EDC89",
      "DataVersion": 1,
      "CullDistance": 12017.8,
      "RootComponent": {
        "ObjectName": "StaticMeshComponent'Athena_REM_1x1_LP_a:PersistentLevel.Athena_Prop_Kitchen_Cabinets_Sink_Corner_01_2.StaticMeshComponent0'",
        "ObjectPath": "FortniteGame/Content/Athena/Maps/Buildings/1x1/Athena_REM_1x1_LP_a.23"
      }
    }
  },
  {
    "Type": "Athena_Prop_Kitchen_Refrigerator_01_C",
    "Name": "Athena_Prop_Kitchen_Refrigerator_01_2",
    "Outer": "PersistentLevel",
    "Class": "BlueprintGeneratedClass'FortniteGame/Content/Athena/BuildingActors/Props/Building/ActorBlueprints/Containers/Athena_Prop_Kitchen_Refrigerator_01.Athena_Prop_Kitchen_Refrigerator_01_C'",
    "Template": {
      "ObjectName": "Athena_Prop_Kitchen_Refrigerator_01_C'Default__Athena_Prop_Kitchen_Refrigerator_01_C'",
      "ObjectPath": "FortniteGame/Content/Athena/BuildingActors/Props/Building/ActorBlueprints/Containers/Athena_Prop_Kitchen_Refrigerator_01.1"
    },
    "Properties": {
      "StaticMeshComponent": {
        "ObjectName": "StaticMeshComponent'Athena_REM_1x1_LP_a:PersistentLevel.Athena_Prop_Kitchen_Refrigerator_01_2.StaticMeshComponent0'",
        "ObjectPath": "FortniteGame/Content/Athena/Maps/Buildings/1x1/Athena_REM_1x1_LP_a.24"
      },
      "MyGuid": "0971AD7B-4EED234B-8C9EEEAF-EC74311B",
      "DataVersion": 1,
      "CullDistance": 10205.939,
      "RootComponent": {
        "ObjectName": "StaticMeshComponent'Athena_REM_1x1_LP_a:PersistentLevel.Athena_Prop_Kitchen_Refrigerator_01_2.StaticMeshComponent0'",
        "ObjectPath": "FortniteGame/Content/Athena/Maps/Buildings/1x1/Athena_REM_1x1_LP_a.24"
      }
    }
  },
  {
    "Type": "Athena_Prop_Kitchen_Stove_01_C",
    "Name": "Athena_Prop_Kitchen_Stove_01_2",
    "Outer": "PersistentLevel",
    "Class": "BlueprintGeneratedClass'FortniteGame/Content/Athena/BuildingActors/Props/Building/ActorBlueprints/Containers/Athena_Prop_Kitchen_Stove_01.Athena_Prop_Kitchen_Stove_01_C'",
    "Template": {
      "ObjectName": "Athena_Prop_Kitchen_Stove_01_C'Default__Athena_Prop_Kitchen_Stove_01_C'",
      "ObjectPath": "FortniteGame/Content/Athena/BuildingActors/Props/Building/ActorBlueprints/Containers/Athena_Prop_Kitchen_Stove_01.1"
    },
    "Properties": {
      "StaticMeshComponent": {
        "ObjectName": "StaticMeshComponent'Athena_REM_1x1_LP_a:PersistentLevel.Athena_Prop_Kitchen_Stove_01_2.StaticMeshComponent0'",
        "ObjectPath": "FortniteGame/Content/Athena/Maps/Buildings/1x1/Athena_REM_1x1_LP_a.25"
      },
      "MyGuid": "38D87983-4C2AA44E-000BCAA7-46C0AEC7",
      "DataVersion": 1,
      "CullDistance": 6236.0176,
      "RootComponent": {
        "ObjectName": "StaticMeshComponent'Athena_REM_1x1_LP_a:PersistentLevel.Athena_Prop_Kitchen_Stove_01_2.StaticMeshComponent0'",
        "ObjectPath": "FortniteGame/Content/Athena/Maps/Buildings/1x1/Athena_REM_1x1_LP_a.25"
      }
    }
  },
  {
    "Type": "AudioComponent",
    "Name": "Chest_Ambient_Sound",
    "Outer": "Tiered_Chest_Athena_4",
    "Class": "UScriptClass'AudioComponent'",
    "Template": {
      "ObjectName": "AudioComponent'Tiered_Chest_Athena_C:AudioComponent_1'",
      "ObjectPath": "FortniteGame/Content/Building/ActorBlueprints/Containers/Tiered_Chest_Athena.49"
    },
    "Properties": {
      "AttachParent": {
        "ObjectName": "StaticMeshComponent'Athena_REM_1x1_LP_a:PersistentLevel.Tiered_Chest_Athena_4.StaticMeshComponent0'",
        "ObjectPath": "FortniteGame/Content/Athena/Maps/Buildings/1x1/Athena_REM_1x1_LP_a.34"
      },
      "bNetAddressable": true,
      "CreationMethod": "EComponentCreationMethod::SimpleConstructionScript"
    }
  },
  {
    "Type": "Boardwalk_Floor_C",
    "Name": "PBWA_W1_Floor_4",
    "Outer": "PersistentLevel",
    "Class": "BlueprintGeneratedClass'FortniteGame/Content/Building/ActorBlueprints/Floor/Boardwalk_Floor.Boardwalk_Floor_C'",
    "Template": {
      "ObjectName": "Boardwalk_Floor_C'Default__Boardwalk_Floor_C'",
      "ObjectPath": "FortniteGame/Content/Building/ActorBlueprints/Floor/Boardwalk_Floor.1"
    },
    "Properties": {
      "StaticMeshComponent": {
        "ObjectName": "StaticMeshComponent'Athena_REM_1x1_LP_a:PersistentLevel.PBWA_W1_Floor_4.StaticMeshComponent0'",
        "ObjectPath": "FortniteGame/Content/Athena/Maps/Buildings/1x1/Athena_REM_1x1_LP_a.28"
      },
      "MyGuid": "ED40ECF5-4D761A71-C64601AC-B2F09CC1",
      "DataVersion": 1,
      "CullDistance": 0.0,
      "RootComponent": {
        "ObjectName": "StaticMeshComponent'Athena_REM_1x1_LP_a:PersistentLevel.PBWA_W1_Floor_4.StaticMeshComponent0'",
        "ObjectPath": "FortniteGame/Content/Athena/Maps/Buildings/1x1/Athena_REM_1x1_LP_a.28"
      }
    }
  },
  {
    "Type": "BoxComponent",
    "Name": "BoxComponent0",
    "Outer": "LevelBounds_0",
    "Class": "UScriptClass'BoxComponent'",
    "Properties": {
      "AreaClass": {
        "ObjectName": "Class'FortMetaNavArea_Obstacles'",
        "ObjectPath": "/Script/FortniteGame"
      },
      "BodyInstance": {
        "MaxAngularVelocity": 3599.9998
      },
      "RelativeLocation": {
        "X": 19.08603,
        "Y": 2.2241364,
        "Z": 260.74496
      },
      "RelativeScale3D": {
        "X": 599.82794,
        "Y": 558.308,
        "Z": 605.4899
      }
    }
  },
  {
    "Type": "FortWorldSettings",
    "Name": "FortWorldSettings",
    "Outer": "PersistentLevel",
    "Class": "UScriptClass'FortWorldSettings'",
    "Properties": {
      "WorldCells": [
        2147483647,
        1
      ],
      "WorldCellsOrigin": {
        "X": 512.0,
        "Y": 512.0,
        "Z": 0.0
      },
      "MinCullObjectSize": 64.0,
      "MinCullDistance": 2800.0,
      "MaxCullObjectSize": 1000.0,
      "MaxCullDistance": 40000.0,
      "bEnableNavigationSystem": false,
      "NavigationSystemConfig": {
        "ObjectName": "NavigationSystemModuleConfig'Athena_REM_1x1_LP_a:PersistentLevel.FortWorldSettings.NavigationSystemConfig_0'",
        "ObjectPath": "FortniteGame/Content/Athena/Maps/Buildings/1x1/Athena_REM_1x1_LP_a.13"
      },
      "BookmarkArray": [
        null,
        null,
        null,
        null,
        null,
        null,
        null,
        null,
        null,
        null
      ]
    }
  },
  {
    "Type": "Level",
    "Name": "PersistentLevel",
    "Outer": "Athena_REM_1x1_LP_a",
    "Class": "UScriptClass'Level'",
    "Properties": {
      "Model": {
        "ObjectName": "Model'Athena_REM_1x1_LP_a:PersistentLevel.Model_0'",
        "ObjectPath": "FortniteGame/Content/Athena/Maps/Buildings/1x1/Athena_REM_1x1_LP_a.12"
      },
      "LevelBuildDataId": "69B2FD87-4B3F6225-FE5FE1AA-AEBA9613",
      "WorldSettings": {
        "ObjectName": "FortWorldSettings'Athena_REM_1x1_LP_a:PersistentLevel.FortWorldSettings'",
        "ObjectPath": "FortniteGame/Content/Athena/Maps/Buildings/1x1/Athena_REM_1x1_LP_a.8"
      }
    },
    "Actors": [
      {
        "ObjectName": "FortWorldSettings'Athena_REM_1x1_LP_a:PersistentLevel.FortWorldSettings'",
        "ObjectPath": "FortniteGame/Content/Athena/Maps/Buildings/1x1/Athena_REM_1x1_LP_a.8"
      },
      null,
      {
        "ObjectName": "LevelBounds'Athena_REM_1x1_LP_a:PersistentLevel.LevelBounds_0'",
        "ObjectPath": "FortniteGame/Content/Athena/Maps/Buildings/1x1/Athena_REM_1x1_LP_a.10"
      },
      {
        "ObjectName": "LODActor'Athena_REM_1x1_LP_a:PersistentLevel.LODActor_0'",
        "ObjectPath": "FortniteGame/Content/Athena/Maps/Buildings/1x1/Athena_REM_1x1_LP_a.11"
      },
      {
        "ObjectName": "PBWA_W1_DoorS_C'Athena_REM_1x1_LP_a:PersistentLevel.PBWA_W1_DoorS_4'",
        "ObjectPath": "FortniteGame/Content/Athena/Maps/Buildings/1x1/Athena_REM_1x1_LP_a.15"
      },
      {
        "ObjectName": "PBWA_W1_RoofC_C'Athena_REM_1x1_LP_a:PersistentLevel.PBWA_W1_RoofC_2'",
        "ObjectPath": "FortniteGame/Content/Athena/Maps/Buildings/1x1/Athena_REM_1x1_LP_a.16"
      },
      {
        "ObjectName": "PBWA_W1_Solid_C'Athena_REM_1x1_LP_a:PersistentLevel.PBWA_W1_Solid_2'",
        "ObjectPath": "FortniteGame/Content/Athena/Maps/Buildings/1x1/Athena_REM_1x1_LP_a.18"
      },
      {
        "ObjectName": "PBWA_W1_Solid_C'Athena_REM_1x1_LP_a:PersistentLevel.PBWA_W1_Solid2'",
        "ObjectPath": "FortniteGame/Content/Athena/Maps/Buildings/1x1/Athena_REM_1x1_LP_a.17"
      },
      {
        "ObjectName": "PBWA_W1_WindowSide_C'Athena_REM_1x1_LP_a:PersistentLevel.PBWA_W1_WindowSide_2'",
        "ObjectPath": "FortniteGame/Content/Athena/Maps/Buildings/1x1/Athena_REM_1x1_LP_a.19"
      },
      {
        "ObjectName": "Boardwalk_Floor_C'Athena_REM_1x1_LP_a:PersistentLevel.PBWA_W1_Floor_4'",
        "ObjectPath": "FortniteGame/Content/Athena/Maps/Buildings/1x1/Athena_REM_1x1_LP_a.6"
      },
      {
        "ObjectName": "Athena_Prop_Kitchen_Cabinets_Sink_Corner_01_C'Athena_REM_1x1_LP_a:PersistentLevel.Athena_Prop_Kitchen_Cabinets_Sink_Corner_01_2'",
        "ObjectPath": "FortniteGame/Content/Athena/Maps/Buildings/1x1/Athena_REM_1x1_LP_a.2"
      },
      {
        "ObjectName": "Athena_Prop_Kitchen_Refrigerator_01_C'Athena_REM_1x1_LP_a:PersistentLevel.Athena_Prop_Kitchen_Refrigerator_01_2'",
        "ObjectPath": "FortniteGame/Content/Athena/Maps/Buildings/1x1/Athena_REM_1x1_LP_a.3"
      },
      {
        "ObjectName": "Athena_Prop_Bedroom_Bed_03_C'Athena_REM_1x1_LP_a:PersistentLevel.Athena_Prop_Bedroom_Bed_4'",
        "ObjectPath": "FortniteGame/Content/Athena/Maps/Buildings/1x1/Athena_REM_1x1_LP_a.0"
      },
      {
        "ObjectName": "Athena_Prop_Kitchen_Stove_01_C'Athena_REM_1x1_LP_a:PersistentLevel.Athena_Prop_Kitchen_Stove_01_2'",
        "ObjectPath": "FortniteGame/Content/Athena/Maps/Buildings/1x1/Athena_REM_1x1_LP_a.4"
      },
      {
        "ObjectName": "Athena_Prop_Kitchen_Cabinets_Counter_01_C'Athena_REM_1x1_LP_a:PersistentLevel.Athena_Prop_Kitchen_Cabinets_Counter_01_2'",
        "ObjectPath": "FortniteGame/Content/Athena/Maps/Buildings/1x1/Athena_REM_1x1_LP_a.1"
      },
      {
        "ObjectName": "Tiered_Chest_Athena_C'Athena_REM_1x1_LP_a:PersistentLevel.Tiered_Chest_Athena_4'",
        "ObjectPath": "FortniteGame/Content/Athena/Maps/Buildings/1x1/Athena_REM_1x1_LP_a.35"
      }
    ],
    "URL": {
      "Protocol": "unreal",
      "Host": "",
      "Port": 7777,
      "Valid": true,
      "Map": "/Game/Maps/Frontend",
      "Op": [],
      "Portal": ""
    },
    "Model": {
      "ObjectName": "Model'Athena_REM_1x1_LP_a:PersistentLevel.Model_0'",
      "ObjectPath": "FortniteGame/Content/Athena/Maps/Buildings/1x1/Athena_REM_1x1_LP_a.12"
    },
    "ModelComponents": [],
    "LevelScriptActor": null,
    "NavListStart": null,
    "NavListEnd": null,
    "PrecomputedVisibilityHandler": {
      "PrecomputedVisibilityCellBucketOriginXY": {
        "X": 0.0,
        "Y": 0.0
      },
      "PrecomputedVisibilityCellSizeXY": 0.0,
      "PrecomputedVisibilityCellSizeZ": 0.0,
      "PrecomputedVisibilityCellBucketSizeXY": 0,
      "PrecomputedVisibilityNumCellBuckets": 0,
      "PrecomputedVisibilityCellBuckets": []
    },
    "PrecomputedVolumeDistanceField": {
      "VolumeMaxDistance": 0.0,
      "VolumeBox": {
        "Min": {
          "X": 0.0,
          "Y": 0.0,
          "Z": 0.0
        },
        "Max": {
          "X": 0.0,
          "Y": 0.0,
          "Z": 0.0
        },
        "IsValid": 0
      },
      "VolumeSizeX": 0,
      "VolumeSizeY": 0,
      "VolumeSizeZ": 0,
      "Data": []
    }
  },
  {
    "Type": "LevelBounds",
    "Name": "LevelBounds_0",
    "Outer": "PersistentLevel",
    "Class": "UScriptClass'LevelBounds'",
    "Properties": {
      "RootComponent": {
        "ObjectName": "BoxComponent'Athena_REM_1x1_LP_a:PersistentLevel.LevelBounds_0.BoxComponent0'",
        "ObjectPath": "FortniteGame/Content/Athena/Maps/Buildings/1x1/Athena_REM_1x1_LP_a.7"
      }
    }
  },
  {
    "Type": "LODActor",
    "Name": "LODActor_0",
    "Outer": "PersistentLevel",
    "Class": "UScriptClass'LODActor'",
    "Properties": {
      "StaticMeshComponent": {
        "ObjectName": "StaticMeshComponent'Athena_REM_1x1_LP_a:PersistentLevel.LODActor_0.StaticMeshComponent0'",
        "ObjectPath": "FortniteGame/Content/Athena/Maps/Buildings/1x1/Athena_REM_1x1_LP_a.26"
      },
      "Proxy": {
        "ObjectName": "HLODProxy'Athena_REM_1x1_LP_a_0_HLOD'",
        "ObjectPath": "FortniteGame/Content/Athena/Maps/Buildings/1x1/HLOD/Athena_REM_1x1_LP_a_0_HLOD.1"
      },
      "Key": "76927B120C6645ACB9200E7FB8896AC3_C5AA376147E8C5D9922B09BCA7A56AC8_B6397B6E_1B864DD1_3383DBAD_ProxyLODMeshReduction",
      "LODDrawDistance": 16476.898,
      "LODLevel": 1,
      "SubActors": [
        {
          "ObjectName": "PBWA_W1_DoorS_C'Athena_REM_1x1_LP_a:PersistentLevel.PBWA_W1_DoorS_4'",
          "ObjectPath": "FortniteGame/Content/Athena/Maps/Buildings/1x1/Athena_REM_1x1_LP_a.15"
        },
        {
          "ObjectName": "PBWA_W1_RoofC_C'Athena_REM_1x1_LP_a:PersistentLevel.PBWA_W1_RoofC_2'",
          "ObjectPath": "FortniteGame/Content/Athena/Maps/Buildings/1x1/Athena_REM_1x1_LP_a.16"
        },
        {
          "ObjectName": "PBWA_W1_Solid_C'Athena_REM_1x1_LP_a:PersistentLevel.PBWA_W1_Solid_2'",
          "ObjectPath": "FortniteGame/Content/Athena/Maps/Buildings/1x1/Athena_REM_1x1_LP_a.18"
        },
        {
          "ObjectName": "PBWA_W1_Solid_C'Athena_REM_1x1_LP_a:PersistentLevel.PBWA_W1_Solid2'",
          "ObjectPath": "FortniteGame/Content/Athena/Maps/Buildings/1x1/Athena_REM_1x1_LP_a.17"
        },
        {
          "ObjectName": "PBWA_W1_WindowSide_C'Athena_REM_1x1_LP_a:PersistentLevel.PBWA_W1_WindowSide_2'",
          "ObjectPath": "FortniteGame/Content/Athena/Maps/Buildings/1x1/Athena_REM_1x1_LP_a.19"
        },
        {
          "ObjectName": "Boardwalk_Floor_C'Athena_REM_1x1_LP_a:PersistentLevel.PBWA_W1_Floor_4'",
          "ObjectPath": "FortniteGame/Content/Athena/Maps/Buildings/1x1/Athena_REM_1x1_LP_a.6"
        }
      ],
      "RootComponent": {
        "ObjectName": "StaticMeshComponent'Athena_REM_1x1_LP_a:PersistentLevel.LODActor_0.StaticMeshComponent0'",
        "ObjectPath": "FortniteGame/Content/Athena/Maps/Buildings/1x1/Athena_REM_1x1_LP_a.26"
      }
    }
  },
  {
    "Type": "Model",
    "Name": "Model_0",
    "Outer": "PersistentLevel",
    "Class": "UScriptClass'Model'",
    "Bounds": {
      "Origin": {
        "X": 0.0,
        "Y": 0.0,
        "Z": 0.0
      },
      "BoxExtent": {
        "X": 0.0,
        "Y": 0.0,
        "Z": 0.0
      },
      "SphereRadius": 0.0
    },
    "Vectors": [],
    "Points": [],
    "Nodes": [],
    "Surfs": [],
    "NumSharedSides": 4,
    "VertexBuffer": {
      "Vertices": []
    },
    "LightingGuid": "2FA1537B-4B7B094C-1CAC0BB9-0DB2C7BE",
    "LightmassSettings": []
  },
  {
    "Type": "NavigationSystemModuleConfig",
    "Name": "NavigationSystemConfig_0",
    "Outer": "FortWorldSettings",
    "Class": "UScriptClass'NavigationSystemModuleConfig'",
    "Properties": {
      "bAutoSpawnMissingNavData": true,
      "NavigationSystemClass": {
        "AssetPathName": "/Script/FortniteGame.FortNavSystem",
        "SubPathString": ""
      }
    }
  },
  {
    "Type": "ParticleSystemComponent",
    "Name": "P_Loot_Chest_Aura_Athena",
    "Outer": "Tiered_Chest_Athena_4",
    "Class": "UScriptClass'ParticleSystemComponent'",
    "Template": {
      "ObjectName": "ParticleSystemComponent'Tiered_Chest_Athena_C:P_Loot_Chest_Aura_Athena_GEN_VARIABLE'",
      "ObjectPath": "FortniteGame/Content/Building/ActorBlueprints/Containers/Tiered_Chest_Athena.155"
    },
    "Properties": {
      "CachedMaxDrawDistance": 8915.371,
      "AttachParent": {
        "ObjectName": "StaticMeshComponent'Athena_REM_1x1_LP_a:PersistentLevel.Tiered_Chest_Athena_4.S_Chest_SmokeSheet'",
        "ObjectPath": "FortniteGame/Content/Athena/Maps/Buildings/1x1/Athena_REM_1x1_LP_a.33"
      },
      "bNetAddressable": true,
      "CreationMethod": "EComponentCreationMethod::SimpleConstructionScript"
    }
  },
  {
    "Type": "PBWA_W1_DoorS_C",
    "Name": "PBWA_W1_DoorS_4",
    "Outer": "PersistentLevel",
    "Class": "BlueprintGeneratedClass'FortniteGame/Content/Building/ActorBlueprints/Player/Wood/L1/PBWA_W1_DoorS.PBWA_W1_DoorS_C'",
    "Template": {
      "ObjectName": "PBWA_W1_DoorS_C'Default__PBWA_W1_DoorS_C'",
      "ObjectPath": "FortniteGame/Content/Building/ActorBlueprints/Player/Wood/L1/PBWA_W1_DoorS.1"
    },
    "Properties": {
      "bMirrored": true,
      "StaticMeshComponent": {
        "ObjectName": "StaticMeshComponent'Athena_REM_1x1_LP_a:PersistentLevel.PBWA_W1_DoorS_4.StaticMeshComponent0'",
        "ObjectPath": "FortniteGame/Content/Athena/Maps/Buildings/1x1/Athena_REM_1x1_LP_a.27"
      },
      "MyGuid": "896DBA0C-4E541676-77A5CEB0-2084B47F",
      "StaticGameplayTags": [
        "Building.Type.Door"
      ],
      "DataVersion": 1,
      "CullDistance": 0.0,
      "RootComponent": {
        "ObjectName": "StaticMeshComponent'Athena_REM_1x1_LP_a:PersistentLevel.PBWA_W1_DoorS_4.StaticMeshComponent0'",
        "ObjectPath": "FortniteGame/Content/Athena/Maps/Buildings/1x1/Athena_REM_1x1_LP_a.27"
      }
    }
  },
  {
    "Type": "PBWA_W1_RoofC_C",
    "Name": "PBWA_W1_RoofC_2",
    "Outer": "PersistentLevel",
    "Class": "BlueprintGeneratedClass'FortniteGame/Content/Building/ActorBlueprints/Player/Wood/L1/PBWA_W1_RoofC.PBWA_W1_RoofC_C'",
    "Template": {
      "ObjectName": "PBWA_W1_RoofC_C'Default__PBWA_W1_RoofC_C'",
      "ObjectPath": "FortniteGame/Content/Building/ActorBlueprints/Player/Wood/L1/PBWA_W1_RoofC.1"
    },
    "Properties": {
      "StaticMeshComponent": {
        "ObjectName": "StaticMeshComponent'Athena_REM_1x1_LP_a:PersistentLevel.PBWA_W1_RoofC_2.StaticMeshComponent0'",
        "ObjectPath": "FortniteGame/Content/Athena/Maps/Buildings/1x1/Athena_REM_1x1_LP_a.29"
      },
      "MyGuid": "9E237AD4-49286CCD-01BD40AB-D99E51E8",
      "DataVersion": 1,
      "CullDistance": 0.0,
      "RootComponent": {
        "ObjectName": "StaticMeshComponent'Athena_REM_1x1_LP_a:PersistentLevel.PBWA_W1_RoofC_2.StaticMeshComponent0'",
        "ObjectPath": "FortniteGame/Content/Athena/Maps/Buildings/1x1/Athena_REM_1x1_LP_a.29"
      }
    }
  },
  {
    "Type": "PBWA_W1_Solid_C",
    "Name": "PBWA_W1_Solid2",
    "Outer": "PersistentLevel",
    "Class": "BlueprintGeneratedClass'FortniteGame/Content/Building/ActorBlueprints/Player/Wood/L1/PBWA_W1_Solid.PBWA_W1_Solid_C'",
    "Template": {
      "ObjectName": "PBWA_W1_Solid_C'Default__PBWA_W1_Solid_C'",
      "ObjectPath": "FortniteGame/Content/Building/ActorBlueprints/Player/Wood/L1/PBWA_W1_Solid.1"
    },
    "Properties": {
      "StaticMeshComponent": {
        "ObjectName": "StaticMeshComponent'Athena_REM_1x1_LP_a:PersistentLevel.PBWA_W1_Solid2.StaticMeshComponent0'",
        "ObjectPath": "FortniteGame/Content/Athena/Maps/Buildings/1x1/Athena_REM_1x1_LP_a.30"
      },
      "MyGuid": "5198AB19-4F29D3DF-41819684-61E95808",
      "DataVersion": 1,
      "CullDistance": 0.0,
      "RootComponent": {
        "ObjectName": "StaticMeshComponent'Athena_REM_1x1_LP_a:PersistentLevel.PBWA_W1_Solid2.StaticMeshComponent0'",
        "ObjectPath": "FortniteGame/Content/Athena/Maps/Buildings/1x1/Athena_REM_1x1_LP_a.30"
      }
    }
  },
  {
    "Type": "PBWA_W1_Solid_C",
    "Name": "PBWA_W1_Solid_2",
    "Outer": "PersistentLevel",
    "Class": "BlueprintGeneratedClass'FortniteGame/Content/Building/ActorBlueprints/Player/Wood/L1/PBWA_W1_Solid.PBWA_W1_Solid_C'",
    "Template": {
      "ObjectName": "PBWA_W1_Solid_C'Default__PBWA_W1_Solid_C'",
      "ObjectPath": "FortniteGame/Content/Building/ActorBlueprints/Player/Wood/L1/PBWA_W1_Solid.1"
    },
    "Properties": {
      "StaticMeshComponent": {
        "ObjectName": "StaticMeshComponent'Athena_REM_1x1_LP_a:PersistentLevel.PBWA_W1_Solid_2.StaticMeshComponent0'",
        "ObjectPath": "FortniteGame/Content/Athena/Maps/Buildings/1x1/Athena_REM_1x1_LP_a.31"
      },
      "MyGuid": "991C1F82-4CD059ED-42EBFBA4-2FE3A8DD",
      "DataVersion": 1,
      "CullDistance": 0.0,
      "RootComponent": {
        "ObjectName": "StaticMeshComponent'Athena_REM_1x1_LP_a:PersistentLevel.PBWA_W1_Solid_2.StaticMeshComponent0'",
        "ObjectPath": "FortniteGame/Content/Athena/Maps/Buildings/1x1/Athena_REM_1x1_LP_a.31"
      }
    }
  },
  {
    "Type": "PBWA_W1_WindowSide_C",
    "Name": "PBWA_W1_WindowSide_2",
    "Outer": "PersistentLevel",
    "Class": "BlueprintGeneratedClass'FortniteGame/Content/Building/ActorBlueprints/Player/Wood/L1/PBWA_W1_WindowSide.PBWA_W1_WindowSide_C'",
    "Template": {
      "ObjectName": "PBWA_W1_WindowSide_C'Default__PBWA_W1_WindowSide_C'",
      "ObjectPath": "FortniteGame/Content/Building/ActorBlueprints/Player/Wood/L1/PBWA_W1_WindowSide.1"
    },
    "Properties": {
      "StaticMeshComponent": {
        "ObjectName": "StaticMeshComponent'Athena_REM_1x1_LP_a:PersistentLevel.PBWA_W1_WindowSide_2.StaticMeshComponent0'",
        "ObjectPath": "FortniteGame/Content/Athena/Maps/Buildings/1x1/Athena_REM_1x1_LP_a.32"
      },
      "MyGuid": "F7DA235F-4B2167A7-EB9325B5-6B599A60",
      "DataVersion": 1,
      "CullDistance": 0.0,
      "RootComponent": {
        "ObjectName": "StaticMeshComponent'Athena_REM_1x1_LP_a:PersistentLevel.PBWA_W1_WindowSide_2.StaticMeshComponent0'",
        "ObjectPath": "FortniteGame/Content/Athena/Maps/Buildings/1x1/Athena_REM_1x1_LP_a.32"
      }
    }
  },
  {
    "Type": "PointLightComponent",
    "Name": "TrasureLight",
    "Outer": "Tiered_Chest_Athena_4",
    "Class": "UScriptClass'PointLightComponent'",
    "Template": {
      "ObjectName": "PointLightComponent'Tiered_Chest_Athena_C:TrasureLight_GEN_VARIABLE'",
      "ObjectPath": "FortniteGame/Content/Building/ActorBlueprints/Containers/Tiered_Chest_Athena.156"
    },
    "Properties": {
      "MaxDrawDistance": 8915.371,
      "MaxDistanceFadeRange": 2048.0,
      "LightGuid": "13670ACC-493771E0-2F22E08A-374D0D25",
      "VolumetricScatteringIntensity": 1.0,
      "AttachParent": {
        "ObjectName": "StaticMeshComponent'Athena_REM_1x1_LP_a:PersistentLevel.Tiered_Chest_Athena_4.StaticMeshComponent0'",
        "ObjectPath": "FortniteGame/Content/Athena/Maps/Buildings/1x1/Athena_REM_1x1_LP_a.34"
      },
      "bVisible": false,
      "bNetAddressable": true,
      "CreationMethod": "EComponentCreationMethod::SimpleConstructionScript"
    }
  },
  {
    "Type": "StaticMeshComponent",
    "Name": "StaticMeshComponent0",
    "Outer": "Athena_Prop_Bedroom_Bed_4",
    "Class": "UScriptClass'StaticMeshComponent'",
    "Template": {
      "ObjectName": "StaticMeshComponent'Default__Athena_Prop_Bedroom_Bed_03_C:StaticMeshComponent0'",
      "ObjectPath": "FortniteGame/Content/Athena/BuildingActors/Props/Building/ActorBlueprints/Containers/Athena_Prop_Bedroom_Bed_03.5"
    },
    "Properties": {
      "OverrideMaterials": [
        null
      ],
      "CachedMaxDrawDistance": 13538.97,
      "RelativeLocation": {
        "X": -248.0,
        "Y": 240.0,
        "Z": 8.0
      },
      "RelativeRotation": {
        "Pitch": 0.0,
        "Yaw": 179.99994,
        "Roll": 0.0
      }
    }
  },
  {
    "Type": "StaticMeshComponent",
    "Name": "StaticMeshComponent0",
    "Outer": "Athena_Prop_Kitchen_Cabinets_Counter_01_2",
    "Class": "UScriptClass'StaticMeshComponent'",
    "Template": {
      "ObjectName": "StaticMeshComponent'Default__Athena_Prop_Kitchen_Cabinets_Counter_01_C:StaticMeshComponent0'",
      "ObjectPath": "FortniteGame/Content/Athena/BuildingActors/Props/Building/ActorBlueprints/Containers/Athena_Prop_Kitchen_Cabinets_Counter_01.5"
    },
    "Properties": {
      "OverrideMaterials": [
        null
      ],
      "CachedMaxDrawDistance": 4127.5337,
      "RelativeLocation": {
        "X": 227.0,
        "Y": 92.0,
        "Z": 8.0
      },
      "RelativeRotation": {
        "Pitch": 0.0,
        "Yaw": 89.99999,
        "Roll": 0.0
      },
      "RelativeScale3D": {
        "X": 0.875,
        "Y": 1.0,
        "Z": 1.0
      }
    }
  },
  {
    "Type": "StaticMeshComponent",
    "Name": "StaticMeshComponent0",
    "Outer": "Athena_Prop_Kitchen_Cabinets_Sink_Corner_01_2",
    "Class": "UScriptClass'StaticMeshComponent'",
    "Template": {
      "ObjectName": "StaticMeshComponent'Default__Athena_Prop_Kitchen_Cabinets_Sink_Corner_01_C:StaticMeshComponent0'",
      "ObjectPath": "FortniteGame/Content/Athena/BuildingActors/Props/Building/ActorBlueprints/Containers/Athena_Prop_Kitchen_Cabinets_Sink_Corner_01.5"
    },
    "Properties": {
      "OverrideMaterials": [
        null
      ],
      "CachedMaxDrawDistance": 12017.8,
      "RelativeLocation": {
        "X": 248.0,
        "Y": -244.0,
        "Z": 8.0
      },
      "RelativeRotation": {
        "Pitch": 0.0,
        "Yaw": -5.3405758E-05,
        "Roll": 0.0
      }
    }
  },
  {
    "Type": "StaticMeshComponent",
    "Name": "StaticMeshComponent0",
    "Outer": "Athena_Prop_Kitchen_Refrigerator_01_2",
    "Class": "UScriptClass'StaticMeshComponent'",
    "Template": {
      "ObjectName": "StaticMeshComponent'Default__Athena_Prop_Kitchen_Refrigerator_01_C:StaticMeshComponent0'",
      "ObjectPath": "FortniteGame/Content/Athena/BuildingActors/Props/Building/ActorBlueprints/Containers/Athena_Prop_Kitchen_Refrigerator_01.5"
    },
    "Properties": {
      "OverrideMaterials": [
        null
      ],
      "CachedMaxDrawDistance": 10205.939,
      "RelativeLocation": {
        "X": 248.0,
        "Y": 188.0,
        "Z": 8.0
      },
      "RelativeRotation": {
        "Pitch": 0.0,
        "Yaw": 89.99999,
        "Roll": 0.0
      }
    }
  },
  {
    "Type": "StaticMeshComponent",
    "Name": "StaticMeshComponent0",
    "Outer": "Athena_Prop_Kitchen_Stove_01_2",
    "Class": "UScriptClass'StaticMeshComponent'",
    "Template": {
      "ObjectName": "StaticMeshComponent'Default__Athena_Prop_Kitchen_Stove_01_C:StaticMeshComponent0'",
      "ObjectPath": "FortniteGame/Content/Athena/BuildingActors/Props/Building/ActorBlueprints/Containers/Athena_Prop_Kitchen_Stove_01.5"
    },
    "Properties": {
      "OverrideMaterials": [
        null
      ],
      "CachedMaxDrawDistance": 6236.0176,
      "RelativeLocation": {
        "X": 244.0,
        "Y": -20.0,
        "Z": 8.0
      },
      "RelativeRotation": {
        "Pitch": 0.0,
        "Yaw": 89.99999,
        "Roll": 0.0
      }
    }
  },
  {
    "Type": "StaticMeshComponent",
    "Name": "StaticMeshComponent0",
    "Outer": "LODActor_0",
    "Class": "UScriptClass'StaticMeshComponent'",
    "Properties": {
      "StaticMesh": {
        "ObjectName": "StaticMesh'SM_Athena_REM_1x1_LP_a_0_PBWA_W1_DoorS_4'",
        "ObjectPath": "FortniteGame/Content/Athena/Maps/Buildings/1x1/HLOD/Athena_REM_1x1_LP_a_0_HLOD.3"
      },
      "MinDrawDistance": 35000.0,
      "CastShadow": true,
      "bCastStaticShadow": true
    }
  },
  {
    "Type": "StaticMeshComponent",
    "Name": "StaticMeshComponent0",
    "Outer": "PBWA_W1_DoorS_4",
    "Class": "UScriptClass'StaticMeshComponent'",
    "Template": {
      "ObjectName": "StaticMeshComponent'Default__PBWA_W1_DoorS_C:StaticMeshComponent0'",
      "ObjectPath": "FortniteGame/Content/Building/ActorBlueprints/Player/Wood/L1/PBWA_W1_DoorS.4"
    },
    "Properties": {
      "OverrideMaterials": [
        null
      ],
      "LODParentPrimitive": {
        "ObjectName": "StaticMeshComponent'Athena_REM_1x1_LP_a:PersistentLevel.LODActor_0.StaticMeshComponent0'",
        "ObjectPath": "FortniteGame/Content/Athena/Maps/Buildings/1x1/Athena_REM_1x1_LP_a.26"
      },
      "RelativeLocation": {
        "X": 0.0,
        "Y": -256.0,
        "Z": 0.0
      },
      "RelativeRotation": {
        "Pitch": 0.0,
        "Yaw": -179.99998,
        "Roll": 0.0
      },
      "RelativeScale3D": {
        "X": -1.0,
        "Y": 1.0,
        "Z": 1.0
      }
    }
  },
  {
    "Type": "StaticMeshComponent",
    "Name": "StaticMeshComponent0",
    "Outer": "PBWA_W1_Floor_4",
    "Class": "UScriptClass'StaticMeshComponent'",
    "Template": {
      "ObjectName": "StaticMeshComponent'Default__Boardwalk_Floor_C:StaticMeshComponent0'",
      "ObjectPath": "FortniteGame/Content/Building/ActorBlueprints/Floor/Boardwalk_Floor.4"
    },
    "Properties": {
      "OverrideMaterials": [
        null
      ],
      "LODParentPrimitive": {
        "ObjectName": "StaticMeshComponent'Athena_REM_1x1_LP_a:PersistentLevel.LODActor_0.StaticMeshComponent0'",
        "ObjectPath": "FortniteGame/Content/Athena/Maps/Buildings/1x1/Athena_REM_1x1_LP_a.26"
      },
      "RelativeLocation": {
        "X": 0.0,
        "Y": -256.0,
        "Z": 0.0
      }
    }
  },
  {
    "Type": "StaticMeshComponent",
    "Name": "StaticMeshComponent0",
    "Outer": "PBWA_W1_RoofC_2",
    "Class": "UScriptClass'StaticMeshComponent'",
    "Template": {
      "ObjectName": "StaticMeshComponent'Default__PBWA_W1_RoofC_C:StaticMeshComponent0'",
      "ObjectPath": "FortniteGame/Content/Building/ActorBlueprints/Player/Wood/L1/PBWA_W1_RoofC.4"
    },
    "Properties": {
      "OverrideMaterials": [
        null
      ],
      "LODParentPrimitive": {
        "ObjectName": "StaticMeshComponent'Athena_REM_1x1_LP_a:PersistentLevel.LODActor_0.StaticMeshComponent0'",
        "ObjectPath": "FortniteGame/Content/Athena/Maps/Buildings/1x1/Athena_REM_1x1_LP_a.26"
      },
      "RelativeLocation": {
        "X": 0.0,
        "Y": -256.0,
        "Z": 384.0
      }
    }
  },
  {
    "Type": "StaticMeshComponent",
    "Name": "StaticMeshComponent0",
    "Outer": "PBWA_W1_Solid2",
    "Class": "UScriptClass'StaticMeshComponent'",
    "Template": {
      "ObjectName": "StaticMeshComponent'Default__PBWA_W1_Solid_C:StaticMeshComponent0'",
      "ObjectPath": "FortniteGame/Content/Building/ActorBlueprints/Player/Wood/L1/PBWA_W1_Solid.4"
    },
    "Properties": {
      "OverrideMaterials": [
        null
      ],
      "LODParentPrimitive": {
        "ObjectName": "StaticMeshComponent'Athena_REM_1x1_LP_a:PersistentLevel.LODActor_0.StaticMeshComponent0'",
        "ObjectPath": "FortniteGame/Content/Athena/Maps/Buildings/1x1/Athena_REM_1x1_LP_a.26"
      },
      "RelativeLocation": {
        "X": -256.0,
        "Y": 0.0,
        "Z": 0.0
      },
      "RelativeRotation": {
        "Pitch": 0.0,
        "Yaw": 89.99999,
        "Roll": 0.0
      }
    }
  },
  {
    "Type": "StaticMeshComponent",
    "Name": "StaticMeshComponent0",
    "Outer": "PBWA_W1_Solid_2",
    "Class": "UScriptClass'StaticMeshComponent'",
    "Template": {
      "ObjectName": "StaticMeshComponent'Default__PBWA_W1_Solid_C:StaticMeshComponent0'",
      "ObjectPath": "FortniteGame/Content/Building/ActorBlueprints/Player/Wood/L1/PBWA_W1_Solid.4"
    },
    "Properties": {
      "OverrideMaterials": [
        null
      ],
      "LODParentPrimitive": {
        "ObjectName": "StaticMeshComponent'Athena_REM_1x1_LP_a:PersistentLevel.LODActor_0.StaticMeshComponent0'",
        "ObjectPath": "FortniteGame/Content/Athena/Maps/Buildings/1x1/Athena_REM_1x1_LP_a.26"
      },
      "RelativeLocation": {
        "X": 256.0,
        "Y": 0.0,
        "Z": 0.0
      },
      "RelativeRotation": {
        "Pitch": 0.0,
        "Yaw": -90.00001,
        "Roll": 0.0
      }
    }
  },
  {
    "Type": "StaticMeshComponent",
    "Name": "StaticMeshComponent0",
    "Outer": "PBWA_W1_WindowSide_2",
    "Class": "UScriptClass'StaticMeshComponent'",
    "Template": {
      "ObjectName": "StaticMeshComponent'Default__PBWA_W1_WindowSide_C:StaticMeshComponent0'",
      "ObjectPath": "FortniteGame/Content/Building/ActorBlueprints/Player/Wood/L1/PBWA_W1_WindowSide.4"
    },
    "Properties": {
      "OverrideMaterials": [
        null
      ],
      "LODParentPrimitive": {
        "ObjectName": "StaticMeshComponent'Athena_REM_1x1_LP_a:PersistentLevel.LODActor_0.StaticMeshComponent0'",
        "ObjectPath": "FortniteGame/Content/Athena/Maps/Buildings/1x1/Athena_REM_1x1_LP_a.26"
      },
      "RelativeLocation": {
        "X": 0.0,
        "Y": 256.0,
        "Z": 0.0
      }
    }
  },
  {
    "Type": "StaticMeshComponent",
    "Name": "S_Chest_SmokeSheet",
    "Outer": "Tiered_Chest_Athena_4",
    "Class": "UScriptClass'StaticMeshComponent'",
    "Template": {
      "ObjectName": "StaticMeshComponent'Tiered_Chest_Athena_C:S_Chest_SmokeSheet_GEN_VARIABLE'",
      "ObjectPath": "FortniteGame/Content/Building/ActorBlueprints/Containers/Tiered_Chest_Athena.166"
    },
    "Properties": {
      "CachedMaxDrawDistance": 8915.371,
      "AttachParent": {
        "ObjectName": "StaticMeshComponent'Athena_REM_1x1_LP_a:PersistentLevel.Tiered_Chest_Athena_4.StaticMeshComponent0'",
        "ObjectPath": "FortniteGame/Content/Athena/Maps/Buildings/1x1/Athena_REM_1x1_LP_a.34"
      },
      "bNetAddressable": true,
      "CreationMethod": "EComponentCreationMethod::SimpleConstructionScript"
    }
  },
  {
    "Type": "StaticMeshComponent",
    "Name": "StaticMeshComponent0",
    "Outer": "Tiered_Chest_Athena_4",
    "Class": "UScriptClass'StaticMeshComponent'",
    "Template": {
      "ObjectName": "StaticMeshComponent'Default__Tiered_Chest_Athena_C:StaticMeshComponent0'",
      "ObjectPath": "FortniteGame/Content/Building/ActorBlueprints/Containers/Tiered_Chest_Athena.164"
    },
    "Properties": {
      "OverrideMaterials": [
        null
      ],
      "LDMaxDrawDistance": 0.0,
      "CachedMaxDrawDistance": 8915.371,
      "RelativeLocation": {
        "X": 191.0,
        "Y": 85.0,
        "Z": 86.0
      },
      "RelativeRotation": {
        "Pitch": 0.0,
        "Yaw": 89.99999,
        "Roll": 0.0
      }
    }
  },
  {
    "Type": "Tiered_Chest_Athena_C",
    "Name": "Tiered_Chest_Athena_4",
    "Outer": "PersistentLevel",
    "Class": "BlueprintGeneratedClass'FortniteGame/Content/Building/ActorBlueprints/Containers/Tiered_Chest_Athena.Tiered_Chest_Athena_C'",
    "Template": {
      "ObjectName": "Tiered_Chest_Athena_C'Default__Tiered_Chest_Athena_C'",
      "ObjectPath": "FortniteGame/Content/Building/ActorBlueprints/Containers/Tiered_Chest_Athena.2"
    },
    "Properties": {
      "P_Loot_Chest_Aura_Athena": {
        "ObjectName": "ParticleSystemComponent'Athena_REM_1x1_LP_a:PersistentLevel.Tiered_Chest_Athena_4.P_Loot_Chest_Aura_Athena'",
        "ObjectPath": "FortniteGame/Content/Athena/Maps/Buildings/1x1/Athena_REM_1x1_LP_a.14"
      },
      "S_Chest_SmokeSheet": {
        "ObjectName": "StaticMeshComponent'Athena_REM_1x1_LP_a:PersistentLevel.Tiered_Chest_Athena_4.S_Chest_SmokeSheet'",
        "ObjectPath": "FortniteGame/Content/Athena/Maps/Buildings/1x1/Athena_REM_1x1_LP_a.33"
      },
      "TrasureLight": {
        "ObjectName": "PointLightComponent'Athena_REM_1x1_LP_a:PersistentLevel.Tiered_Chest_Athena_4.TrasureLight'",
        "ObjectPath": "FortniteGame/Content/Athena/Maps/Buildings/1x1/Athena_REM_1x1_LP_a.20"
      },
      "Chest_Ambient_Sound": {
        "ObjectName": "AudioComponent'Athena_REM_1x1_LP_a:PersistentLevel.Tiered_Chest_Athena_4.Chest_Ambient_Sound'",
        "ObjectPath": "FortniteGame/Content/Athena/Maps/Buildings/1x1/Athena_REM_1x1_LP_a.5"
      },
      "MobileSelectedTL": {
        "ObjectName": "TimelineComponent'Athena_REM_1x1_LP_a:PersistentLevel.Tiered_Chest_Athena_4.MobileSelectedTL'",
        "ObjectPath": "FortniteGame/Content/Athena/Maps/Buildings/1x1/Athena_REM_1x1_LP_a.37"
      },
      "MobileOnInteractTL": {
        "ObjectName": "TimelineComponent'Athena_REM_1x1_LP_a:PersistentLevel.Tiered_Chest_Athena_4.MobileOnInteractTL'",
        "ObjectPath": "FortniteGame/Content/Athena/Maps/Buildings/1x1/Athena_REM_1x1_LP_a.36"
      },
      "TimeOfDayControlledLights": [
        {
          "ObjectName": "PointLightComponent'Athena_REM_1x1_LP_a:PersistentLevel.Tiered_Chest_Athena_4.TrasureLight'",
          "ObjectPath": "FortniteGame/Content/Athena/Maps/Buildings/1x1/Athena_REM_1x1_LP_a.20"
        }
      ],
      "StaticMeshComponent": {
        "ObjectName": "StaticMeshComponent'Athena_REM_1x1_LP_a:PersistentLevel.Tiered_Chest_Athena_4.StaticMeshComponent0'",
        "ObjectPath": "FortniteGame/Content/Athena/Maps/Buildings/1x1/Athena_REM_1x1_LP_a.34"
      },
      "ParentActorToAttachTo": {
        "ObjectName": "Athena_Prop_Kitchen_Cabinets_Counter_01_C'Athena_REM_1x1_LP_a:PersistentLevel.Athena_Prop_Kitchen_Cabinets_Counter_01_2'",
        "ObjectPath": "FortniteGame/Content/Athena/Maps/Buildings/1x1/Athena_REM_1x1_LP_a.1"
      },
      "MyGuid": "54405946-42A901CB-332BCC88-92BEDE57",
      "DataVersion": 1,
      "CullDistance": 8915.371,
      "RootComponent": {
        "ObjectName": "StaticMeshComponent'Athena_REM_1x1_LP_a:PersistentLevel.Tiered_Chest_Athena_4.StaticMeshComponent0'",
        "ObjectPath": "FortniteGame/Content/Athena/Maps/Buildings/1x1/Athena_REM_1x1_LP_a.34"
      },
      "BlueprintCreatedComponents": [
        {
          "ObjectName": "AudioComponent'Athena_REM_1x1_LP_a:PersistentLevel.Tiered_Chest_Athena_4.Chest_Ambient_Sound'",
          "ObjectPath": "FortniteGame/Content/Athena/Maps/Buildings/1x1/Athena_REM_1x1_LP_a.5"
        },
        {
          "ObjectName": "PointLightComponent'Athena_REM_1x1_LP_a:PersistentLevel.Tiered_Chest_Athena_4.TrasureLight'",
          "ObjectPath": "FortniteGame/Content/Athena/Maps/Buildings/1x1/Athena_REM_1x1_LP_a.20"
        },
        {
          "ObjectName": "StaticMeshComponent'Athena_REM_1x1_LP_a:PersistentLevel.Tiered_Chest_Athena_4.S_Chest_SmokeSheet'",
          "ObjectPath": "FortniteGame/Content/Athena/Maps/Buildings/1x1/Athena_REM_1x1_LP_a.33"
        },
        {
          "ObjectName": "ParticleSystemComponent'Athena_REM_1x1_LP_a:PersistentLevel.Tiered_Chest_Athena_4.P_Loot_Chest_Aura_Athena'",
          "ObjectPath": "FortniteGame/Content/Athena/Maps/Buildings/1x1/Athena_REM_1x1_LP_a.14"
        },
        {
          "ObjectName": "TimelineComponent'Athena_REM_1x1_LP_a:PersistentLevel.Tiered_Chest_Athena_4.MobileOnInteractTL'",
          "ObjectPath": "FortniteGame/Content/Athena/Maps/Buildings/1x1/Athena_REM_1x1_LP_a.36"
        },
        {
          "ObjectName": "TimelineComponent'Athena_REM_1x1_LP_a:PersistentLevel.Tiered_Chest_Athena_4.MobileSelectedTL'",
          "ObjectPath": "FortniteGame/Content/Athena/Maps/Buildings/1x1/Athena_REM_1x1_LP_a.37"
        }
      ]
    }
  },
  {
    "Type": "TimelineComponent",
    "Name": "MobileOnInteractTL",
    "Outer": "Tiered_Chest_Athena_4",
    "Class": "UScriptClass'TimelineComponent'",
    "Properties": {
      "TheTimeline": {
        "LengthMode": "TL_TimelineLength",
        "Length": 0.25,
        "InterpFloats": [
          {
            "FloatCurve": {
              "ObjectName": "CurveFloat'Tiered_Chest_Athena_C:CurveFloat_0'",
              "ObjectPath": "FortniteGame/Content/Building/ActorBlueprints/Containers/Tiered_Chest_Athena.85"
            },
            "InterpFunc": {
              "Num": 0,
              "Name": "None"
            },
            "TrackName": "LERP",
            "FloatPropertyName": "MobileOnInteractTL_LERP_9BD788A146DACD005BAF94BEBEDAB584"
          }
        ],
        "TimelinePostUpdateFunc": {
          "Num": 36,
          "Name": "MobileOnInteractTL__UpdateFunc"
        },
        "TimelineFinishedFunc": {
          "Num": 36,
          "Name": "MobileOnInteractTL__FinishedFunc"
        },
        "PropertySetObject": {
          "ObjectName": "Tiered_Chest_Athena_C'Athena_REM_1x1_LP_a:PersistentLevel.Tiered_Chest_Athena_4'",
          "ObjectPath": "FortniteGame/Content/Athena/Maps/Buildings/1x1/Athena_REM_1x1_LP_a.35"
        },
        "DirectionPropertyName": "MobileOnInteractTL__Direction_9BD788A146DACD005BAF94BEBEDAB584"
      },
      "bNetAddressable": true,
      "CreationMethod": "EComponentCreationMethod::UserConstructionScript"
    }
  },
  {
    "Type": "TimelineComponent",
    "Name": "MobileSelectedTL",
    "Outer": "Tiered_Chest_Athena_4",
    "Class": "UScriptClass'TimelineComponent'",
    "Properties": {
      "TheTimeline": {
        "LengthMode": "TL_TimelineLength",
        "Length": 0.21,
        "InterpFloats": [
          {
            "FloatCurve": {
              "ObjectName": "CurveFloat'Tiered_Chest_Athena_C:CurveFloat_0_1'",
              "ObjectPath": "FortniteGame/Content/Building/ActorBlueprints/Containers/Tiered_Chest_Athena.86"
            },
            "InterpFunc": {
              "Num": 0,
              "Name": "None"
            },
            "TrackName": "LerpObject",
            "FloatPropertyName": "MobileSelectedTL_LerpObject_EEB30EBE433E8977EDA63DB381EAF0C8"
          },
          {
            "FloatCurve": {
              "ObjectName": "CurveFloat'Tiered_Chest_Athena_C:CurveFloat_1'",
              "ObjectPath": "FortniteGame/Content/Building/ActorBlueprints/Containers/Tiered_Chest_Athena.87"
            },
            "InterpFunc": {
              "Num": 0,
              "Name": "None"
            },
            "TrackName": "LerpInteactoIcon",
            "FloatPropertyName": "MobileSelectedTL_LerpInteactoIcon_EEB30EBE433E8977EDA63DB381EAF0C8"
          }
        ],
        "TimelinePostUpdateFunc": {
          "Num": 36,
          "Name": "MobileSelectedTL__UpdateFunc"
        },
        "TimelineFinishedFunc": {
          "Num": 36,
          "Name": "MobileSelectedTL__FinishedFunc"
        },
        "PropertySetObject": {
          "ObjectName": "Tiered_Chest_Athena_C'Athena_REM_1x1_LP_a:PersistentLevel.Tiered_Chest_Athena_4'",
          "ObjectPath": "FortniteGame/Content/Athena/Maps/Buildings/1x1/Athena_REM_1x1_LP_a.35"
        },
        "DirectionPropertyName": "MobileSelectedTL__Direction_EEB30EBE433E8977EDA63DB381EAF0C8"
      },
      "bNetAddressable": true,
      "CreationMethod": "EComponentCreationMethod::UserConstructionScript"
    }
  },
  {
    "Type": "World",
    "Name": "Athena_REM_1x1_LP_a",
    "Class": "UScriptClass'World'",
    "Properties": {
      "DefaultPhysicsVolume": null
    },
    "PersistentLevel": {
      "ObjectName": "Level'Athena_REM_1x1_LP_a:PersistentLevel'",
      "ObjectPath": "FortniteGame/Content/Athena/Maps/Buildings/1x1/Athena_REM_1x1_LP_a.9"
    },
    "ExtraReferencedObjects": [],
    "StreamingLevels": []
  }
]