[
  {
    "Type": "StructProperty",
    "Name": "UberGraphFrame",
    "Outer": "Athena_REM_1x1_Shack_Cube_C",
    "Class": "UScriptClass'StructProperty'",
    "PropertyFlags": "Transient | DuplicateTransient",
    "BlueprintReplicationCondition": "188",
    "Struct": null
  },
  {
    "Type": "BlueprintGeneratedClass",
    "Name": "Athena_REM_1x1_Shack_Cube_C",
    "Class": "UScriptClass'BlueprintGeneratedClass'",
    "Properties": {
      "UberGraphFramePointerProperty": {
        "ObjectName": "StructProperty'Athena_REM_1x1_Shack_Cube_C:UberGraphFrame'",
        "ObjectPath": "FortniteGame/Content/Athena/Maps/Buildings/1x1/Athena_REM_1x1_Shack_Cube.0"
      },
      "UberGraphFunction": {
        "ObjectName": "Function'Athena_REM_1x1_Shack_Cube_C:ExecuteUbergraph_Athena_REM_1x1_Shack_Cube'",
        "ObjectPath": "FortniteGame/Content/Athena/Maps/Buildings/1x1/Athena_REM_1x1_Shack_Cube.15"
      }
    },
    "SuperStruct": {
      "ObjectName": "Class'FortLevelScriptActor'",
      "ObjectPath": "/Script/FortniteGame"
    },
    "Children": [
      {
        "ObjectName": "StructProperty'Athena_REM_1x1_Shack_Cube_C:UberGraphFrame'",
        "ObjectPath": "FortniteGame/Content/Athena/Maps/Buildings/1x1/Athena_REM_1x1_Shack_Cube.0"
      },
      {
        "ObjectName": "Function'Athena_REM_1x1_Shack_Cube_C:ReceiveBeginPlay'",
        "ObjectPath": "FortniteGame/Content/Athena/Maps/Buildings/1x1/Athena_REM_1x1_Shack_Cube.16"
      },
      {
        "ObjectName": "Function'Athena_REM_1x1_Shack_Cube_C:ExecuteUbergraph_Athena_REM_1x1_Shack_Cube'",
        "ObjectPath": "FortniteGame/Content/Athena/Maps/Buildings/1x1/Athena_REM_1x1_Shack_Cube.15"
      }
    ],
    "FuncMap": {
      "ExecuteUbergraph_Athena_REM_1x1_Shack_Cube": {
        "ObjectName": "Function'Athena_REM_1x1_Shack_Cube_C:ExecuteUbergraph_Athena_REM_1x1_Shack_Cube'",
        "ObjectPath": "FortniteGame/Content/Athena/Maps/Buildings/1x1/Athena_REM_1x1_Shack_Cube.15"
      },
      "ReceiveBeginPlay": {
        "ObjectName": "Function'Athena_REM_1x1_Shack_Cube_C:ReceiveBeginPlay'",
        "ObjectPath": "FortniteGame/Content/Athena/Maps/Buildings/1x1/Athena_REM_1x1_Shack_Cube.16"
      }
    },
    "ClassFlags": "CLASS_Optional | CLASS_NotPlaceable | CLASS_ReplicationDataIsSetUp | CLASS_CompiledFromBlueprint | CLASS_HasInstancedReference",
    "ClassWithin": {
      "ObjectName": "Class'Object'",
      "ObjectPath": "/Script/CoreUObject"
    },
    "ClassConfigName": "Engine",
    "bCooked": true,
    "ClassDefaultObject": {
      "ObjectName": "Athena_REM_1x1_Shack_Cube_C'Default__Athena_REM_1x1_Shack_Cube_C'",
      "ObjectPath": "FortniteGame/Content/Athena/Maps/Buildings/1x1/Athena_REM_1x1_Shack_Cube.2"
    }
  },
  {
    "Type": "Athena_REM_1x1_Shack_Cube_C",
    "Name": "Default__Athena_REM_1x1_Shack_Cube_C",
    "Class": "BlueprintGeneratedClass'FortniteGame/Content/Athena/Maps/Buildings/1x1/Athena_REM_1x1_Shack_Cube.Athena_REM_1x1_Shack_Cube_C'",
    "Properties": {
      "UberGraphFrame": {}
    }
  },
  {
    "Type": "Athena_REM_1x1_Shack_Cube_C",
    "Name": "Athena_REM_1x1_Shack_Cube_C_0",
    "Outer": "PersistentLevel",
    "Class": "BlueprintGeneratedClass'FortniteGame/Content/Athena/Maps/Buildings/1x1/Athena_REM_1x1_Shack_Cube.Athena_REM_1x1_Shack_Cube_C'",
    "Template": {
      "ObjectName": "Athena_REM_1x1_Shack_Cube_C'Default__Athena_REM_1x1_Shack_Cube_C'",
      "ObjectPath": "FortniteGame/Content/Athena/Maps/Buildings/1x1/Athena_REM_1x1_Shack_Cube.2"
    }
  },
  {
    "Type": "Barriers_Wood02_C",
    "Name": "Barriers_Wood02_2",
    "Outer": "PersistentLevel",
    "Class": "BlueprintGeneratedClass'FortniteGame/Content/Building/ActorBlueprints/Prop/Barriers_Wood02.Barriers_Wood02_C'",
    "Template": {
      "ObjectName": "Barriers_Wood02_C'Default__Barriers_Wood02_C'",
      "ObjectPath": "FortniteGame/Content/Building/ActorBlueprints/Prop/Barriers_Wood02.1"
    },
    "Properties": {
      "StaticMeshComponent": {
        "ObjectName": "StaticMeshComponent'Athena_REM_1x1_Shack_Cube:PersistentLevel.Barriers_Wood02_2.StaticMeshComponent0'",
        "ObjectPath": "FortniteGame/Content/Athena/Maps/Buildings/1x1/Athena_REM_1x1_Shack_Cube.23"
      },
      "ParentActorToAttachTo": {
        "ObjectName": "SM_Farm_Doorway_2_C'Athena_REM_1x1_Shack_Cube:PersistentLevel.SM_Farm_Wall_11'",
        "ObjectPath": "FortniteGame/Content/Athena/Maps/Buildings/1x1/Athena_REM_1x1_Shack_Cube.22"
      },
      "MyGuid": "DB3C26A1-42CAE05D-A89A8C99-778949CB",
      "DataVersion": 1,
      "CullDistance": 18708.215,
      "RootComponent": {
        "ObjectName": "StaticMeshComponent'Athena_REM_1x1_Shack_Cube:PersistentLevel.Barriers_Wood02_2.StaticMeshComponent0'",
        "ObjectPath": "FortniteGame/Content/Athena/Maps/Buildings/1x1/Athena_REM_1x1_Shack_Cube.23"
      }
    }
  },
  {
    "Type": "Boardwalk_Archway_C",
    "Name": "Boardwalk_Archway_25",
    "Outer": "PersistentLevel",
    "Class": "BlueprintGeneratedClass'FortniteGame/Content/Building/ActorBlueprints/Wall/Boardwalk_Archway.Boardwalk_Archway_C'",
    "Template": {
      "ObjectName": "Boardwalk_Archway_C'Default__Boardwalk_Archway_C'",
      "ObjectPath": "FortniteGame/Content/Building/ActorBlueprints/Wall/Boardwalk_Archway.1"
    },
    "Properties": {
      "TextureData": {
        "ObjectName": "BuildingTextureData'Construction_DockWoodLite'",
        "ObjectPath": "FortniteGame/Content/Building/TextureData/Trim/Construction_DockWoodLite.0"
      },
      "StaticMeshComponent": {
        "ObjectName": "StaticMeshComponent'Athena_REM_1x1_Shack_Cube:PersistentLevel.Boardwalk_Archway_25.StaticMeshComponent0'",
        "ObjectPath": "FortniteGame/Content/Athena/Maps/Buildings/1x1/Athena_REM_1x1_Shack_Cube.24"
      },
      "BaseMaterial": {
        "ObjectName": "MaterialInstanceConstant'M_Wood_Dock'",
        "ObjectPath": "FortniteGame/Content/Packages/DS_Fortnight/SM/Materials/M_Wood_Dock.0"
      },
      "MyGuid": "EEFFEBA2-41453B33-E055FE8B-79D8D35A",
      "DataVersion": 1,
      "CullDistance": 0.0,
      "RootComponent": {
        "ObjectName": "StaticMeshComponent'Athena_REM_1x1_Shack_Cube:PersistentLevel.Boardwalk_Archway_25.StaticMeshComponent0'",
        "ObjectPath": "FortniteGame/Content/Athena/Maps/Buildings/1x1/Athena_REM_1x1_Shack_Cube.24"
      }
    }
  },
  {
    "Type": "Boardwalk_Archway_C",
    "Name": "Boardwalk_Archway_26",
    "Outer": "PersistentLevel",
    "Class": "BlueprintGeneratedClass'FortniteGame/Content/Building/ActorBlueprints/Wall/Boardwalk_Archway.Boardwalk_Archway_C'",
    "Template": {
      "ObjectName": "Boardwalk_Archway_C'Default__Boardwalk_Archway_C'",
      "ObjectPath": "FortniteGame/Content/Building/ActorBlueprints/Wall/Boardwalk_Archway.1"
    },
    "Properties": {
      "TextureData": {
        "ObjectName": "BuildingTextureData'Construction_DockWoodLite'",
        "ObjectPath": "FortniteGame/Content/Building/TextureData/Trim/Construction_DockWoodLite.0"
      },
      "StaticMeshComponent": {
        "ObjectName": "StaticMeshComponent'Athena_REM_1x1_Shack_Cube:PersistentLevel.Boardwalk_Archway_26.StaticMeshComponent0'",
        "ObjectPath": "FortniteGame/Content/Athena/Maps/Buildings/1x1/Athena_REM_1x1_Shack_Cube.25"
      },
      "BaseMaterial": {
        "ObjectName": "MaterialInstanceConstant'M_Wood_Dock'",
        "ObjectPath": "FortniteGame/Content/Packages/DS_Fortnight/SM/Materials/M_Wood_Dock.0"
      },
      "MyGuid": "FAC33FA5-43DC4AC0-E70074A5-0482C33F",
      "DataVersion": 1,
      "CullDistance": 0.0,
      "RootComponent": {
        "ObjectName": "StaticMeshComponent'Athena_REM_1x1_Shack_Cube:PersistentLevel.Boardwalk_Archway_26.StaticMeshComponent0'",
        "ObjectPath": "FortniteGame/Content/Athena/Maps/Buildings/1x1/Athena_REM_1x1_Shack_Cube.25"
      }
    }
  },
  {
    "Type": "Boardwalk_Archway_C",
    "Name": "Boardwalk_Archway_27",
    "Outer": "PersistentLevel",
    "Class": "BlueprintGeneratedClass'FortniteGame/Content/Building/ActorBlueprints/Wall/Boardwalk_Archway.Boardwalk_Archway_C'",
    "Template": {
      "ObjectName": "Boardwalk_Archway_C'Default__Boardwalk_Archway_C'",
      "ObjectPath": "FortniteGame/Content/Building/ActorBlueprints/Wall/Boardwalk_Archway.1"
    },
    "Properties": {
      "TextureData": {
        "ObjectName": "BuildingTextureData'Construction_DockWoodLite'",
        "ObjectPath": "FortniteGame/Content/Building/TextureData/Trim/Construction_DockWoodLite.0"
      },
      "StaticMeshComponent": {
        "ObjectName": "StaticMeshComponent'Athena_REM_1x1_Shack_Cube:PersistentLevel.Boardwalk_Archway_27.StaticMeshComponent0'",
        "ObjectPath": "FortniteGame/Content/Athena/Maps/Buildings/1x1/Athena_REM_1x1_Shack_Cube.26"
      },
      "BaseMaterial": {
        "ObjectName": "MaterialInstanceConstant'M_Wood_Dock'",
        "ObjectPath": "FortniteGame/Content/Packages/DS_Fortnight/SM/Materials/M_Wood_Dock.0"
      },
      "MyGuid": "E0840D8B-4C571E6C-18C42A96-22651B61",
      "DataVersion": 1,
      "CullDistance": 0.0,
      "RootComponent": {
        "ObjectName": "StaticMeshComponent'Athena_REM_1x1_Shack_Cube:PersistentLevel.Boardwalk_Archway_27.StaticMeshComponent0'",
        "ObjectPath": "FortniteGame/Content/Athena/Maps/Buildings/1x1/Athena_REM_1x1_Shack_Cube.26"
      }
    }
  },
  {
    "Type": "Boardwalk_Archway_C",
    "Name": "Boardwalk_Archway_28",
    "Outer": "PersistentLevel",
    "Class": "BlueprintGeneratedClass'FortniteGame/Content/Building/ActorBlueprints/Wall/Boardwalk_Archway.Boardwalk_Archway_C'",
    "Template": {
      "ObjectName": "Boardwalk_Archway_C'Default__Boardwalk_Archway_C'",
      "ObjectPath": "FortniteGame/Content/Building/ActorBlueprints/Wall/Boardwalk_Archway.1"
    },
    "Properties": {
      "TextureData": {
        "ObjectName": "BuildingTextureData'Construction_DockWoodLite'",
        "ObjectPath": "FortniteGame/Content/Building/TextureData/Trim/Construction_DockWoodLite.0"
      },
      "StaticMeshComponent": {
        "ObjectName": "StaticMeshComponent'Athena_REM_1x1_Shack_Cube:PersistentLevel.Boardwalk_Archway_28.StaticMeshComponent0'",
        "ObjectPath": "FortniteGame/Content/Athena/Maps/Buildings/1x1/Athena_REM_1x1_Shack_Cube.27"
      },
      "BaseMaterial": {
        "ObjectName": "MaterialInstanceConstant'M_Wood_Dock'",
        "ObjectPath": "FortniteGame/Content/Packages/DS_Fortnight/SM/Materials/M_Wood_Dock.0"
      },
      "MyGuid": "4FBA5888-4CB218F7-31B22BAA-2EF4CD18",
      "DataVersion": 1,
      "CullDistance": 0.0,
      "RootComponent": {
        "ObjectName": "StaticMeshComponent'Athena_REM_1x1_Shack_Cube:PersistentLevel.Boardwalk_Archway_28.StaticMeshComponent0'",
        "ObjectPath": "FortniteGame/Content/Athena/Maps/Buildings/1x1/Athena_REM_1x1_Shack_Cube.27"
      }
    }
  },
  {
    "Type": "Boardwalk_Floor_C",
    "Name": "Boardwalk_Floor_15",
    "Outer": "PersistentLevel",
    "Class": "BlueprintGeneratedClass'FortniteGame/Content/Building/ActorBlueprints/Floor/Boardwalk_Floor.Boardwalk_Floor_C'",
    "Template": {
      "ObjectName": "Boardwalk_Floor_C'Default__Boardwalk_Floor_C'",
      "ObjectPath": "FortniteGame/Content/Building/ActorBlueprints/Floor/Boardwalk_Floor.1"
    },
    "Properties": {
      "TextureData": {
        "ObjectName": "BuildingTextureData'Construction_DockWoodLite'",
        "ObjectPath": "FortniteGame/Content/Building/TextureData/Trim/Construction_DockWoodLite.0"
      },
      "StaticMeshComponent": {
        "ObjectName": "StaticMeshComponent'Athena_REM_1x1_Shack_Cube:PersistentLevel.Boardwalk_Floor_15.StaticMeshComponent0'",
        "ObjectPath": "FortniteGame/Content/Athena/Maps/Buildings/1x1/Athena_REM_1x1_Shack_Cube.28"
      },
      "BaseMaterial": {
        "ObjectName": "MaterialInstanceConstant'M_Wood_Dock'",
        "ObjectPath": "FortniteGame/Content/Packages/DS_Fortnight/SM/Materials/M_Wood_Dock.0"
      },
      "MyGuid": "E53F6195-458356D2-65758289-67D6301A",
      "DataVersion": 1,
      "CullDistance": 0.0,
      "RootComponent": {
        "ObjectName": "StaticMeshComponent'Athena_REM_1x1_Shack_Cube:PersistentLevel.Boardwalk_Floor_15.StaticMeshComponent0'",
        "ObjectPath": "FortniteGame/Content/Athena/Maps/Buildings/1x1/Athena_REM_1x1_Shack_Cube.28"
      }
    }
  },
  {
    "Type": "BoxComponent",
    "Name": "BoxComponent0",
    "Outer": "LevelBounds_0",
    "Class": "UScriptClass'BoxComponent'",
    "Properties": {
      "AreaClass": {
        "ObjectName": "Class'FortMetaNavArea_Obstacles'",
        "ObjectPath": "/Script/FortniteGame"
      },
      "BodyInstance": {
        "MaxAngularVelocity": 3599.9998
      },
      "RelativeLocation": {
        "X": -0.00010681152,
        "Y": -47.95009,
        "Z": 9.033691
      },
      "RelativeScale3D": {
        "X": 550.808,
        "Y": 646.708,
        "Z": 786.0674
      }
    }
  },
  {
    "Type": "Construction_DlbWindow_01_C",
    "Name": "Construction_Roof_Wall_1",
    "Outer": "PersistentLevel",
    "Class": "BlueprintGeneratedClass'FortniteGame/Content/Building/ActorBlueprints/Wall/Construction_DlbWindow_01.Construction_DlbWindow_01_C'",
    "Template": {
      "ObjectName": "Construction_DlbWindow_01_C'Default__Construction_DlbWindow_01_C'",
      "ObjectPath": "FortniteGame/Content/Building/ActorBlueprints/Wall/Construction_DlbWindow_01.1"
    },
    "Properties": {
      "StaticMeshComponent": {
        "ObjectName": "StaticMeshComponent'Athena_REM_1x1_Shack_Cube:PersistentLevel.Construction_Roof_Wall_1.StaticMeshComponent0'",
        "ObjectPath": "FortniteGame/Content/Athena/Maps/Buildings/1x1/Athena_REM_1x1_Shack_Cube.29"
      },
      "MyGuid": "B3746EF5-4AABDBDD-02A2C9A0-5242F0C2",
      "DataVersion": 1,
      "CullDistance": 0.0,
      "RootComponent": {
        "ObjectName": "StaticMeshComponent'Athena_REM_1x1_Shack_Cube:PersistentLevel.Construction_Roof_Wall_1.StaticMeshComponent0'",
        "ObjectPath": "FortniteGame/Content/Athena/Maps/Buildings/1x1/Athena_REM_1x1_Shack_Cube.29"
      }
    }
  },
  {
    "Type": "Construction_Wall_Solid_01_C",
    "Name": "Construction_Wall_Solid_01_3",
    "Outer": "PersistentLevel",
    "Class": "BlueprintGeneratedClass'FortniteGame/Content/Building/ActorBlueprints/Wall/Construction_Wall_Solid_01.Construction_Wall_Solid_01_C'",
    "Template": {
      "ObjectName": "Construction_Wall_Solid_01_C'Default__Construction_Wall_Solid_01_C'",
      "ObjectPath": "FortniteGame/Content/Building/ActorBlueprints/Wall/Construction_Wall_Solid_01.1"
    },
    "Properties": {
      "StaticMeshComponent": {
        "ObjectName": "StaticMeshComponent'Athena_REM_1x1_Shack_Cube:PersistentLevel.Construction_Wall_Solid_01_3.StaticMeshComponent0'",
        "ObjectPath": "FortniteGame/Content/Athena/Maps/Buildings/1x1/Athena_REM_1x1_Shack_Cube.30"
      },
      "MyGuid": "D647CB3D-45F90BE3-F3D3A697-445AA3C5",
      "DataVersion": 1,
      "CullDistance": 0.0,
      "RootComponent": {
        "ObjectName": "StaticMeshComponent'Athena_REM_1x1_Shack_Cube:PersistentLevel.Construction_Wall_Solid_01_3.StaticMeshComponent0'",
        "ObjectPath": "FortniteGame/Content/Athena/Maps/Buildings/1x1/Athena_REM_1x1_Shack_Cube.30"
      }
    }
  },
  {
    "Type": "FortWorldSettings",
    "Name": "FortWorldSettings",
    "Outer": "PersistentLevel",
    "Class": "UScriptClass'FortWorldSettings'",
    "Properties": {
      "WorldCells": [
        2147483647,
        1
      ],
      "WorldCellsOrigin": {
        "X": 512.0,
        "Y": 512.0,
        "Z": 0.0
      },
      "MinCullObjectSize": 64.0,
      "MinCullDistance": 2800.0,
      "MaxCullObjectSize": 1000.0,
      "MaxCullDistance": 40000.0,
      "bEnableNavigationSystem": false,
      "NavigationSystemConfig": {
        "ObjectName": "NavigationSystemModuleConfig'Athena_REM_1x1_Shack_Cube:PersistentLevel.FortWorldSettings.NavigationSystemConfig_0'",
        "ObjectPath": "FortniteGame/Content/Athena/Maps/Buildings/1x1/Athena_REM_1x1_Shack_Cube.21"
      },
      "BookmarkArray": [
        null,
        null,
        null,
        null,
        null,
        null,
        null,
        null,
        null,
        null
      ]
    }
  },
  {
    "Type": "IntProperty",
    "Name": "EntryPoint",
    "Outer": "ExecuteUbergraph_Athena_REM_1x1_Shack_Cube",
    "Class": "UScriptClass'IntProperty'",
    "PropertyFlags": "BlueprintVisible | BlueprintReadOnly | Parm",
    "BlueprintReplicationCondition": "116"
  },
  {
    "Type": "Function",
    "Name": "ExecuteUbergraph_Athena_REM_1x1_Shack_Cube",
    "Outer": "Athena_REM_1x1_Shack_Cube_C",
    "Class": "UScriptClass'Function'",
    "Children": [
      {
        "ObjectName": "IntProperty'Athena_REM_1x1_Shack_Cube_C:ExecuteUbergraph_Athena_REM_1x1_Shack_Cube.EntryPoint'",
        "ObjectPath": "FortniteGame/Content/Athena/Maps/Buildings/1x1/Athena_REM_1x1_Shack_Cube.14"
      }
    ],
    "FunctionFlags": "FUNC_Final | FUNC_UbergraphFunction"
  },
  {
    "Type": "Function",
    "Name": "ReceiveBeginPlay",
    "Outer": "Athena_REM_1x1_Shack_Cube_C",
    "Class": "UScriptClass'Function'",
    "SuperStruct": {
      "ObjectName": "Function'Actor:ReceiveBeginPlay'",
      "ObjectPath": "/Script/Engine"
    },
    "FunctionFlags": "FUNC_Event | FUNC_Protected | FUNC_BlueprintEvent"
  },
  {
    "Type": "Level",
    "Name": "PersistentLevel",
    "Outer": "Athena_REM_1x1_Shack_Cube",
    "Class": "UScriptClass'Level'",
    "Properties": {
      "Model": {
        "ObjectName": "Model'Athena_REM_1x1_Shack_Cube:PersistentLevel.Model_0'",
        "ObjectPath": "FortniteGame/Content/Athena/Maps/Buildings/1x1/Athena_REM_1x1_Shack_Cube.20"
      },
      "LevelScriptActor": {
        "ObjectName": "Athena_REM_1x1_Shack_Cube_C'Athena_REM_1x1_Shack_Cube:PersistentLevel.Athena_REM_1x1_Shack_Cube_C_0'",
        "ObjectPath": "FortniteGame/Content/Athena/Maps/Buildings/1x1/Athena_REM_1x1_Shack_Cube.3"
      },
      "LevelBuildDataId": "69B2FD87-4B3F6225-FE5FE1AA-AEBA9613",
      "bTextureStreamingRotationChanged": true,
      "WorldSettings": {
        "ObjectName": "FortWorldSettings'Athena_REM_1x1_Shack_Cube:PersistentLevel.FortWorldSettings'",
        "ObjectPath": "FortniteGame/Content/Athena/Maps/Buildings/1x1/Athena_REM_1x1_Shack_Cube.13"
      }
    },
    "Actors": [
      {
        "ObjectName": "FortWorldSettings'Athena_REM_1x1_Shack_Cube:PersistentLevel.FortWorldSettings'",
        "ObjectPath": "FortniteGame/Content/Athena/Maps/Buildings/1x1/Athena_REM_1x1_Shack_Cube.13"
      },
      null,
      {
        "ObjectName": "LevelBounds'Athena_REM_1x1_Shack_Cube:PersistentLevel.LevelBounds_0'",
        "ObjectPath": "FortniteGame/Content/Athena/Maps/Buildings/1x1/Athena_REM_1x1_Shack_Cube.18"
      },
      {
        "ObjectName": "LODActor'Athena_REM_1x1_Shack_Cube:PersistentLevel.LODActor_0'",
        "ObjectPath": "FortniteGame/Content/Athena/Maps/Buildings/1x1/Athena_REM_1x1_Shack_Cube.19"
      },
      {
        "ObjectName": "Boardwalk_Floor_C'Athena_REM_1x1_Shack_Cube:PersistentLevel.Boardwalk_Floor_15'",
        "ObjectPath": "FortniteGame/Content/Athena/Maps/Buildings/1x1/Athena_REM_1x1_Shack_Cube.9"
      },
      {
        "ObjectName": "Boardwalk_Archway_C'Athena_REM_1x1_Shack_Cube:PersistentLevel.Boardwalk_Archway_25'",
        "ObjectPath": "FortniteGame/Content/Athena/Maps/Buildings/1x1/Athena_REM_1x1_Shack_Cube.5"
      },
      {
        "ObjectName": "Boardwalk_Archway_C'Athena_REM_1x1_Shack_Cube:PersistentLevel.Boardwalk_Archway_26'",
        "ObjectPath": "FortniteGame/Content/Athena/Maps/Buildings/1x1/Athena_REM_1x1_Shack_Cube.6"
      },
      {
        "ObjectName": "SM_Farm_Doorway_2_C'Athena_REM_1x1_Shack_Cube:PersistentLevel.SM_Farm_Wall_11'",
        "ObjectPath": "FortniteGame/Content/Athena/Maps/Buildings/1x1/Athena_REM_1x1_Shack_Cube.22"
      },
      {
        "ObjectName": "Barriers_Wood02_C'Athena_REM_1x1_Shack_Cube:PersistentLevel.Barriers_Wood02_2'",
        "ObjectPath": "FortniteGame/Content/Athena/Maps/Buildings/1x1/Athena_REM_1x1_Shack_Cube.4"
      },
      {
        "ObjectName": "Boardwalk_Archway_C'Athena_REM_1x1_Shack_Cube:PersistentLevel.Boardwalk_Archway_27'",
        "ObjectPath": "FortniteGame/Content/Athena/Maps/Buildings/1x1/Athena_REM_1x1_Shack_Cube.7"
      },
      {
        "ObjectName": "Boardwalk_Archway_C'Athena_REM_1x1_Shack_Cube:PersistentLevel.Boardwalk_Archway_28'",
        "ObjectPath": "FortniteGame/Content/Athena/Maps/Buildings/1x1/Athena_REM_1x1_Shack_Cube.8"
      },
      {
        "ObjectName": "Tiered_Athena_FloorLoot_01_C'Athena_REM_1x1_Shack_Cube:PersistentLevel.Tiered_Athena_FloorLoot_01_2'",
        "ObjectPath": "FortniteGame/Content/Athena/Maps/Buildings/1x1/Athena_REM_1x1_Shack_Cube.34"
      },
      {
        "ObjectName": "Construction_DlbWindow_01_C'Athena_REM_1x1_Shack_Cube:PersistentLevel.Construction_Roof_Wall_1'",
        "ObjectPath": "FortniteGame/Content/Athena/Maps/Buildings/1x1/Athena_REM_1x1_Shack_Cube.11"
      },
      {
        "ObjectName": "Construction_Wall_Solid_01_C'Athena_REM_1x1_Shack_Cube:PersistentLevel.Construction_Wall_Solid_01_3'",
        "ObjectPath": "FortniteGame/Content/Athena/Maps/Buildings/1x1/Athena_REM_1x1_Shack_Cube.12"
      },
      {
        "ObjectName": "Athena_REM_1x1_Shack_Cube_C'Athena_REM_1x1_Shack_Cube:PersistentLevel.Athena_REM_1x1_Shack_Cube_C_0'",
        "ObjectPath": "FortniteGame/Content/Athena/Maps/Buildings/1x1/Athena_REM_1x1_Shack_Cube.3"
      }
    ],
    "URL": {
      "Protocol": "unreal",
      "Host": "",
      "Port": 7777,
      "Valid": true,
      "Map": "/Game/Maps/Frontend",
      "Op": [],
      "Portal": ""
    },
    "Model": {
      "ObjectName": "Model'Athena_REM_1x1_Shack_Cube:PersistentLevel.Model_0'",
      "ObjectPath": "FortniteGame/Content/Athena/Maps/Buildings/1x1/Athena_REM_1x1_Shack_Cube.20"
    },
    "ModelComponents": [],
    "LevelScriptActor": {
      "ObjectName": "Athena_REM_1x1_Shack_Cube_C'Athena_REM_1x1_Shack_Cube:PersistentLevel.Athena_REM_1x1_Shack_Cube_C_0'",
      "ObjectPath": "FortniteGame/Content/Athena/Maps/Buildings/1x1/Athena_REM_1x1_Shack_Cube.3"
    },
    "NavListStart": null,
    "NavListEnd": null,
    "PrecomputedVisibilityHandler": {
      "PrecomputedVisibilityCellBucketOriginXY": {
        "X": 0.0,
        "Y": 0.0
      },
      "PrecomputedVisibilityCellSizeXY": 0.0,
      "PrecomputedVisibilityCellSizeZ": 0.0,
      "PrecomputedVisibilityCellBucketSizeXY": 0,
      "PrecomputedVisibilityNumCellBuckets": 0,
      "PrecomputedVisibilityCellBuckets": []
    },
    "PrecomputedVolumeDistanceField": {
      "VolumeMaxDistance": 0.0,
      "VolumeBox": {
        "Min": {
          "X": 0.0,
          "Y": 0.0,
          "Z": 0.0
        },
        "Max": {
          "X": 0.0,
          "Y": 0.0,
          "Z": 0.0
        },
        "IsValid": 0
      },
      "VolumeSizeX": 0,
      "VolumeSizeY": 0,
      "VolumeSizeZ": 0,
      "Data": []
    }
  },
  {
    "Type": "LevelBounds",
    "Name": "LevelBounds_0",
    "Outer": "PersistentLevel",
    "Class": "UScriptClass'LevelBounds'",
    "Properties": {
      "RootComponent": {
        "ObjectName": "BoxComponent'Athena_REM_1x1_Shack_Cube:PersistentLevel.LevelBounds_0.BoxComponent0'",
        "ObjectPath": "FortniteGame/Content/Athena/Maps/Buildings/1x1/Athena_REM_1x1_Shack_Cube.10"
      }
    }
  },
  {
    "Type": "LODActor",
    "Name": "LODActor_0",
    "Outer": "PersistentLevel",
    "Class": "UScriptClass'LODActor'",
    "Properties": {
      "StaticMeshComponent": {
        "ObjectName": "StaticMeshComponent'Athena_REM_1x1_Shack_Cube:PersistentLevel.LODActor_0.StaticMeshComponent0'",
        "ObjectPath": "FortniteGame/Content/Athena/Maps/Buildings/1x1/Athena_REM_1x1_Shack_Cube.31"
      },
      "Proxy": {
        "ObjectName": "HLODProxy'Athena_REM_1x1_Shack_Cube_0_HLOD'",
        "ObjectPath": "FortniteGame/Content/Athena/Maps/Buildings/1x1/HLOD/Athena_REM_1x1_Shack_Cube_0_HLOD.1"
      },
      "Key": "76927B120C6645ACB9200E7FB8896AC3_1A7CFD1F4C57E4DF02D27199AB0FB6FD_B6397B6E_1B864DD1_B8C9D859_ProxyLODMeshReduction",
      "LODDrawDistance": 19440.03,
      "LODLevel": 1,
      "SubActors": [
        {
          "ObjectName": "Boardwalk_Floor_C'Athena_REM_1x1_Shack_Cube:PersistentLevel.Boardwalk_Floor_15'",
          "ObjectPath": "FortniteGame/Content/Athena/Maps/Buildings/1x1/Athena_REM_1x1_Shack_Cube.9"
        },
        {
          "ObjectName": "Boardwalk_Archway_C'Athena_REM_1x1_Shack_Cube:PersistentLevel.Boardwalk_Archway_25'",
          "ObjectPath": "FortniteGame/Content/Athena/Maps/Buildings/1x1/Athena_REM_1x1_Shack_Cube.5"
        },
        {
          "ObjectName": "Boardwalk_Archway_C'Athena_REM_1x1_Shack_Cube:PersistentLevel.Boardwalk_Archway_26'",
          "ObjectPath": "FortniteGame/Content/Athena/Maps/Buildings/1x1/Athena_REM_1x1_Shack_Cube.6"
        },
        {
          "ObjectName": "SM_Farm_Doorway_2_C'Athena_REM_1x1_Shack_Cube:PersistentLevel.SM_Farm_Wall_11'",
          "ObjectPath": "FortniteGame/Content/Athena/Maps/Buildings/1x1/Athena_REM_1x1_Shack_Cube.22"
        },
        {
          "ObjectName": "Boardwalk_Archway_C'Athena_REM_1x1_Shack_Cube:PersistentLevel.Boardwalk_Archway_27'",
          "ObjectPath": "FortniteGame/Content/Athena/Maps/Buildings/1x1/Athena_REM_1x1_Shack_Cube.7"
        },
        {
          "ObjectName": "Boardwalk_Archway_C'Athena_REM_1x1_Shack_Cube:PersistentLevel.Boardwalk_Archway_28'",
          "ObjectPath": "FortniteGame/Content/Athena/Maps/Buildings/1x1/Athena_REM_1x1_Shack_Cube.8"
        },
        {
          "ObjectName": "Construction_DlbWindow_01_C'Athena_REM_1x1_Shack_Cube:PersistentLevel.Construction_Roof_Wall_1'",
          "ObjectPath": "FortniteGame/Content/Athena/Maps/Buildings/1x1/Athena_REM_1x1_Shack_Cube.11"
        },
        {
          "ObjectName": "Construction_Wall_Solid_01_C'Athena_REM_1x1_Shack_Cube:PersistentLevel.Construction_Wall_Solid_01_3'",
          "ObjectPath": "FortniteGame/Content/Athena/Maps/Buildings/1x1/Athena_REM_1x1_Shack_Cube.12"
        }
      ],
      "RootComponent": {
        "ObjectName": "StaticMeshComponent'Athena_REM_1x1_Shack_Cube:PersistentLevel.LODActor_0.StaticMeshComponent0'",
        "ObjectPath": "FortniteGame/Content/Athena/Maps/Buildings/1x1/Athena_REM_1x1_Shack_Cube.31"
      }
    }
  },
  {
    "Type": "Model",
    "Name": "Model_0",
    "Outer": "PersistentLevel",
    "Class": "UScriptClass'Model'",
    "Bounds": {
      "Origin": {
        "X": 0.0,
        "Y": 0.0,
        "Z": 0.0
      },
      "BoxExtent": {
        "X": 0.0,
        "Y": 0.0,
        "Z": 0.0
      },
      "SphereRadius": 0.0
    },
    "Vectors": [],
    "Points": [],
    "Nodes": [],
    "Surfs": [],
    "NumSharedSides": 4,
    "VertexBuffer": {
      "Vertices": []
    },
    "LightingGuid": "B68FE43A-4767190E-70097E8A-7BFE30FD",
    "LightmassSettings": []
  },
  {
    "Type": "NavigationSystemModuleConfig",
    "Name": "NavigationSystemConfig_0",
    "Outer": "FortWorldSettings",
    "Class": "UScriptClass'NavigationSystemModuleConfig'",
    "Properties": {
      "bAutoSpawnMissingNavData": true,
      "NavigationSystemClass": {
        "AssetPathName": "/Script/FortniteGame.FortNavSystem",
        "SubPathString": ""
      }
    }
  },
  {
    "Type": "SM_Farm_Doorway_2_C",
    "Name": "SM_Farm_Wall_11",
    "Outer": "PersistentLevel",
    "Class": "BlueprintGeneratedClass'FortniteGame/Content/Building/ActorBlueprints/Wall/SM_Farm_Doorway_2.SM_Farm_Doorway_2_C'",
    "Template": {
      "ObjectName": "SM_Farm_Doorway_2_C'Default__SM_Farm_Doorway_2_C'",
      "ObjectPath": "FortniteGame/Content/Building/ActorBlueprints/Wall/SM_Farm_Doorway_2.1"
    },
    "Properties": {
      "TextureData": {
        "ObjectName": "BuildingTextureData'MI_Farm_Set_01'",
        "ObjectPath": "FortniteGame/Content/Building/TextureData/WallOuter/MI_Farm_Set_01.0"
      },
      "TextureData": {
        "ObjectName": "BuildingTextureData'MI_Farm_Wood_2'",
        "ObjectPath": "FortniteGame/Content/Building/TextureData/WallOuter/MI_Farm_Wood_2.0"
      },
      "StaticMeshComponent": {
        "ObjectName": "StaticMeshComponent'Athena_REM_1x1_Shack_Cube:PersistentLevel.SM_Farm_Wall_11.StaticMeshComponent0'",
        "ObjectPath": "FortniteGame/Content/Athena/Maps/Buildings/1x1/Athena_REM_1x1_Shack_Cube.32"
      },
      "BaseMaterial": {
        "ObjectName": "MaterialInstanceConstant'M_Fort_Farm_Barn_1'",
        "ObjectPath": "FortniteGame/Content/Environments/Sets/Barn/Materials/M_Fort_Farm_Barn_1.0"
      },
      "MyGuid": "39F60240-40468770-A6BEDDA6-1F9E95C1",
      "DataVersion": 1,
      "CullDistance": 0.0,
      "RootComponent": {
        "ObjectName": "StaticMeshComponent'Athena_REM_1x1_Shack_Cube:PersistentLevel.SM_Farm_Wall_11.StaticMeshComponent0'",
        "ObjectPath": "FortniteGame/Content/Athena/Maps/Buildings/1x1/Athena_REM_1x1_Shack_Cube.32"
      }
    }
  },
  {
    "Type": "StaticMeshComponent",
    "Name": "StaticMeshComponent0",
    "Outer": "Barriers_Wood02_2",
    "Class": "UScriptClass'StaticMeshComponent'",
    "Template": {
      "ObjectName": "StaticMeshComponent'Default__Barriers_Wood02_C:StaticMeshComponent0'",
      "ObjectPath": "FortniteGame/Content/Building/ActorBlueprints/Prop/Barriers_Wood02.4"
    },
    "Properties": {
      "OverrideMaterials": [
        null
      ],
      "CachedMaxDrawDistance": 18708.215,
      "RelativeLocation": {
        "X": -148.0,
        "Y": -344.0,
        "Z": 6.0
      },
      "RelativeRotation": {
        "Pitch": 0.33496612,
        "Yaw": 3.4663973,
        "Roll": -5.5138984
      },
      "RelativeScale3D": {
        "X": 1.1,
        "Y": 1.1,
        "Z": 1.1
      }
    }
  },
  {
    "Type": "StaticMeshComponent",
    "Name": "StaticMeshComponent0",
    "Outer": "Boardwalk_Archway_25",
    "Class": "UScriptClass'StaticMeshComponent'",
    "Template": {
      "ObjectName": "StaticMeshComponent'Default__Boardwalk_Archway_C:StaticMeshComponent0'",
      "ObjectPath": "FortniteGame/Content/Building/ActorBlueprints/Wall/Boardwalk_Archway.4"
    },
    "Properties": {
      "OverrideMaterials": [
        null
      ],
      "LODParentPrimitive": {
        "ObjectName": "StaticMeshComponent'Athena_REM_1x1_Shack_Cube:PersistentLevel.LODActor_0.StaticMeshComponent0'",
        "ObjectPath": "FortniteGame/Content/Athena/Maps/Buildings/1x1/Athena_REM_1x1_Shack_Cube.31"
      },
      "RelativeLocation": {
        "X": 256.0,
        "Y": 0.0,
        "Z": -384.0
      },
      "RelativeRotation": {
        "Pitch": 0.0,
        "Yaw": 89.99999,
        "Roll": 0.0
      }
    }
  },
  {
    "Type": "StaticMeshComponent",
    "Name": "StaticMeshComponent0",
    "Outer": "Boardwalk_Archway_26",
    "Class": "UScriptClass'StaticMeshComponent'",
    "Template": {
      "ObjectName": "StaticMeshComponent'Default__Boardwalk_Archway_C:StaticMeshComponent0'",
      "ObjectPath": "FortniteGame/Content/Building/ActorBlueprints/Wall/Boardwalk_Archway.4"
    },
    "Properties": {
      "OverrideMaterials": [
        null
      ],
      "LODParentPrimitive": {
        "ObjectName": "StaticMeshComponent'Athena_REM_1x1_Shack_Cube:PersistentLevel.LODActor_0.StaticMeshComponent0'",
        "ObjectPath": "FortniteGame/Content/Athena/Maps/Buildings/1x1/Athena_REM_1x1_Shack_Cube.31"
      },
      "RelativeLocation": {
        "X": 0.0,
        "Y": 256.0,
        "Z": -384.0
      },
      "RelativeRotation": {
        "Pitch": 0.0,
        "Yaw": -179.99998,
        "Roll": 0.0
      }
    }
  },
  {
    "Type": "StaticMeshComponent",
    "Name": "StaticMeshComponent0",
    "Outer": "Boardwalk_Archway_27",
    "Class": "UScriptClass'StaticMeshComponent'",
    "Template": {
      "ObjectName": "StaticMeshComponent'Default__Boardwalk_Archway_C:StaticMeshComponent0'",
      "ObjectPath": "FortniteGame/Content/Building/ActorBlueprints/Wall/Boardwalk_Archway.4"
    },
    "Properties": {
      "OverrideMaterials": [
        null
      ],
      "LODParentPrimitive": {
        "ObjectName": "StaticMeshComponent'Athena_REM_1x1_Shack_Cube:PersistentLevel.LODActor_0.StaticMeshComponent0'",
        "ObjectPath": "FortniteGame/Content/Athena/Maps/Buildings/1x1/Athena_REM_1x1_Shack_Cube.31"
      },
      "RelativeLocation": {
        "X": 0.0,
        "Y": -256.0,
        "Z": -384.0
      }
    }
  },
  {
    "Type": "StaticMeshComponent",
    "Name": "StaticMeshComponent0",
    "Outer": "Boardwalk_Archway_28",
    "Class": "UScriptClass'StaticMeshComponent'",
    "Template": {
      "ObjectName": "StaticMeshComponent'Default__Boardwalk_Archway_C:StaticMeshComponent0'",
      "ObjectPath": "FortniteGame/Content/Building/ActorBlueprints/Wall/Boardwalk_Archway.4"
    },
    "Properties": {
      "OverrideMaterials": [
        null
      ],
      "LODParentPrimitive": {
        "ObjectName": "StaticMeshComponent'Athena_REM_1x1_Shack_Cube:PersistentLevel.LODActor_0.StaticMeshComponent0'",
        "ObjectPath": "FortniteGame/Content/Athena/Maps/Buildings/1x1/Athena_REM_1x1_Shack_Cube.31"
      },
      "RelativeLocation": {
        "X": -256.0,
        "Y": 0.0,
        "Z": -384.0
      },
      "RelativeRotation": {
        "Pitch": 0.0,
        "Yaw": -89.999954,
        "Roll": 0.0
      }
    }
  },
  {
    "Type": "StaticMeshComponent",
    "Name": "StaticMeshComponent0",
    "Outer": "Boardwalk_Floor_15",
    "Class": "UScriptClass'StaticMeshComponent'",
    "Template": {
      "ObjectName": "StaticMeshComponent'Default__Boardwalk_Floor_C:StaticMeshComponent0'",
      "ObjectPath": "FortniteGame/Content/Building/ActorBlueprints/Floor/Boardwalk_Floor.4"
    },
    "Properties": {
      "OverrideMaterials": [
        null
      ],
      "LODParentPrimitive": {
        "ObjectName": "StaticMeshComponent'Athena_REM_1x1_Shack_Cube:PersistentLevel.LODActor_0.StaticMeshComponent0'",
        "ObjectPath": "FortniteGame/Content/Athena/Maps/Buildings/1x1/Athena_REM_1x1_Shack_Cube.31"
      },
      "RelativeLocation": {
        "X": 0.0,
        "Y": -255.9961,
        "Z": 0.0
      }
    }
  },
  {
    "Type": "StaticMeshComponent",
    "Name": "StaticMeshComponent0",
    "Outer": "Construction_Roof_Wall_1",
    "Class": "UScriptClass'StaticMeshComponent'",
    "Template": {
      "ObjectName": "StaticMeshComponent'Default__Construction_DlbWindow_01_C:StaticMeshComponent0'",
      "ObjectPath": "FortniteGame/Content/Building/ActorBlueprints/Wall/Construction_DlbWindow_01.4"
    },
    "Properties": {
      "OverrideMaterials": [
        null
      ],
      "LODParentPrimitive": {
        "ObjectName": "StaticMeshComponent'Athena_REM_1x1_Shack_Cube:PersistentLevel.LODActor_0.StaticMeshComponent0'",
        "ObjectPath": "FortniteGame/Content/Athena/Maps/Buildings/1x1/Athena_REM_1x1_Shack_Cube.31"
      },
      "RelativeLocation": {
        "X": -256.0,
        "Y": 0.0,
        "Z": 0.0
      },
      "RelativeRotation": {
        "Pitch": 0.0,
        "Yaw": 89.999954,
        "Roll": 0.0
      }
    }
  },
  {
    "Type": "StaticMeshComponent",
    "Name": "StaticMeshComponent0",
    "Outer": "Construction_Wall_Solid_01_3",
    "Class": "UScriptClass'StaticMeshComponent'",
    "Template": {
      "ObjectName": "StaticMeshComponent'Default__Construction_Wall_Solid_01_C:StaticMeshComponent0'",
      "ObjectPath": "FortniteGame/Content/Building/ActorBlueprints/Wall/Construction_Wall_Solid_01.4"
    },
    "Properties": {
      "OverrideMaterials": [
        null
      ],
      "LODParentPrimitive": {
        "ObjectName": "StaticMeshComponent'Athena_REM_1x1_Shack_Cube:PersistentLevel.LODActor_0.StaticMeshComponent0'",
        "ObjectPath": "FortniteGame/Content/Athena/Maps/Buildings/1x1/Athena_REM_1x1_Shack_Cube.31"
      },
      "RelativeLocation": {
        "X": 256.0,
        "Y": 0.0,
        "Z": 0.0
      },
      "RelativeRotation": {
        "Pitch": 0.0,
        "Yaw": -90.000015,
        "Roll": 0.0
      }
    }
  },
  {
    "Type": "StaticMeshComponent",
    "Name": "StaticMeshComponent0",
    "Outer": "LODActor_0",
    "Class": "UScriptClass'StaticMeshComponent'",
    "Properties": {
      "StaticMesh": {
        "ObjectName": "StaticMesh'SM_Athena_REM_1x1_Shack_Cube_0_Boardwalk_Floor_15'",
        "ObjectPath": "FortniteGame/Content/Athena/Maps/Buildings/1x1/HLOD/Athena_REM_1x1_Shack_Cube_0_HLOD.3"
      },
      "MinDrawDistance": 35000.0,
      "CastShadow": true,
      "bCastStaticShadow": true
    }
  },
  {
    "Type": "StaticMeshComponent",
    "Name": "StaticMeshComponent0",
    "Outer": "SM_Farm_Wall_11",
    "Class": "UScriptClass'StaticMeshComponent'",
    "Template": {
      "ObjectName": "StaticMeshComponent'Default__SM_Farm_Doorway_2_C:StaticMeshComponent0'",
      "ObjectPath": "FortniteGame/Content/Building/ActorBlueprints/Wall/SM_Farm_Doorway_2.4"
    },
    "Properties": {
      "OverrideMaterials": [
        null
      ],
      "LODParentPrimitive": {
        "ObjectName": "StaticMeshComponent'Athena_REM_1x1_Shack_Cube:PersistentLevel.LODActor_0.StaticMeshComponent0'",
        "ObjectPath": "FortniteGame/Content/Athena/Maps/Buildings/1x1/Athena_REM_1x1_Shack_Cube.31"
      },
      "RelativeLocation": {
        "X": 0.0,
        "Y": -255.9961,
        "Z": 0.0
      },
      "RelativeRotation": {
        "Pitch": 0.0,
        "Yaw": -179.99992,
        "Roll": 0.0
      }
    }
  },
  {
    "Type": "StaticMeshComponent",
    "Name": "StaticMeshComponent0",
    "Outer": "Tiered_Athena_FloorLoot_01_2",
    "Class": "UScriptClass'StaticMeshComponent'",
    "Template": {
      "ObjectName": "StaticMeshComponent'Default__Tiered_Athena_FloorLoot_01_C:StaticMeshComponent0'",
      "ObjectPath": "FortniteGame/Content/Athena/Environments/Blueprints/Tiered_Athena_FloorLoot_01.5"
    },
    "Properties": {
      "OverrideMaterials": [
        null
      ],
      "CachedMaxDrawDistance": 10643.375,
      "RelativeLocation": {
        "X": 16.0,
        "Y": -32.0,
        "Z": 8.0
      }
    }
  },
  {
    "Type": "Tiered_Athena_FloorLoot_01_C",
    "Name": "Tiered_Athena_FloorLoot_01_2",
    "Outer": "PersistentLevel",
    "Class": "BlueprintGeneratedClass'FortniteGame/Content/Athena/Environments/Blueprints/Tiered_Athena_FloorLoot_01.Tiered_Athena_FloorLoot_01_C'",
    "Template": {
      "ObjectName": "Tiered_Athena_FloorLoot_01_C'Default__Tiered_Athena_FloorLoot_01_C'",
      "ObjectPath": "FortniteGame/Content/Athena/Environments/Blueprints/Tiered_Athena_FloorLoot_01.1"
    },
    "Properties": {
      "SearchSpeed": {
        "CurveTable": {
          "ObjectName": "CurveTable'AthenaSearchSpeed'",
          "ObjectPath": "FortniteGame/Content/Athena/AthenaSearchSpeed.0"
        }
      },
      "StaticMeshComponent": {
        "ObjectName": "StaticMeshComponent'Athena_REM_1x1_Shack_Cube:PersistentLevel.Tiered_Athena_FloorLoot_01_2.StaticMeshComponent0'",
        "ObjectPath": "FortniteGame/Content/Athena/Maps/Buildings/1x1/Athena_REM_1x1_Shack_Cube.33"
      },
      "MyGuid": "BE20DB99-405B622F-E8674CAA-FC61FE58",
      "DataVersion": 1,
      "CullDistance": 10643.375,
      "RootComponent": {
        "ObjectName": "StaticMeshComponent'Athena_REM_1x1_Shack_Cube:PersistentLevel.Tiered_Athena_FloorLoot_01_2.StaticMeshComponent0'",
        "ObjectPath": "FortniteGame/Content/Athena/Maps/Buildings/1x1/Athena_REM_1x1_Shack_Cube.33"
      }
    }
  },
  {
    "Type": "World",
    "Name": "Athena_REM_1x1_Shack_Cube",
    "Class": "UScriptClass'World'",
    "Properties": {
      "DefaultPhysicsVolume": null
    },
    "PersistentLevel": {
      "ObjectName": "Level'Athena_REM_1x1_Shack_Cube:PersistentLevel'",
      "ObjectPath": "FortniteGame/Content/Athena/Maps/Buildings/1x1/Athena_REM_1x1_Shack_Cube.17"
    },
    "ExtraReferencedObjects": [],
    "StreamingLevels": []
  }
]