[
  {
    "Type": "BoxComponent",
    "Name": "BoxComponent0",
    "Outer": "LevelBounds_0",
    "Class": "UScriptClass'BoxComponent'",
    "Properties": {
      "BodyInstance": {
        "bInterpolateWhenSubStepping": false,
        "MaxAngularVelocity": 3599.9998
      },
      "RelativeLocation": {
        "X": -127500.0,
        "Y": -114750.0,
        "Z": -2828.1328
      },
      "RelativeScale3D": {
        "X": 51000.0,
        "Y": 76500.0,
        "Z": 21699.61
      }
    }
  },
  {
    "Type": "FortWorldSettings",
    "Name": "FortWorldSettings",
    "Outer": "PersistentLevel",
    "Class": "UScriptClass'FortWorldSettings'",
    "Properties": {
      "WorldCells": [
        2147483647,
        1
      ],
      "WorldCellsOrigin": {
        "X": 512.0,
        "Y": 512.0,
        "Z": 0.0
      },
      "MinCullObjectSize": 64.0,
      "MinCullDistance": 2800.0,
      "MaxCullObjectSize": 1000.0,
      "MaxCullDistance": 40000.0,
      "bEnableNavigationSystem": false,
      "NavigationSystemConfig": {
        "ObjectName": "NavigationSystemConfig'Athena_Terrain_LS_00:PersistentLevel.FortWorldSettings.NavigationSystemConfig_0'",
        "ObjectPath": "FortniteGame/Content/Athena/Maps/Landscape/Athena_Terrain_LS_00.29"
      }
    }
  },
  {
    "Type": "LandscapeComponent",
    "Name": "LandscapeComponent_0",
    "Outer": "LandscapeStreamingProxy_0",
    "Class": "UScriptClass'LandscapeComponent'",
    "Properties": {
      "SectionBaseX": 127,
      "SectionBaseY": 254,
      "ComponentSizeQuads": 127,
      "SubsectionSizeQuads": 127,
      "NumSubsections": 1,
      "MaterialInstances": [
        {
          "ObjectName": "LandscapeMaterialInstanceConstant'LandscapeMaterialInstanceConstant_39'",
          "ObjectPath": "FortniteGame/Content/Athena/Maps/Landscape/Athena_Terrain_LS_00.19"
        }
      ],
      "LODIndexToMaterialIndex": [
        0,
        0,
        0,
        0,
        0,
        0,
        0
      ],
      "MaterialIndexToDisabledTessellationMaterial": [
        -1,
        -1,
        -1,
        -1,
        -1,
        -1,
        -1
      ],
      "WeightmapLayerAllocations": [
        {
          "LayerInfo": {
            "ObjectName": "LandscapeLayerInfoObject'Road_LayerInfo'",
            "ObjectPath": "FortniteGame/Content/Athena/Environments/Landscape/LayerInfo/Athena_Terrain/Road_LayerInfo.0"
          },
          "WeightmapTextureIndex": 0,
          "WeightmapTextureChannel": 0
        },
        {
          "LayerInfo": {
            "ObjectName": "LandscapeLayerInfoObject'Gravel_LayerInfo'",
            "ObjectPath": "FortniteGame/Content/Athena/Environments/Landscape/LayerInfo/Athena_Terrain/Gravel_LayerInfo.0"
          },
          "WeightmapTextureIndex": 0,
          "WeightmapTextureChannel": 1
        },
        {
          "LayerInfo": {
            "ObjectName": "LandscapeLayerInfoObject'NoTopo_LayerInfo'",
            "ObjectPath": "FortniteGame/Content/Athena/Environments/Landscape/LayerInfo/Athena_Terrain/NoTopo_LayerInfo.0"
          },
          "WeightmapTextureIndex": 0,
          "WeightmapTextureChannel": 2
        },
        {
          "LayerInfo": {
            "ObjectName": "LandscapeLayerInfoObject'Grass_Topology_LayerInfo'",
            "ObjectPath": "FortniteGame/Content/Athena/Environments/Landscape/LayerInfo/Athena_Terrain/Grass_Topology_LayerInfo.0"
          },
          "WeightmapTextureIndex": 0,
          "WeightmapTextureChannel": 3
        }
      ],
      "WeightmapTextures": [
        {
          "ObjectName": "Texture2D'Texture2D_19'",
          "ObjectPath": "FortniteGame/Content/Athena/Maps/Landscape/Athena_Terrain_LS_00.36"
        }
      ],
      "WeightmapScaleBias": {
        "X": 0.0078125,
        "Y": 0.0078125,
        "Z": 0.00390625,
        "W": 0.00390625
      },
      "WeightmapSubsectionOffset": 1.0,
      "HeightmapScaleBias": {
        "X": 0.0078125,
        "Y": 0.0078125,
        "Z": 0.0,
        "W": 0.0
      },
      "HeightmapTexture": {
        "ObjectName": "Texture2D'Texture2D_0'",
        "ObjectPath": "FortniteGame/Content/Athena/Maps/Landscape/Athena_Terrain_LS_00.31"
      },
      "CachedLocalBox": {
        "Min": {
          "X": 0.0,
          "Y": 0.0,
          "Z": -227.08594
        },
        "Max": {
          "X": 127.0,
          "Y": 127.0,
          "Z": 112.796875
        },
        "IsValid": 1
      },
      "CollisionComponent": {
        "Guid": "A62D696A-4F3C3A41-CDFC4EB2-94BAA450"
      },
      "MapBuildDataId": "F8F7AA11-465A9DE7-18375E8E-B990D6D2",
      "StateId": "D3C49084-4D966058-7609DEA4-A4AFF593",
      "MobileBlendableLayerMask": 4,
      "AttachParent": {
        "ObjectName": "SceneComponent'Athena_Terrain_LS_00:PersistentLevel.LandscapeStreamingProxy_0.RootComponent0'",
        "ObjectPath": "FortniteGame/Content/Athena/Maps/Landscape/Athena_Terrain_LS_00.30"
      }
    }
  },
  {
    "Type": "LandscapeComponent",
    "Name": "LandscapeComponent_1",
    "Outer": "LandscapeStreamingProxy_0",
    "Class": "UScriptClass'LandscapeComponent'",
    "Properties": {
      "SectionBaseY": 254,
      "ComponentSizeQuads": 127,
      "SubsectionSizeQuads": 127,
      "NumSubsections": 1,
      "MaterialInstances": [
        {
          "ObjectName": "LandscapeMaterialInstanceConstant'LandscapeMaterialInstanceConstant_40'",
          "ObjectPath": "FortniteGame/Content/Athena/Maps/Landscape/Athena_Terrain_LS_00.20"
        }
      ],
      "LODIndexToMaterialIndex": [
        0,
        0,
        0,
        0,
        0,
        0,
        0
      ],
      "MaterialIndexToDisabledTessellationMaterial": [
        -1,
        -1,
        -1,
        -1,
        -1,
        -1,
        -1
      ],
      "WeightmapLayerAllocations": [
        {
          "LayerInfo": {
            "ObjectName": "LandscapeLayerInfoObject'Gravel_LayerInfo'",
            "ObjectPath": "FortniteGame/Content/Athena/Environments/Landscape/LayerInfo/Athena_Terrain/Gravel_LayerInfo.0"
          },
          "WeightmapTextureIndex": 0,
          "WeightmapTextureChannel": 3
        },
        {
          "LayerInfo": {
            "ObjectName": "LandscapeLayerInfoObject'Forest_LayerInfo'",
            "ObjectPath": "FortniteGame/Content/Athena/Environments/Landscape/LayerInfo/Athena_Terrain/Forest_LayerInfo.0"
          },
          "WeightmapTextureIndex": 0,
          "WeightmapTextureChannel": 1
        },
        {
          "LayerInfo": {
            "ObjectName": "LandscapeLayerInfoObject'Grass_Topology_LayerInfo'",
            "ObjectPath": "FortniteGame/Content/Athena/Environments/Landscape/LayerInfo/Athena_Terrain/Grass_Topology_LayerInfo.0"
          },
          "WeightmapTextureIndex": 0,
          "WeightmapTextureChannel": 0
        }
      ],
      "WeightmapTextures": [
        {
          "ObjectName": "Texture2D'Texture2D_8'",
          "ObjectPath": "FortniteGame/Content/Athena/Maps/Landscape/Athena_Terrain_LS_00.42"
        }
      ],
      "WeightmapScaleBias": {
        "X": 0.0078125,
        "Y": 0.0078125,
        "Z": 0.00390625,
        "W": 0.00390625
      },
      "WeightmapSubsectionOffset": 1.0,
      "HeightmapScaleBias": {
        "X": 0.0078125,
        "Y": 0.0078125,
        "Z": 0.0,
        "W": 0.0
      },
      "HeightmapTexture": {
        "ObjectName": "Texture2D'Texture2D_1'",
        "ObjectPath": "FortniteGame/Content/Athena/Maps/Landscape/Athena_Terrain_LS_00.32"
      },
      "CachedLocalBox": {
        "Min": {
          "X": 0.0,
          "Y": 0.0,
          "Z": -223.70312
        },
        "Max": {
          "X": 127.0,
          "Y": 127.0,
          "Z": 194.27344
        },
        "IsValid": 1
      },
      "CollisionComponent": {
        "Guid": "9053426C-40A99462-CD10A0AC-C83325FD"
      },
      "MapBuildDataId": "E558FEC4-482BAE23-7FA49BA6-CA9B6277",
      "StateId": "883D3752-46D60AFC-57E05EB2-44A184E7",
      "MobileBlendableLayerMask": 4,
      "AttachParent": {
        "ObjectName": "SceneComponent'Athena_Terrain_LS_00:PersistentLevel.LandscapeStreamingProxy_0.RootComponent0'",
        "ObjectPath": "FortniteGame/Content/Athena/Maps/Landscape/Athena_Terrain_LS_00.30"
      },
      "RelativeLocation": {
        "X": -127.0,
        "Y": 0.0,
        "Z": 0.0
      }
    }
  },
  {
    "Type": "LandscapeComponent",
    "Name": "LandscapeComponent_2",
    "Outer": "LandscapeStreamingProxy_0",
    "Class": "UScriptClass'LandscapeComponent'",
    "Properties": {
      "SectionBaseY": 127,
      "ComponentSizeQuads": 127,
      "SubsectionSizeQuads": 127,
      "NumSubsections": 1,
      "MaterialInstances": [
        {
          "ObjectName": "LandscapeMaterialInstanceConstant'LandscapeMaterialInstanceConstant_41'",
          "ObjectPath": "FortniteGame/Content/Athena/Maps/Landscape/Athena_Terrain_LS_00.21"
        }
      ],
      "LODIndexToMaterialIndex": [
        0,
        0,
        0,
        0,
        0,
        0,
        0
      ],
      "MaterialIndexToDisabledTessellationMaterial": [
        -1,
        -1,
        -1,
        -1,
        -1,
        -1,
        -1
      ],
      "WeightmapLayerAllocations": [
        {
          "LayerInfo": {
            "ObjectName": "LandscapeLayerInfoObject'Road_LayerInfo'",
            "ObjectPath": "FortniteGame/Content/Athena/Environments/Landscape/LayerInfo/Athena_Terrain/Road_LayerInfo.0"
          },
          "WeightmapTextureIndex": 0,
          "WeightmapTextureChannel": 0
        },
        {
          "LayerInfo": {
            "ObjectName": "LandscapeLayerInfoObject'Gravel_LayerInfo'",
            "ObjectPath": "FortniteGame/Content/Athena/Environments/Landscape/LayerInfo/Athena_Terrain/Gravel_LayerInfo.0"
          },
          "WeightmapTextureIndex": 0,
          "WeightmapTextureChannel": 1
        },
        {
          "LayerInfo": {
            "ObjectName": "LandscapeLayerInfoObject'Forest_LayerInfo'",
            "ObjectPath": "FortniteGame/Content/Athena/Environments/Landscape/LayerInfo/Athena_Terrain/Forest_LayerInfo.0"
          },
          "WeightmapTextureIndex": 0,
          "WeightmapTextureChannel": 2
        },
        {
          "LayerInfo": {
            "ObjectName": "LandscapeLayerInfoObject'Grass_Topology_LayerInfo'",
            "ObjectPath": "FortniteGame/Content/Athena/Environments/Landscape/LayerInfo/Athena_Terrain/Grass_Topology_LayerInfo.0"
          },
          "WeightmapTextureIndex": 0,
          "WeightmapTextureChannel": 3
        }
      ],
      "WeightmapTextures": [
        {
          "ObjectName": "Texture2D'Texture2D_17'",
          "ObjectPath": "FortniteGame/Content/Athena/Maps/Landscape/Athena_Terrain_LS_00.34"
        }
      ],
      "WeightmapScaleBias": {
        "X": 0.0078125,
        "Y": 0.0078125,
        "Z": 0.00390625,
        "W": 0.00390625
      },
      "WeightmapSubsectionOffset": 1.0,
      "HeightmapScaleBias": {
        "X": 0.0078125,
        "Y": 0.0078125,
        "Z": 0.0,
        "W": 0.0
      },
      "HeightmapTexture": {
        "ObjectName": "Texture2D'Texture2D_2'",
        "ObjectPath": "FortniteGame/Content/Athena/Maps/Landscape/Athena_Terrain_LS_00.37"
      },
      "CachedLocalBox": {
        "Min": {
          "X": 0.0,
          "Y": 0.0,
          "Z": -235.01562
        },
        "Max": {
          "X": 127.0,
          "Y": 127.0,
          "Z": 194.27344
        },
        "IsValid": 1
      },
      "CollisionComponent": {
        "Guid": "35AB5CA5-4164C037-6A60CEAE-E00053C5"
      },
      "MapBuildDataId": "94ED1A78-444CA78B-676C5688-5C8CFD70",
      "StateId": "1704B7BC-423839A4-A0C6F092-2EAFF2DA",
      "AttachParent": {
        "ObjectName": "SceneComponent'Athena_Terrain_LS_00:PersistentLevel.LandscapeStreamingProxy_0.RootComponent0'",
        "ObjectPath": "FortniteGame/Content/Athena/Maps/Landscape/Athena_Terrain_LS_00.30"
      },
      "RelativeLocation": {
        "X": -127.0,
        "Y": -127.0,
        "Z": 0.0
      }
    }
  },
  {
    "Type": "LandscapeComponent",
    "Name": "LandscapeComponent_3",
    "Outer": "LandscapeStreamingProxy_0",
    "Class": "UScriptClass'LandscapeComponent'",
    "Properties": {
      "SectionBaseX": 127,
      "SectionBaseY": 127,
      "ComponentSizeQuads": 127,
      "SubsectionSizeQuads": 127,
      "NumSubsections": 1,
      "MaterialInstances": [
        {
          "ObjectName": "LandscapeMaterialInstanceConstant'LandscapeMaterialInstanceConstant_42'",
          "ObjectPath": "FortniteGame/Content/Athena/Maps/Landscape/Athena_Terrain_LS_00.22"
        }
      ],
      "LODIndexToMaterialIndex": [
        0,
        0,
        0,
        0,
        0,
        0,
        0
      ],
      "MaterialIndexToDisabledTessellationMaterial": [
        -1,
        -1,
        -1,
        -1,
        -1,
        -1,
        -1
      ],
      "WeightmapLayerAllocations": [
        {
          "LayerInfo": {
            "ObjectName": "LandscapeLayerInfoObject'Road_LayerInfo'",
            "ObjectPath": "FortniteGame/Content/Athena/Environments/Landscape/LayerInfo/Athena_Terrain/Road_LayerInfo.0"
          },
          "WeightmapTextureIndex": 0,
          "WeightmapTextureChannel": 0
        },
        {
          "LayerInfo": {
            "ObjectName": "LandscapeLayerInfoObject'Gravel_LayerInfo'",
            "ObjectPath": "FortniteGame/Content/Athena/Environments/Landscape/LayerInfo/Athena_Terrain/Gravel_LayerInfo.0"
          },
          "WeightmapTextureIndex": 0,
          "WeightmapTextureChannel": 1
        },
        {
          "LayerInfo": {
            "ObjectName": "LandscapeLayerInfoObject'Forest_LayerInfo'",
            "ObjectPath": "FortniteGame/Content/Athena/Environments/Landscape/LayerInfo/Athena_Terrain/Forest_LayerInfo.0"
          },
          "WeightmapTextureIndex": 0,
          "WeightmapTextureChannel": 2
        },
        {
          "LayerInfo": {
            "ObjectName": "LandscapeLayerInfoObject'Grass_Topology_LayerInfo'",
            "ObjectPath": "FortniteGame/Content/Athena/Environments/Landscape/LayerInfo/Athena_Terrain/Grass_Topology_LayerInfo.0"
          },
          "WeightmapTextureIndex": 0,
          "WeightmapTextureChannel": 3
        }
      ],
      "WeightmapTextures": [
        {
          "ObjectName": "Texture2D'Texture2D_18'",
          "ObjectPath": "FortniteGame/Content/Athena/Maps/Landscape/Athena_Terrain_LS_00.35"
        }
      ],
      "WeightmapScaleBias": {
        "X": 0.0078125,
        "Y": 0.0078125,
        "Z": 0.00390625,
        "W": 0.00390625
      },
      "WeightmapSubsectionOffset": 1.0,
      "HeightmapScaleBias": {
        "X": 0.0078125,
        "Y": 0.0078125,
        "Z": 0.0,
        "W": 0.0
      },
      "HeightmapTexture": {
        "ObjectName": "Texture2D'Texture2D_3'",
        "ObjectPath": "FortniteGame/Content/Athena/Maps/Landscape/Athena_Terrain_LS_00.38"
      },
      "CachedLocalBox": {
        "Min": {
          "X": 0.0,
          "Y": 0.0,
          "Z": -238.60156
        },
        "Max": {
          "X": 127.0,
          "Y": 127.0,
          "Z": 140.72656
        },
        "IsValid": 1
      },
      "CollisionComponent": {
        "Guid": "1F4B0AAA-465A9F08-16596580-EA488AFA"
      },
      "MapBuildDataId": "FC603C14-40407926-879C36A5-D3FDB008",
      "StateId": "15507717-48DCB993-F6D09BB9-E2F86FEC",
      "AttachParent": {
        "ObjectName": "SceneComponent'Athena_Terrain_LS_00:PersistentLevel.LandscapeStreamingProxy_0.RootComponent0'",
        "ObjectPath": "FortniteGame/Content/Athena/Maps/Landscape/Athena_Terrain_LS_00.30"
      },
      "RelativeLocation": {
        "X": 0.0,
        "Y": -127.0,
        "Z": 0.0
      }
    }
  },
  {
    "Type": "LandscapeComponent",
    "Name": "LandscapeComponent_4",
    "Outer": "LandscapeStreamingProxy_0",
    "Class": "UScriptClass'LandscapeComponent'",
    "Properties": {
      "ComponentSizeQuads": 127,
      "SubsectionSizeQuads": 127,
      "NumSubsections": 1,
      "MaterialInstances": [
        {
          "ObjectName": "LandscapeMaterialInstanceConstant'LandscapeMaterialInstanceConstant_43'",
          "ObjectPath": "FortniteGame/Content/Athena/Maps/Landscape/Athena_Terrain_LS_00.23"
        }
      ],
      "LODIndexToMaterialIndex": [
        0,
        0,
        0,
        0,
        0,
        0,
        0
      ],
      "MaterialIndexToDisabledTessellationMaterial": [
        -1,
        -1,
        -1,
        -1,
        -1,
        -1,
        -1
      ],
      "WeightmapLayerAllocations": [
        {
          "LayerInfo": {
            "ObjectName": "LandscapeLayerInfoObject'Gravel_LayerInfo'",
            "ObjectPath": "FortniteGame/Content/Athena/Environments/Landscape/LayerInfo/Athena_Terrain/Gravel_LayerInfo.0"
          },
          "WeightmapTextureIndex": 0,
          "WeightmapTextureChannel": 1
        },
        {
          "LayerInfo": {
            "ObjectName": "LandscapeLayerInfoObject'Grass_Topology_LayerInfo'",
            "ObjectPath": "FortniteGame/Content/Athena/Environments/Landscape/LayerInfo/Athena_Terrain/Grass_Topology_LayerInfo.0"
          },
          "WeightmapTextureIndex": 0,
          "WeightmapTextureChannel": 0
        }
      ],
      "WeightmapTextures": [
        {
          "ObjectName": "Texture2D'Texture2D_11'",
          "ObjectPath": "FortniteGame/Content/Athena/Maps/Landscape/Athena_Terrain_LS_00.33"
        }
      ],
      "WeightmapScaleBias": {
        "X": 0.0078125,
        "Y": 0.0078125,
        "Z": 0.00390625,
        "W": 0.00390625
      },
      "WeightmapSubsectionOffset": 1.0,
      "HeightmapScaleBias": {
        "X": 0.0078125,
        "Y": 0.0078125,
        "Z": 0.0,
        "W": 0.0
      },
      "HeightmapTexture": {
        "ObjectName": "Texture2D'Texture2D_4'",
        "ObjectPath": "FortniteGame/Content/Athena/Maps/Landscape/Athena_Terrain_LS_00.39"
      },
      "CachedLocalBox": {
        "Min": {
          "X": 0.0,
          "Y": 0.0,
          "Z": -239.71875
        },
        "Max": {
          "X": 127.0,
          "Y": 127.0,
          "Z": 147.25781
        },
        "IsValid": 1
      },
      "CollisionComponent": {
        "Guid": "8478426F-4AB565B1-71E97D91-438A4CBC"
      },
      "MapBuildDataId": "9419ED5F-457C0EDB-E9E056BC-C7E322B6",
      "StateId": "9D1E4968-4CB3A69A-AB855594-9E6AA949",
      "MobileBlendableLayerMask": 2,
      "AttachParent": {
        "ObjectName": "SceneComponent'Athena_Terrain_LS_00:PersistentLevel.LandscapeStreamingProxy_0.RootComponent0'",
        "ObjectPath": "FortniteGame/Content/Athena/Maps/Landscape/Athena_Terrain_LS_00.30"
      },
      "RelativeLocation": {
        "X": -127.0,
        "Y": -254.0,
        "Z": 0.0
      }
    }
  },
  {
    "Type": "LandscapeComponent",
    "Name": "LandscapeComponent_5",
    "Outer": "LandscapeStreamingProxy_0",
    "Class": "UScriptClass'LandscapeComponent'",
    "Properties": {
      "SectionBaseX": 127,
      "ComponentSizeQuads": 127,
      "SubsectionSizeQuads": 127,
      "NumSubsections": 1,
      "MaterialInstances": [
        {
          "ObjectName": "LandscapeMaterialInstanceConstant'LandscapeMaterialInstanceConstant_44'",
          "ObjectPath": "FortniteGame/Content/Athena/Maps/Landscape/Athena_Terrain_LS_00.24"
        }
      ],
      "LODIndexToMaterialIndex": [
        0,
        0,
        0,
        0,
        0,
        0,
        0
      ],
      "MaterialIndexToDisabledTessellationMaterial": [
        -1,
        -1,
        -1,
        -1,
        -1,
        -1,
        -1
      ],
      "WeightmapLayerAllocations": [
        {
          "LayerInfo": {
            "ObjectName": "LandscapeLayerInfoObject'Gravel_LayerInfo'",
            "ObjectPath": "FortniteGame/Content/Athena/Environments/Landscape/LayerInfo/Athena_Terrain/Gravel_LayerInfo.0"
          },
          "WeightmapTextureIndex": 0,
          "WeightmapTextureChannel": 0
        },
        {
          "LayerInfo": {
            "ObjectName": "LandscapeLayerInfoObject'Forest_LayerInfo'",
            "ObjectPath": "FortniteGame/Content/Athena/Environments/Landscape/LayerInfo/Athena_Terrain/Forest_LayerInfo.0"
          },
          "WeightmapTextureIndex": 0,
          "WeightmapTextureChannel": 2
        },
        {
          "LayerInfo": {
            "ObjectName": "LandscapeLayerInfoObject'Grass_Topology_LayerInfo'",
            "ObjectPath": "FortniteGame/Content/Athena/Environments/Landscape/LayerInfo/Athena_Terrain/Grass_Topology_LayerInfo.0"
          },
          "WeightmapTextureIndex": 0,
          "WeightmapTextureChannel": 1
        }
      ],
      "WeightmapTextures": [
        {
          "ObjectName": "Texture2D'Texture2D_7'",
          "ObjectPath": "FortniteGame/Content/Athena/Maps/Landscape/Athena_Terrain_LS_00.41"
        }
      ],
      "WeightmapScaleBias": {
        "X": 0.0078125,
        "Y": 0.0078125,
        "Z": 0.00390625,
        "W": 0.00390625
      },
      "WeightmapSubsectionOffset": 1.0,
      "HeightmapScaleBias": {
        "X": 0.0078125,
        "Y": 0.0078125,
        "Z": 0.0,
        "W": 0.0
      },
      "HeightmapTexture": {
        "ObjectName": "Texture2D'Texture2D_5'",
        "ObjectPath": "FortniteGame/Content/Athena/Maps/Landscape/Athena_Terrain_LS_00.40"
      },
      "CachedLocalBox": {
        "Min": {
          "X": 0.0,
          "Y": 0.0,
          "Z": -239.71875
        },
        "Max": {
          "X": 127.0,
          "Y": 127.0,
          "Z": 106.30469
        },
        "IsValid": 1
      },
      "CollisionComponent": {
        "Guid": "078A9B03-4C3F1EE9-E4EDF6B9-2591E211"
      },
      "MapBuildDataId": "39C35F6E-4CBBC9ED-3FFBA5A0-0C4E9AE9",
      "StateId": "A04AA76A-4F8682EF-9C6526BC-96684C21",
      "MobileBlendableLayerMask": 4,
      "AttachParent": {
        "ObjectName": "SceneComponent'Athena_Terrain_LS_00:PersistentLevel.LandscapeStreamingProxy_0.RootComponent0'",
        "ObjectPath": "FortniteGame/Content/Athena/Maps/Landscape/Athena_Terrain_LS_00.30"
      },
      "RelativeLocation": {
        "X": 0.0,
        "Y": -254.0,
        "Z": 0.0
      }
    }
  },
  {
    "Type": "LandscapeGizmoActiveActor",
    "Name": "LandscapeGizmoActiveActor_0",
    "Outer": "PersistentLevel",
    "Class": "UScriptClass'LandscapeGizmoActiveActor'",
    "Properties": {
      "RootComponent": null
    }
  },
  {
    "Type": "LandscapeHeightfieldCollisionComponent",
    "Name": "LandscapeHeightfieldCollisionComponent_0",
    "Outer": "LandscapeStreamingProxy_0",
    "Class": "UScriptClass'LandscapeHeightfieldCollisionComponent'",
    "Properties": {
      "ComponentLayerInfos": [
        {
          "ObjectName": "LandscapeLayerInfoObject'Road_LayerInfo'",
          "ObjectPath": "FortniteGame/Content/Athena/Environments/Landscape/LayerInfo/Athena_Terrain/Road_LayerInfo.0"
        },
        {
          "ObjectName": "LandscapeLayerInfoObject'Gravel_LayerInfo'",
          "ObjectPath": "FortniteGame/Content/Athena/Environments/Landscape/LayerInfo/Athena_Terrain/Gravel_LayerInfo.0"
        },
        {
          "ObjectName": "LandscapeLayerInfoObject'NoTopo_LayerInfo'",
          "ObjectPath": "FortniteGame/Content/Athena/Environments/Landscape/LayerInfo/Athena_Terrain/NoTopo_LayerInfo.0"
        },
        {
          "ObjectName": "LandscapeLayerInfoObject'Grass_Topology_LayerInfo'",
          "ObjectPath": "FortniteGame/Content/Athena/Environments/Landscape/LayerInfo/Athena_Terrain/Grass_Topology_LayerInfo.0"
        },
        {
          "ObjectName": "LandscapeLayerInfoObject'Grass_Only_LayerInfo'",
          "ObjectPath": "FortniteGame/Content/Athena/Environments/Landscape/LayerInfo/Athena_Terrain/Grass_Only_LayerInfo.0"
        }
      ],
      "SectionBaseX": 127,
      "SectionBaseY": 254,
      "CollisionSizeQuads": 127,
      "CollisionScale": 1.0,
      "HeightfieldGuid": "7E594367-42878CE2-9692648A-F40AA231",
      "CachedLocalBox": {
        "Min": {
          "X": 0.0,
          "Y": 0.0,
          "Z": -227.08594
        },
        "Max": {
          "X": 127.0,
          "Y": 127.0,
          "Z": 112.796875
        },
        "IsValid": 1
      },
      "RenderComponent": {
        "Guid": "E6B309E5-4D864243-0154E18F-1971CC39"
      },
      "CookedPhysicalMaterials": [
        {
          "ObjectName": "PhysicalMaterial'DefaultPhysicalMaterial'",
          "ObjectPath": "Engine/Content/EngineMaterials/DefaultPhysicalMaterial.0"
        }
      ],
      "AttachParent": {
        "ObjectName": "SceneComponent'Athena_Terrain_LS_00:PersistentLevel.LandscapeStreamingProxy_0.RootComponent0'",
        "ObjectPath": "FortniteGame/Content/Athena/Maps/Landscape/Athena_Terrain_LS_00.30"
      }
    }
  },
  {
    "Type": "LandscapeHeightfieldCollisionComponent",
    "Name": "LandscapeHeightfieldCollisionComponent_1",
    "Outer": "LandscapeStreamingProxy_0",
    "Class": "UScriptClass'LandscapeHeightfieldCollisionComponent'",
    "Properties": {
      "ComponentLayerInfos": [
        {
          "ObjectName": "LandscapeLayerInfoObject'Gravel_LayerInfo'",
          "ObjectPath": "FortniteGame/Content/Athena/Environments/Landscape/LayerInfo/Athena_Terrain/Gravel_LayerInfo.0"
        },
        {
          "ObjectName": "LandscapeLayerInfoObject'Forest_LayerInfo'",
          "ObjectPath": "FortniteGame/Content/Athena/Environments/Landscape/LayerInfo/Athena_Terrain/Forest_LayerInfo.0"
        },
        {
          "ObjectName": "LandscapeLayerInfoObject'Grass_Topology_LayerInfo'",
          "ObjectPath": "FortniteGame/Content/Athena/Environments/Landscape/LayerInfo/Athena_Terrain/Grass_Topology_LayerInfo.0"
        },
        {
          "ObjectName": "LandscapeLayerInfoObject'Grass_Only_LayerInfo'",
          "ObjectPath": "FortniteGame/Content/Athena/Environments/Landscape/LayerInfo/Athena_Terrain/Grass_Only_LayerInfo.0"
        }
      ],
      "SectionBaseY": 254,
      "CollisionSizeQuads": 127,
      "CollisionScale": 1.0,
      "HeightfieldGuid": "C84010A1-4AF74E5F-949F219F-86553DEA",
      "CachedLocalBox": {
        "Min": {
          "X": 0.0,
          "Y": 0.0,
          "Z": -223.70312
        },
        "Max": {
          "X": 127.0,
          "Y": 127.0,
          "Z": 194.27344
        },
        "IsValid": 1
      },
      "RenderComponent": {
        "Guid": "319654FE-46F36A7B-98A7FE85-A7A14F37"
      },
      "CookedPhysicalMaterials": [
        {
          "ObjectName": "PhysicalMaterial'DefaultPhysicalMaterial'",
          "ObjectPath": "Engine/Content/EngineMaterials/DefaultPhysicalMaterial.0"
        }
      ],
      "AttachParent": {
        "ObjectName": "SceneComponent'Athena_Terrain_LS_00:PersistentLevel.LandscapeStreamingProxy_0.RootComponent0'",
        "ObjectPath": "FortniteGame/Content/Athena/Maps/Landscape/Athena_Terrain_LS_00.30"
      },
      "RelativeLocation": {
        "X": -127.0,
        "Y": 0.0,
        "Z": 0.0
      }
    }
  },
  {
    "Type": "LandscapeHeightfieldCollisionComponent",
    "Name": "LandscapeHeightfieldCollisionComponent_2",
    "Outer": "LandscapeStreamingProxy_0",
    "Class": "UScriptClass'LandscapeHeightfieldCollisionComponent'",
    "Properties": {
      "ComponentLayerInfos": [
        {
          "ObjectName": "LandscapeLayerInfoObject'Road_LayerInfo'",
          "ObjectPath": "FortniteGame/Content/Athena/Environments/Landscape/LayerInfo/Athena_Terrain/Road_LayerInfo.0"
        },
        {
          "ObjectName": "LandscapeLayerInfoObject'Gravel_LayerInfo'",
          "ObjectPath": "FortniteGame/Content/Athena/Environments/Landscape/LayerInfo/Athena_Terrain/Gravel_LayerInfo.0"
        },
        {
          "ObjectName": "LandscapeLayerInfoObject'Forest_LayerInfo'",
          "ObjectPath": "FortniteGame/Content/Athena/Environments/Landscape/LayerInfo/Athena_Terrain/Forest_LayerInfo.0"
        },
        {
          "ObjectName": "LandscapeLayerInfoObject'Grass_Topology_LayerInfo'",
          "ObjectPath": "FortniteGame/Content/Athena/Environments/Landscape/LayerInfo/Athena_Terrain/Grass_Topology_LayerInfo.0"
        },
        {
          "ObjectName": "LandscapeLayerInfoObject'Grass_Only_LayerInfo'",
          "ObjectPath": "FortniteGame/Content/Athena/Environments/Landscape/LayerInfo/Athena_Terrain/Grass_Only_LayerInfo.0"
        }
      ],
      "SectionBaseY": 127,
      "CollisionSizeQuads": 127,
      "CollisionScale": 1.0,
      "HeightfieldGuid": "5BDFC4D6-4440F69A-28FD10A1-3E301455",
      "CachedLocalBox": {
        "Min": {
          "X": 0.0,
          "Y": 0.0,
          "Z": -235.01562
        },
        "Max": {
          "X": 127.0,
          "Y": 127.0,
          "Z": 194.27344
        },
        "IsValid": 1
      },
      "RenderComponent": {
        "Guid": "42AE0490-404AAF29-92C4CAAD-1BB98580"
      },
      "CookedPhysicalMaterials": [
        {
          "ObjectName": "PhysicalMaterial'DefaultPhysicalMaterial'",
          "ObjectPath": "Engine/Content/EngineMaterials/DefaultPhysicalMaterial.0"
        }
      ],
      "AttachParent": {
        "ObjectName": "SceneComponent'Athena_Terrain_LS_00:PersistentLevel.LandscapeStreamingProxy_0.RootComponent0'",
        "ObjectPath": "FortniteGame/Content/Athena/Maps/Landscape/Athena_Terrain_LS_00.30"
      },
      "RelativeLocation": {
        "X": -127.0,
        "Y": -127.0,
        "Z": 0.0
      }
    }
  },
  {
    "Type": "LandscapeHeightfieldCollisionComponent",
    "Name": "LandscapeHeightfieldCollisionComponent_3",
    "Outer": "LandscapeStreamingProxy_0",
    "Class": "UScriptClass'LandscapeHeightfieldCollisionComponent'",
    "Properties": {
      "ComponentLayerInfos": [
        {
          "ObjectName": "LandscapeLayerInfoObject'Road_LayerInfo'",
          "ObjectPath": "FortniteGame/Content/Athena/Environments/Landscape/LayerInfo/Athena_Terrain/Road_LayerInfo.0"
        },
        {
          "ObjectName": "LandscapeLayerInfoObject'Gravel_LayerInfo'",
          "ObjectPath": "FortniteGame/Content/Athena/Environments/Landscape/LayerInfo/Athena_Terrain/Gravel_LayerInfo.0"
        },
        {
          "ObjectName": "LandscapeLayerInfoObject'Forest_LayerInfo'",
          "ObjectPath": "FortniteGame/Content/Athena/Environments/Landscape/LayerInfo/Athena_Terrain/Forest_LayerInfo.0"
        },
        {
          "ObjectName": "LandscapeLayerInfoObject'Grass_Topology_LayerInfo'",
          "ObjectPath": "FortniteGame/Content/Athena/Environments/Landscape/LayerInfo/Athena_Terrain/Grass_Topology_LayerInfo.0"
        },
        {
          "ObjectName": "LandscapeLayerInfoObject'Grass_Only_LayerInfo'",
          "ObjectPath": "FortniteGame/Content/Athena/Environments/Landscape/LayerInfo/Athena_Terrain/Grass_Only_LayerInfo.0"
        }
      ],
      "SectionBaseX": 127,
      "SectionBaseY": 127,
      "CollisionSizeQuads": 127,
      "CollisionScale": 1.0,
      "HeightfieldGuid": "B668F9C6-42F572A1-AE12C6A7-92E90EE3",
      "CachedLocalBox": {
        "Min": {
          "X": 0.0,
          "Y": 0.0,
          "Z": -238.60156
        },
        "Max": {
          "X": 127.0,
          "Y": 127.0,
          "Z": 140.72656
        },
        "IsValid": 1
      },
      "RenderComponent": {
        "Guid": "9108ED74-48D29E45-E5D928BE-92AED893"
      },
      "CookedPhysicalMaterials": [
        {
          "ObjectName": "PhysicalMaterial'DefaultPhysicalMaterial'",
          "ObjectPath": "Engine/Content/EngineMaterials/DefaultPhysicalMaterial.0"
        }
      ],
      "AttachParent": {
        "ObjectName": "SceneComponent'Athena_Terrain_LS_00:PersistentLevel.LandscapeStreamingProxy_0.RootComponent0'",
        "ObjectPath": "FortniteGame/Content/Athena/Maps/Landscape/Athena_Terrain_LS_00.30"
      },
      "RelativeLocation": {
        "X": 0.0,
        "Y": -127.0,
        "Z": 0.0
      }
    }
  },
  {
    "Type": "LandscapeHeightfieldCollisionComponent",
    "Name": "LandscapeHeightfieldCollisionComponent_4",
    "Outer": "LandscapeStreamingProxy_0",
    "Class": "UScriptClass'LandscapeHeightfieldCollisionComponent'",
    "Properties": {
      "ComponentLayerInfos": [
        {
          "ObjectName": "LandscapeLayerInfoObject'Gravel_LayerInfo'",
          "ObjectPath": "FortniteGame/Content/Athena/Environments/Landscape/LayerInfo/Athena_Terrain/Gravel_LayerInfo.0"
        },
        {
          "ObjectName": "LandscapeLayerInfoObject'Grass_Topology_LayerInfo'",
          "ObjectPath": "FortniteGame/Content/Athena/Environments/Landscape/LayerInfo/Athena_Terrain/Grass_Topology_LayerInfo.0"
        },
        {
          "ObjectName": "LandscapeLayerInfoObject'Grass_Only_LayerInfo'",
          "ObjectPath": "FortniteGame/Content/Athena/Environments/Landscape/LayerInfo/Athena_Terrain/Grass_Only_LayerInfo.0"
        }
      ],
      "CollisionSizeQuads": 127,
      "CollisionScale": 1.0,
      "HeightfieldGuid": "CD9A3B2E-4DDC1547-AAD54E8F-6F446AB7",
      "CachedLocalBox": {
        "Min": {
          "X": 0.0,
          "Y": 0.0,
          "Z": -239.71875
        },
        "Max": {
          "X": 127.0,
          "Y": 127.0,
          "Z": 147.25781
        },
        "IsValid": 1
      },
      "RenderComponent": {
        "Guid": "2DBFADE7-44334D86-8A3A209B-6B3A6428"
      },
      "CookedPhysicalMaterials": [
        {
          "ObjectName": "PhysicalMaterial'DefaultPhysicalMaterial'",
          "ObjectPath": "Engine/Content/EngineMaterials/DefaultPhysicalMaterial.0"
        }
      ],
      "AttachParent": {
        "ObjectName": "SceneComponent'Athena_Terrain_LS_00:PersistentLevel.LandscapeStreamingProxy_0.RootComponent0'",
        "ObjectPath": "FortniteGame/Content/Athena/Maps/Landscape/Athena_Terrain_LS_00.30"
      },
      "RelativeLocation": {
        "X": -127.0,
        "Y": -254.0,
        "Z": 0.0
      }
    }
  },
  {
    "Type": "LandscapeHeightfieldCollisionComponent",
    "Name": "LandscapeHeightfieldCollisionComponent_5",
    "Outer": "LandscapeStreamingProxy_0",
    "Class": "UScriptClass'LandscapeHeightfieldCollisionComponent'",
    "Properties": {
      "ComponentLayerInfos": [
        {
          "ObjectName": "LandscapeLayerInfoObject'Gravel_LayerInfo'",
          "ObjectPath": "FortniteGame/Content/Athena/Environments/Landscape/LayerInfo/Athena_Terrain/Gravel_LayerInfo.0"
        },
        {
          "ObjectName": "LandscapeLayerInfoObject'Forest_LayerInfo'",
          "ObjectPath": "FortniteGame/Content/Athena/Environments/Landscape/LayerInfo/Athena_Terrain/Forest_LayerInfo.0"
        },
        {
          "ObjectName": "LandscapeLayerInfoObject'Grass_Topology_LayerInfo'",
          "ObjectPath": "FortniteGame/Content/Athena/Environments/Landscape/LayerInfo/Athena_Terrain/Grass_Topology_LayerInfo.0"
        },
        {
          "ObjectName": "LandscapeLayerInfoObject'Grass_Only_LayerInfo'",
          "ObjectPath": "FortniteGame/Content/Athena/Environments/Landscape/LayerInfo/Athena_Terrain/Grass_Only_LayerInfo.0"
        }
      ],
      "SectionBaseX": 127,
      "CollisionSizeQuads": 127,
      "CollisionScale": 1.0,
      "HeightfieldGuid": "9873845B-4EAE9D18-0F9BA298-2E2E5338",
      "CachedLocalBox": {
        "Min": {
          "X": 0.0,
          "Y": 0.0,
          "Z": -239.71875
        },
        "Max": {
          "X": 127.0,
          "Y": 127.0,
          "Z": 106.30469
        },
        "IsValid": 1
      },
      "RenderComponent": {
        "Guid": "07D2442E-4377B5EB-F6B29FAE-CB45027E"
      },
      "CookedPhysicalMaterials": [
        {
          "ObjectName": "PhysicalMaterial'DefaultPhysicalMaterial'",
          "ObjectPath": "Engine/Content/EngineMaterials/DefaultPhysicalMaterial.0"
        }
      ],
      "AttachParent": {
        "ObjectName": "SceneComponent'Athena_Terrain_LS_00:PersistentLevel.LandscapeStreamingProxy_0.RootComponent0'",
        "ObjectPath": "FortniteGame/Content/Athena/Maps/Landscape/Athena_Terrain_LS_00.30"
      },
      "RelativeLocation": {
        "X": 0.0,
        "Y": -254.0,
        "Z": 0.0
      }
    }
  },
  {
    "Type": "LandscapeMaterialInstanceConstant",
    "Name": "LandscapeMaterialInstanceConstant_11",
    "Class": "UScriptClass'LandscapeMaterialInstanceConstant'",
    "Properties": {
      "Parent": {
        "ObjectName": "MaterialInstanceConstant'M_Athena_Terrain_01'",
        "ObjectPath": "FortniteGame/Content/Athena/Environments/Landscape/Material/M_Athena_Terrain_01.0"
      },
      "bHasStaticPermutationResource": true,
      "StaticParameters": {
        "TerrainLayerWeightParameters": [
          {
            "ParameterInfo": {
              "Name": "Road",
              "Association": "GlobalParameter",
              "Index": -1
            },
            "bOverride": true,
            "ExpressionGUID": "00000000-00000000-00000000-00000000",
            "WeightmapIndex": 0,
            "bWeightBasedBlend": false
          },
          {
            "ParameterInfo": {
              "Name": "Gravel",
              "Association": "GlobalParameter",
              "Index": -1
            },
            "bOverride": true,
            "ExpressionGUID": "DD886978-44E068C7-7F6781B2-1BFCA5A2",
            "WeightmapIndex": 0,
            "bWeightBasedBlend": false
          },
          {
            "ParameterInfo": {
              "Name": "NoTopo",
              "Association": "GlobalParameter",
              "Index": -1
            },
            "bOverride": true,
            "ExpressionGUID": "00000000-00000000-00000000-00000000",
            "WeightmapIndex": 0,
            "bWeightBasedBlend": false
          },
          {
            "ParameterInfo": {
              "Name": "Grass_Topology",
              "Association": "GlobalParameter",
              "Index": -1
            },
            "bOverride": true,
            "ExpressionGUID": "00000000-00000000-00000000-00000000",
            "WeightmapIndex": 0,
            "bWeightBasedBlend": true
          }
        ]
      }
    }
  },
  {
    "Type": "LandscapeMaterialInstanceConstant",
    "Name": "LandscapeMaterialInstanceConstant_15",
    "Class": "UScriptClass'LandscapeMaterialInstanceConstant'",
    "Properties": {
      "Parent": {
        "ObjectName": "MaterialInstanceConstant'M_Athena_Terrain_01'",
        "ObjectPath": "FortniteGame/Content/Athena/Environments/Landscape/Material/M_Athena_Terrain_01.0"
      },
      "bHasStaticPermutationResource": true,
      "StaticParameters": {
        "TerrainLayerWeightParameters": [
          {
            "ParameterInfo": {
              "Name": "Gravel",
              "Association": "GlobalParameter",
              "Index": -1
            },
            "bOverride": true,
            "ExpressionGUID": "DD886978-44E068C7-7F6781B2-1BFCA5A2",
            "WeightmapIndex": 0,
            "bWeightBasedBlend": false
          },
          {
            "ParameterInfo": {
              "Name": "Forest",
              "Association": "GlobalParameter",
              "Index": -1
            },
            "bOverride": true,
            "ExpressionGUID": "00000000-00000000-00000000-00000000",
            "WeightmapIndex": 0,
            "bWeightBasedBlend": false
          },
          {
            "ParameterInfo": {
              "Name": "Grass_Topology",
              "Association": "GlobalParameter",
              "Index": -1
            },
            "bOverride": true,
            "ExpressionGUID": "00000000-00000000-00000000-00000000",
            "WeightmapIndex": 0,
            "bWeightBasedBlend": true
          }
        ]
      }
    }
  },
  {
    "Type": "LandscapeMaterialInstanceConstant",
    "Name": "LandscapeMaterialInstanceConstant_18",
    "Class": "UScriptClass'LandscapeMaterialInstanceConstant'",
    "Properties": {
      "Parent": {
        "ObjectName": "MaterialInstanceConstant'M_Athena_Terrain_01'",
        "ObjectPath": "FortniteGame/Content/Athena/Environments/Landscape/Material/M_Athena_Terrain_01.0"
      },
      "bHasStaticPermutationResource": true,
      "StaticParameters": {
        "TerrainLayerWeightParameters": [
          {
            "ParameterInfo": {
              "Name": "Road",
              "Association": "GlobalParameter",
              "Index": -1
            },
            "bOverride": true,
            "ExpressionGUID": "00000000-00000000-00000000-00000000",
            "WeightmapIndex": 0,
            "bWeightBasedBlend": false
          },
          {
            "ParameterInfo": {
              "Name": "Gravel",
              "Association": "GlobalParameter",
              "Index": -1
            },
            "bOverride": true,
            "ExpressionGUID": "DD886978-44E068C7-7F6781B2-1BFCA5A2",
            "WeightmapIndex": 0,
            "bWeightBasedBlend": false
          },
          {
            "ParameterInfo": {
              "Name": "Forest",
              "Association": "GlobalParameter",
              "Index": -1
            },
            "bOverride": true,
            "ExpressionGUID": "00000000-00000000-00000000-00000000",
            "WeightmapIndex": 0,
            "bWeightBasedBlend": false
          },
          {
            "ParameterInfo": {
              "Name": "Grass_Topology",
              "Association": "GlobalParameter",
              "Index": -1
            },
            "bOverride": true,
            "ExpressionGUID": "00000000-00000000-00000000-00000000",
            "WeightmapIndex": 0,
            "bWeightBasedBlend": true
          }
        ]
      }
    }
  },
  {
    "Type": "LandscapeMaterialInstanceConstant",
    "Name": "LandscapeMaterialInstanceConstant_23",
    "Class": "UScriptClass'LandscapeMaterialInstanceConstant'",
    "Properties": {
      "Parent": {
        "ObjectName": "MaterialInstanceConstant'M_Athena_Terrain_01'",
        "ObjectPath": "FortniteGame/Content/Athena/Environments/Landscape/Material/M_Athena_Terrain_01.0"
      },
      "bHasStaticPermutationResource": true,
      "StaticParameters": {
        "TerrainLayerWeightParameters": [
          {
            "ParameterInfo": {
              "Name": "Gravel",
              "Association": "GlobalParameter",
              "Index": -1
            },
            "bOverride": true,
            "ExpressionGUID": "DD886978-44E068C7-7F6781B2-1BFCA5A2",
            "WeightmapIndex": 0,
            "bWeightBasedBlend": false
          },
          {
            "ParameterInfo": {
              "Name": "Grass_Topology",
              "Association": "GlobalParameter",
              "Index": -1
            },
            "bOverride": true,
            "ExpressionGUID": "00000000-00000000-00000000-00000000",
            "WeightmapIndex": 0,
            "bWeightBasedBlend": true
          }
        ]
      }
    }
  },
  {
    "Type": "LandscapeMaterialInstanceConstant",
    "Name": "LandscapeMaterialInstanceConstant_39",
    "Class": "UScriptClass'LandscapeMaterialInstanceConstant'",
    "Properties": {
      "Parent": {
        "ObjectName": "LandscapeMaterialInstanceConstant'LandscapeMaterialInstanceConstant_11'",
        "ObjectPath": "FortniteGame/Content/Athena/Maps/Landscape/Athena_Terrain_LS_00.15"
      },
      "VectorParameterValues": [
        {
          "ParameterInfo": {
            "Name": "LayerMask_Road",
            "Association": "GlobalParameter",
            "Index": -1
          },
          "ParameterValue": {
            "R": 1.0,
            "G": 0.0,
            "B": 0.0,
            "A": 0.0,
            "Hex": "FF0000"
          },
          "ExpressionGUID": "00000000-00000000-00000000-00000000"
        },
        {
          "ParameterInfo": {
            "Name": "LayerMask_Gravel",
            "Association": "GlobalParameter",
            "Index": -1
          },
          "ParameterValue": {
            "R": 0.0,
            "G": 1.0,
            "B": 0.0,
            "A": 0.0,
            "Hex": "00FF00"
          },
          "ExpressionGUID": "00000000-00000000-00000000-00000000"
        },
        {
          "ParameterInfo": {
            "Name": "LayerMask_NoTopo",
            "Association": "GlobalParameter",
            "Index": -1
          },
          "ParameterValue": {
            "R": 0.0,
            "G": 0.0,
            "B": 1.0,
            "A": 0.0,
            "Hex": "0000FF"
          },
          "ExpressionGUID": "00000000-00000000-00000000-00000000"
        },
        {
          "ParameterInfo": {
            "Name": "LayerMask_Grass_Topology",
            "Association": "GlobalParameter",
            "Index": -1
          },
          "ParameterValue": {
            "R": 0.0,
            "G": 0.0,
            "B": 0.0,
            "A": 1.0,
            "Hex": "000000"
          },
          "ExpressionGUID": "00000000-00000000-00000000-00000000"
        }
      ],
      "TextureParameterValues": [
        {
          "ParameterInfo": {
            "Name": "Weightmap0",
            "Association": "GlobalParameter",
            "Index": -1
          },
          "ParameterValue": {
            "ObjectName": "Texture2D'Texture2D_19'",
            "ObjectPath": "FortniteGame/Content/Athena/Maps/Landscape/Athena_Terrain_LS_00.36"
          },
          "ExpressionGUID": "00000000-00000000-00000000-00000000"
        },
        {
          "ParameterInfo": {
            "Name": "Heightmap",
            "Association": "GlobalParameter",
            "Index": -1
          },
          "ParameterValue": {
            "ObjectName": "Texture2D'Texture2D_0'",
            "ObjectPath": "FortniteGame/Content/Athena/Maps/Landscape/Athena_Terrain_LS_00.31"
          },
          "ExpressionGUID": "00000000-00000000-00000000-00000000"
        }
      ]
    }
  },
  {
    "Type": "LandscapeMaterialInstanceConstant",
    "Name": "LandscapeMaterialInstanceConstant_40",
    "Class": "UScriptClass'LandscapeMaterialInstanceConstant'",
    "Properties": {
      "Parent": {
        "ObjectName": "LandscapeMaterialInstanceConstant'LandscapeMaterialInstanceConstant_15'",
        "ObjectPath": "FortniteGame/Content/Athena/Maps/Landscape/Athena_Terrain_LS_00.16"
      },
      "VectorParameterValues": [
        {
          "ParameterInfo": {
            "Name": "LayerMask_Gravel",
            "Association": "GlobalParameter",
            "Index": -1
          },
          "ParameterValue": {
            "R": 0.0,
            "G": 0.0,
            "B": 0.0,
            "A": 1.0,
            "Hex": "000000"
          },
          "ExpressionGUID": "00000000-00000000-00000000-00000000"
        },
        {
          "ParameterInfo": {
            "Name": "LayerMask_Forest",
            "Association": "GlobalParameter",
            "Index": -1
          },
          "ParameterValue": {
            "R": 0.0,
            "G": 1.0,
            "B": 0.0,
            "A": 0.0,
            "Hex": "00FF00"
          },
          "ExpressionGUID": "00000000-00000000-00000000-00000000"
        },
        {
          "ParameterInfo": {
            "Name": "LayerMask_Grass_Topology",
            "Association": "GlobalParameter",
            "Index": -1
          },
          "ParameterValue": {
            "R": 1.0,
            "G": 0.0,
            "B": 0.0,
            "A": 0.0,
            "Hex": "FF0000"
          },
          "ExpressionGUID": "00000000-00000000-00000000-00000000"
        }
      ],
      "TextureParameterValues": [
        {
          "ParameterInfo": {
            "Name": "Weightmap0",
            "Association": "GlobalParameter",
            "Index": -1
          },
          "ParameterValue": {
            "ObjectName": "Texture2D'Texture2D_8'",
            "ObjectPath": "FortniteGame/Content/Athena/Maps/Landscape/Athena_Terrain_LS_00.42"
          },
          "ExpressionGUID": "00000000-00000000-00000000-00000000"
        },
        {
          "ParameterInfo": {
            "Name": "Heightmap",
            "Association": "GlobalParameter",
            "Index": -1
          },
          "ParameterValue": {
            "ObjectName": "Texture2D'Texture2D_1'",
            "ObjectPath": "FortniteGame/Content/Athena/Maps/Landscape/Athena_Terrain_LS_00.32"
          },
          "ExpressionGUID": "00000000-00000000-00000000-00000000"
        }
      ]
    }
  },
  {
    "Type": "LandscapeMaterialInstanceConstant",
    "Name": "LandscapeMaterialInstanceConstant_41",
    "Class": "UScriptClass'LandscapeMaterialInstanceConstant'",
    "Properties": {
      "Parent": {
        "ObjectName": "LandscapeMaterialInstanceConstant'LandscapeMaterialInstanceConstant_18'",
        "ObjectPath": "FortniteGame/Content/Athena/Maps/Landscape/Athena_Terrain_LS_00.17"
      },
      "VectorParameterValues": [
        {
          "ParameterInfo": {
            "Name": "LayerMask_Road",
            "Association": "GlobalParameter",
            "Index": -1
          },
          "ParameterValue": {
            "R": 1.0,
            "G": 0.0,
            "B": 0.0,
            "A": 0.0,
            "Hex": "FF0000"
          },
          "ExpressionGUID": "00000000-00000000-00000000-00000000"
        },
        {
          "ParameterInfo": {
            "Name": "LayerMask_Gravel",
            "Association": "GlobalParameter",
            "Index": -1
          },
          "ParameterValue": {
            "R": 0.0,
            "G": 1.0,
            "B": 0.0,
            "A": 0.0,
            "Hex": "00FF00"
          },
          "ExpressionGUID": "00000000-00000000-00000000-00000000"
        },
        {
          "ParameterInfo": {
            "Name": "LayerMask_Forest",
            "Association": "GlobalParameter",
            "Index": -1
          },
          "ParameterValue": {
            "R": 0.0,
            "G": 0.0,
            "B": 1.0,
            "A": 0.0,
            "Hex": "0000FF"
          },
          "ExpressionGUID": "00000000-00000000-00000000-00000000"
        },
        {
          "ParameterInfo": {
            "Name": "LayerMask_Grass_Topology",
            "Association": "GlobalParameter",
            "Index": -1
          },
          "ParameterValue": {
            "R": 0.0,
            "G": 0.0,
            "B": 0.0,
            "A": 1.0,
            "Hex": "000000"
          },
          "ExpressionGUID": "00000000-00000000-00000000-00000000"
        }
      ],
      "TextureParameterValues": [
        {
          "ParameterInfo": {
            "Name": "Weightmap0",
            "Association": "GlobalParameter",
            "Index": -1
          },
          "ParameterValue": {
            "ObjectName": "Texture2D'Texture2D_17'",
            "ObjectPath": "FortniteGame/Content/Athena/Maps/Landscape/Athena_Terrain_LS_00.34"
          },
          "ExpressionGUID": "00000000-00000000-00000000-00000000"
        },
        {
          "ParameterInfo": {
            "Name": "Heightmap",
            "Association": "GlobalParameter",
            "Index": -1
          },
          "ParameterValue": {
            "ObjectName": "Texture2D'Texture2D_2'",
            "ObjectPath": "FortniteGame/Content/Athena/Maps/Landscape/Athena_Terrain_LS_00.37"
          },
          "ExpressionGUID": "00000000-00000000-00000000-00000000"
        }
      ]
    }
  },
  {
    "Type": "LandscapeMaterialInstanceConstant",
    "Name": "LandscapeMaterialInstanceConstant_42",
    "Class": "UScriptClass'LandscapeMaterialInstanceConstant'",
    "Properties": {
      "Parent": {
        "ObjectName": "LandscapeMaterialInstanceConstant'LandscapeMaterialInstanceConstant_18'",
        "ObjectPath": "FortniteGame/Content/Athena/Maps/Landscape/Athena_Terrain_LS_00.17"
      },
      "VectorParameterValues": [
        {
          "ParameterInfo": {
            "Name": "LayerMask_Road",
            "Association": "GlobalParameter",
            "Index": -1
          },
          "ParameterValue": {
            "R": 1.0,
            "G": 0.0,
            "B": 0.0,
            "A": 0.0,
            "Hex": "FF0000"
          },
          "ExpressionGUID": "00000000-00000000-00000000-00000000"
        },
        {
          "ParameterInfo": {
            "Name": "LayerMask_Gravel",
            "Association": "GlobalParameter",
            "Index": -1
          },
          "ParameterValue": {
            "R": 0.0,
            "G": 1.0,
            "B": 0.0,
            "A": 0.0,
            "Hex": "00FF00"
          },
          "ExpressionGUID": "00000000-00000000-00000000-00000000"
        },
        {
          "ParameterInfo": {
            "Name": "LayerMask_Forest",
            "Association": "GlobalParameter",
            "Index": -1
          },
          "ParameterValue": {
            "R": 0.0,
            "G": 0.0,
            "B": 1.0,
            "A": 0.0,
            "Hex": "0000FF"
          },
          "ExpressionGUID": "00000000-00000000-00000000-00000000"
        },
        {
          "ParameterInfo": {
            "Name": "LayerMask_Grass_Topology",
            "Association": "GlobalParameter",
            "Index": -1
          },
          "ParameterValue": {
            "R": 0.0,
            "G": 0.0,
            "B": 0.0,
            "A": 1.0,
            "Hex": "000000"
          },
          "ExpressionGUID": "00000000-00000000-00000000-00000000"
        }
      ],
      "TextureParameterValues": [
        {
          "ParameterInfo": {
            "Name": "Weightmap0",
            "Association": "GlobalParameter",
            "Index": -1
          },
          "ParameterValue": {
            "ObjectName": "Texture2D'Texture2D_18'",
            "ObjectPath": "FortniteGame/Content/Athena/Maps/Landscape/Athena_Terrain_LS_00.35"
          },
          "ExpressionGUID": "00000000-00000000-00000000-00000000"
        },
        {
          "ParameterInfo": {
            "Name": "Heightmap",
            "Association": "GlobalParameter",
            "Index": -1
          },
          "ParameterValue": {
            "ObjectName": "Texture2D'Texture2D_3'",
            "ObjectPath": "FortniteGame/Content/Athena/Maps/Landscape/Athena_Terrain_LS_00.38"
          },
          "ExpressionGUID": "00000000-00000000-00000000-00000000"
        }
      ]
    }
  },
  {
    "Type": "LandscapeMaterialInstanceConstant",
    "Name": "LandscapeMaterialInstanceConstant_43",
    "Class": "UScriptClass'LandscapeMaterialInstanceConstant'",
    "Properties": {
      "Parent": {
        "ObjectName": "LandscapeMaterialInstanceConstant'LandscapeMaterialInstanceConstant_23'",
        "ObjectPath": "FortniteGame/Content/Athena/Maps/Landscape/Athena_Terrain_LS_00.18"
      },
      "VectorParameterValues": [
        {
          "ParameterInfo": {
            "Name": "LayerMask_Gravel",
            "Association": "GlobalParameter",
            "Index": -1
          },
          "ParameterValue": {
            "R": 0.0,
            "G": 1.0,
            "B": 0.0,
            "A": 0.0,
            "Hex": "00FF00"
          },
          "ExpressionGUID": "00000000-00000000-00000000-00000000"
        },
        {
          "ParameterInfo": {
            "Name": "LayerMask_Grass_Topology",
            "Association": "GlobalParameter",
            "Index": -1
          },
          "ParameterValue": {
            "R": 1.0,
            "G": 0.0,
            "B": 0.0,
            "A": 0.0,
            "Hex": "FF0000"
          },
          "ExpressionGUID": "00000000-00000000-00000000-00000000"
        }
      ],
      "TextureParameterValues": [
        {
          "ParameterInfo": {
            "Name": "Weightmap0",
            "Association": "GlobalParameter",
            "Index": -1
          },
          "ParameterValue": {
            "ObjectName": "Texture2D'Texture2D_11'",
            "ObjectPath": "FortniteGame/Content/Athena/Maps/Landscape/Athena_Terrain_LS_00.33"
          },
          "ExpressionGUID": "00000000-00000000-00000000-00000000"
        },
        {
          "ParameterInfo": {
            "Name": "Heightmap",
            "Association": "GlobalParameter",
            "Index": -1
          },
          "ParameterValue": {
            "ObjectName": "Texture2D'Texture2D_4'",
            "ObjectPath": "FortniteGame/Content/Athena/Maps/Landscape/Athena_Terrain_LS_00.39"
          },
          "ExpressionGUID": "00000000-00000000-00000000-00000000"
        }
      ]
    }
  },
  {
    "Type": "LandscapeMaterialInstanceConstant",
    "Name": "LandscapeMaterialInstanceConstant_44",
    "Class": "UScriptClass'LandscapeMaterialInstanceConstant'",
    "Properties": {
      "Parent": {
        "ObjectName": "LandscapeMaterialInstanceConstant'LandscapeMaterialInstanceConstant_15'",
        "ObjectPath": "FortniteGame/Content/Athena/Maps/Landscape/Athena_Terrain_LS_00.16"
      },
      "VectorParameterValues": [
        {
          "ParameterInfo": {
            "Name": "LayerMask_Gravel",
            "Association": "GlobalParameter",
            "Index": -1
          },
          "ParameterValue": {
            "R": 1.0,
            "G": 0.0,
            "B": 0.0,
            "A": 0.0,
            "Hex": "FF0000"
          },
          "ExpressionGUID": "00000000-00000000-00000000-00000000"
        },
        {
          "ParameterInfo": {
            "Name": "LayerMask_Forest",
            "Association": "GlobalParameter",
            "Index": -1
          },
          "ParameterValue": {
            "R": 0.0,
            "G": 0.0,
            "B": 1.0,
            "A": 0.0,
            "Hex": "0000FF"
          },
          "ExpressionGUID": "00000000-00000000-00000000-00000000"
        },
        {
          "ParameterInfo": {
            "Name": "LayerMask_Grass_Topology",
            "Association": "GlobalParameter",
            "Index": -1
          },
          "ParameterValue": {
            "R": 0.0,
            "G": 1.0,
            "B": 0.0,
            "A": 0.0,
            "Hex": "00FF00"
          },
          "ExpressionGUID": "00000000-00000000-00000000-00000000"
        }
      ],
      "TextureParameterValues": [
        {
          "ParameterInfo": {
            "Name": "Weightmap0",
            "Association": "GlobalParameter",
            "Index": -1
          },
          "ParameterValue": {
            "ObjectName": "Texture2D'Texture2D_7'",
            "ObjectPath": "FortniteGame/Content/Athena/Maps/Landscape/Athena_Terrain_LS_00.41"
          },
          "ExpressionGUID": "00000000-00000000-00000000-00000000"
        },
        {
          "ParameterInfo": {
            "Name": "Heightmap",
            "Association": "GlobalParameter",
            "Index": -1
          },
          "ParameterValue": {
            "ObjectName": "Texture2D'Texture2D_5'",
            "ObjectPath": "FortniteGame/Content/Athena/Maps/Landscape/Athena_Terrain_LS_00.40"
          },
          "ExpressionGUID": "00000000-00000000-00000000-00000000"
        }
      ]
    }
  },
  {
    "Type": "LandscapeStreamingProxy",
    "Name": "LandscapeStreamingProxy_0",
    "Outer": "PersistentLevel",
    "Class": "UScriptClass'LandscapeStreamingProxy'",
    "Properties": {
      "LandscapeGuid": "E9AF4D30-44779E9D-8C0136BD-8A6F276F",
      "LandscapeSectionOffset": {
        "X": 127,
        "Y": 254
      },
      "MaxLODLevel": 3,
      "LOD0DistributionSetting": 1.01,
      "LODDistributionSetting": 2.4,
      "LandscapeMaterial": {
        "ObjectName": "MaterialInstanceConstant'M_Athena_Terrain_01'",
        "ObjectPath": "FortniteGame/Content/Athena/Environments/Landscape/Material/M_Athena_Terrain_01.0"
      },
      "LandscapeComponents": [
        {
          "ObjectName": "LandscapeComponent'Athena_Terrain_LS_00:PersistentLevel.LandscapeStreamingProxy_0.LandscapeComponent_0'",
          "ObjectPath": "FortniteGame/Content/Athena/Maps/Landscape/Athena_Terrain_LS_00.2"
        },
        {
          "ObjectName": "LandscapeComponent'Athena_Terrain_LS_00:PersistentLevel.LandscapeStreamingProxy_0.LandscapeComponent_1'",
          "ObjectPath": "FortniteGame/Content/Athena/Maps/Landscape/Athena_Terrain_LS_00.3"
        },
        {
          "ObjectName": "LandscapeComponent'Athena_Terrain_LS_00:PersistentLevel.LandscapeStreamingProxy_0.LandscapeComponent_2'",
          "ObjectPath": "FortniteGame/Content/Athena/Maps/Landscape/Athena_Terrain_LS_00.4"
        },
        {
          "ObjectName": "LandscapeComponent'Athena_Terrain_LS_00:PersistentLevel.LandscapeStreamingProxy_0.LandscapeComponent_3'",
          "ObjectPath": "FortniteGame/Content/Athena/Maps/Landscape/Athena_Terrain_LS_00.5"
        },
        {
          "ObjectName": "LandscapeComponent'Athena_Terrain_LS_00:PersistentLevel.LandscapeStreamingProxy_0.LandscapeComponent_4'",
          "ObjectPath": "FortniteGame/Content/Athena/Maps/Landscape/Athena_Terrain_LS_00.6"
        },
        {
          "ObjectName": "LandscapeComponent'Athena_Terrain_LS_00:PersistentLevel.LandscapeStreamingProxy_0.LandscapeComponent_5'",
          "ObjectPath": "FortniteGame/Content/Athena/Maps/Landscape/Athena_Terrain_LS_00.7"
        }
      ],
      "CollisionComponents": [
        {
          "ObjectName": "LandscapeHeightfieldCollisionComponent'Athena_Terrain_LS_00:PersistentLevel.LandscapeStreamingProxy_0.LandscapeHeightfieldCollisionComponent_0'",
          "ObjectPath": "FortniteGame/Content/Athena/Maps/Landscape/Athena_Terrain_LS_00.9"
        },
        {
          "ObjectName": "LandscapeHeightfieldCollisionComponent'Athena_Terrain_LS_00:PersistentLevel.LandscapeStreamingProxy_0.LandscapeHeightfieldCollisionComponent_1'",
          "ObjectPath": "FortniteGame/Content/Athena/Maps/Landscape/Athena_Terrain_LS_00.10"
        },
        {
          "ObjectName": "LandscapeHeightfieldCollisionComponent'Athena_Terrain_LS_00:PersistentLevel.LandscapeStreamingProxy_0.LandscapeHeightfieldCollisionComponent_2'",
          "ObjectPath": "FortniteGame/Content/Athena/Maps/Landscape/Athena_Terrain_LS_00.11"
        },
        {
          "ObjectName": "LandscapeHeightfieldCollisionComponent'Athena_Terrain_LS_00:PersistentLevel.LandscapeStreamingProxy_0.LandscapeHeightfieldCollisionComponent_3'",
          "ObjectPath": "FortniteGame/Content/Athena/Maps/Landscape/Athena_Terrain_LS_00.12"
        },
        {
          "ObjectName": "LandscapeHeightfieldCollisionComponent'Athena_Terrain_LS_00:PersistentLevel.LandscapeStreamingProxy_0.LandscapeHeightfieldCollisionComponent_4'",
          "ObjectPath": "FortniteGame/Content/Athena/Maps/Landscape/Athena_Terrain_LS_00.13"
        },
        {
          "ObjectName": "LandscapeHeightfieldCollisionComponent'Athena_Terrain_LS_00:PersistentLevel.LandscapeStreamingProxy_0.LandscapeHeightfieldCollisionComponent_5'",
          "ObjectPath": "FortniteGame/Content/Athena/Maps/Landscape/Athena_Terrain_LS_00.14"
        }
      ],
      "BodyInstance": {
        "CollisionProfileName": "Custom",
        "CollisionResponses": {
          "ResponseArray": [
            {
              "Channel": "FCC_Trace_WeaponCapsule",
              "Response": "ECR_Block"
            },
            {
              "Channel": "FCC_Object_PawnAI",
              "Response": "ECR_Block"
            },
            {
              "Channel": "FCC_Trace_WeaponMulti",
              "Response": "ECR_Block"
            },
            {
              "Channel": "FCC_Trace_Weapon",
              "Response": "ECR_Block"
            },
            {
              "Channel": "FCC_Object_Projectile",
              "Response": "ECR_Block"
            },
            {
              "Channel": "FCC_Object_ProjectileIgnoreAI",
              "Response": "ECR_Block"
            },
            {
              "Channel": "FCC_Object_ProjectileMesh",
              "Response": "ECR_Block"
            },
            {
              "Channel": "FCC_Trace_World",
              "Response": "ECR_Block"
            },
            {
              "Channel": "FCC_Object_SpectatorDroneCamera",
              "Response": "ECR_Block"
            }
          ]
        }
      },
      "ComponentSizeQuads": 127,
      "SubsectionSizeQuads": 127,
      "NumSubsections": 1,
      "RootComponent": {
        "ObjectName": "SceneComponent'Athena_Terrain_LS_00:PersistentLevel.LandscapeStreamingProxy_0.RootComponent0'",
        "ObjectPath": "FortniteGame/Content/Athena/Maps/Landscape/Athena_Terrain_LS_00.30"
      }
    }
  },
  {
    "Type": "Level",
    "Name": "PersistentLevel",
    "Outer": "Athena_Terrain_LS_00",
    "Class": "UScriptClass'Level'",
    "Properties": {
      "Model": {
        "ObjectName": "Model'Athena_Terrain_LS_00:PersistentLevel.Model_0'",
        "ObjectPath": "FortniteGame/Content/Athena/Maps/Landscape/Athena_Terrain_LS_00.28"
      },
      "LevelBuildDataId": "DD036139-47BD3F16-751A249F-C9E0462C",
      "WorldSettings": {
        "ObjectName": "FortWorldSettings'Athena_Terrain_LS_00:PersistentLevel.FortWorldSettings'",
        "ObjectPath": "FortniteGame/Content/Athena/Maps/Landscape/Athena_Terrain_LS_00.1"
      }
    },
    "Actors": [
      {
        "ObjectName": "FortWorldSettings'Athena_Terrain_LS_00:PersistentLevel.FortWorldSettings'",
        "ObjectPath": "FortniteGame/Content/Athena/Maps/Landscape/Athena_Terrain_LS_00.1"
      },
      null,
      {
        "ObjectName": "LevelBounds'Athena_Terrain_LS_00:PersistentLevel.LevelBounds_0'",
        "ObjectPath": "FortniteGame/Content/Athena/Maps/Landscape/Athena_Terrain_LS_00.27"
      },
      {
        "ObjectName": "LandscapeStreamingProxy'Athena_Terrain_LS_00:PersistentLevel.LandscapeStreamingProxy_0'",
        "ObjectPath": "FortniteGame/Content/Athena/Maps/Landscape/Athena_Terrain_LS_00.25"
      },
      {
        "ObjectName": "LandscapeGizmoActiveActor'Athena_Terrain_LS_00:PersistentLevel.LandscapeGizmoActiveActor_0'",
        "ObjectPath": "FortniteGame/Content/Athena/Maps/Landscape/Athena_Terrain_LS_00.8"
      },
      null,
      null,
      null,
      null,
      null,
      null
    ],
    "URL": {
      "Protocol": "unreal",
      "Host": "",
      "Port": 7777,
      "Valid": true,
      "Map": "/Game/Maps/Frontend",
      "Op": [],
      "Portal": ""
    },
    "Model": {
      "ObjectName": "Model'Athena_Terrain_LS_00:PersistentLevel.Model_0'",
      "ObjectPath": "FortniteGame/Content/Athena/Maps/Landscape/Athena_Terrain_LS_00.28"
    },
    "ModelComponents": [],
    "LevelScriptActor": null,
    "NavListStart": null,
    "NavListEnd": null,
    "PrecomputedVisibilityHandler": {
      "PrecomputedVisibilityCellBucketOriginXY": {
        "X": 0.0,
        "Y": 0.0
      },
      "PrecomputedVisibilityCellSizeXY": 0.0,
      "PrecomputedVisibilityCellSizeZ": 0.0,
      "PrecomputedVisibilityCellBucketSizeXY": 0,
      "PrecomputedVisibilityNumCellBuckets": 0,
      "PrecomputedVisibilityCellBuckets": []
    },
    "PrecomputedVolumeDistanceField": {
      "VolumeMaxDistance": 0.0,
      "VolumeBox": {
        "Min": {
          "X": 0.0,
          "Y": 0.0,
          "Z": 0.0
        },
        "Max": {
          "X": 0.0,
          "Y": 0.0,
          "Z": 0.0
        },
        "IsValid": 0
      },
      "VolumeSizeX": 0,
      "VolumeSizeY": 0,
      "VolumeSizeZ": 0,
      "Data": []
    }
  },
  {
    "Type": "LevelBounds",
    "Name": "LevelBounds_0",
    "Outer": "PersistentLevel",
    "Class": "UScriptClass'LevelBounds'",
    "Properties": {
      "RootComponent": {
        "ObjectName": "BoxComponent'Athena_Terrain_LS_00:PersistentLevel.LevelBounds_0.BoxComponent0'",
        "ObjectPath": "FortniteGame/Content/Athena/Maps/Landscape/Athena_Terrain_LS_00.0"
      }
    }
  },
  {
    "Type": "Model",
    "Name": "Model_0",
    "Outer": "PersistentLevel",
    "Class": "UScriptClass'Model'",
    "Bounds": {
      "Origin": {
        "X": 0.0,
        "Y": 0.0,
        "Z": 0.0
      },
      "BoxExtent": {
        "X": 0.0,
        "Y": 0.0,
        "Z": 0.0
      },
      "SphereRadius": 0.0
    },
    "Vectors": [],
    "Points": [],
    "Nodes": [],
    "Surfs": [],
    "NumSharedSides": 4,
    "VertexBuffer": {
      "Vertices": []
    },
    "LightingGuid": "1AAE5769-4DC5EF86-4D9FB7BC-44B927A6",
    "LightmassSettings": []
  },
  {
    "Type": "NavigationSystemConfig",
    "Name": "NavigationSystemConfig_0",
    "Outer": "FortWorldSettings",
    "Class": "UScriptClass'NavigationSystemConfig'",
    "Properties": {
      "NavigationSystemClass": {
        "AssetPathName": "/Script/FortniteGame.FortNavSystem",
        "SubPathString": ""
      }
    }
  },
  {
    "Type": "SceneComponent",
    "Name": "RootComponent0",
    "Outer": "LandscapeStreamingProxy_0",
    "Class": "UScriptClass'SceneComponent'",
    "Properties": {
      "RelativeLocation": {
        "X": -127500.0,
        "Y": -102000.0,
        "Z": -1692.0
      },
      "RelativeScale3D": {
        "X": 200.7874,
        "Y": 200.7874,
        "Z": 50.0
      }
    }
  },
  {
    "Type": "Texture2D",
    "Name": "Texture2D_0",
    "Class": "UScriptClass'Texture2D'",
    "Properties": {
      "AddressX": "TA_Clamp",
      "AddressY": "TA_Clamp",
      "ImportedSize": {
        "X": 128,
        "Y": 128
      },
      "LightingGuid": "22677784-42A58A9A-D6D8B1BF-0E21AB7B",
      "LODGroup": "TEXTUREGROUP_Terrain_Heightmap",
      "SRGB": false
    },
    "SizeX": 0,
    "SizeY": 0,
    "PackedData": 0,
    "PixelFormat": "PF_Unknown",
    "FirstMipToSerialize": -1
  },
  {
    "Type": "Texture2D",
    "Name": "Texture2D_1",
    "Class": "UScriptClass'Texture2D'",
    "Properties": {
      "AddressX": "TA_Clamp",
      "AddressY": "TA_Clamp",
      "ImportedSize": {
        "X": 128,
        "Y": 128
      },
      "LightingGuid": "16E62FB6-4745B6DD-2DB96886-3866D407",
      "LODGroup": "TEXTUREGROUP_Terrain_Heightmap",
      "SRGB": false
    },
    "SizeX": 0,
    "SizeY": 0,
    "PackedData": 0,
    "PixelFormat": "PF_Unknown",
    "FirstMipToSerialize": -1
  },
  {
    "Type": "Texture2D",
    "Name": "Texture2D_11",
    "Class": "UScriptClass'Texture2D'",
    "Properties": {
      "AddressX": "TA_Clamp",
      "AddressY": "TA_Clamp",
      "ImportedSize": {
        "X": 128,
        "Y": 128
      },
      "LightingGuid": "E4598029-4F48D5CD-BC085B94-2136594C",
      "LODGroup": "TEXTUREGROUP_Terrain_Weightmap",
      "SRGB": false
    },
    "SizeX": 0,
    "SizeY": 0,
    "PackedData": 0,
    "PixelFormat": "PF_Unknown",
    "FirstMipToSerialize": -1
  },
  {
    "Type": "Texture2D",
    "Name": "Texture2D_17",
    "Class": "UScriptClass'Texture2D'",
    "Properties": {
      "AddressX": "TA_Clamp",
      "AddressY": "TA_Clamp",
      "ImportedSize": {
        "X": 128,
        "Y": 128
      },
      "LightingGuid": "9F5BCA9F-48909368-9B5F278A-C034E05A",
      "LODGroup": "TEXTUREGROUP_Terrain_Weightmap",
      "SRGB": false
    },
    "SizeX": 0,
    "SizeY": 0,
    "PackedData": 0,
    "PixelFormat": "PF_Unknown",
    "FirstMipToSerialize": -1
  },
  {
    "Type": "Texture2D",
    "Name": "Texture2D_18",
    "Class": "UScriptClass'Texture2D'",
    "Properties": {
      "AddressX": "TA_Clamp",
      "AddressY": "TA_Clamp",
      "ImportedSize": {
        "X": 128,
        "Y": 128
      },
      "LightingGuid": "DDC11896-40B5681E-8901138E-C4E6E1F2",
      "LODGroup": "TEXTUREGROUP_Terrain_Weightmap",
      "SRGB": false
    },
    "SizeX": 0,
    "SizeY": 0,
    "PackedData": 0,
    "PixelFormat": "PF_Unknown",
    "FirstMipToSerialize": -1
  },
  {
    "Type": "Texture2D",
    "Name": "Texture2D_19",
    "Class": "UScriptClass'Texture2D'",
    "Properties": {
      "AddressX": "TA_Clamp",
      "AddressY": "TA_Clamp",
      "ImportedSize": {
        "X": 128,
        "Y": 128
      },
      "LightingGuid": "D0DAAC27-4A5EE0B8-CCDCC586-C6F9071D",
      "LODGroup": "TEXTUREGROUP_Terrain_Weightmap",
      "SRGB": false
    },
    "SizeX": 0,
    "SizeY": 0,
    "PackedData": 0,
    "PixelFormat": "PF_Unknown",
    "FirstMipToSerialize": -1
  },
  {
    "Type": "Texture2D",
    "Name": "Texture2D_2",
    "Class": "UScriptClass'Texture2D'",
    "Properties": {
      "AddressX": "TA_Clamp",
      "AddressY": "TA_Clamp",
      "ImportedSize": {
        "X": 128,
        "Y": 128
      },
      "LightingGuid": "E13B7F6E-455CC493-FE668B82-666F59D5",
      "LODGroup": "TEXTUREGROUP_Terrain_Heightmap",
      "SRGB": false
    },
    "SizeX": 0,
    "SizeY": 0,
    "PackedData": 0,
    "PixelFormat": "PF_Unknown",
    "FirstMipToSerialize": -1
  },
  {
    "Type": "Texture2D",
    "Name": "Texture2D_3",
    "Class": "UScriptClass'Texture2D'",
    "Properties": {
      "AddressX": "TA_Clamp",
      "AddressY": "TA_Clamp",
      "ImportedSize": {
        "X": 128,
        "Y": 128
      },
      "LightingGuid": "29069C3D-4369BAFA-CF727B8C-5AD74B3C",
      "LODGroup": "TEXTUREGROUP_Terrain_Heightmap",
      "SRGB": false
    },
    "SizeX": 0,
    "SizeY": 0,
    "PackedData": 0,
    "PixelFormat": "PF_Unknown",
    "FirstMipToSerialize": -1
  },
  {
    "Type": "Texture2D",
    "Name": "Texture2D_4",
    "Class": "UScriptClass'Texture2D'",
    "Properties": {
      "AddressX": "TA_Clamp",
      "AddressY": "TA_Clamp",
      "ImportedSize": {
        "X": 128,
        "Y": 128
      },
      "LightingGuid": "5E0A3F7C-470E3568-E2C1C8AA-D2CDEB7A",
      "LODGroup": "TEXTUREGROUP_Terrain_Heightmap",
      "SRGB": false
    },
    "SizeX": 0,
    "SizeY": 0,
    "PackedData": 0,
    "PixelFormat": "PF_Unknown",
    "FirstMipToSerialize": -1
  },
  {
    "Type": "Texture2D",
    "Name": "Texture2D_5",
    "Class": "UScriptClass'Texture2D'",
    "Properties": {
      "AddressX": "TA_Clamp",
      "AddressY": "TA_Clamp",
      "ImportedSize": {
        "X": 128,
        "Y": 128
      },
      "LightingGuid": "03A412A2-4C8AF649-52CB7AB3-E4F4670B",
      "LODGroup": "TEXTUREGROUP_Terrain_Heightmap",
      "SRGB": false
    },
    "SizeX": 0,
    "SizeY": 0,
    "PackedData": 0,
    "PixelFormat": "PF_Unknown",
    "FirstMipToSerialize": -1
  },
  {
    "Type": "Texture2D",
    "Name": "Texture2D_7",
    "Class": "UScriptClass'Texture2D'",
    "Properties": {
      "AddressX": "TA_Clamp",
      "AddressY": "TA_Clamp",
      "ImportedSize": {
        "X": 128,
        "Y": 128
      },
      "LightingGuid": "6BE73EAE-4680872B-65C2BC99-95C0F504",
      "LODGroup": "TEXTUREGROUP_Terrain_Weightmap",
      "SRGB": false
    },
    "SizeX": 0,
    "SizeY": 0,
    "PackedData": 0,
    "PixelFormat": "PF_Unknown",
    "FirstMipToSerialize": -1
  },
  {
    "Type": "Texture2D",
    "Name": "Texture2D_8",
    "Class": "UScriptClass'Texture2D'",
    "Properties": {
      "AddressX": "TA_Clamp",
      "AddressY": "TA_Clamp",
      "ImportedSize": {
        "X": 128,
        "Y": 128
      },
      "LightingGuid": "0BBEFC46-4EF5C995-D2F0298F-B5329AEA",
      "LODGroup": "TEXTUREGROUP_Terrain_Weightmap",
      "SRGB": false
    },
    "SizeX": 0,
    "SizeY": 0,
    "PackedData": 0,
    "PixelFormat": "PF_Unknown",
    "FirstMipToSerialize": -1
  },
  {
    "Type": "World",
    "Name": "Athena_Terrain_LS_00",
    "Class": "UScriptClass'World'",
    "Properties": {
      "DefaultPhysicsVolume": null
    },
    "PersistentLevel": {
      "ObjectName": "Level'Athena_Terrain_LS_00:PersistentLevel'",
      "ObjectPath": "FortniteGame/Content/Athena/Maps/Landscape/Athena_Terrain_LS_00.26"
    },
    "ExtraReferencedObjects": [],
    "StreamingLevels": []
  }
]