[
  {
    "Type": "BlueprintGeneratedClass",
    "Name": "Apollo_Natural_Rock_Pile_B_Moss_C",
    "Class": "UScriptClass'BlueprintGeneratedClass'",
    "Super": {
      "ObjectName": "BlueprintGeneratedClass'Prop_Rock_01_C'",
      "ObjectPath": "FortniteGame/Content/Athena/Apollo/Environments/BuildingActors/Rocks/Prop_Rock_01.2"
    },
    "Properties": {
      "SimpleConstructionScript": {
        "ObjectName": "SimpleConstructionScript'Apollo_Natural_Rock_Pile_B_Moss_C:SimpleConstructionScript_580'",
        "ObjectPath": "FortniteGame/Content/Athena/Apollo/Environments/BuildingActors/Rocks/Apollo_Natural_Rock_Pile_B_Moss.4"
      }
    },
    "SuperStruct": {
      "ObjectName": "BlueprintGeneratedClass'Prop_Rock_01_C'",
      "ObjectPath": "FortniteGame/Content/Athena/Apollo/Environments/BuildingActors/Rocks/Prop_Rock_01.2"
    }
  },
  {
    "Type": "Apollo_Natural_Rock_Pile_B_Moss_C",
    "Name": "Default__Apollo_Natural_Rock_Pile_B_Moss_C",
    "Class": "BlueprintGeneratedClass'FortniteGame/Content/Athena/Apollo/Environments/BuildingActors/Rocks/Apollo_Natural_Rock_Pile_B_Moss.Apollo_Natural_Rock_Pile_B_Moss_C'",
    "Template": {
      "ObjectName": "Prop_Rock_01_C'Default__Prop_Rock_01_C'",
      "ObjectPath": "FortniteGame/Content/Athena/Apollo/Environments/BuildingActors/Rocks/Prop_Rock_01.3"
    },
    "Properties": {
      "TextureData": {
        "ObjectName": "BuildingTextureData'DA_Pile_B'",
        "ObjectPath": "FortniteGame/Content/Environments/Apollo/Rocks/Natural_Rocks/Materials/DataAssets/DA_Pile_B.0"
      },
      "StaticMesh": {
        "ObjectName": "StaticMesh'SM_Apollo_Natural_Rock_Pile_B'",
        "ObjectPath": "FortniteGame/Content/Environments/Apollo/Rocks/Natural_Rocks/Meshes/SM_Apollo_Natural_Rock_Pile_B.1"
      },
      "StaticMeshComponent": {
        "ObjectName": "StaticMeshComponent'Default__Apollo_Natural_Rock_Pile_B_Moss_C:StaticMeshComponent0'",
        "ObjectPath": "FortniteGame/Content/Athena/Apollo/Environments/BuildingActors/Rocks/Apollo_Natural_Rock_Pile_B_Moss.5"
      },
      "DestructionLootTierGroup": "Destruction_StoneMedium",
      "BuildingResourceAmountOverride": {
        "RowName": "ResourceStoneMedium"
      },
      "DeathParticles": {
        "ObjectName": "ParticleSystem'P_PropRocks_Destruction_big_01'",
        "ObjectPath": "FortniteGame/Content/Effects/Fort_Effects/World/Destruction/Rocks/P_PropRocks_Destruction_big_01.160"
      },
      "CurrentBuildingLevel": 2,
      "AttributeInitKeys": {
        "AttributeInitSubCategory": "2"
      },
      "AttributeInitKeys": {
        "AttributeInitSubCategory": "2"
      },
      "CentroidOffset": {
        "X": 0.0,
        "Y": 0.0,
        "Z": 0.0
      },
      "RootComponent": {
        "ObjectName": "StaticMeshComponent'Default__Apollo_Natural_Rock_Pile_B_Moss_C:StaticMeshComponent0'",
        "ObjectPath": "FortniteGame/Content/Athena/Apollo/Environments/BuildingActors/Rocks/Apollo_Natural_Rock_Pile_B_Moss.5"
      }
    }
  },
  {
    "Type": "SceneComponent",
    "Name": "SceneComponent_571",
    "Outer": "Apollo_Natural_Rock_Pile_B_Moss_C",
    "Class": "UScriptClass'SceneComponent'"
  },
  {
    "Type": "SCS_Node",
    "Name": "SCS_Node_581",
    "Outer": "SimpleConstructionScript_580",
    "Class": "UScriptClass'SCS_Node'",
    "Properties": {
      "ComponentClass": {
        "ObjectName": "Class'SceneComponent'",
        "ObjectPath": "/Script/Engine"
      },
      "ComponentTemplate": {
        "ObjectName": "SceneComponent'Apollo_Natural_Rock_Pile_B_Moss_C:SceneComponent_571'",
        "ObjectPath": "FortniteGame/Content/Athena/Apollo/Environments/BuildingActors/Rocks/Apollo_Natural_Rock_Pile_B_Moss.2"
      },
      "VariableGuid": "56BC9799-C494E6E6-321D4295-7D5EB316",
      "InternalVariableName": "DefaultSceneRoot"
    }
  },
  {
    "Type": "SimpleConstructionScript",
    "Name": "SimpleConstructionScript_580",
    "Outer": "Apollo_Natural_Rock_Pile_B_Moss_C",
    "Class": "UScriptClass'SimpleConstructionScript'",
    "Properties": {
      "DefaultSceneRootNode": {
        "ObjectName": "SCS_Node'Apollo_Natural_Rock_Pile_B_Moss_C:SimpleConstructionScript_580.SCS_Node_581'",
        "ObjectPath": "FortniteGame/Content/Athena/Apollo/Environments/BuildingActors/Rocks/Apollo_Natural_Rock_Pile_B_Moss.3"
      }
    }
  },
  {
    "Type": "StaticMeshComponent",
    "Name": "StaticMeshComponent0",
    "Outer": "Default__Apollo_Natural_Rock_Pile_B_Moss_C",
    "Class": "UScriptClass'StaticMeshComponent'",
    "Template": {
      "ObjectName": "StaticMeshComponent'Default__Prop_Rock_01_C:StaticMeshComponent0'",
      "ObjectPath": "FortniteGame/Content/Athena/Apollo/Environments/BuildingActors/Rocks/Prop_Rock_01.7"
    },
    "Properties": {
      "StaticMesh": {
        "ObjectName": "StaticMesh'SM_Apollo_Natural_Rock_Pile_B'",
        "ObjectPath": "FortniteGame/Content/Environments/Apollo/Rocks/Natural_Rocks/Meshes/SM_Apollo_Natural_Rock_Pile_B.1"
      }
    }
  }
]