[
  {
    "Type": "BlueprintGeneratedClass",
    "Name": "Prop_Rock_03_Small_C",
    "Class": "UScriptClass'BlueprintGeneratedClass'",
    "Super": {
      "ObjectName": "BlueprintGeneratedClass'Prop_Rock_01_C'",
      "ObjectPath": "FortniteGame/Content/Athena/Apollo/Environments/BuildingActors/Rocks/Prop_Rock_01.2"
    },
    "Properties": {
      "SimpleConstructionScript": {
        "ObjectName": "SimpleConstructionScript'Prop_Rock_03_Small_C:SimpleConstructionScript_570'",
        "ObjectPath": "FortniteGame/Content/Athena/Apollo/Environments/BuildingActors/Rocks/Prop_Rock_03_Small.4"
      }
    },
    "SuperStruct": {
      "ObjectName": "BlueprintGeneratedClass'Prop_Rock_01_C'",
      "ObjectPath": "FortniteGame/Content/Athena/Apollo/Environments/BuildingActors/Rocks/Prop_Rock_01.2"
    }
  },
  {
    "Type": "Prop_Rock_03_Small_C",
    "Name": "Default__Prop_Rock_03_Small_C",
    "Class": "BlueprintGeneratedClass'FortniteGame/Content/Athena/Apollo/Environments/BuildingActors/Rocks/Prop_Rock_03_Small.Prop_Rock_03_Small_C'",
    "Template": {
      "ObjectName": "Prop_Rock_01_C'Default__Prop_Rock_01_C'",
      "ObjectPath": "FortniteGame/Content/Athena/Apollo/Environments/BuildingActors/Rocks/Prop_Rock_01.3"
    },
    "Properties": {
      "StaticMesh": {
        "ObjectName": "StaticMesh'SM_Apollo_Rock_LRG_02'",
        "ObjectPath": "FortniteGame/Content/Environments/Apollo/Rocks/Natural_Rocks/Meshes/SM_Apollo_Rock_LRG_02.1"
      },
      "RandomScaleRange": {
        "X": 0.45,
        "Y": 0.75
      },
      "StaticMeshComponent": {
        "ObjectName": "StaticMeshComponent'Default__Prop_Rock_03_Small_C:StaticMeshComponent0'",
        "ObjectPath": "FortniteGame/Content/Athena/Apollo/Environments/BuildingActors/Rocks/Prop_Rock_03_Small.5"
      },
      "RootComponent": {
        "ObjectName": "StaticMeshComponent'Default__Prop_Rock_03_Small_C:StaticMeshComponent0'",
        "ObjectPath": "FortniteGame/Content/Athena/Apollo/Environments/BuildingActors/Rocks/Prop_Rock_03_Small.5"
      }
    }
  },
  {
    "Type": "SceneComponent",
    "Name": "SceneComponent_558",
    "Outer": "Prop_Rock_03_Small_C",
    "Class": "UScriptClass'SceneComponent'"
  },
  {
    "Type": "SCS_Node",
    "Name": "SCS_Node_568",
    "Outer": "SimpleConstructionScript_570",
    "Class": "UScriptClass'SCS_Node'",
    "Properties": {
      "ComponentClass": {
        "ObjectName": "Class'SceneComponent'",
        "ObjectPath": "/Script/Engine"
      },
      "ComponentTemplate": {
        "ObjectName": "SceneComponent'Prop_Rock_03_Small_C:SceneComponent_558'",
        "ObjectPath": "FortniteGame/Content/Athena/Apollo/Environments/BuildingActors/Rocks/Prop_Rock_03_Small.2"
      },
      "VariableGuid": "56BC9799-C494E6E6-321D4295-7D5EB316",
      "InternalVariableName": "DefaultSceneRoot"
    }
  },
  {
    "Type": "SimpleConstructionScript",
    "Name": "SimpleConstructionScript_570",
    "Outer": "Prop_Rock_03_Small_C",
    "Class": "UScriptClass'SimpleConstructionScript'",
    "Properties": {
      "DefaultSceneRootNode": {
        "ObjectName": "SCS_Node'Prop_Rock_03_Small_C:SimpleConstructionScript_570.SCS_Node_568'",
        "ObjectPath": "FortniteGame/Content/Athena/Apollo/Environments/BuildingActors/Rocks/Prop_Rock_03_Small.3"
      }
    }
  },
  {
    "Type": "StaticMeshComponent",
    "Name": "StaticMeshComponent0",
    "Outer": "Default__Prop_Rock_03_Small_C",
    "Class": "UScriptClass'StaticMeshComponent'",
    "Template": {
      "ObjectName": "StaticMeshComponent'Default__Prop_Rock_01_C:StaticMeshComponent0'",
      "ObjectPath": "FortniteGame/Content/Athena/Apollo/Environments/BuildingActors/Rocks/Prop_Rock_01.7"
    },
    "Properties": {
      "StaticMesh": {
        "ObjectName": "StaticMesh'SM_Apollo_Rock_LRG_02'",
        "ObjectPath": "FortniteGame/Content/Environments/Apollo/Rocks/Natural_Rocks/Meshes/SM_Apollo_Rock_LRG_02.1"
      }
    }
  }
]