[
  {
    "Type": "StructProperty",
    "Name": "RandomColor_A",
    "Outer": "Prop_Rock_01_C",
    "Class": "UScriptClass'StructProperty'",
    "PropertyFlags": "Edit | BlueprintVisible",
    "Struct": {
      "ObjectName": "ScriptStruct'LinearColor'",
      "ObjectPath": "/Script/CoreUObject"
    }
  },
  {
    "Type": "Function",
    "Name": "UserConstructionScript",
    "Outer": "Prop_Rock_01_C",
    "Class": "UScriptClass'Function'",
    "SuperStruct": {
      "ObjectName": "Function'Actor:UserConstructionScript'",
      "ObjectPath": "/Script/Engine"
    },
    "FunctionFlags": "FUNC_None"
  },
  {
    "Type": "BlueprintGeneratedClass",
    "Name": "Prop_Rock_01_C",
    "Class": "UScriptClass'BlueprintGeneratedClass'",
    "Properties": {
      "SimpleConstructionScript": {
        "ObjectName": "SimpleConstructionScript'Prop_Rock_01_C:SimpleConstructionScript_570'",
        "ObjectPath": "FortniteGame/Content/Athena/Apollo/Environments/BuildingActors/Rocks/Prop_Rock_01.6"
      }
    },
    "SuperStruct": {
      "ObjectName": "Class'BuildingProp'",
      "ObjectPath": "/Script/FortniteGame"
    },
    "Children": [
      {
        "ObjectName": "Function'Prop_Rock_01_C:UserConstructionScript'",
        "ObjectPath": "FortniteGame/Content/Athena/Apollo/Environments/BuildingActors/Rocks/Prop_Rock_01.1"
      },
      {
        "ObjectName": "StructProperty'Prop_Rock_01_C:RandomColor_A'",
        "ObjectPath": "FortniteGame/Content/Athena/Apollo/Environments/BuildingActors/Rocks/Prop_Rock_01.0"
      },
      {
        "ObjectName": "StructProperty'Prop_Rock_01_C:RandomColor_B'",
        "ObjectPath": "FortniteGame/Content/Athena/Apollo/Environments/BuildingActors/Rocks/Prop_Rock_01.8"
      }
    ],
    "ClassFlags": "CLASS_Deprecated",
    "ClassWithin": null
  },
  {
    "Type": "Prop_Rock_01_C",
    "Name": "Default__Prop_Rock_01_C",
    "Class": "BlueprintGeneratedClass'FortniteGame/Content/Athena/Apollo/Environments/BuildingActors/Rocks/Prop_Rock_01.Prop_Rock_01_C'",
    "Properties": {
      "RandomColor_A": {
        "R": 0.55542,
        "G": 0.58977,
        "B": 0.609375,
        "A": 1.0,
        "Hex": "C5CACD"
      },
      "RandomColor_B": {
        "R": 0.479167,
        "G": 0.442939,
        "B": 0.354384,
        "A": 1.0,
        "Hex": "B8B2A1"
      },
      "StaticMesh": {
        "ObjectName": "StaticMesh'SM_Apollo_Rock_LRG_05'",
        "ObjectPath": "FortniteGame/Content/Environments/Apollo/Rocks/Natural_Rocks/Meshes/SM_Apollo_Rock_LRG_05.1"
      },
      "ResourceType": "EFortResourceType::Stone",
      "bRandomYawOnPlacement": true,
      "bRandomScaleOnPlacement": true,
      "StaticMeshComponent": {
        "ObjectName": "StaticMeshComponent'Default__Prop_Rock_01_C:StaticMeshComponent0'",
        "ObjectPath": "FortniteGame/Content/Athena/Apollo/Environments/BuildingActors/Rocks/Prop_Rock_01.7"
      },
      "DestructionLootTierGroup": "Destruction_StoneLow",
      "BuildingResourceAmountOverride": {
        "CurveTable": {
          "ObjectName": "CurveTable'AthenaResourceRates'",
          "ObjectPath": "FortniteGame/Content/Athena/Balance/DataTables/AthenaResourceRates.0"
        },
        "RowName": "ResourceStoneLow"
      },
      "DeathParticles": {
        "ObjectName": "ParticleSystem'P_PropRocks_Destruction_small_01'",
        "ObjectPath": "FortniteGame/Content/Effects/Fort_Effects/World/Destruction/Rocks/P_PropRocks_Destruction_small_01.162"
      },
      "BuildingAttachmentType": "ATTACH_Floor",
      "CurrentBuildingLevel": 1,
      "AttributeInitKeys": {
        "AttributeInitCategory": "ResourceStone",
        "AttributeInitSubCategory": "1"
      },
      "AttributeInitKeys": {
        "AttributeInitCategory": "ResourceStone",
        "AttributeInitSubCategory": "1"
      },
      "NavigationObstacleOverride": "ENavigationObstacleOverride::ForceEnabled",
      "bCanExportNavigationCollisions": true,
      "StaticGameplayTags": [
        "Building.Type.Prop.Athena.Quest.Rock",
        "Building.Type.Prop"
      ],
      "BRMaxDrawDistance": 22000.0,
      "CentroidOffset": {
        "X": 0.0,
        "Y": 0.0,
        "Z": 40.0
      },
      "bEnableAutoLODGeneration": false,
      "RootComponent": {
        "ObjectName": "StaticMeshComponent'Default__Prop_Rock_01_C:StaticMeshComponent0'",
        "ObjectPath": "FortniteGame/Content/Athena/Apollo/Environments/BuildingActors/Rocks/Prop_Rock_01.7"
      }
    }
  },
  {
    "Type": "SceneComponent",
    "Name": "SceneComponent_558",
    "Outer": "Prop_Rock_01_C",
    "Class": "UScriptClass'SceneComponent'"
  },
  {
    "Type": "SCS_Node",
    "Name": "SCS_Node_568",
    "Outer": "SimpleConstructionScript_570",
    "Class": "UScriptClass'SCS_Node'",
    "Properties": {
      "ComponentClass": {
        "ObjectName": "Class'SceneComponent'",
        "ObjectPath": "/Script/Engine"
      },
      "ComponentTemplate": {
        "ObjectName": "SceneComponent'Prop_Rock_01_C:SceneComponent_558'",
        "ObjectPath": "FortniteGame/Content/Athena/Apollo/Environments/BuildingActors/Rocks/Prop_Rock_01.4"
      },
      "VariableGuid": "56BC9799-C494E6E6-321D4295-7D5EB316",
      "InternalVariableName": "DefaultSceneRoot"
    }
  },
  {
    "Type": "SimpleConstructionScript",
    "Name": "SimpleConstructionScript_570",
    "Outer": "Prop_Rock_01_C",
    "Class": "UScriptClass'SimpleConstructionScript'",
    "Properties": {
      "DefaultSceneRootNode": {
        "ObjectName": "SCS_Node'Prop_Rock_01_C:SimpleConstructionScript_570.SCS_Node_568'",
        "ObjectPath": "FortniteGame/Content/Athena/Apollo/Environments/BuildingActors/Rocks/Prop_Rock_01.5"
      }
    }
  },
  {
    "Type": "StaticMeshComponent",
    "Name": "StaticMeshComponent0",
    "Outer": "Default__Prop_Rock_01_C",
    "Class": "UScriptClass'StaticMeshComponent'",
    "Properties": {
      "StaticMesh": {
        "ObjectName": "StaticMesh'SM_Apollo_Rock_LRG_05'",
        "ObjectPath": "FortniteGame/Content/Environments/Apollo/Rocks/Natural_Rocks/Meshes/SM_Apollo_Rock_LRG_05.1"
      },
      "bAllowCullDistanceVolume": false,
      "CanCharacterStepUpOn": "ECB_Yes",
      "BodyInstance": {
        "bAutoWeld": false
      },
      "bCanEverAffectNavigation": true
    }
  },
  {
    "Type": "StructProperty",
    "Name": "RandomColor_B",
    "Outer": "Prop_Rock_01_C",
    "Class": "UScriptClass'StructProperty'",
    "PropertyFlags": "Edit | BlueprintVisible",
    "Struct": {
      "ObjectName": "ScriptStruct'LinearColor'",
      "ObjectPath": "/Script/CoreUObject"
    }
  }
]