[
  {
    "Type": "BodySetup",
    "Name": "BodySetup_0",
    "Outer": "SM_Athena_POI_GenericPlot_MCM_004_1_Corner_Generic_02_2",
    "Class": "UScriptClass'BodySetup'",
    "Properties": {
      "DefaultInstance": {
        "ObjectType": "ECC_WorldStatic",
        "CollisionEnabled": "ECollisionEnabled::QueryOnly",
        "CollisionProfileName": "BlockAll",
        "CollisionResponses": {
          "ResponseArray": [
            {
              "Channel": "FCC_Trace_WeaponCapsule",
              "Response": "ECR_Block"
            },
            {
              "Channel": "FCC_Object_PawnAI",
              "Response": "ECR_Block"
            },
            {
              "Channel": "FCC_Trace_WeaponMulti",
              "Response": "ECR_Block"
            },
            {
              "Channel": "FCC_Trace_Weapon",
              "Response": "ECR_Block"
            },
            {
              "Channel": "FCC_Object_Projectile",
              "Response": "ECR_Block"
            },
            {
              "Channel": "FCC_Object_ProjectileIgnoreAI",
              "Response": "ECR_Block"
            },
            {
              "Channel": "FCC_Object_ProjectileMesh",
              "Response": "ECR_Block"
            },
            {
              "Channel": "FCC_Object_SpectatorDroneCamera",
              "Response": "ECR_Block"
            },
            {
              "Channel": "FCC_Trace_WeaponPawnAndWorldMulti",
              "Response": "ECR_Block"
            }
          ]
        }
      }
    },
    "BodySetupGuid": "423328B94A12E8168C642AB63DFF2A13"
  },
  {
    "Type": "HLODProxy",
    "Name": "Athena_POI_GenericPlot_MCM_004_1_HLOD",
    "Class": "UScriptClass'HLODProxy'",
    "Properties": {
      "ProxyMeshes": [
        {
          "LODActor": {
            "Guid": "83374EEF-4115CC71-AD2A41A2-35C2E2B3"
          },
          "StaticMesh": {
            "ObjectName": "StaticMesh'SM_Athena_POI_GenericPlot_MCM_004_1_Corner_Generic_02_2'",
            "ObjectPath": "FortniteGame/Content/Athena/Maps/Buildings/7x12/HLOD/Athena_POI_GenericPlot_MCM_004_1_HLOD.4"
          },
          "Key": "76927B120C6645ACB9200E7FB8896AC3_83374EEF4115CC71AD2A41A235C2E2B3_2305E2ED_B0D760B0_764F301A_ProxyLODMeshReduction"
        }
      ]
    }
  },
  {
    "Type": "MaterialInstanceConstant",
    "Name": "M_Athena_POI_GenericPlot_MCM_004_1_Corner_Generic_02_2",
    "Class": "UScriptClass'MaterialInstanceConstant'",
    "Properties": {
      "Parent": {
        "ObjectName": "MaterialInstanceConstant'BaseFlattenMaterialAthena_MedHLOD_GrassReplace'",
        "ObjectPath": "FortniteGame/Content/Athena/HLODSetup/Materials/BaseFlattenMaterialAthena_MedHLOD_GrassReplace.0"
      },
      "bHasStaticPermutationResource": true,
      "ScalarParameterValues": [
        {
          "ParameterInfo": {
            "Name": "MetallicConst",
            "Association": "GlobalParameter",
            "Index": -1
          },
          "ParameterValue": 0.0,
          "ExpressionGUID": "DF762E36-47C779AB-3231ABBC-84920D01"
        },
        {
          "ParameterInfo": {
            "Name": "RoughnessConst",
            "Association": "GlobalParameter",
            "Index": -1
          },
          "ParameterValue": 1.0,
          "ExpressionGUID": "67948A44-4E72B482-DC859C95-1C1BEB62"
        },
        {
          "ParameterInfo": {
            "Name": "SpecularConst",
            "Association": "GlobalParameter",
            "Index": -1
          },
          "ParameterValue": 0.075,
          "ExpressionGUID": "F223E3CB-45C3161C-A86098BD-0550F837"
        },
        {
          "ParameterInfo": {
            "Name": "OpacityConst",
            "Association": "GlobalParameter",
            "Index": -1
          },
          "ParameterValue": 1.0,
          "ExpressionGUID": "5CD49B72-46AFD6EA-081F26B9-DF50808B"
        },
        {
          "ParameterInfo": {
            "Name": "OpacityMaskConst",
            "Association": "GlobalParameter",
            "Index": -1
          },
          "ParameterValue": 1.0,
          "ExpressionGUID": "C019A35E-469F1FBE-A5FA559C-9B07F150"
        },
        {
          "ParameterInfo": {
            "Name": "AmbientOcclusionConst",
            "Association": "GlobalParameter",
            "Index": -1
          },
          "ParameterValue": 1.0,
          "ExpressionGUID": "A4B0120B-45121C51-549CB6AE-11CBEC3D"
        }
      ],
      "TextureParameterValues": [
        {
          "ParameterInfo": {
            "Name": "DiffuseTexture",
            "Association": "GlobalParameter",
            "Index": -1
          },
          "ParameterValue": {
            "ObjectName": "Texture2D'T_Athena_POI_GenericPlot_MCM_004_1_Corner_Generic_02_2_Diffuse'",
            "ObjectPath": "FortniteGame/Content/Athena/Maps/Buildings/7x12/HLOD/Athena_POI_GenericPlot_MCM_004_1_HLOD.5"
          },
          "ExpressionGUID": "4E7AD77A-43D375BA-CEB77C86-73756268"
        }
      ],
      "BasePropertyOverrides": {
        "bOverride_DitheredLODTransition": true,
        "DitheredLODTransition": true
      },
      "StaticParameters": {
        "StaticSwitchParameters": [
          {
            "ParameterInfo": {
              "Name": "UseDiffuse",
              "Association": "GlobalParameter",
              "Index": -1
            },
            "Value": true,
            "bOverride": true,
            "ExpressionGUID": "99BA8635-4EAA882F-9D4136AF-958BF760"
          }
        ]
      }
    }
  },
  {
    "Type": "NavCollision",
    "Name": "NavCollision_0",
    "Outer": "SM_Athena_POI_GenericPlot_MCM_004_1_Corner_Generic_02_2",
    "Class": "UScriptClass'NavCollision'",
    "CookedFormatData": {
      "NavCollision_X": {
        "BulkDataFlags": "BULKDATA_SingleUse | BULKDATA_ForceInlinePayload",
        "ElementCount": 21,
        "SizeOnDisk": 21,
        "OffsetInFile": "0x5239B"
      }
    }
  },
  {
    "Type": "StaticMesh",
    "Name": "SM_Athena_POI_GenericPlot_MCM_004_1_Corner_Generic_02_2",
    "Class": "UScriptClass'StaticMesh'",
    "Properties": {
      "StaticMaterials": [
        {
          "MaterialInterface": {
            "ObjectName": "MaterialInstanceConstant'M_Athena_POI_GenericPlot_MCM_004_1_Corner_Generic_02_2'",
            "ObjectPath": "FortniteGame/Content/Athena/Maps/Buildings/7x12/HLOD/Athena_POI_GenericPlot_MCM_004_1_HLOD.2"
          },
          "MaterialSlotName": "M_Athena_POI_GenericPlot_MCM_004_1_Corner_Generic_02_2",
          "ImportedMaterialSlotName": "M_Athena_POI_GenericPlot_MCM_004_1_Corner_Generic_02_2",
          "UVChannelData": {
            "bInitialized": true,
            "bOverrideDensities": false,
            "LocalUVDensities": 9488.507,
            "LocalUVDensities": 9488.507,
            "LocalUVDensities": 0.0,
            "LocalUVDensities": 0.0
          }
        },
        {
          "MaterialInterface": {
            "ObjectName": "MaterialInstanceConstant'MI_AthenaTreeMedium_03_01_Impostor'",
            "ObjectPath": "FortniteGame/Content/ImpostorBaker/ImpostorLODs/AthenaTreeMedium_03/MI_AthenaTreeMedium_03_01_Impostor.0"
          },
          "MaterialSlotName": "MI_AthenaTreeMedium_03_01_Impostor",
          "ImportedMaterialSlotName": "MI_AthenaTreeMedium_03_01_Impostor",
          "UVChannelData": {
            "bInitialized": true,
            "bOverrideDensities": false,
            "LocalUVDensities": 9240.415,
            "LocalUVDensities": 117.310295,
            "LocalUVDensities": 0.0,
            "LocalUVDensities": 0.0
          }
        },
        {
          "MaterialInterface": {
            "ObjectName": "MaterialInstanceConstant'MI_AthenaTreeMedium_01_Impostor'",
            "ObjectPath": "FortniteGame/Content/ImpostorBaker/ImpostorLODs/AthenaTreeMedium_01/MI_AthenaTreeMedium_01_Impostor.0"
          },
          "MaterialSlotName": "MI_AthenaTreeMedium_01_Impostor",
          "ImportedMaterialSlotName": "MI_AthenaTreeMedium_01_Impostor",
          "UVChannelData": {
            "bInitialized": true,
            "bOverrideDensities": false,
            "LocalUVDensities": 15150.597,
            "LocalUVDensities": 128.2407,
            "LocalUVDensities": 0.0,
            "LocalUVDensities": 0.0
          }
        }
      ],
      "LightmapUVDensity": 9532.063,
      "LightMapResolution": 32,
      "PositiveBoundsExtension": {
        "X": 272.0052,
        "Y": 394.2776,
        "Z": 0.0
      },
      "NegativeBoundsExtension": {
        "X": 261.91064,
        "Y": 417.52002,
        "Z": 29.138489
      },
      "ExtendedBounds": {
        "Origin": {
          "X": -2809.1377,
          "Y": 1525.9913,
          "Z": 656.9159
        },
        "BoxExtent": {
          "X": 3402.3193,
          "Y": 2240.3252,
          "Z": 698.99915
        },
        "SphereRadius": 4133.211
      }
    },
    "BodySetup": {
      "ObjectName": "BodySetup'SM_Athena_POI_GenericPlot_MCM_004_1_Corner_Generic_02_2:BodySetup_0'",
      "ObjectPath": "FortniteGame/Content/Athena/Maps/Buildings/7x12/HLOD/Athena_POI_GenericPlot_MCM_004_1_HLOD.0"
    },
    "NavCollision": {
      "ObjectName": "NavCollision'SM_Athena_POI_GenericPlot_MCM_004_1_Corner_Generic_02_2:NavCollision_0'",
      "ObjectPath": "FortniteGame/Content/Athena/Maps/Buildings/7x12/HLOD/Athena_POI_GenericPlot_MCM_004_1_HLOD.3"
    },
    "LightingGuid": "9A7BCFEB-4ADD7199-866F16A7-60FC5C2D",
    "RenderData": null
  },
  {
    "Type": "Texture2D",
    "Name": "T_Athena_POI_GenericPlot_MCM_004_1_Corner_Generic_02_2_Diffuse",
    "Class": "UScriptClass'Texture2D'",
    "Properties": {
      "ImportedSize": {
        "X": 256,
        "Y": 256
      },
      "LightingGuid": "5552BA1B-4F01DEA2-25EC56A1-546C6A96",
      "LODGroup": "TEXTUREGROUP_HierarchicalLOD"
    },
    "SizeX": 0,
    "SizeY": 0,
    "PackedData": 0,
    "PixelFormat": "PF_Unknown",
    "FirstMipToSerialize": -1
  }
]