[
  {
    "Type": "BodySetup",
    "Name": "BodySetup_1",
    "Outer": "SM_Athena_POI_GenericPlot_MCM_003_1_Factory_Wall_3Trim_2",
    "Class": "UScriptClass'BodySetup'",
    "Properties": {
      "DefaultInstance": {
        "ObjectType": "ECC_WorldStatic",
        "CollisionEnabled": "ECollisionEnabled::QueryOnly",
        "CollisionProfileName": "BlockAll",
        "CollisionResponses": {
          "ResponseArray": [
            {
              "Channel": "FCC_Trace_WeaponCapsule",
              "Response": "ECR_Block"
            },
            {
              "Channel": "FCC_Object_PawnAI",
              "Response": "ECR_Block"
            },
            {
              "Channel": "FCC_Trace_WeaponMulti",
              "Response": "ECR_Block"
            },
            {
              "Channel": "FCC_Trace_Weapon",
              "Response": "ECR_Block"
            },
            {
              "Channel": "FCC_Object_Projectile",
              "Response": "ECR_Block"
            },
            {
              "Channel": "FCC_Object_ProjectileIgnoreAI",
              "Response": "ECR_Block"
            },
            {
              "Channel": "FCC_Object_ProjectileMesh",
              "Response": "ECR_Block"
            },
            {
              "Channel": "FCC_Object_SpectatorDroneCamera",
              "Response": "ECR_Block"
            },
            {
              "Channel": "FCC_Trace_WeaponPawnAndWorldMulti",
              "Response": "ECR_Block"
            }
          ]
        }
      }
    },
    "BodySetupGuid": "F7AC0AF144F9751BA320529CE8B63DCD"
  },
  {
    "Type": "HLODProxy",
    "Name": "Athena_POI_GenericPlot_MCM_003_1_HLOD",
    "Class": "UScriptClass'HLODProxy'",
    "Properties": {
      "ProxyMeshes": [
        {
          "LODActor": {
            "Guid": "A1333AD7-4260D3DA-3AB84CBE-5867BA14"
          },
          "StaticMesh": {
            "ObjectName": "StaticMesh'SM_Athena_POI_GenericPlot_MCM_003_1_Factory_Wall_3Trim_2'",
            "ObjectPath": "FortniteGame/Content/Athena/Maps/Buildings/7x12/HLOD/Athena_POI_GenericPlot_MCM_003_1_HLOD.4"
          },
          "Key": "76927B120C6645ACB9200E7FB8896AC3_A1333AD74260D3DA3AB84CBE5867BA14_2305E2ED_B0D760B0_63D8598D_ProxyLODMeshReduction"
        }
      ]
    }
  },
  {
    "Type": "MaterialInstanceConstant",
    "Name": "M_Athena_POI_GenericPlot_MCM_003_1_Factory_Wall_3Trim_2",
    "Class": "UScriptClass'MaterialInstanceConstant'",
    "Properties": {
      "Parent": {
        "ObjectName": "MaterialInstanceConstant'BaseFlattenMaterialAthena_MedHLOD_GrassReplace'",
        "ObjectPath": "FortniteGame/Content/Athena/HLODSetup/Materials/BaseFlattenMaterialAthena_MedHLOD_GrassReplace.0"
      },
      "bHasStaticPermutationResource": true,
      "ScalarParameterValues": [
        {
          "ParameterInfo": {
            "Name": "MetallicConst",
            "Association": "GlobalParameter",
            "Index": -1
          },
          "ParameterValue": 0.0,
          "ExpressionGUID": "DF762E36-47C779AB-3231ABBC-84920D01"
        },
        {
          "ParameterInfo": {
            "Name": "RoughnessConst",
            "Association": "GlobalParameter",
            "Index": -1
          },
          "ParameterValue": 1.0,
          "ExpressionGUID": "67948A44-4E72B482-DC859C95-1C1BEB62"
        },
        {
          "ParameterInfo": {
            "Name": "SpecularConst",
            "Association": "GlobalParameter",
            "Index": -1
          },
          "ParameterValue": 0.075,
          "ExpressionGUID": "F223E3CB-45C3161C-A86098BD-0550F837"
        },
        {
          "ParameterInfo": {
            "Name": "OpacityConst",
            "Association": "GlobalParameter",
            "Index": -1
          },
          "ParameterValue": 1.0,
          "ExpressionGUID": "5CD49B72-46AFD6EA-081F26B9-DF50808B"
        },
        {
          "ParameterInfo": {
            "Name": "OpacityMaskConst",
            "Association": "GlobalParameter",
            "Index": -1
          },
          "ParameterValue": 1.0,
          "ExpressionGUID": "C019A35E-469F1FBE-A5FA559C-9B07F150"
        },
        {
          "ParameterInfo": {
            "Name": "AmbientOcclusionConst",
            "Association": "GlobalParameter",
            "Index": -1
          },
          "ParameterValue": 1.0,
          "ExpressionGUID": "A4B0120B-45121C51-549CB6AE-11CBEC3D"
        }
      ],
      "TextureParameterValues": [
        {
          "ParameterInfo": {
            "Name": "DiffuseTexture",
            "Association": "GlobalParameter",
            "Index": -1
          },
          "ParameterValue": {
            "ObjectName": "Texture2D'T_Athena_POI_GenericPlot_MCM_003_1_Factory_Wall_3Trim_2_Diffuse'",
            "ObjectPath": "FortniteGame/Content/Athena/Maps/Buildings/7x12/HLOD/Athena_POI_GenericPlot_MCM_003_1_HLOD.5"
          },
          "ExpressionGUID": "4E7AD77A-43D375BA-CEB77C86-73756268"
        }
      ],
      "BasePropertyOverrides": {
        "bOverride_DitheredLODTransition": true,
        "DitheredLODTransition": true
      },
      "StaticParameters": {
        "StaticSwitchParameters": [
          {
            "ParameterInfo": {
              "Name": "UseDiffuse",
              "Association": "GlobalParameter",
              "Index": -1
            },
            "Value": true,
            "bOverride": true,
            "ExpressionGUID": "99BA8635-4EAA882F-9D4136AF-958BF760"
          }
        ]
      }
    }
  },
  {
    "Type": "NavCollision",
    "Name": "NavCollision_1",
    "Outer": "SM_Athena_POI_GenericPlot_MCM_003_1_Factory_Wall_3Trim_2",
    "Class": "UScriptClass'NavCollision'",
    "CookedFormatData": {
      "NavCollision_X": {
        "BulkDataFlags": "BULKDATA_SingleUse | BULKDATA_ForceInlinePayload",
        "ElementCount": 21,
        "SizeOnDisk": 21,
        "OffsetInFile": "0x51D61"
      }
    }
  },
  {
    "Type": "StaticMesh",
    "Name": "SM_Athena_POI_GenericPlot_MCM_003_1_Factory_Wall_3Trim_2",
    "Class": "UScriptClass'StaticMesh'",
    "Properties": {
      "StaticMaterials": [
        {
          "MaterialInterface": {
            "ObjectName": "MaterialInstanceConstant'M_Athena_POI_GenericPlot_MCM_003_1_Factory_Wall_3Trim_2'",
            "ObjectPath": "FortniteGame/Content/Athena/Maps/Buildings/7x12/HLOD/Athena_POI_GenericPlot_MCM_003_1_HLOD.2"
          },
          "MaterialSlotName": "M_Athena_POI_GenericPlot_MCM_003_1_Factory_Wall_3Trim_2",
          "ImportedMaterialSlotName": "M_Athena_POI_GenericPlot_MCM_003_1_Factory_Wall_3Trim_2",
          "UVChannelData": {
            "bInitialized": true,
            "bOverrideDensities": false,
            "LocalUVDensities": 10052.216,
            "LocalUVDensities": 10052.216,
            "LocalUVDensities": 0.0,
            "LocalUVDensities": 0.0
          }
        },
        {
          "MaterialInterface": {
            "ObjectName": "MaterialInstanceConstant'MI_AthenaTreeWillow_01_Impostor'",
            "ObjectPath": "FortniteGame/Content/ImpostorBaker/ImpostorLODs/AthenaTreeWillow_01/MI_AthenaTreeWillow_01_Impostor.0"
          },
          "MaterialSlotName": "MI_AthenaTreeWillow_01_Impostor",
          "ImportedMaterialSlotName": "MI_AthenaTreeWillow_01_Impostor",
          "UVChannelData": {
            "bInitialized": true,
            "bOverrideDensities": false,
            "LocalUVDensities": 33699.93,
            "LocalUVDensities": 285.22076,
            "LocalUVDensities": 0.0,
            "LocalUVDensities": 0.0
          }
        },
        {
          "MaterialInterface": {
            "ObjectName": "MaterialInstanceConstant'MI_AthenaTreeXmasPine_01_Impostor'",
            "ObjectPath": "FortniteGame/Content/ImpostorBaker/ImpostorLODs/AthenaTreeXmasPine_02/MI_AthenaTreeXmasPine_01_Impostor.0"
          },
          "MaterialSlotName": "MI_AthenaTreeXmasPine_01_Impostor",
          "ImportedMaterialSlotName": "MI_AthenaTreeXmasPine_01_Impostor",
          "UVChannelData": {
            "bInitialized": true,
            "bOverrideDensities": false,
            "LocalUVDensities": 19315.41,
            "LocalUVDensities": 129.22585,
            "LocalUVDensities": 0.0,
            "LocalUVDensities": 0.0
          }
        },
        {
          "MaterialInterface": {
            "ObjectName": "MaterialInstanceConstant'MI_AthenaTreeMedium_03_01_Impostor'",
            "ObjectPath": "FortniteGame/Content/ImpostorBaker/ImpostorLODs/AthenaTreeMedium_03/MI_AthenaTreeMedium_03_01_Impostor.0"
          },
          "MaterialSlotName": "MI_AthenaTreeMedium_03_01_Impostor",
          "ImportedMaterialSlotName": "MI_AthenaTreeMedium_03_01_Impostor",
          "UVChannelData": {
            "bInitialized": true,
            "bOverrideDensities": false,
            "LocalUVDensities": 9541.245,
            "LocalUVDensities": 121.12947,
            "LocalUVDensities": 0.0,
            "LocalUVDensities": 0.0
          }
        },
        {
          "MaterialInterface": {
            "ObjectName": "MaterialInstanceConstant'MI_AthenaTreeMedium_01_Impostor'",
            "ObjectPath": "FortniteGame/Content/ImpostorBaker/ImpostorLODs/AthenaTreeMedium_01/MI_AthenaTreeMedium_01_Impostor.0"
          },
          "MaterialSlotName": "MI_AthenaTreeMedium_01_Impostor",
          "ImportedMaterialSlotName": "MI_AthenaTreeMedium_01_Impostor",
          "UVChannelData": {
            "bInitialized": true,
            "bOverrideDensities": false,
            "LocalUVDensities": 16438.6,
            "LocalUVDensities": 139.14287,
            "LocalUVDensities": 0.0,
            "LocalUVDensities": 0.0
          }
        }
      ],
      "LightmapUVDensity": 10208.628,
      "LightMapResolution": 32,
      "PositiveBoundsExtension": {
        "X": 143.70154,
        "Y": 38.461426,
        "Z": 1022.7562
      },
      "NegativeBoundsExtension": {
        "X": 858.19824,
        "Y": 256.7602,
        "Z": 120.621
      },
      "ExtendedBounds": {
        "Origin": {
          "X": -3165.9937,
          "Y": 1421.0654,
          "Z": 961.91797
        },
        "BoxExtent": {
          "X": 3613.335,
          "Y": 1985.794,
          "Z": 1096.8735
        },
        "SphereRadius": 4266.4624
      }
    },
    "BodySetup": {
      "ObjectName": "BodySetup'SM_Athena_POI_GenericPlot_MCM_003_1_Factory_Wall_3Trim_2:BodySetup_1'",
      "ObjectPath": "FortniteGame/Content/Athena/Maps/Buildings/7x12/HLOD/Athena_POI_GenericPlot_MCM_003_1_HLOD.0"
    },
    "NavCollision": {
      "ObjectName": "NavCollision'SM_Athena_POI_GenericPlot_MCM_003_1_Factory_Wall_3Trim_2:NavCollision_1'",
      "ObjectPath": "FortniteGame/Content/Athena/Maps/Buildings/7x12/HLOD/Athena_POI_GenericPlot_MCM_003_1_HLOD.3"
    },
    "LightingGuid": "82406924-44BF5F39-046D279B-99200995",
    "RenderData": null
  },
  {
    "Type": "Texture2D",
    "Name": "T_Athena_POI_GenericPlot_MCM_003_1_Factory_Wall_3Trim_2_Diffuse",
    "Class": "UScriptClass'Texture2D'",
    "Properties": {
      "ImportedSize": {
        "X": 256,
        "Y": 256
      },
      "LightingGuid": "6A834DE5-4112CE88-153CBCA2-1C74959C",
      "LODGroup": "TEXTUREGROUP_HierarchicalLOD"
    },
    "SizeX": 0,
    "SizeY": 0,
    "PackedData": 0,
    "PixelFormat": "PF_Unknown",
    "FirstMipToSerialize": -1
  }
]