[
  {
    "Type": "BodySetup",
    "Name": "BodySetup_1",
    "Outer": "SM_Athena_Roadside_7x12_Garage_002_1_S_Sidewalk_1x1_Broken_02_8",
    "Class": "UScriptClass'BodySetup'",
    "Properties": {
      "DefaultInstance": {
        "ObjectType": "ECC_WorldStatic",
        "CollisionEnabled": "ECollisionEnabled::QueryOnly",
        "CollisionProfileName": "BlockAll",
        "CollisionResponses": {
          "ResponseArray": [
            {
              "Channel": "FCC_Trace_WeaponCapsule",
              "Response": "ECR_Block"
            },
            {
              "Channel": "FCC_Object_PawnAI",
              "Response": "ECR_Block"
            },
            {
              "Channel": "FCC_Trace_WeaponMulti",
              "Response": "ECR_Block"
            },
            {
              "Channel": "FCC_Trace_Weapon",
              "Response": "ECR_Block"
            },
            {
              "Channel": "FCC_Object_Projectile",
              "Response": "ECR_Block"
            },
            {
              "Channel": "FCC_Object_ProjectileIgnoreAI",
              "Response": "ECR_Block"
            },
            {
              "Channel": "FCC_Object_ProjectileMesh",
              "Response": "ECR_Block"
            },
            {
              "Channel": "FCC_Object_SpectatorDroneCamera",
              "Response": "ECR_Block"
            },
            {
              "Channel": "FCC_Trace_WeaponPawnAndWorldMulti",
              "Response": "ECR_Block"
            }
          ]
        }
      }
    },
    "BodySetupGuid": "D819129E4EB9596021F18E974FB7E944"
  },
  {
    "Type": "HLODProxy",
    "Name": "Athena_Roadside_7x12_Garage_002_1_HLOD",
    "Class": "UScriptClass'HLODProxy'",
    "Properties": {
      "ProxyMeshes": [
        {
          "LODActor": {
            "Guid": "8F367D14-4C8E3B81-0D018687-24E6CB85"
          },
          "StaticMesh": {
            "ObjectName": "StaticMesh'SM_Athena_Roadside_7x12_Garage_002_1_S_Sidewalk_1x1_Broken_02_8'",
            "ObjectPath": "FortniteGame/Content/Athena/Maps/Buildings/7x12/HLOD/Athena_Roadside_7x12_Garage_002_1_HLOD.4"
          },
          "Key": "76927B120C6645ACB9200E7FB8896AC3_8F367D144C8E3B810D01868724E6CB85_2305E2ED_B0D760B0_AD561778_ProxyLODMeshReduction"
        }
      ]
    }
  },
  {
    "Type": "MaterialInstanceConstant",
    "Name": "M_Athena_Roadside_7x12_Garage_002_1_S_Sidewalk_1x1_Broken_02_8",
    "Class": "UScriptClass'MaterialInstanceConstant'",
    "Properties": {
      "Parent": {
        "ObjectName": "MaterialInstanceConstant'BaseFlattenMaterialAthena_MedHLOD_GrassReplace'",
        "ObjectPath": "FortniteGame/Content/Athena/HLODSetup/Materials/BaseFlattenMaterialAthena_MedHLOD_GrassReplace.0"
      },
      "bHasStaticPermutationResource": true,
      "ScalarParameterValues": [
        {
          "ParameterInfo": {
            "Name": "MetallicConst",
            "Association": "GlobalParameter",
            "Index": -1
          },
          "ParameterValue": 0.0,
          "ExpressionGUID": "DF762E36-47C779AB-3231ABBC-84920D01"
        },
        {
          "ParameterInfo": {
            "Name": "RoughnessConst",
            "Association": "GlobalParameter",
            "Index": -1
          },
          "ParameterValue": 1.0,
          "ExpressionGUID": "67948A44-4E72B482-DC859C95-1C1BEB62"
        },
        {
          "ParameterInfo": {
            "Name": "SpecularConst",
            "Association": "GlobalParameter",
            "Index": -1
          },
          "ParameterValue": 0.075,
          "ExpressionGUID": "F223E3CB-45C3161C-A86098BD-0550F837"
        },
        {
          "ParameterInfo": {
            "Name": "OpacityConst",
            "Association": "GlobalParameter",
            "Index": -1
          },
          "ParameterValue": 1.0,
          "ExpressionGUID": "5CD49B72-46AFD6EA-081F26B9-DF50808B"
        },
        {
          "ParameterInfo": {
            "Name": "OpacityMaskConst",
            "Association": "GlobalParameter",
            "Index": -1
          },
          "ParameterValue": 1.0,
          "ExpressionGUID": "C019A35E-469F1FBE-A5FA559C-9B07F150"
        },
        {
          "ParameterInfo": {
            "Name": "AmbientOcclusionConst",
            "Association": "GlobalParameter",
            "Index": -1
          },
          "ParameterValue": 1.0,
          "ExpressionGUID": "A4B0120B-45121C51-549CB6AE-11CBEC3D"
        }
      ],
      "TextureParameterValues": [
        {
          "ParameterInfo": {
            "Name": "DiffuseTexture",
            "Association": "GlobalParameter",
            "Index": -1
          },
          "ParameterValue": {
            "ObjectName": "Texture2D'T_Athena_Roadside_7x12_Garage_002_1_S_Sidewalk_1x1_Broken_02_8_Diffuse'",
            "ObjectPath": "FortniteGame/Content/Athena/Maps/Buildings/7x12/HLOD/Athena_Roadside_7x12_Garage_002_1_HLOD.5"
          },
          "ExpressionGUID": "4E7AD77A-43D375BA-CEB77C86-73756268"
        }
      ],
      "BasePropertyOverrides": {
        "bOverride_DitheredLODTransition": true,
        "DitheredLODTransition": true
      },
      "StaticParameters": {
        "StaticSwitchParameters": [
          {
            "ParameterInfo": {
              "Name": "UseDiffuse",
              "Association": "GlobalParameter",
              "Index": -1
            },
            "Value": true,
            "bOverride": true,
            "ExpressionGUID": "99BA8635-4EAA882F-9D4136AF-958BF760"
          }
        ]
      }
    }
  },
  {
    "Type": "NavCollision",
    "Name": "NavCollision_1",
    "Outer": "SM_Athena_Roadside_7x12_Garage_002_1_S_Sidewalk_1x1_Broken_02_8",
    "Class": "UScriptClass'NavCollision'",
    "CookedFormatData": {
      "NavCollision_X": {
        "BulkDataFlags": "BULKDATA_SingleUse | BULKDATA_ForceInlinePayload",
        "ElementCount": 21,
        "SizeOnDisk": 21,
        "OffsetInFile": "0x5AF8B"
      }
    }
  },
  {
    "Type": "StaticMesh",
    "Name": "SM_Athena_Roadside_7x12_Garage_002_1_S_Sidewalk_1x1_Broken_02_8",
    "Class": "UScriptClass'StaticMesh'",
    "Properties": {
      "StaticMaterials": [
        {
          "MaterialInterface": {
            "ObjectName": "MaterialInstanceConstant'M_Athena_Roadside_7x12_Garage_002_1_S_Sidewalk_1x1_Broken_02_8'",
            "ObjectPath": "FortniteGame/Content/Athena/Maps/Buildings/7x12/HLOD/Athena_Roadside_7x12_Garage_002_1_HLOD.2"
          },
          "MaterialSlotName": "M_Athena_Roadside_7x12_Garage_002_1_S_Sidewalk_1x1_Broken_02_8",
          "ImportedMaterialSlotName": "M_Athena_Roadside_7x12_Garage_002_1_S_Sidewalk_1x1_Broken_02_8",
          "UVChannelData": {
            "bInitialized": true,
            "bOverrideDensities": false,
            "LocalUVDensities": 10685.026,
            "LocalUVDensities": 10685.026,
            "LocalUVDensities": 0.0,
            "LocalUVDensities": 0.0
          }
        },
        {
          "MaterialInterface": {
            "ObjectName": "MaterialInstanceConstant'MI_DES_Cactus_02_Impostor'",
            "ObjectPath": "FortniteGame/Content/ImpostorBaker/ImpostorLODs/DES_Cactus_02/MI_DES_Cactus_02_Impostor.0"
          },
          "MaterialSlotName": "MI_DES_Cactus_02_Impostor",
          "ImportedMaterialSlotName": "MI_DES_Cactus_02_Impostor",
          "UVChannelData": {
            "bInitialized": true,
            "bOverrideDensities": false,
            "LocalUVDensities": 3710.6597,
            "LocalUVDensities": 40.728024,
            "LocalUVDensities": 0.0,
            "LocalUVDensities": 0.0
          }
        },
        {
          "MaterialInterface": {
            "ObjectName": "MaterialInstanceConstant'MI_JoshuaTree_01'",
            "ObjectPath": "FortniteGame/Content/ImpostorBaker/ImpostorLODs/JoshuaTree_01/MI_JoshuaTree_01.0"
          },
          "MaterialSlotName": "MI_JoshuaTree_01",
          "ImportedMaterialSlotName": "MI_JoshuaTree_01",
          "UVChannelData": {
            "bInitialized": true,
            "bOverrideDensities": false,
            "LocalUVDensities": 13540.561,
            "LocalUVDensities": 80.6165,
            "LocalUVDensities": 0.0,
            "LocalUVDensities": 0.0
          }
        }
      ],
      "LightmapUVDensity": 10686.176,
      "LightMapResolution": 32,
      "PositiveBoundsExtension": {
        "X": 0.0,
        "Y": 74.22266,
        "Z": 128.21985
      },
      "NegativeBoundsExtension": {
        "X": 0.0,
        "Y": 163.80792,
        "Z": 0.0
      },
      "ExtendedBounds": {
        "Origin": {
          "X": -2672.9094,
          "Y": 1476.7211,
          "Z": 146.96472
        },
        "BoxExtent": {
          "X": 2965.422,
          "Y": 2013.6178,
          "Z": 586.08673
        },
        "SphereRadius": 3632.0632
      }
    },
    "BodySetup": {
      "ObjectName": "BodySetup'SM_Athena_Roadside_7x12_Garage_002_1_S_Sidewalk_1x1_Broken_02_8:BodySetup_1'",
      "ObjectPath": "FortniteGame/Content/Athena/Maps/Buildings/7x12/HLOD/Athena_Roadside_7x12_Garage_002_1_HLOD.0"
    },
    "NavCollision": {
      "ObjectName": "NavCollision'SM_Athena_Roadside_7x12_Garage_002_1_S_Sidewalk_1x1_Broken_02_8:NavCollision_1'",
      "ObjectPath": "FortniteGame/Content/Athena/Maps/Buildings/7x12/HLOD/Athena_Roadside_7x12_Garage_002_1_HLOD.3"
    },
    "LightingGuid": "0F96D80E-4EF5DAC6-7CD046BF-756A20CB",
    "RenderData": null
  },
  {
    "Type": "Texture2D",
    "Name": "T_Athena_Roadside_7x12_Garage_002_1_S_Sidewalk_1x1_Broken_02_8_Diffuse",
    "Class": "UScriptClass'Texture2D'",
    "Properties": {
      "ImportedSize": {
        "X": 256,
        "Y": 256
      },
      "LightingGuid": "B4DD44F5-478F84F4-8F2378A1-8A2647C8",
      "LODGroup": "TEXTUREGROUP_HierarchicalLOD"
    },
    "SizeX": 0,
    "SizeY": 0,
    "PackedData": 0,
    "PixelFormat": "PF_Unknown",
    "FirstMipToSerialize": -1
  }
]