[
  {
    "Type": "BodySetup",
    "Name": "BodySetup_0",
    "Outer": "SM_Athena_POI_GenericPlot_DCE_001_1_S_Sidewalk_1x1_Corner_2",
    "Class": "UScriptClass'BodySetup'",
    "Properties": {
      "DefaultInstance": {
        "ObjectType": "ECC_WorldStatic",
        "CollisionEnabled": "ECollisionEnabled::QueryOnly",
        "CollisionProfileName": "BlockAll",
        "CollisionResponses": {
          "ResponseArray": [
            {
              "Channel": "FCC_Trace_WeaponCapsule",
              "Response": "ECR_Block"
            },
            {
              "Channel": "FCC_Object_PawnAI",
              "Response": "ECR_Block"
            },
            {
              "Channel": "FCC_Trace_WeaponMulti",
              "Response": "ECR_Block"
            },
            {
              "Channel": "FCC_Trace_Weapon",
              "Response": "ECR_Block"
            },
            {
              "Channel": "FCC_Object_Projectile",
              "Response": "ECR_Block"
            },
            {
              "Channel": "FCC_Object_ProjectileIgnoreAI",
              "Response": "ECR_Block"
            },
            {
              "Channel": "FCC_Object_ProjectileMesh",
              "Response": "ECR_Block"
            },
            {
              "Channel": "FCC_Object_SpectatorDroneCamera",
              "Response": "ECR_Block"
            },
            {
              "Channel": "FCC_Trace_WeaponPawnAndWorldMulti",
              "Response": "ECR_Block"
            }
          ]
        }
      }
    },
    "BodySetupGuid": "DC5D30E34D45CAA3D84DCAA283A23C8B"
  },
  {
    "Type": "HLODProxy",
    "Name": "Athena_POI_GenericPlot_DCE_001_1_HLOD",
    "Class": "UScriptClass'HLODProxy'",
    "Properties": {
      "ProxyMeshes": [
        {
          "LODActor": {
            "Guid": "ED238463-4473E960-8716EABB-E21F5398"
          },
          "StaticMesh": {
            "ObjectName": "StaticMesh'SM_Athena_POI_GenericPlot_DCE_001_1_S_Sidewalk_1x1_Corner_2'",
            "ObjectPath": "FortniteGame/Content/Athena/Maps/Buildings/7x12/HLOD/Athena_POI_GenericPlot_DCE_001_1_HLOD.4"
          },
          "Key": "76927B120C6645ACB9200E7FB8896AC3_ED2384634473E9608716EABBE21F5398_2305E2ED_B0D760B0_9B33409B_ProxyLODMeshReduction"
        }
      ]
    }
  },
  {
    "Type": "MaterialInstanceConstant",
    "Name": "M_Athena_POI_GenericPlot_DCE_001_1_S_Sidewalk_1x1_Corner_2",
    "Class": "UScriptClass'MaterialInstanceConstant'",
    "Properties": {
      "Parent": {
        "ObjectName": "MaterialInstanceConstant'BaseFlattenMaterialAthena_MedHLOD_GrassReplace'",
        "ObjectPath": "FortniteGame/Content/Athena/HLODSetup/Materials/BaseFlattenMaterialAthena_MedHLOD_GrassReplace.0"
      },
      "bHasStaticPermutationResource": true,
      "ScalarParameterValues": [
        {
          "ParameterInfo": {
            "Name": "MetallicConst",
            "Association": "GlobalParameter",
            "Index": -1
          },
          "ParameterValue": 0.0,
          "ExpressionGUID": "DF762E36-47C779AB-3231ABBC-84920D01"
        },
        {
          "ParameterInfo": {
            "Name": "RoughnessConst",
            "Association": "GlobalParameter",
            "Index": -1
          },
          "ParameterValue": 1.0,
          "ExpressionGUID": "67948A44-4E72B482-DC859C95-1C1BEB62"
        },
        {
          "ParameterInfo": {
            "Name": "SpecularConst",
            "Association": "GlobalParameter",
            "Index": -1
          },
          "ParameterValue": 0.075,
          "ExpressionGUID": "F223E3CB-45C3161C-A86098BD-0550F837"
        },
        {
          "ParameterInfo": {
            "Name": "OpacityConst",
            "Association": "GlobalParameter",
            "Index": -1
          },
          "ParameterValue": 1.0,
          "ExpressionGUID": "5CD49B72-46AFD6EA-081F26B9-DF50808B"
        },
        {
          "ParameterInfo": {
            "Name": "OpacityMaskConst",
            "Association": "GlobalParameter",
            "Index": -1
          },
          "ParameterValue": 1.0,
          "ExpressionGUID": "C019A35E-469F1FBE-A5FA559C-9B07F150"
        },
        {
          "ParameterInfo": {
            "Name": "AmbientOcclusionConst",
            "Association": "GlobalParameter",
            "Index": -1
          },
          "ParameterValue": 1.0,
          "ExpressionGUID": "A4B0120B-45121C51-549CB6AE-11CBEC3D"
        }
      ],
      "TextureParameterValues": [
        {
          "ParameterInfo": {
            "Name": "DiffuseTexture",
            "Association": "GlobalParameter",
            "Index": -1
          },
          "ParameterValue": {
            "ObjectName": "Texture2D'T_Athena_POI_GenericPlot_DCE_001_1_S_Sidewalk_1x1_Corner_2_Diffuse'",
            "ObjectPath": "FortniteGame/Content/Athena/Maps/Buildings/7x12/HLOD/Athena_POI_GenericPlot_DCE_001_1_HLOD.5"
          },
          "ExpressionGUID": "4E7AD77A-43D375BA-CEB77C86-73756268"
        }
      ],
      "BasePropertyOverrides": {
        "bOverride_DitheredLODTransition": true,
        "DitheredLODTransition": true
      },
      "StaticParameters": {
        "StaticSwitchParameters": [
          {
            "ParameterInfo": {
              "Name": "UseDiffuse",
              "Association": "GlobalParameter",
              "Index": -1
            },
            "Value": true,
            "bOverride": true,
            "ExpressionGUID": "99BA8635-4EAA882F-9D4136AF-958BF760"
          }
        ]
      }
    }
  },
  {
    "Type": "NavCollision",
    "Name": "NavCollision_0",
    "Outer": "SM_Athena_POI_GenericPlot_DCE_001_1_S_Sidewalk_1x1_Corner_2",
    "Class": "UScriptClass'NavCollision'",
    "CookedFormatData": {
      "NavCollision_X": {
        "BulkDataFlags": "BULKDATA_SingleUse | BULKDATA_ForceInlinePayload",
        "ElementCount": 21,
        "SizeOnDisk": 21,
        "OffsetInFile": "0x53869"
      }
    }
  },
  {
    "Type": "StaticMesh",
    "Name": "SM_Athena_POI_GenericPlot_DCE_001_1_S_Sidewalk_1x1_Corner_2",
    "Class": "UScriptClass'StaticMesh'",
    "Properties": {
      "StaticMaterials": [
        {
          "MaterialInterface": {
            "ObjectName": "MaterialInstanceConstant'M_Athena_POI_GenericPlot_DCE_001_1_S_Sidewalk_1x1_Corner_2'",
            "ObjectPath": "FortniteGame/Content/Athena/Maps/Buildings/7x12/HLOD/Athena_POI_GenericPlot_DCE_001_1_HLOD.2"
          },
          "MaterialSlotName": "M_Athena_POI_GenericPlot_DCE_001_1_S_Sidewalk_1x1_Corner_2",
          "ImportedMaterialSlotName": "M_Athena_POI_GenericPlot_DCE_001_1_S_Sidewalk_1x1_Corner_2",
          "UVChannelData": {
            "bInitialized": true,
            "bOverrideDensities": false,
            "LocalUVDensities": 11086.458,
            "LocalUVDensities": 11086.458,
            "LocalUVDensities": 0.0,
            "LocalUVDensities": 0.0
          }
        }
      ],
      "LightmapUVDensity": 11086.458,
      "LightMapResolution": 32,
      "ExtendedBounds": {
        "Origin": {
          "X": -2848.9177,
          "Y": 1533.3745,
          "Z": 881.61505
        },
        "BoxExtent": {
          "X": 3087.822,
          "Y": 1932.4282,
          "Z": 935.48193
        },
        "SphereRadius": 3672.8225
      }
    },
    "BodySetup": {
      "ObjectName": "BodySetup'SM_Athena_POI_GenericPlot_DCE_001_1_S_Sidewalk_1x1_Corner_2:BodySetup_0'",
      "ObjectPath": "FortniteGame/Content/Athena/Maps/Buildings/7x12/HLOD/Athena_POI_GenericPlot_DCE_001_1_HLOD.0"
    },
    "NavCollision": {
      "ObjectName": "NavCollision'SM_Athena_POI_GenericPlot_DCE_001_1_S_Sidewalk_1x1_Corner_2:NavCollision_0'",
      "ObjectPath": "FortniteGame/Content/Athena/Maps/Buildings/7x12/HLOD/Athena_POI_GenericPlot_DCE_001_1_HLOD.3"
    },
    "LightingGuid": "3BA4768C-41BF60E4-F6D4B5B5-5EA6FF0B",
    "RenderData": null
  },
  {
    "Type": "Texture2D",
    "Name": "T_Athena_POI_GenericPlot_DCE_001_1_S_Sidewalk_1x1_Corner_2_Diffuse",
    "Class": "UScriptClass'Texture2D'",
    "Properties": {
      "ImportedSize": {
        "X": 256,
        "Y": 256
      },
      "LightingGuid": "98242A1F-453F967F-3CEDED90-699000DB",
      "LODGroup": "TEXTUREGROUP_HierarchicalLOD"
    },
    "SizeX": 0,
    "SizeY": 0,
    "PackedData": 0,
    "PixelFormat": "PF_Unknown",
    "FirstMipToSerialize": -1
  }
]