[
  {
    "Type": "BodySetup",
    "Name": "BodySetup_0",
    "Outer": "SM_Athena_7x12_Palms_Houses_b_1_SM_Sidewalk_Small_5",
    "Class": "UScriptClass'BodySetup'",
    "Properties": {
      "DefaultInstance": {
        "ObjectType": "ECC_WorldStatic",
        "CollisionEnabled": "ECollisionEnabled::QueryOnly",
        "CollisionProfileName": "BlockAll",
        "CollisionResponses": {
          "ResponseArray": [
            {
              "Channel": "FCC_Trace_WeaponCapsule",
              "Response": "ECR_Block"
            },
            {
              "Channel": "FCC_Object_PawnAI",
              "Response": "ECR_Block"
            },
            {
              "Channel": "FCC_Trace_WeaponMulti",
              "Response": "ECR_Block"
            },
            {
              "Channel": "FCC_Trace_Weapon",
              "Response": "ECR_Block"
            },
            {
              "Channel": "FCC_Object_Projectile",
              "Response": "ECR_Block"
            },
            {
              "Channel": "FCC_Object_ProjectileIgnoreAI",
              "Response": "ECR_Block"
            },
            {
              "Channel": "FCC_Object_ProjectileMesh",
              "Response": "ECR_Block"
            },
            {
              "Channel": "FCC_Object_SpectatorDroneCamera",
              "Response": "ECR_Block"
            },
            {
              "Channel": "FCC_Trace_WeaponPawnAndWorldMulti",
              "Response": "ECR_Block"
            }
          ]
        }
      }
    },
    "BodySetupGuid": "551E16C245B33542B919CE9E789F99B8"
  },
  {
    "Type": "HLODProxy",
    "Name": "Athena_7x12_Palms_Houses_b_1_HLOD",
    "Class": "UScriptClass'HLODProxy'",
    "Properties": {
      "ProxyMeshes": [
        {
          "LODActor": {
            "Guid": "3FAEDD24-42C25439-E8431785-ADED1DE8"
          },
          "StaticMesh": {
            "ObjectName": "StaticMesh'SM_Athena_7x12_Palms_Houses_b_1_SM_Sidewalk_Small_5'",
            "ObjectPath": "FortniteGame/Content/Athena/Maps/Buildings/7x12/HLOD/Athena_7x12_Palms_Houses_b_1_HLOD.4"
          },
          "Key": "76927B120C6645ACB9200E7FB8896AC3_3FAEDD2442C25439E8431785ADED1DE8_2305E2ED_B0D760B0_2CAD5492_ProxyLODMeshReduction"
        }
      ]
    }
  },
  {
    "Type": "MaterialInstanceConstant",
    "Name": "M_Athena_7x12_Palms_Houses_b_1_SM_Sidewalk_Small_5",
    "Class": "UScriptClass'MaterialInstanceConstant'",
    "Properties": {
      "Parent": {
        "ObjectName": "MaterialInstanceConstant'BaseFlattenMaterialAthena_MedHLOD_GrassReplace'",
        "ObjectPath": "FortniteGame/Content/Athena/HLODSetup/Materials/BaseFlattenMaterialAthena_MedHLOD_GrassReplace.0"
      },
      "bHasStaticPermutationResource": true,
      "ScalarParameterValues": [
        {
          "ParameterInfo": {
            "Name": "MetallicConst",
            "Association": "GlobalParameter",
            "Index": -1
          },
          "ParameterValue": 0.0,
          "ExpressionGUID": "DF762E36-47C779AB-3231ABBC-84920D01"
        },
        {
          "ParameterInfo": {
            "Name": "RoughnessConst",
            "Association": "GlobalParameter",
            "Index": -1
          },
          "ParameterValue": 1.0,
          "ExpressionGUID": "67948A44-4E72B482-DC859C95-1C1BEB62"
        },
        {
          "ParameterInfo": {
            "Name": "SpecularConst",
            "Association": "GlobalParameter",
            "Index": -1
          },
          "ParameterValue": 0.075,
          "ExpressionGUID": "F223E3CB-45C3161C-A86098BD-0550F837"
        },
        {
          "ParameterInfo": {
            "Name": "OpacityConst",
            "Association": "GlobalParameter",
            "Index": -1
          },
          "ParameterValue": 1.0,
          "ExpressionGUID": "5CD49B72-46AFD6EA-081F26B9-DF50808B"
        },
        {
          "ParameterInfo": {
            "Name": "OpacityMaskConst",
            "Association": "GlobalParameter",
            "Index": -1
          },
          "ParameterValue": 1.0,
          "ExpressionGUID": "C019A35E-469F1FBE-A5FA559C-9B07F150"
        },
        {
          "ParameterInfo": {
            "Name": "AmbientOcclusionConst",
            "Association": "GlobalParameter",
            "Index": -1
          },
          "ParameterValue": 1.0,
          "ExpressionGUID": "A4B0120B-45121C51-549CB6AE-11CBEC3D"
        }
      ],
      "TextureParameterValues": [
        {
          "ParameterInfo": {
            "Name": "DiffuseTexture",
            "Association": "GlobalParameter",
            "Index": -1
          },
          "ParameterValue": {
            "ObjectName": "Texture2D'T_Athena_7x12_Palms_Houses_b_1_SM_Sidewalk_Small_5_Diffuse'",
            "ObjectPath": "FortniteGame/Content/Athena/Maps/Buildings/7x12/HLOD/Athena_7x12_Palms_Houses_b_1_HLOD.5"
          },
          "ExpressionGUID": "4E7AD77A-43D375BA-CEB77C86-73756268"
        }
      ],
      "BasePropertyOverrides": {
        "bOverride_DitheredLODTransition": true,
        "DitheredLODTransition": true
      },
      "StaticParameters": {
        "StaticSwitchParameters": [
          {
            "ParameterInfo": {
              "Name": "UseDiffuse",
              "Association": "GlobalParameter",
              "Index": -1
            },
            "Value": true,
            "bOverride": true,
            "ExpressionGUID": "99BA8635-4EAA882F-9D4136AF-958BF760"
          }
        ]
      }
    }
  },
  {
    "Type": "NavCollision",
    "Name": "NavCollision_0",
    "Outer": "SM_Athena_7x12_Palms_Houses_b_1_SM_Sidewalk_Small_5",
    "Class": "UScriptClass'NavCollision'",
    "CookedFormatData": {
      "NavCollision_X": {
        "BulkDataFlags": "BULKDATA_SingleUse | BULKDATA_ForceInlinePayload",
        "ElementCount": 21,
        "SizeOnDisk": 21,
        "OffsetInFile": "0x555DD"
      }
    }
  },
  {
    "Type": "StaticMesh",
    "Name": "SM_Athena_7x12_Palms_Houses_b_1_SM_Sidewalk_Small_5",
    "Class": "UScriptClass'StaticMesh'",
    "Properties": {
      "StaticMaterials": [
        {
          "MaterialInterface": {
            "ObjectName": "MaterialInstanceConstant'M_Athena_7x12_Palms_Houses_b_1_SM_Sidewalk_Small_5'",
            "ObjectPath": "FortniteGame/Content/Athena/Maps/Buildings/7x12/HLOD/Athena_7x12_Palms_Houses_b_1_HLOD.2"
          },
          "MaterialSlotName": "M_Athena_7x12_Palms_Houses_b_1_SM_Sidewalk_Small_5",
          "ImportedMaterialSlotName": "M_Athena_7x12_Palms_Houses_b_1_SM_Sidewalk_Small_5",
          "UVChannelData": {
            "bInitialized": true,
            "bOverrideDensities": false,
            "LocalUVDensities": 11836.247,
            "LocalUVDensities": 11836.247,
            "LocalUVDensities": 0.0,
            "LocalUVDensities": 0.0
          }
        },
        {
          "MaterialInterface": {
            "ObjectName": "MaterialInstanceConstant'MI_PalmTree_01'",
            "ObjectPath": "FortniteGame/Content/ImpostorBaker/ImpostorLODs/PalmTree_06/MI_PalmTree_01.0"
          },
          "MaterialSlotName": "MI_PalmTree_01",
          "ImportedMaterialSlotName": "MI_PalmTree_01",
          "UVChannelData": {
            "bInitialized": true,
            "bOverrideDensities": false,
            "LocalUVDensities": 31982.4,
            "LocalUVDensities": 143.54384,
            "LocalUVDensities": 0.0,
            "LocalUVDensities": 0.0
          }
        },
        {
          "MaterialInterface": {
            "ObjectName": "MaterialInstanceConstant'MI_PalmTreec_01'",
            "ObjectPath": "FortniteGame/Content/ImpostorBaker/ImpostorLODs/PalmTree_06c/MI_PalmTreec_01.0"
          },
          "MaterialSlotName": "MI_PalmTreec_01",
          "ImportedMaterialSlotName": "MI_PalmTreec_01",
          "UVChannelData": {
            "bInitialized": true,
            "bOverrideDensities": false,
            "LocalUVDensities": 30886.424,
            "LocalUVDensities": 138.62488,
            "LocalUVDensities": 0.0,
            "LocalUVDensities": 0.0
          }
        }
      ],
      "LightmapUVDensity": 11938.882,
      "LightMapResolution": 32,
      "PositiveBoundsExtension": {
        "X": 39.449066,
        "Y": 87.78833,
        "Z": 1058.0106
      },
      "NegativeBoundsExtension": {
        "X": 0.0,
        "Y": 49.221893,
        "Z": 0.0
      },
      "ExtendedBounds": {
        "Origin": {
          "X": -2781.9502,
          "Y": 1558.2993,
          "Z": 863.8044
        },
        "BoxExtent": {
          "X": 3113.0728,
          "Y": 1894.8191,
          "Z": 1254.2168
        },
        "SphereRadius": 3854.1694
      }
    },
    "BodySetup": {
      "ObjectName": "BodySetup'SM_Athena_7x12_Palms_Houses_b_1_SM_Sidewalk_Small_5:BodySetup_0'",
      "ObjectPath": "FortniteGame/Content/Athena/Maps/Buildings/7x12/HLOD/Athena_7x12_Palms_Houses_b_1_HLOD.0"
    },
    "NavCollision": {
      "ObjectName": "NavCollision'SM_Athena_7x12_Palms_Houses_b_1_SM_Sidewalk_Small_5:NavCollision_0'",
      "ObjectPath": "FortniteGame/Content/Athena/Maps/Buildings/7x12/HLOD/Athena_7x12_Palms_Houses_b_1_HLOD.3"
    },
    "LightingGuid": "B7060523-433A644F-E762E4B7-D1BA1A0F",
    "RenderData": null
  },
  {
    "Type": "Texture2D",
    "Name": "T_Athena_7x12_Palms_Houses_b_1_SM_Sidewalk_Small_5_Diffuse",
    "Class": "UScriptClass'Texture2D'",
    "Properties": {
      "ImportedSize": {
        "X": 256,
        "Y": 256
      },
      "LightingGuid": "0AEF2D2D-43485EA3-D32231BB-966C3CEF",
      "LODGroup": "TEXTUREGROUP_HierarchicalLOD"
    },
    "SizeX": 0,
    "SizeY": 0,
    "PackedData": 0,
    "PixelFormat": "PF_Unknown",
    "FirstMipToSerialize": -1
  }
]