[
  {
    "Type": "BodySetup",
    "Name": "BodySetup_0",
    "Outer": "SM_Athena_POI_GenericPlot_REC_003_1_StoreGeneric_Solid72",
    "Class": "UScriptClass'BodySetup'",
    "Properties": {
      "DefaultInstance": {
        "ObjectType": "ECC_WorldStatic",
        "CollisionEnabled": "ECollisionEnabled::QueryOnly",
        "CollisionProfileName": "BlockAll",
        "CollisionResponses": {
          "ResponseArray": [
            {
              "Channel": "FCC_Trace_WeaponCapsule",
              "Response": "ECR_Block"
            },
            {
              "Channel": "FCC_Object_PawnAI",
              "Response": "ECR_Block"
            },
            {
              "Channel": "FCC_Trace_WeaponMulti",
              "Response": "ECR_Block"
            },
            {
              "Channel": "FCC_Trace_Weapon",
              "Response": "ECR_Block"
            },
            {
              "Channel": "FCC_Object_Projectile",
              "Response": "ECR_Block"
            },
            {
              "Channel": "FCC_Object_ProjectileIgnoreAI",
              "Response": "ECR_Block"
            },
            {
              "Channel": "FCC_Object_ProjectileMesh",
              "Response": "ECR_Block"
            },
            {
              "Channel": "FCC_Object_SpectatorDroneCamera",
              "Response": "ECR_Block"
            },
            {
              "Channel": "FCC_Trace_WeaponPawnAndWorldMulti",
              "Response": "ECR_Block"
            }
          ]
        }
      }
    },
    "BodySetupGuid": "2361675E4A315580115E4C9CCC2940AA"
  },
  {
    "Type": "HLODProxy",
    "Name": "Athena_POI_GenericPlot_REC_003_1_HLOD",
    "Class": "UScriptClass'HLODProxy'",
    "Properties": {
      "ProxyMeshes": [
        {
          "LODActor": {
            "Guid": "9BCA988D-46D1D5C1-3AA6C5BA-5109F4F2"
          },
          "StaticMesh": {
            "ObjectName": "StaticMesh'SM_Athena_POI_GenericPlot_REC_003_1_StoreGeneric_Solid72'",
            "ObjectPath": "FortniteGame/Content/Athena/Maps/Buildings/7x12/HLOD/Athena_POI_GenericPlot_REC_003_1_HLOD.4"
          },
          "Key": "76927B120C6645ACB9200E7FB8896AC3_9BCA988D46D1D5C13AA6C5BA5109F4F2_2305E2ED_B0D760B0_A27374EC_ProxyLODMeshReduction"
        }
      ]
    }
  },
  {
    "Type": "MaterialInstanceConstant",
    "Name": "M_Athena_POI_GenericPlot_REC_003_1_StoreGeneric_Solid72",
    "Class": "UScriptClass'MaterialInstanceConstant'",
    "Properties": {
      "Parent": {
        "ObjectName": "MaterialInstanceConstant'BaseFlattenMaterialAthena_MedHLOD_GrassReplace'",
        "ObjectPath": "FortniteGame/Content/Athena/HLODSetup/Materials/BaseFlattenMaterialAthena_MedHLOD_GrassReplace.0"
      },
      "bHasStaticPermutationResource": true,
      "ScalarParameterValues": [
        {
          "ParameterInfo": {
            "Name": "MetallicConst",
            "Association": "GlobalParameter",
            "Index": -1
          },
          "ParameterValue": 0.0,
          "ExpressionGUID": "DF762E36-47C779AB-3231ABBC-84920D01"
        },
        {
          "ParameterInfo": {
            "Name": "RoughnessConst",
            "Association": "GlobalParameter",
            "Index": -1
          },
          "ParameterValue": 1.0,
          "ExpressionGUID": "67948A44-4E72B482-DC859C95-1C1BEB62"
        },
        {
          "ParameterInfo": {
            "Name": "SpecularConst",
            "Association": "GlobalParameter",
            "Index": -1
          },
          "ParameterValue": 0.075,
          "ExpressionGUID": "F223E3CB-45C3161C-A86098BD-0550F837"
        },
        {
          "ParameterInfo": {
            "Name": "OpacityConst",
            "Association": "GlobalParameter",
            "Index": -1
          },
          "ParameterValue": 1.0,
          "ExpressionGUID": "5CD49B72-46AFD6EA-081F26B9-DF50808B"
        },
        {
          "ParameterInfo": {
            "Name": "OpacityMaskConst",
            "Association": "GlobalParameter",
            "Index": -1
          },
          "ParameterValue": 1.0,
          "ExpressionGUID": "C019A35E-469F1FBE-A5FA559C-9B07F150"
        },
        {
          "ParameterInfo": {
            "Name": "AmbientOcclusionConst",
            "Association": "GlobalParameter",
            "Index": -1
          },
          "ParameterValue": 1.0,
          "ExpressionGUID": "A4B0120B-45121C51-549CB6AE-11CBEC3D"
        }
      ],
      "TextureParameterValues": [
        {
          "ParameterInfo": {
            "Name": "DiffuseTexture",
            "Association": "GlobalParameter",
            "Index": -1
          },
          "ParameterValue": {
            "ObjectName": "Texture2D'T_Athena_POI_GenericPlot_REC_003_1_StoreGeneric_Solid72_Diffuse'",
            "ObjectPath": "FortniteGame/Content/Athena/Maps/Buildings/7x12/HLOD/Athena_POI_GenericPlot_REC_003_1_HLOD.5"
          },
          "ExpressionGUID": "4E7AD77A-43D375BA-CEB77C86-73756268"
        }
      ],
      "BasePropertyOverrides": {
        "bOverride_DitheredLODTransition": true,
        "DitheredLODTransition": true
      },
      "StaticParameters": {
        "StaticSwitchParameters": [
          {
            "ParameterInfo": {
              "Name": "UseDiffuse",
              "Association": "GlobalParameter",
              "Index": -1
            },
            "Value": true,
            "bOverride": true,
            "ExpressionGUID": "99BA8635-4EAA882F-9D4136AF-958BF760"
          }
        ]
      }
    }
  },
  {
    "Type": "NavCollision",
    "Name": "NavCollision_0",
    "Outer": "SM_Athena_POI_GenericPlot_REC_003_1_StoreGeneric_Solid72",
    "Class": "UScriptClass'NavCollision'",
    "CookedFormatData": {
      "NavCollision_X": {
        "BulkDataFlags": "BULKDATA_SingleUse | BULKDATA_ForceInlinePayload",
        "ElementCount": 21,
        "SizeOnDisk": 21,
        "OffsetInFile": "0x4CD53"
      }
    }
  },
  {
    "Type": "StaticMesh",
    "Name": "SM_Athena_POI_GenericPlot_REC_003_1_StoreGeneric_Solid72",
    "Class": "UScriptClass'StaticMesh'",
    "Properties": {
      "StaticMaterials": [
        {
          "MaterialInterface": {
            "ObjectName": "MaterialInstanceConstant'M_Athena_POI_GenericPlot_REC_003_1_StoreGeneric_Solid72'",
            "ObjectPath": "FortniteGame/Content/Athena/Maps/Buildings/7x12/HLOD/Athena_POI_GenericPlot_REC_003_1_HLOD.2"
          },
          "MaterialSlotName": "M_Athena_POI_GenericPlot_REC_003_1_StoreGeneric_Solid72",
          "ImportedMaterialSlotName": "M_Athena_POI_GenericPlot_REC_003_1_StoreGeneric_Solid72",
          "UVChannelData": {
            "bInitialized": true,
            "bOverrideDensities": false,
            "LocalUVDensities": 6183.645,
            "LocalUVDensities": 6183.645,
            "LocalUVDensities": 0.0,
            "LocalUVDensities": 0.0
          }
        },
        {
          "MaterialInterface": {
            "ObjectName": "MaterialInstanceConstant'MI_AthenaTreeXmasPine_02_Impostor_MT'",
            "ObjectPath": "FortniteGame/Content/ImpostorBaker/ImpostorLODs/AthenaTreeXmasPine_02/MI_AthenaTreeXmasPine_02_Impostor_MT.0"
          },
          "MaterialSlotName": "MI_AthenaTreeXmasPine_02_Impostor_MT",
          "ImportedMaterialSlotName": "MI_AthenaTreeXmasPine_02_Impostor_MT",
          "UVChannelData": {
            "bInitialized": true,
            "bOverrideDensities": false,
            "LocalUVDensities": 16723.56,
            "LocalUVDensities": 118.41203,
            "LocalUVDensities": 0.0,
            "LocalUVDensities": 0.0
          }
        }
      ],
      "LightmapUVDensity": 6289.778,
      "LightMapResolution": 32,
      "PositiveBoundsExtension": {
        "X": 0.0,
        "Y": 0.0,
        "Z": 721.49634
      },
      "NegativeBoundsExtension": {
        "X": 406.46045,
        "Y": 384.57495,
        "Z": 100.10635
      },
      "ExtendedBounds": {
        "Origin": {
          "X": -3029.2854,
          "Y": 1322.3569,
          "Z": 661.81244
        },
        "BoxExtent": {
          "X": 3296.673,
          "Y": 2001.9937,
          "Z": 769.04474
        },
        "SphereRadius": 3932.8694
      }
    },
    "BodySetup": {
      "ObjectName": "BodySetup'SM_Athena_POI_GenericPlot_REC_003_1_StoreGeneric_Solid72:BodySetup_0'",
      "ObjectPath": "FortniteGame/Content/Athena/Maps/Buildings/7x12/HLOD/Athena_POI_GenericPlot_REC_003_1_HLOD.0"
    },
    "NavCollision": {
      "ObjectName": "NavCollision'SM_Athena_POI_GenericPlot_REC_003_1_StoreGeneric_Solid72:NavCollision_0'",
      "ObjectPath": "FortniteGame/Content/Athena/Maps/Buildings/7x12/HLOD/Athena_POI_GenericPlot_REC_003_1_HLOD.3"
    },
    "LightingGuid": "E021C7B1-4E95B57F-4D64D782-39BA7BDE",
    "RenderData": null
  },
  {
    "Type": "Texture2D",
    "Name": "T_Athena_POI_GenericPlot_REC_003_1_StoreGeneric_Solid72_Diffuse",
    "Class": "UScriptClass'Texture2D'",
    "Properties": {
      "ImportedSize": {
        "X": 256,
        "Y": 256
      },
      "LightingGuid": "A73F3C84-434E8CC8-4792D7A5-77E22282",
      "LODGroup": "TEXTUREGROUP_HierarchicalLOD"
    },
    "SizeX": 0,
    "SizeY": 0,
    "PackedData": 0,
    "PixelFormat": "PF_Unknown",
    "FirstMipToSerialize": -1
  }
]