[
  {
    "Type": "ObjectProperty",
    "Name": "S_TaskForce_Sand_Bag_02",
    "Outer": "Apollo_TaskForce_Sand_Bag_01_C",
    "Class": "UScriptClass'ObjectProperty'",
    "PropertyFlags": "BlueprintVisible | InstancedReference | NonTransactional",
    "PropertyClass": {
      "ObjectName": "Class'StaticMeshComponent'",
      "ObjectPath": "/Script/Engine"
    }
  },
  {
    "Type": "BlueprintGeneratedClass",
    "Name": "Apollo_TaskForce_Sand_Bag_01_C",
    "Class": "UScriptClass'BlueprintGeneratedClass'",
    "Properties": {
      "SimpleConstructionScript": {
        "ObjectName": "SimpleConstructionScript'Apollo_TaskForce_Sand_Bag_01_C:SimpleConstructionScript_585'",
        "ObjectPath": "FortniteGame/Content/Athena/Apollo/Environments/BuildingActors/TaskForce/Props/Apollo_TaskForce_Sand_Bag_01.8"
      }
    },
    "SuperStruct": {
      "ObjectName": "Class'BuildingProp'",
      "ObjectPath": "/Script/FortniteGame"
    },
    "Children": [
      {
        "ObjectName": "ObjectProperty'Apollo_TaskForce_Sand_Bag_01_C:S_TaskForce_Sand_Bag_02'",
        "ObjectPath": "FortniteGame/Content/Athena/Apollo/Environments/BuildingActors/TaskForce/Props/Apollo_TaskForce_Sand_Bag_01.0"
      },
      {
        "ObjectName": "ObjectProperty'Apollo_TaskForce_Sand_Bag_01_C:S_TaskForce_Sand_Bag_01'",
        "ObjectPath": "FortniteGame/Content/Athena/Apollo/Environments/BuildingActors/TaskForce/Props/Apollo_TaskForce_Sand_Bag_01.3"
      }
    ]
  },
  {
    "Type": "Apollo_TaskForce_Sand_Bag_01_C",
    "Name": "Default__Apollo_TaskForce_Sand_Bag_01_C",
    "Class": "BlueprintGeneratedClass'FortniteGame/Content/Athena/Apollo/Environments/BuildingActors/TaskForce/Props/Apollo_TaskForce_Sand_Bag_01.Apollo_TaskForce_Sand_Bag_01_C'",
    "Properties": {
      "StaticMesh": {
        "ObjectName": "StaticMesh'S_TaskForce_Sand_Bag_01'",
        "ObjectPath": "FortniteGame/Content/Environments/Apollo/Sets/TaskForce/Props/Meshes/S_TaskForce_Sand_Bag_01.1"
      },
      "ResourceType": "EFortResourceType::Stone",
      "StaticMeshComponent": {
        "ObjectName": "StaticMeshComponent'Default__Apollo_TaskForce_Sand_Bag_01_C:StaticMeshComponent0'",
        "ObjectPath": "FortniteGame/Content/Athena/Apollo/Environments/BuildingActors/TaskForce/Props/Apollo_TaskForce_Sand_Bag_01.11"
      },
      "BuildingResourceAmountOverride": {
        "CurveTable": {
          "ObjectName": "CurveTable'AthenaResourceRates'",
          "ObjectPath": "FortniteGame/Content/Athena/Balance/DataTables/AthenaResourceRates.0"
        },
        "RowName": "PropStoneLow"
      },
      "DeathParticles": {
        "ObjectName": "ParticleSystem'P_General_Deco_Destruction_Medium'",
        "ObjectPath": "FortniteGame/Content/Effects/Fort_Effects/World/Destruction/Base_Effects/P_General_Deco_Destruction_Medium.100"
      },
      "BuildingAttachmentType": "ATTACH_Floor",
      "AreaClass": {
        "AssetPathName": "/Script/NavigationSystem.NavArea_Default",
        "SubPathString": ""
      },
      "AttributeInitKeys": {
        "AttributeInitCategory": "PropStone",
        "AttributeInitSubCategory": "1"
      },
      "AttributeInitKeys": {
        "AttributeInitCategory": "PropStone",
        "AttributeInitSubCategory": "1"
      },
      "NavigationObstacleOverride": "ENavigationObstacleOverride::ForceEnabled",
      "bIsNavigationRelevant": false,
      "bDestroyOnPlayerBuildingPlacement": true,
      "StaticGameplayTags": [
        "Building.Type.Prop"
      ],
      "RootComponent": {
        "ObjectName": "StaticMeshComponent'Default__Apollo_TaskForce_Sand_Bag_01_C:StaticMeshComponent0'",
        "ObjectPath": "FortniteGame/Content/Athena/Apollo/Environments/BuildingActors/TaskForce/Props/Apollo_TaskForce_Sand_Bag_01.11"
      }
    }
  },
  {
    "Type": "ObjectProperty",
    "Name": "S_TaskForce_Sand_Bag_01",
    "Outer": "Apollo_TaskForce_Sand_Bag_01_C",
    "Class": "UScriptClass'ObjectProperty'",
    "PropertyFlags": "BlueprintVisible | InstancedReference | NonTransactional",
    "PropertyClass": {
      "ObjectName": "Class'StaticMeshComponent'",
      "ObjectPath": "/Script/Engine"
    }
  },
  {
    "Type": "SceneComponent",
    "Name": "SceneComponent_1989",
    "Outer": "Apollo_TaskForce_Sand_Bag_01_C",
    "Class": "UScriptClass'SceneComponent'"
  },
  {
    "Type": "SCS_Node",
    "Name": "SCS_Node_0",
    "Outer": "SimpleConstructionScript_585",
    "Class": "UScriptClass'SCS_Node'",
    "Properties": {
      "ComponentClass": {
        "ObjectName": "Class'StaticMeshComponent'",
        "ObjectPath": "/Script/Engine"
      },
      "ComponentTemplate": {
        "ObjectName": "StaticMeshComponent'Apollo_TaskForce_Sand_Bag_01_C:S_TaskForce_Sand_Bag_01_GEN_VARIABLE'",
        "ObjectPath": "FortniteGame/Content/Athena/Apollo/Environments/BuildingActors/TaskForce/Props/Apollo_TaskForce_Sand_Bag_01.9"
      },
      "ParentComponentOrVariableName": "StaticMeshComponent0",
      "bIsParentComponentNative": true,
      "ChildNodes": [
        {
          "ObjectName": "SCS_Node'Apollo_TaskForce_Sand_Bag_01_C:SimpleConstructionScript_585.SCS_Node_1'",
          "ObjectPath": "FortniteGame/Content/Athena/Apollo/Environments/BuildingActors/TaskForce/Props/Apollo_TaskForce_Sand_Bag_01.6"
        }
      ],
      "VariableGuid": "CF26C4A6-4CE81C37-C3B54CBA-F148F986",
      "InternalVariableName": "S_TaskForce_Sand_Bag_01"
    }
  },
  {
    "Type": "SCS_Node",
    "Name": "SCS_Node_1",
    "Outer": "SimpleConstructionScript_585",
    "Class": "UScriptClass'SCS_Node'",
    "Properties": {
      "ComponentClass": {
        "ObjectName": "Class'StaticMeshComponent'",
        "ObjectPath": "/Script/Engine"
      },
      "ComponentTemplate": {
        "ObjectName": "StaticMeshComponent'Apollo_TaskForce_Sand_Bag_01_C:S_TaskForce_Sand_Bag_02_GEN_VARIABLE'",
        "ObjectPath": "FortniteGame/Content/Athena/Apollo/Environments/BuildingActors/TaskForce/Props/Apollo_TaskForce_Sand_Bag_01.10"
      },
      "VariableGuid": "59601F7C-444E3A86-BFA1A7B9-A31D5D45",
      "InternalVariableName": "S_TaskForce_Sand_Bag_02"
    }
  },
  {
    "Type": "SCS_Node",
    "Name": "SCS_Node_1993",
    "Outer": "SimpleConstructionScript_585",
    "Class": "UScriptClass'SCS_Node'",
    "Properties": {
      "ComponentClass": {
        "ObjectName": "Class'SceneComponent'",
        "ObjectPath": "/Script/Engine"
      },
      "ComponentTemplate": {
        "ObjectName": "SceneComponent'Apollo_TaskForce_Sand_Bag_01_C:SceneComponent_1989'",
        "ObjectPath": "FortniteGame/Content/Athena/Apollo/Environments/BuildingActors/TaskForce/Props/Apollo_TaskForce_Sand_Bag_01.4"
      },
      "VariableGuid": "56BC9799-C494E6E6-321D4295-7D5EB316",
      "InternalVariableName": "DefaultSceneRoot"
    }
  },
  {
    "Type": "SimpleConstructionScript",
    "Name": "SimpleConstructionScript_585",
    "Outer": "Apollo_TaskForce_Sand_Bag_01_C",
    "Class": "UScriptClass'SimpleConstructionScript'",
    "Properties": {
      "RootNodes": [
        {
          "ObjectName": "SCS_Node'Apollo_TaskForce_Sand_Bag_01_C:SimpleConstructionScript_585.SCS_Node_0'",
          "ObjectPath": "FortniteGame/Content/Athena/Apollo/Environments/BuildingActors/TaskForce/Props/Apollo_TaskForce_Sand_Bag_01.5"
        }
      ],
      "AllNodes": [
        {
          "ObjectName": "SCS_Node'Apollo_TaskForce_Sand_Bag_01_C:SimpleConstructionScript_585.SCS_Node_0'",
          "ObjectPath": "FortniteGame/Content/Athena/Apollo/Environments/BuildingActors/TaskForce/Props/Apollo_TaskForce_Sand_Bag_01.5"
        },
        {
          "ObjectName": "SCS_Node'Apollo_TaskForce_Sand_Bag_01_C:SimpleConstructionScript_585.SCS_Node_1'",
          "ObjectPath": "FortniteGame/Content/Athena/Apollo/Environments/BuildingActors/TaskForce/Props/Apollo_TaskForce_Sand_Bag_01.6"
        }
      ],
      "DefaultSceneRootNode": {
        "ObjectName": "SCS_Node'Apollo_TaskForce_Sand_Bag_01_C:SimpleConstructionScript_585.SCS_Node_1993'",
        "ObjectPath": "FortniteGame/Content/Athena/Apollo/Environments/BuildingActors/TaskForce/Props/Apollo_TaskForce_Sand_Bag_01.7"
      }
    }
  },
  {
    "Type": "StaticMeshComponent",
    "Name": "S_TaskForce_Sand_Bag_01_GEN_VARIABLE",
    "Outer": "Apollo_TaskForce_Sand_Bag_01_C",
    "Class": "UScriptClass'StaticMeshComponent'",
    "Properties": {
      "StaticMesh": {
        "ObjectName": "StaticMesh'S_TaskForce_Sand_Bag_01'",
        "ObjectPath": "FortniteGame/Content/Environments/Apollo/Sets/TaskForce/Props/Meshes/S_TaskForce_Sand_Bag_01.1"
      },
      "RelativeLocation": {
        "X": -23.999998,
        "Y": 28.999994,
        "Z": 9.999994
      },
      "RelativeRotation": {
        "Pitch": -30.0,
        "Yaw": 90.000015,
        "Roll": 1.4787794E-05
      }
    }
  },
  {
    "Type": "StaticMeshComponent",
    "Name": "S_TaskForce_Sand_Bag_02_GEN_VARIABLE",
    "Outer": "Apollo_TaskForce_Sand_Bag_01_C",
    "Class": "UScriptClass'StaticMeshComponent'",
    "Properties": {
      "StaticMesh": {
        "ObjectName": "StaticMesh'S_TaskForce_Sand_Bag_01'",
        "ObjectPath": "FortniteGame/Content/Environments/Apollo/Sets/TaskForce/Props/Meshes/S_TaskForce_Sand_Bag_01.1"
      },
      "RelativeLocation": {
        "X": -8.570829,
        "Y": -39.241653,
        "Z": 5.7442617
      },
      "RelativeRotation": {
        "Pitch": -23.253342,
        "Yaw": -409.0828,
        "Roll": -29.552406
      }
    }
  },
  {
    "Type": "StaticMeshComponent",
    "Name": "StaticMeshComponent0",
    "Outer": "Default__Apollo_TaskForce_Sand_Bag_01_C",
    "Class": "UScriptClass'StaticMeshComponent'",
    "Properties": {
      "StaticMesh": {
        "ObjectName": "StaticMesh'S_TaskForce_Sand_Bag_01'",
        "ObjectPath": "FortniteGame/Content/Environments/Apollo/Sets/TaskForce/Props/Meshes/S_TaskForce_Sand_Bag_01.1"
      },
      "CanCharacterStepUpOn": "ECB_Yes",
      "BodyInstance": {
        "bAutoWeld": false
      },
      "bCanEverAffectNavigation": true
    }
  }
]