[
  {
    "Type": "BlueprintGeneratedClass",
    "Name": "Apollo_TaskForce_Sand_Bag_Wall_01_C",
    "Class": "UScriptClass'BlueprintGeneratedClass'",
    "Properties": {
      "SimpleConstructionScript": {
        "ObjectName": "SimpleConstructionScript'Apollo_TaskForce_Sand_Bag_Wall_01_C:SimpleConstructionScript_585'",
        "ObjectPath": "FortniteGame/Content/Athena/Apollo/Environments/BuildingActors/TaskForce/Props/Apollo_TaskForce_Sand_Bag_Wall_01.4"
      }
    },
    "SuperStruct": {
      "ObjectName": "Class'BuildingProp'",
      "ObjectPath": "/Script/FortniteGame"
    }
  },
  {
    "Type": "Apollo_TaskForce_Sand_Bag_Wall_01_C",
    "Name": "Default__Apollo_TaskForce_Sand_Bag_Wall_01_C",
    "Class": "BlueprintGeneratedClass'FortniteGame/Content/Athena/Apollo/Environments/BuildingActors/TaskForce/Props/Apollo_TaskForce_Sand_Bag_Wall_01.Apollo_TaskForce_Sand_Bag_Wall_01_C'",
    "Properties": {
      "StaticMesh": {
        "ObjectName": "StaticMesh'S_TaskForce_Sand_Bag_Wall_01'",
        "ObjectPath": "FortniteGame/Content/Environments/Apollo/Sets/TaskForce/Props/Meshes/S_TaskForce_Sand_Bag_Wall_01.1"
      },
      "ResourceType": "EFortResourceType::Stone",
      "StaticMeshComponent": {
        "ObjectName": "StaticMeshComponent'Default__Apollo_TaskForce_Sand_Bag_Wall_01_C:StaticMeshComponent0'",
        "ObjectPath": "FortniteGame/Content/Athena/Apollo/Environments/BuildingActors/TaskForce/Props/Apollo_TaskForce_Sand_Bag_Wall_01.5"
      },
      "BuildingResourceAmountOverride": {
        "CurveTable": {
          "ObjectName": "CurveTable'AthenaResourceRates'",
          "ObjectPath": "FortniteGame/Content/Athena/Balance/DataTables/AthenaResourceRates.0"
        },
        "RowName": "PropStoneMedium"
      },
      "DeathParticles": {
        "ObjectName": "ParticleSystem'P_General_Deco_Destruction_Medium'",
        "ObjectPath": "FortniteGame/Content/Effects/Fort_Effects/World/Destruction/Base_Effects/P_General_Deco_Destruction_Medium.100"
      },
      "BuildingAttachmentType": "ATTACH_Floor",
      "AttributeInitKeys": {
        "AttributeInitCategory": "PropStone",
        "AttributeInitSubCategory": "2"
      },
      "AttributeInitKeys": {
        "AttributeInitCategory": "PropStone",
        "AttributeInitSubCategory": "2"
      },
      "NavigationObstacleOverride": "ENavigationObstacleOverride::ForceEnabled",
      "bCanExportNavigationCollisions": true,
      "bDestroyOnPlayerBuildingPlacement": true,
      "StaticGameplayTags": [
        "Building.Type.Prop"
      ],
      "RootComponent": {
        "ObjectName": "StaticMeshComponent'Default__Apollo_TaskForce_Sand_Bag_Wall_01_C:StaticMeshComponent0'",
        "ObjectPath": "FortniteGame/Content/Athena/Apollo/Environments/BuildingActors/TaskForce/Props/Apollo_TaskForce_Sand_Bag_Wall_01.5"
      }
    }
  },
  {
    "Type": "SceneComponent",
    "Name": "SceneComponent_1989",
    "Outer": "Apollo_TaskForce_Sand_Bag_Wall_01_C",
    "Class": "UScriptClass'SceneComponent'"
  },
  {
    "Type": "SCS_Node",
    "Name": "SCS_Node_1993",
    "Outer": "SimpleConstructionScript_585",
    "Class": "UScriptClass'SCS_Node'",
    "Properties": {
      "ComponentClass": {
        "ObjectName": "Class'SceneComponent'",
        "ObjectPath": "/Script/Engine"
      },
      "ComponentTemplate": {
        "ObjectName": "SceneComponent'Apollo_TaskForce_Sand_Bag_Wall_01_C:SceneComponent_1989'",
        "ObjectPath": "FortniteGame/Content/Athena/Apollo/Environments/BuildingActors/TaskForce/Props/Apollo_TaskForce_Sand_Bag_Wall_01.2"
      },
      "VariableGuid": "56BC9799-C494E6E6-321D4295-7D5EB316",
      "InternalVariableName": "DefaultSceneRoot"
    }
  },
  {
    "Type": "SimpleConstructionScript",
    "Name": "SimpleConstructionScript_585",
    "Outer": "Apollo_TaskForce_Sand_Bag_Wall_01_C",
    "Class": "UScriptClass'SimpleConstructionScript'",
    "Properties": {
      "DefaultSceneRootNode": {
        "ObjectName": "SCS_Node'Apollo_TaskForce_Sand_Bag_Wall_01_C:SimpleConstructionScript_585.SCS_Node_1993'",
        "ObjectPath": "FortniteGame/Content/Athena/Apollo/Environments/BuildingActors/TaskForce/Props/Apollo_TaskForce_Sand_Bag_Wall_01.3"
      }
    }
  },
  {
    "Type": "StaticMeshComponent",
    "Name": "StaticMeshComponent0",
    "Outer": "Default__Apollo_TaskForce_Sand_Bag_Wall_01_C",
    "Class": "UScriptClass'StaticMeshComponent'",
    "Properties": {
      "StaticMesh": {
        "ObjectName": "StaticMesh'S_TaskForce_Sand_Bag_Wall_01'",
        "ObjectPath": "FortniteGame/Content/Environments/Apollo/Sets/TaskForce/Props/Meshes/S_TaskForce_Sand_Bag_Wall_01.1"
      },
      "CanCharacterStepUpOn": "ECB_Yes",
      "BodyInstance": {
        "bAutoWeld": false
      },
      "bCanEverAffectNavigation": true
    }
  }
]