[
  {
    "Type": "ObjectProperty",
    "Name": "S_TaskForce_Sand_Bag_06",
    "Outer": "Apollo_TaskForce_Sand_Bag_02_C",
    "Class": "UScriptClass'ObjectProperty'",
    "PropertyFlags": "BlueprintVisible | InstancedReference | NonTransactional",
    "PropertyClass": {
      "ObjectName": "Class'StaticMeshComponent'",
      "ObjectPath": "/Script/Engine"
    }
  },
  {
    "Type": "BlueprintGeneratedClass",
    "Name": "Apollo_TaskForce_Sand_Bag_02_C",
    "Class": "UScriptClass'BlueprintGeneratedClass'",
    "Properties": {
      "SimpleConstructionScript": {
        "ObjectName": "SimpleConstructionScript'Apollo_TaskForce_Sand_Bag_02_C:SimpleConstructionScript_585'",
        "ObjectPath": "FortniteGame/Content/Athena/Apollo/Environments/BuildingActors/TaskForce/Props/Apollo_TaskForce_Sand_Bag_02.12"
      }
    },
    "SuperStruct": {
      "ObjectName": "Class'BuildingProp'",
      "ObjectPath": "/Script/FortniteGame"
    },
    "Children": [
      {
        "ObjectName": "ObjectProperty'Apollo_TaskForce_Sand_Bag_02_C:S_TaskForce_Sand_Bag_06'",
        "ObjectPath": "FortniteGame/Content/Athena/Apollo/Environments/BuildingActors/TaskForce/Props/Apollo_TaskForce_Sand_Bag_02.0"
      },
      {
        "ObjectName": "ObjectProperty'Apollo_TaskForce_Sand_Bag_02_C:S_TaskForce_Sand_Bag_05'",
        "ObjectPath": "FortniteGame/Content/Athena/Apollo/Environments/BuildingActors/TaskForce/Props/Apollo_TaskForce_Sand_Bag_02.5"
      },
      {
        "ObjectName": "ObjectProperty'Apollo_TaskForce_Sand_Bag_02_C:S_TaskForce_Sand_Bag_04'",
        "ObjectPath": "FortniteGame/Content/Athena/Apollo/Environments/BuildingActors/TaskForce/Props/Apollo_TaskForce_Sand_Bag_02.4"
      },
      {
        "ObjectName": "ObjectProperty'Apollo_TaskForce_Sand_Bag_02_C:S_TaskForce_Sand_Bag_03'",
        "ObjectPath": "FortniteGame/Content/Athena/Apollo/Environments/BuildingActors/TaskForce/Props/Apollo_TaskForce_Sand_Bag_02.3"
      }
    ]
  },
  {
    "Type": "Apollo_TaskForce_Sand_Bag_02_C",
    "Name": "Default__Apollo_TaskForce_Sand_Bag_02_C",
    "Class": "BlueprintGeneratedClass'FortniteGame/Content/Athena/Apollo/Environments/BuildingActors/TaskForce/Props/Apollo_TaskForce_Sand_Bag_02.Apollo_TaskForce_Sand_Bag_02_C'",
    "Properties": {
      "StaticMesh": {
        "ObjectName": "StaticMesh'S_TaskForce_Sand_Bag_01'",
        "ObjectPath": "FortniteGame/Content/Environments/Apollo/Sets/TaskForce/Props/Meshes/S_TaskForce_Sand_Bag_01.1"
      },
      "ResourceType": "EFortResourceType::Stone",
      "StaticMeshComponent": {
        "ObjectName": "StaticMeshComponent'Default__Apollo_TaskForce_Sand_Bag_02_C:StaticMeshComponent0'",
        "ObjectPath": "FortniteGame/Content/Athena/Apollo/Environments/BuildingActors/TaskForce/Props/Apollo_TaskForce_Sand_Bag_02.17"
      },
      "BuildingResourceAmountOverride": {
        "CurveTable": {
          "ObjectName": "CurveTable'AthenaResourceRates'",
          "ObjectPath": "FortniteGame/Content/Athena/Balance/DataTables/AthenaResourceRates.0"
        },
        "RowName": "PropStoneLow"
      },
      "DeathParticles": {
        "ObjectName": "ParticleSystem'P_General_Deco_Destruction_Medium'",
        "ObjectPath": "FortniteGame/Content/Effects/Fort_Effects/World/Destruction/Base_Effects/P_General_Deco_Destruction_Medium.100"
      },
      "BuildingAttachmentType": "ATTACH_Floor",
      "AreaClass": {
        "AssetPathName": "/Script/NavigationSystem.NavArea_Default",
        "SubPathString": ""
      },
      "AttributeInitKeys": {
        "AttributeInitCategory": "PropMetal",
        "AttributeInitSubCategory": "3"
      },
      "AttributeInitKeys": {
        "AttributeInitCategory": "PropMetal",
        "AttributeInitSubCategory": "3"
      },
      "NavigationObstacleOverride": "ENavigationObstacleOverride::ForceEnabled",
      "bIsNavigationRelevant": false,
      "bDestroyOnPlayerBuildingPlacement": true,
      "StaticGameplayTags": [
        "Building.Type.Prop"
      ],
      "RootComponent": {
        "ObjectName": "StaticMeshComponent'Default__Apollo_TaskForce_Sand_Bag_02_C:StaticMeshComponent0'",
        "ObjectPath": "FortniteGame/Content/Athena/Apollo/Environments/BuildingActors/TaskForce/Props/Apollo_TaskForce_Sand_Bag_02.17"
      }
    }
  },
  {
    "Type": "ObjectProperty",
    "Name": "S_TaskForce_Sand_Bag_03",
    "Outer": "Apollo_TaskForce_Sand_Bag_02_C",
    "Class": "UScriptClass'ObjectProperty'",
    "PropertyFlags": "BlueprintVisible | InstancedReference | NonTransactional",
    "PropertyClass": {
      "ObjectName": "Class'StaticMeshComponent'",
      "ObjectPath": "/Script/Engine"
    }
  },
  {
    "Type": "ObjectProperty",
    "Name": "S_TaskForce_Sand_Bag_04",
    "Outer": "Apollo_TaskForce_Sand_Bag_02_C",
    "Class": "UScriptClass'ObjectProperty'",
    "PropertyFlags": "BlueprintVisible | InstancedReference | NonTransactional",
    "PropertyClass": {
      "ObjectName": "Class'StaticMeshComponent'",
      "ObjectPath": "/Script/Engine"
    }
  },
  {
    "Type": "ObjectProperty",
    "Name": "S_TaskForce_Sand_Bag_05",
    "Outer": "Apollo_TaskForce_Sand_Bag_02_C",
    "Class": "UScriptClass'ObjectProperty'",
    "PropertyFlags": "BlueprintVisible | InstancedReference | NonTransactional",
    "PropertyClass": {
      "ObjectName": "Class'StaticMeshComponent'",
      "ObjectPath": "/Script/Engine"
    }
  },
  {
    "Type": "SceneComponent",
    "Name": "SceneComponent_1989",
    "Outer": "Apollo_TaskForce_Sand_Bag_02_C",
    "Class": "UScriptClass'SceneComponent'"
  },
  {
    "Type": "SCS_Node",
    "Name": "SCS_Node_1993",
    "Outer": "SimpleConstructionScript_585",
    "Class": "UScriptClass'SCS_Node'",
    "Properties": {
      "ComponentClass": {
        "ObjectName": "Class'SceneComponent'",
        "ObjectPath": "/Script/Engine"
      },
      "ComponentTemplate": {
        "ObjectName": "SceneComponent'Apollo_TaskForce_Sand_Bag_02_C:SceneComponent_1989'",
        "ObjectPath": "FortniteGame/Content/Athena/Apollo/Environments/BuildingActors/TaskForce/Props/Apollo_TaskForce_Sand_Bag_02.6"
      },
      "VariableGuid": "56BC9799-C494E6E6-321D4295-7D5EB316",
      "InternalVariableName": "DefaultSceneRoot"
    }
  },
  {
    "Type": "SCS_Node",
    "Name": "SCS_Node_2",
    "Outer": "SimpleConstructionScript_585",
    "Class": "UScriptClass'SCS_Node'",
    "Properties": {
      "ComponentClass": {
        "ObjectName": "Class'StaticMeshComponent'",
        "ObjectPath": "/Script/Engine"
      },
      "ComponentTemplate": {
        "ObjectName": "StaticMeshComponent'Apollo_TaskForce_Sand_Bag_02_C:S_TaskForce_Sand_Bag_03_GEN_VARIABLE'",
        "ObjectPath": "FortniteGame/Content/Athena/Apollo/Environments/BuildingActors/TaskForce/Props/Apollo_TaskForce_Sand_Bag_02.13"
      },
      "ParentComponentOrVariableName": "StaticMeshComponent0",
      "bIsParentComponentNative": true,
      "VariableGuid": "62BB7974-4CE44208-8871BDBA-14BD58DF",
      "InternalVariableName": "S_TaskForce_Sand_Bag_03"
    }
  },
  {
    "Type": "SCS_Node",
    "Name": "SCS_Node_3",
    "Outer": "SimpleConstructionScript_585",
    "Class": "UScriptClass'SCS_Node'",
    "Properties": {
      "ComponentClass": {
        "ObjectName": "Class'StaticMeshComponent'",
        "ObjectPath": "/Script/Engine"
      },
      "ComponentTemplate": {
        "ObjectName": "StaticMeshComponent'Apollo_TaskForce_Sand_Bag_02_C:S_TaskForce_Sand_Bag_04_GEN_VARIABLE'",
        "ObjectPath": "FortniteGame/Content/Athena/Apollo/Environments/BuildingActors/TaskForce/Props/Apollo_TaskForce_Sand_Bag_02.14"
      },
      "ParentComponentOrVariableName": "StaticMeshComponent0",
      "bIsParentComponentNative": true,
      "ChildNodes": [
        {
          "ObjectName": "SCS_Node'Apollo_TaskForce_Sand_Bag_02_C:SimpleConstructionScript_585.SCS_Node_4'",
          "ObjectPath": "FortniteGame/Content/Athena/Apollo/Environments/BuildingActors/TaskForce/Props/Apollo_TaskForce_Sand_Bag_02.10"
        },
        {
          "ObjectName": "SCS_Node'Apollo_TaskForce_Sand_Bag_02_C:SimpleConstructionScript_585.SCS_Node_5'",
          "ObjectPath": "FortniteGame/Content/Athena/Apollo/Environments/BuildingActors/TaskForce/Props/Apollo_TaskForce_Sand_Bag_02.11"
        }
      ],
      "VariableGuid": "47E3889A-4BE54847-41620DB1-981B173F",
      "InternalVariableName": "S_TaskForce_Sand_Bag_04"
    }
  },
  {
    "Type": "SCS_Node",
    "Name": "SCS_Node_4",
    "Outer": "SimpleConstructionScript_585",
    "Class": "UScriptClass'SCS_Node'",
    "Properties": {
      "ComponentClass": {
        "ObjectName": "Class'StaticMeshComponent'",
        "ObjectPath": "/Script/Engine"
      },
      "ComponentTemplate": {
        "ObjectName": "StaticMeshComponent'Apollo_TaskForce_Sand_Bag_02_C:S_TaskForce_Sand_Bag_05_GEN_VARIABLE'",
        "ObjectPath": "FortniteGame/Content/Athena/Apollo/Environments/BuildingActors/TaskForce/Props/Apollo_TaskForce_Sand_Bag_02.15"
      },
      "VariableGuid": "9AB24929-48AE331C-405C9FAD-F9FD6B46",
      "InternalVariableName": "S_TaskForce_Sand_Bag_05"
    }
  },
  {
    "Type": "SCS_Node",
    "Name": "SCS_Node_5",
    "Outer": "SimpleConstructionScript_585",
    "Class": "UScriptClass'SCS_Node'",
    "Properties": {
      "ComponentClass": {
        "ObjectName": "Class'StaticMeshComponent'",
        "ObjectPath": "/Script/Engine"
      },
      "ComponentTemplate": {
        "ObjectName": "StaticMeshComponent'Apollo_TaskForce_Sand_Bag_02_C:S_TaskForce_Sand_Bag_06_GEN_VARIABLE'",
        "ObjectPath": "FortniteGame/Content/Athena/Apollo/Environments/BuildingActors/TaskForce/Props/Apollo_TaskForce_Sand_Bag_02.16"
      },
      "VariableGuid": "B6FB76F3-4901520D-1626658C-7F4448DF",
      "InternalVariableName": "S_TaskForce_Sand_Bag_06"
    }
  },
  {
    "Type": "SimpleConstructionScript",
    "Name": "SimpleConstructionScript_585",
    "Outer": "Apollo_TaskForce_Sand_Bag_02_C",
    "Class": "UScriptClass'SimpleConstructionScript'",
    "Properties": {
      "RootNodes": [
        {
          "ObjectName": "SCS_Node'Apollo_TaskForce_Sand_Bag_02_C:SimpleConstructionScript_585.SCS_Node_2'",
          "ObjectPath": "FortniteGame/Content/Athena/Apollo/Environments/BuildingActors/TaskForce/Props/Apollo_TaskForce_Sand_Bag_02.8"
        },
        {
          "ObjectName": "SCS_Node'Apollo_TaskForce_Sand_Bag_02_C:SimpleConstructionScript_585.SCS_Node_3'",
          "ObjectPath": "FortniteGame/Content/Athena/Apollo/Environments/BuildingActors/TaskForce/Props/Apollo_TaskForce_Sand_Bag_02.9"
        }
      ],
      "AllNodes": [
        {
          "ObjectName": "SCS_Node'Apollo_TaskForce_Sand_Bag_02_C:SimpleConstructionScript_585.SCS_Node_2'",
          "ObjectPath": "FortniteGame/Content/Athena/Apollo/Environments/BuildingActors/TaskForce/Props/Apollo_TaskForce_Sand_Bag_02.8"
        },
        {
          "ObjectName": "SCS_Node'Apollo_TaskForce_Sand_Bag_02_C:SimpleConstructionScript_585.SCS_Node_3'",
          "ObjectPath": "FortniteGame/Content/Athena/Apollo/Environments/BuildingActors/TaskForce/Props/Apollo_TaskForce_Sand_Bag_02.9"
        },
        {
          "ObjectName": "SCS_Node'Apollo_TaskForce_Sand_Bag_02_C:SimpleConstructionScript_585.SCS_Node_4'",
          "ObjectPath": "FortniteGame/Content/Athena/Apollo/Environments/BuildingActors/TaskForce/Props/Apollo_TaskForce_Sand_Bag_02.10"
        },
        {
          "ObjectName": "SCS_Node'Apollo_TaskForce_Sand_Bag_02_C:SimpleConstructionScript_585.SCS_Node_5'",
          "ObjectPath": "FortniteGame/Content/Athena/Apollo/Environments/BuildingActors/TaskForce/Props/Apollo_TaskForce_Sand_Bag_02.11"
        }
      ],
      "DefaultSceneRootNode": {
        "ObjectName": "SCS_Node'Apollo_TaskForce_Sand_Bag_02_C:SimpleConstructionScript_585.SCS_Node_1993'",
        "ObjectPath": "FortniteGame/Content/Athena/Apollo/Environments/BuildingActors/TaskForce/Props/Apollo_TaskForce_Sand_Bag_02.7"
      }
    }
  },
  {
    "Type": "StaticMeshComponent",
    "Name": "S_TaskForce_Sand_Bag_03_GEN_VARIABLE",
    "Outer": "Apollo_TaskForce_Sand_Bag_02_C",
    "Class": "UScriptClass'StaticMeshComponent'",
    "Properties": {
      "StaticMesh": {
        "ObjectName": "StaticMesh'S_TaskForce_Sand_Bag_01'",
        "ObjectPath": "FortniteGame/Content/Environments/Apollo/Sets/TaskForce/Props/Meshes/S_TaskForce_Sand_Bag_01.1"
      },
      "RelativeLocation": {
        "X": -38.76222,
        "Y": 0.0,
        "Z": 10.336619
      },
      "RelativeRotation": {
        "Pitch": 20.000015,
        "Yaw": 0.0,
        "Roll": 0.0
      }
    }
  },
  {
    "Type": "StaticMeshComponent",
    "Name": "S_TaskForce_Sand_Bag_04_GEN_VARIABLE",
    "Outer": "Apollo_TaskForce_Sand_Bag_02_C",
    "Class": "UScriptClass'StaticMeshComponent'",
    "Properties": {
      "StaticMesh": {
        "ObjectName": "StaticMesh'S_TaskForce_Sand_Bag_01'",
        "ObjectPath": "FortniteGame/Content/Environments/Apollo/Sets/TaskForce/Props/Meshes/S_TaskForce_Sand_Bag_01.1"
      },
      "RelativeLocation": {
        "X": 73.954346,
        "Y": -5.8427788E-05,
        "Z": 1.0458626
      },
      "RelativeRotation": {
        "Pitch": -4.999979,
        "Yaw": -180.00027,
        "Roll": 1.2096515E-10
      }
    }
  },
  {
    "Type": "StaticMeshComponent",
    "Name": "S_TaskForce_Sand_Bag_05_GEN_VARIABLE",
    "Outer": "Apollo_TaskForce_Sand_Bag_02_C",
    "Class": "UScriptClass'StaticMeshComponent'",
    "Properties": {
      "StaticMesh": {
        "ObjectName": "StaticMesh'S_TaskForce_Sand_Bag_01'",
        "ObjectPath": "FortniteGame/Content/Environments/Apollo/Sets/TaskForce/Props/Meshes/S_TaskForce_Sand_Bag_01.1"
      },
      "RelativeLocation": {
        "X": 18.0,
        "Y": -9.777068E-12,
        "Z": 21.0
      }
    }
  },
  {
    "Type": "StaticMeshComponent",
    "Name": "S_TaskForce_Sand_Bag_06_GEN_VARIABLE",
    "Outer": "Apollo_TaskForce_Sand_Bag_02_C",
    "Class": "UScriptClass'StaticMeshComponent'",
    "Properties": {
      "StaticMesh": {
        "ObjectName": "StaticMesh'S_TaskForce_Sand_Bag_01'",
        "ObjectPath": "FortniteGame/Content/Environments/Apollo/Sets/TaskForce/Props/Meshes/S_TaskForce_Sand_Bag_01.1"
      },
      "RelativeLocation": {
        "X": -54.16651,
        "Y": 4.887584E-05,
        "Z": 3.909604
      },
      "RelativeRotation": {
        "Pitch": 25.000013,
        "Yaw": 0.0,
        "Roll": -6.1035156E-05
      }
    }
  },
  {
    "Type": "StaticMeshComponent",
    "Name": "StaticMeshComponent0",
    "Outer": "Default__Apollo_TaskForce_Sand_Bag_02_C",
    "Class": "UScriptClass'StaticMeshComponent'",
    "Properties": {
      "StaticMesh": {
        "ObjectName": "StaticMesh'S_TaskForce_Sand_Bag_01'",
        "ObjectPath": "FortniteGame/Content/Environments/Apollo/Sets/TaskForce/Props/Meshes/S_TaskForce_Sand_Bag_01.1"
      },
      "CanCharacterStepUpOn": "ECB_Yes",
      "BodyInstance": {
        "bAutoWeld": false
      },
      "bCanEverAffectNavigation": true
    }
  }
]