[
  {
    "Type": "BlueprintGeneratedClass",
    "Name": "Apollo_Airplane_Broken_Fuselage_01_C",
    "Class": "UScriptClass'BlueprintGeneratedClass'",
    "Properties": {
      "SimpleConstructionScript": {
        "ObjectName": "SimpleConstructionScript'Apollo_Airplane_Broken_Fuselage_01_C:SimpleConstructionScript_588'",
        "ObjectPath": "FortniteGame/Content/Athena/Apollo/Environments/BuildingActors/TaskForce/Props/Apollo_Airplane_Broken_Fuselage_01.4"
      }
    },
    "SuperStruct": {
      "ObjectName": "Class'BuildingProp'",
      "ObjectPath": "/Script/FortniteGame"
    }
  },
  {
    "Type": "Apollo_Airplane_Broken_Fuselage_01_C",
    "Name": "Default__Apollo_Airplane_Broken_Fuselage_01_C",
    "Class": "BlueprintGeneratedClass'FortniteGame/Content/Athena/Apollo/Environments/BuildingActors/TaskForce/Props/Apollo_Airplane_Broken_Fuselage_01.Apollo_Airplane_Broken_Fuselage_01_C'",
    "Properties": {
      "StaticMesh": {
        "ObjectName": "StaticMesh'SM_Airplane_Broken_Fuselage_01'",
        "ObjectPath": "FortniteGame/Content/Environments/Apollo/Sets/Airplane/SM_Airplane_Broken_Fuselage_01.1"
      },
      "ResourceType": "EFortResourceType::Metal",
      "StaticMeshComponent": {
        "ObjectName": "StaticMeshComponent'Default__Apollo_Airplane_Broken_Fuselage_01_C:StaticMeshComponent0'",
        "ObjectPath": "FortniteGame/Content/Athena/Apollo/Environments/BuildingActors/TaskForce/Props/Apollo_Airplane_Broken_Fuselage_01.5"
      },
      "BuildingResourceAmountOverride": {
        "CurveTable": {
          "ObjectName": "CurveTable'AthenaResourceRates'",
          "ObjectPath": "FortniteGame/Content/Athena/Balance/DataTables/AthenaResourceRates.0"
        },
        "RowName": "ResourceMetalVeryHigh"
      },
      "DeathParticles": {
        "ObjectName": "ParticleSystem'P_Fuselage_Destruction'",
        "ObjectPath": "FortniteGame/Content/Effects/Fort_Effects/World/Destruction/PlaneParts/P_Fuselage_Destruction.114"
      },
      "BuildingAttachmentSlot": "SLOT_Floor",
      "BuildingAttachmentType": "ATTACH_Floor",
      "AttributeInitKeys": {
        "AttributeInitCategory": "ResourceMetal",
        "AttributeInitSubCategory": "4"
      },
      "AttributeInitKeys": {
        "AttributeInitCategory": "ResourceMetal",
        "AttributeInitSubCategory": "4"
      },
      "NavigationObstacleOverride": "ENavigationObstacleOverride::ForceEnabled",
      "bCanExportNavigationCollisions": true,
      "StaticGameplayTags": [
        "Building.Type.Prop"
      ],
      "BRMaxDrawDistance": 22000.0,
      "RootComponent": {
        "ObjectName": "StaticMeshComponent'Default__Apollo_Airplane_Broken_Fuselage_01_C:StaticMeshComponent0'",
        "ObjectPath": "FortniteGame/Content/Athena/Apollo/Environments/BuildingActors/TaskForce/Props/Apollo_Airplane_Broken_Fuselage_01.5"
      }
    }
  },
  {
    "Type": "SceneComponent",
    "Name": "SceneComponent_1992",
    "Outer": "Apollo_Airplane_Broken_Fuselage_01_C",
    "Class": "UScriptClass'SceneComponent'"
  },
  {
    "Type": "SCS_Node",
    "Name": "SCS_Node_1996",
    "Outer": "SimpleConstructionScript_588",
    "Class": "UScriptClass'SCS_Node'",
    "Properties": {
      "ComponentClass": {
        "ObjectName": "Class'SceneComponent'",
        "ObjectPath": "/Script/Engine"
      },
      "ComponentTemplate": {
        "ObjectName": "SceneComponent'Apollo_Airplane_Broken_Fuselage_01_C:SceneComponent_1992'",
        "ObjectPath": "FortniteGame/Content/Athena/Apollo/Environments/BuildingActors/TaskForce/Props/Apollo_Airplane_Broken_Fuselage_01.2"
      },
      "VariableGuid": "56BC9799-C494E6E6-321D4295-7D5EB316",
      "InternalVariableName": "DefaultSceneRoot"
    }
  },
  {
    "Type": "SimpleConstructionScript",
    "Name": "SimpleConstructionScript_588",
    "Outer": "Apollo_Airplane_Broken_Fuselage_01_C",
    "Class": "UScriptClass'SimpleConstructionScript'",
    "Properties": {
      "DefaultSceneRootNode": {
        "ObjectName": "SCS_Node'Apollo_Airplane_Broken_Fuselage_01_C:SimpleConstructionScript_588.SCS_Node_1996'",
        "ObjectPath": "FortniteGame/Content/Athena/Apollo/Environments/BuildingActors/TaskForce/Props/Apollo_Airplane_Broken_Fuselage_01.3"
      }
    }
  },
  {
    "Type": "StaticMeshComponent",
    "Name": "StaticMeshComponent0",
    "Outer": "Default__Apollo_Airplane_Broken_Fuselage_01_C",
    "Class": "UScriptClass'StaticMeshComponent'",
    "Properties": {
      "StaticMesh": {
        "ObjectName": "StaticMesh'SM_Airplane_Broken_Fuselage_01'",
        "ObjectPath": "FortniteGame/Content/Environments/Apollo/Sets/Airplane/SM_Airplane_Broken_Fuselage_01.1"
      },
      "bAllowCullDistanceVolume": false,
      "CanCharacterStepUpOn": "ECB_Yes",
      "BodyInstance": {
        "bAutoWeld": false
      },
      "bCanEverAffectNavigation": true
    }
  }
]