[
  {
    "Type": "BodySetup",
    "Name": "BodySetup_0",
    "Outer": "SM_LOD_SM_Farm_Roof1_PeakCap_5",
    "Class": "UScriptClass'BodySetup'",
    "Properties": {
      "DefaultInstance": {
        "ObjectType": "ECC_WorldStatic",
        "CollisionProfileName": "BlockAll",
        "CollisionResponses": {
          "ResponseArray": [
            {
              "Channel": "FCC_Trace_WeaponCapsule",
              "Response": "ECR_Block"
            },
            {
              "Channel": "FCC_Object_PawnAI",
              "Response": "ECR_Block"
            },
            {
              "Channel": "FCC_Trace_WeaponMulti",
              "Response": "ECR_Block"
            },
            {
              "Channel": "FCC_Trace_Weapon",
              "Response": "ECR_Block"
            },
            {
              "Channel": "FCC_Object_Projectile",
              "Response": "ECR_Block"
            },
            {
              "Channel": "FCC_Object_ProjectileIgnoreAI",
              "Response": "ECR_Block"
            },
            {
              "Channel": "FCC_Object_ProjectileMesh",
              "Response": "ECR_Block"
            }
          ]
        },
        "CollisionEnabled": "ECollisionEnabled::QueryOnly"
      }
    },
    "BodySetupGuid": "835CD93940EB6EDF813A5D91F276525A",
    "CookedFormatData": {
      "PhysXPC": {
        "BulkDataFlags": "BULKDATA_SingleUse | BULKDATA_ForceInlinePayload",
        "ElementCount": 1941,
        "SizeOnDisk": 1941,
        "OffsetInFile": "0x2B368"
      }
    }
  },
  {
    "Type": "MaterialInstanceConstant",
    "Name": "M_LOD_SM_Farm_Roof1_PeakCap_5",
    "Class": "UScriptClass'MaterialInstanceConstant'",
    "Properties": {
      "Parent": {
        "ObjectName": "Material'BaseFlattenMaterial'",
        "ObjectPath": "Engine/Content/EngineMaterials/BaseFlattenMaterial.0"
      },
      "bHasStaticPermutationResource": true,
      "ScalarParameterValues": [
        {
          "ParameterName": "MetallicConst",
          "ParameterValue": 0.0,
          "ExpressionGUID": "16B059D0-44221A3F-374E1891-C270FC15"
        },
        {
          "ParameterName": "RoughnessConst",
          "ParameterValue": 0.5,
          "ExpressionGUID": "D267A77E-41FA7EC1-5E9D5BAE-BBF80B38"
        },
        {
          "ParameterName": "SpecularConst",
          "ParameterValue": 0.075,
          "ExpressionGUID": "28B5BE19-4FC55461-751117AD-2CD30525"
        },
        {
          "ParameterName": "OpacityConst",
          "ParameterValue": 1.0,
          "ExpressionGUID": "54F848F8-429DCBC2-7FFE98BC-6B68D0FF"
        },
        {
          "ParameterName": "OpacityMaskConst",
          "ParameterValue": 1.0,
          "ExpressionGUID": "E97FC7E1-48654DF8-73D2E8A2-879E06C7"
        },
        {
          "ParameterName": "AmbientOcclusionConst",
          "ParameterValue": 1.0,
          "ExpressionGUID": "423DC731-407F9562-94B756BF-6321AC88"
        }
      ],
      "TextureParameterValues": [
        {
          "ParameterName": "DiffuseTexture",
          "ParameterValue": {
            "ObjectName": "Texture2D'T_LOD_SM_Farm_Roof1_PeakCap_5_Diffuse'",
            "ObjectPath": "FortniteGame/Content/Athena/Maps/Buildings/1x1/HLOD/Athena_REM_1x1_Shack_c_HLOD.4"
          },
          "ExpressionGUID": "FA983522-483B48DB-7302F694-A9E59879"
        }
      ]
    }
  },
  {
    "Type": "NavCollision",
    "Name": "NavCollision_1",
    "Outer": "SM_LOD_SM_Farm_Roof1_PeakCap_5",
    "Class": "UScriptClass'NavCollision'",
    "CookedFormatData": {
      "NavCollision_X": {
        "BulkDataFlags": "BULKDATA_SingleUse | BULKDATA_ForceInlinePayload",
        "ElementCount": 21,
        "SizeOnDisk": 21,
        "OffsetInFile": "0x437A5"
      }
    }
  },
  {
    "Type": "StaticMesh",
    "Name": "SM_LOD_SM_Farm_Roof1_PeakCap_5",
    "Class": "UScriptClass'StaticMesh'",
    "Properties": {
      "StaticMaterials": [
        {
          "MaterialInterface": {
            "ObjectName": "MaterialInstanceConstant'M_LOD_SM_Farm_Roof1_PeakCap_5'",
            "ObjectPath": "FortniteGame/Content/Athena/Maps/Buildings/1x1/HLOD/Athena_REM_1x1_Shack_c_HLOD.1"
          },
          "MaterialSlotName": "None",
          "UVChannelData": {
            "bInitialized": true,
            "bOverrideDensities": false,
            "LocalUVDensities": 2724.014,
            "LocalUVDensities": 2481.6929,
            "LocalUVDensities": 0.0,
            "LocalUVDensities": 0.0
          }
        }
      ],
      "LightmapUVDensity": 2724.014,
      "ExtendedBounds": {
        "Origin": {
          "X": 0.29800415,
          "Y": 1.354126,
          "Z": 96.009186
        },
        "BoxExtent": {
          "X": 326.24536,
          "Y": 318.5345,
          "Z": 483.3271
        },
        "SphereRadius": 632.55615
      }
    },
    "BodySetup": {
      "ObjectName": "BodySetup'SM_LOD_SM_Farm_Roof1_PeakCap_5:BodySetup_0'",
      "ObjectPath": "FortniteGame/Content/Athena/Maps/Buildings/1x1/HLOD/Athena_REM_1x1_Shack_c_HLOD.0"
    },
    "NavCollision": {
      "ObjectName": "NavCollision'SM_LOD_SM_Farm_Roof1_PeakCap_5:NavCollision_1'",
      "ObjectPath": "FortniteGame/Content/Athena/Maps/Buildings/1x1/HLOD/Athena_REM_1x1_Shack_c_HLOD.2"
    },
    "LightingGuid": "0A90A9E5-414007EC-333A6797-D1A4CF57",
    "RenderData": {
      "LODs": [
        {
          "Sections": [
            {
              "MaterialIndex": 0,
              "FirstIndex": 0,
              "NumTriangles": 60,
              "MinVertexIndex": 0,
              "MaxVertexIndex": 69,
              "bEnableCollision": true,
              "bCastShadow": true,
              "bForceOpaque": false,
              "bVisibleInRayTracing": true
            }
          ],
          "MaxDeviation": 0.0,
          "PositionVertexBuffer": {
            "Stride": 12,
            "NumVertices": 70
          },
          "VertexBuffer": {
            "NumTexCoords": 2,
            "NumVertices": 70,
            "Strides": 16,
            "UseHighPrecisionTangentBasis": false,
            "UseFullPrecisionUVs": false
          },
          "ColorVertexBuffer": {
            "Data": [
              "CDCDCDCD",
              "CDCDCDCD",
              "CDCDCDCD",
              "CDCDCDCD",
              "CDCDCDCD",
              "CDCDCDCD",
              "CDCDCDCD",
              "CDCDCDCD",
              "CDCDCDCD",
              "CDCDCDCD",
              "CDCDCDCD",
              "CDCDCDCD",
              "CDCDCDCD",
              "CDCDCDCD",
              "CDCDCDCD",
              "CDCDCDCD",
              "CDCDCDCD",
              "CDCDCDCD",
              "CDCDCDCD",
              "CDCDCDCD",
              "CDCDCDCD",
              "CDCDCDCD",
              "CDCDCDCD",
              "CDCDCDCD",
              "CDCDCDCD",
              "CDCDCDCD",
              "CDCDCDCD",
              "CDCDCDCD",
              "CDCDCDCD",
              "CDCDCDCD",
              "CDCDCDCD",
              "CDCDCDCD",
              "CDCDCDCD",
              "CDCDCDCD",
              "CDCDCDCD",
              "CDCDCDCD",
              "CDCDCDCD",
              "CDCDCDCD",
              "CDCDCDCD",
              "CDCDCDCD",
              "CDCDCDCD",
              "CDCDCDCD",
              "CDCDCDCD",
              "CDCDCDCD",
              "CDCDCDCD",
              "CDCDCDCD",
              "CDCDCDCD",
              "CDCDCDCD",
              "CDCDCDCD",
              "CDCDCDCD",
              "CDCDCDCD",
              "CDCDCDCD",
              "CDCDCDCD",
              "CDCDCDCD",
              "CDCDCDCD",
              "CDCDCDCD",
              "CDCDCDCD",
              "CDCDCDCD",
              "CDCDCDCD",
              "CDCDCDCD",
              "CDCDCDCD",
              "CDCDCDCD",
              "CDCDCDCD",
              "CDCDCDCD",
              "CDCDCDCD",
              "CDCDCDCD",
              "CDCDCDCD",
              "CDCDCDCD",
              "CDCDCDCD",
              "CDCDCDCD"
            ],
            "Stride": 4,
            "NumVertices": 70
          }
        }
      ],
      "Bounds": {
        "Origin": {
          "X": 0.29800415,
          "Y": 1.354126,
          "Z": 96.009186
        },
        "BoxExtent": {
          "X": 326.24536,
          "Y": 318.5345,
          "Z": 483.3271
        },
        "SphereRadius": 632.55615
      },
      "bLODsShareStaticLighting": true,
      "ScreenSize": [
        1E-45,
        1.0,
        1E-45,
        0.0,
        1E-45,
        0.0,
        1E-45,
        0.0
      ]
    }
  },
  {
    "Type": "Texture2D",
    "Name": "T_LOD_SM_Farm_Roof1_PeakCap_5_Diffuse",
    "Class": "UScriptClass'Texture2D'",
    "Properties": {
      "ImportedSize": {
        "X": 128,
        "Y": 128
      },
      "LightingGuid": "C1D67E48-4E5F0F2D-70E98B92-21BDFB92",
      "LODGroup": "TEXTUREGROUP_HierarchicalLOD"
    },
    "SizeX": 128,
    "SizeY": 128,
    "PackedData": 1,
    "PixelFormat": "PF_DXT1",
    "FirstMipToSerialize": 0,
    "Mips": [
      {
        "BulkData": {
          "BulkDataFlags": "BULKDATA_PayloadAtEndOfFile | BULKDATA_PayloadInSeperateFile | BULKDATA_Force_NOT_InlinePayload",
          "ElementCount": 8192,
          "SizeOnDisk": 8192,
          "OffsetInFile": "0x0"
        },
        "SizeX": 128,
        "SizeY": 128,
        "SizeZ": 1
      },
      {
        "BulkData": {
          "BulkDataFlags": "BULKDATA_SingleUse | BULKDATA_ForceInlinePayload",
          "ElementCount": 2048,
          "SizeOnDisk": 2048,
          "OffsetInFile": "0x52472"
        },
        "SizeX": 64,
        "SizeY": 64,
        "SizeZ": 1
      },
      {
        "BulkData": {
          "BulkDataFlags": "BULKDATA_SingleUse | BULKDATA_ForceInlinePayload",
          "ElementCount": 512,
          "SizeOnDisk": 512,
          "OffsetInFile": "0x52C92"
        },
        "SizeX": 32,
        "SizeY": 32,
        "SizeZ": 1
      },
      {
        "BulkData": {
          "BulkDataFlags": "BULKDATA_SingleUse | BULKDATA_ForceInlinePayload",
          "ElementCount": 128,
          "SizeOnDisk": 128,
          "OffsetInFile": "0x52EB2"
        },
        "SizeX": 16,
        "SizeY": 16,
        "SizeZ": 1
      },
      {
        "BulkData": {
          "BulkDataFlags": "BULKDATA_SingleUse | BULKDATA_ForceInlinePayload",
          "ElementCount": 32,
          "SizeOnDisk": 32,
          "OffsetInFile": "0x52F52"
        },
        "SizeX": 8,
        "SizeY": 8,
        "SizeZ": 1
      },
      {
        "BulkData": {
          "BulkDataFlags": "BULKDATA_SingleUse | BULKDATA_ForceInlinePayload",
          "ElementCount": 8,
          "SizeOnDisk": 8,
          "OffsetInFile": "0x52F92"
        },
        "SizeX": 4,
        "SizeY": 4,
        "SizeZ": 1
      },
      {
        "BulkData": {
          "BulkDataFlags": "BULKDATA_SingleUse | BULKDATA_ForceInlinePayload",
          "ElementCount": 8,
          "SizeOnDisk": 8,
          "OffsetInFile": "0x52FBA"
        },
        "SizeX": 4,
        "SizeY": 4,
        "SizeZ": 1
      },
      {
        "BulkData": {
          "BulkDataFlags": "BULKDATA_SingleUse | BULKDATA_ForceInlinePayload",
          "ElementCount": 8,
          "SizeOnDisk": 8,
          "OffsetInFile": "0x52FE2"
        },
        "SizeX": 4,
        "SizeY": 4,
        "SizeZ": 1
      }
    ]
  }
]