[
  {
    "Type": "BlueprintGeneratedClass",
    "Name": "SkatePark_Billboard_C",
    "Class": "UScriptClass'BlueprintGeneratedClass'",
    "Properties": {
      "SimpleConstructionScript": {
        "ObjectName": "SimpleConstructionScript'SkatePark_Billboard_C:SimpleConstructionScript_412'",
        "ObjectPath": "FortniteGame/Content/Athena/Apollo/Environments/BuildingActors/SunnyShores/SkatePark_Billboard.4"
      }
    },
    "SuperStruct": {
      "ObjectName": "Class'BuildingPropWall'",
      "ObjectPath": "/Script/FortniteGame"
    }
  },
  {
    "Type": "SkatePark_Billboard_C",
    "Name": "Default__SkatePark_Billboard_C",
    "Class": "BlueprintGeneratedClass'FortniteGame/Content/Athena/Apollo/Environments/BuildingActors/SunnyShores/SkatePark_Billboard.SkatePark_Billboard_C'",
    "Properties": {
      "TextureData": {
        "ObjectName": "BuildingTextureData'Skatepark_Billboard'",
        "ObjectPath": "FortniteGame/Content/Environments/Apollo/Sets/SunnyShores/Texture_Data/Skatepark_Billboard.0"
      },
      "StaticMesh": {
        "ObjectName": "StaticMesh'IND_Billboard_02'",
        "ObjectPath": "FortniteGame/Content/Environments/Props/Industrial/Meshes/IND_Billboard_02.1"
      },
      "ResourceType": "EFortResourceType::Metal",
      "StaticMeshComponent": {
        "ObjectName": "StaticMeshComponent'Default__SkatePark_Billboard_C:StaticMeshComponent0'",
        "ObjectPath": "FortniteGame/Content/Athena/Apollo/Environments/BuildingActors/SunnyShores/SkatePark_Billboard.5"
      },
      "DestructionLootTierGroup": "Destruction_MechanicalMedium",
      "BuildingResourceAmountOverride": {
        "CurveTable": {
          "ObjectName": "CurveTable'ResourceRates'",
          "ObjectPath": "FortniteGame/Content/Balance/DataTables/ResourceRates.0"
        },
        "RowName": "ResourceMetalMedium"
      },
      "DeathParticles": {
        "ObjectName": "ParticleSystem'P_General_Deco_Destruction_Large'",
        "ObjectPath": "FortniteGame/Content/Effects/Fort_Effects/World/Destruction/Base_Effects/P_General_Deco_Destruction_Large.100"
      },
      "CurrentBuildingLevel": 2,
      "AttributeInitKeys": {
        "AttributeInitCategory": "ResourceMetal",
        "AttributeInitSubCategory": "2"
      },
      "AttributeInitKeys": {
        "AttributeInitCategory": "ResourceMetal",
        "AttributeInitSubCategory": "2"
      },
      "StaticGameplayTags": [
        "Building.Type.Prop"
      ],
      "BRMaxDrawDistance": 22000.0,
      "RootComponent": {
        "ObjectName": "StaticMeshComponent'Default__SkatePark_Billboard_C:StaticMeshComponent0'",
        "ObjectPath": "FortniteGame/Content/Athena/Apollo/Environments/BuildingActors/SunnyShores/SkatePark_Billboard.5"
      }
    }
  },
  {
    "Type": "SceneComponent",
    "Name": "SceneComponent_67",
    "Outer": "SkatePark_Billboard_C",
    "Class": "UScriptClass'SceneComponent'"
  },
  {
    "Type": "SCS_Node",
    "Name": "SCS_Node_71",
    "Outer": "SimpleConstructionScript_412",
    "Class": "UScriptClass'SCS_Node'",
    "Properties": {
      "ComponentClass": {
        "ObjectName": "Class'SceneComponent'",
        "ObjectPath": "/Script/Engine"
      },
      "ComponentTemplate": {
        "ObjectName": "SceneComponent'SkatePark_Billboard_C:SceneComponent_67'",
        "ObjectPath": "FortniteGame/Content/Athena/Apollo/Environments/BuildingActors/SunnyShores/SkatePark_Billboard.2"
      },
      "VariableGuid": "56BC9799-C494E6E6-321D4295-7D5EB316",
      "InternalVariableName": "DefaultSceneRoot"
    }
  },
  {
    "Type": "SimpleConstructionScript",
    "Name": "SimpleConstructionScript_412",
    "Outer": "SkatePark_Billboard_C",
    "Class": "UScriptClass'SimpleConstructionScript'",
    "Properties": {
      "DefaultSceneRootNode": {
        "ObjectName": "SCS_Node'SkatePark_Billboard_C:SimpleConstructionScript_412.SCS_Node_71'",
        "ObjectPath": "FortniteGame/Content/Athena/Apollo/Environments/BuildingActors/SunnyShores/SkatePark_Billboard.3"
      }
    }
  },
  {
    "Type": "StaticMeshComponent",
    "Name": "StaticMeshComponent0",
    "Outer": "Default__SkatePark_Billboard_C",
    "Class": "UScriptClass'StaticMeshComponent'",
    "Properties": {
      "StaticMesh": {
        "ObjectName": "StaticMesh'IND_Billboard_02'",
        "ObjectPath": "FortniteGame/Content/Environments/Props/Industrial/Meshes/IND_Billboard_02.1"
      },
      "bAllowCullDistanceVolume": false,
      "CanCharacterStepUpOn": "ECB_Yes",
      "BodyInstance": {
        "bAutoWeld": false
      },
      "bCanEverAffectNavigation": true
    }
  }
]