[
    {
        "Type": "Athena_Prop_Hobopile_A_C",
        "Name": "Hobopile_A_5",
        "Outer": "PersistentLevel",
        "Class": "BlueprintGeneratedClass'FortniteGame/Content/Athena/BuildingActors/Props/Building/ActorBlueprints/Containers/Athena_Prop_Hobopile_A.Athena_Prop_Hobopile_A_C'",
        "Template": {
            "ObjectName": "Athena_Prop_Hobopile_A_C'Default__Athena_Prop_Hobopile_A_C'",
            "ObjectPath": "FortniteGame/Content/Athena/BuildingActors/Props/Building/ActorBlueprints/Containers/Athena_Prop_Hobopile_A.1"
        },
        "Properties": {
            "StaticMeshComponent": {
                "ObjectName": "StaticMeshComponent'Athena_REM_1x1_Shack_a:PersistentLevel.Hobopile_A_5.StaticMeshComponent0'",
                "ObjectPath": "FortniteGame/Content/Athena/Maps/Buildings/1x1/Athena_REM_1x1_Shack_a.29"
            },
            "MyGuid": "ACCAD371-484365FC-B48C54B2-3755060D",
            "DataVersion": 1,
            "CullDistance": 17546.176,
            "RootComponent": {
                "ObjectName": "StaticMeshComponent'Athena_REM_1x1_Shack_a:PersistentLevel.Hobopile_A_5.StaticMeshComponent0'",
                "ObjectPath": "FortniteGame/Content/Athena/Maps/Buildings/1x1/Athena_REM_1x1_Shack_a.29"
            }
        }
    },
    {
        "Type": "Athena_Prop_Storage_Crate01a_side_C",
        "Name": "LCD_Crate01_8",
        "Outer": "PersistentLevel",
        "Class": "BlueprintGeneratedClass'FortniteGame/Content/Athena/BuildingActors/Props/Building/ActorBlueprints/Containers/Athena_Prop_Storage_Crate01a_side.Athena_Prop_Storage_Crate01a_side_C'",
        "Template": {
            "ObjectName": "Athena_Prop_Storage_Crate01a_side_C'Default__Athena_Prop_Storage_Crate01a_side_C'",
            "ObjectPath": "FortniteGame/Content/Athena/BuildingActors/Props/Building/ActorBlueprints/Containers/Athena_Prop_Storage_Crate01a_side.1"
        },
        "Properties": {
            "StaticMeshComponent": {
                "ObjectName": "StaticMeshComponent'Athena_REM_1x1_Shack_a:PersistentLevel.LCD_Crate01_8.StaticMeshComponent0'",
                "ObjectPath": "FortniteGame/Content/Athena/Maps/Buildings/1x1/Athena_REM_1x1_Shack_a.31"
            },
            "MyGuid": "0F408332-4F96E545-EEA19B81-449ED4E7",
            "DataVersion": 1,
            "CullDistance": 7177.147,
            "RootComponent": {
                "ObjectName": "StaticMeshComponent'Athena_REM_1x1_Shack_a:PersistentLevel.LCD_Crate01_8.StaticMeshComponent0'",
                "ObjectPath": "FortniteGame/Content/Athena/Maps/Buildings/1x1/Athena_REM_1x1_Shack_a.31"
            }
        }
    },
    {
        "Type": "Boardwalk_Archway_C",
        "Name": "Boardwalk_Archway_28",
        "Outer": "PersistentLevel",
        "Class": "BlueprintGeneratedClass'FortniteGame/Content/Building/ActorBlueprints/Wall/Boardwalk_Archway.Boardwalk_Archway_C'",
        "Template": {
            "ObjectName": "Boardwalk_Archway_C'Default__Boardwalk_Archway_C'",
            "ObjectPath": "FortniteGame/Content/Building/ActorBlueprints/Wall/Boardwalk_Archway.1"
        },
        "Properties": {
            "StaticMeshComponent": {
                "ObjectName": "StaticMeshComponent'Athena_REM_1x1_Shack_a:PersistentLevel.Boardwalk_Archway_28.StaticMeshComponent0'",
                "ObjectPath": "FortniteGame/Content/Athena/Maps/Buildings/1x1/Athena_REM_1x1_Shack_a.23"
            },
            "MyGuid": "D70F67FC-468341B1-A24A6B88-E27EC681",
            "DataVersion": 1,
            "CullDistance": 0.0,
            "RootComponent": {
                "ObjectName": "StaticMeshComponent'Athena_REM_1x1_Shack_a:PersistentLevel.Boardwalk_Archway_28.StaticMeshComponent0'",
                "ObjectPath": "FortniteGame/Content/Athena/Maps/Buildings/1x1/Athena_REM_1x1_Shack_a.23"
            }
        }
    },
    {
        "Type": "Boardwalk_Archway_C",
        "Name": "Boardwalk_Archway_29",
        "Outer": "PersistentLevel",
        "Class": "BlueprintGeneratedClass'FortniteGame/Content/Building/ActorBlueprints/Wall/Boardwalk_Archway.Boardwalk_Archway_C'",
        "Template": {
            "ObjectName": "Boardwalk_Archway_C'Default__Boardwalk_Archway_C'",
            "ObjectPath": "FortniteGame/Content/Building/ActorBlueprints/Wall/Boardwalk_Archway.1"
        },
        "Properties": {
            "StaticMeshComponent": {
                "ObjectName": "StaticMeshComponent'Athena_REM_1x1_Shack_a:PersistentLevel.Boardwalk_Archway_29.StaticMeshComponent0'",
                "ObjectPath": "FortniteGame/Content/Athena/Maps/Buildings/1x1/Athena_REM_1x1_Shack_a.24"
            },
            "MyGuid": "E6B14BFB-4D0CA1DB-7CBB4CA0-8ED9D3CF",
            "DataVersion": 1,
            "CullDistance": 0.0,
            "RootComponent": {
                "ObjectName": "StaticMeshComponent'Athena_REM_1x1_Shack_a:PersistentLevel.Boardwalk_Archway_29.StaticMeshComponent0'",
                "ObjectPath": "FortniteGame/Content/Athena/Maps/Buildings/1x1/Athena_REM_1x1_Shack_a.24"
            }
        }
    },
    {
        "Type": "Boardwalk_Archway_C",
        "Name": "Boardwalk_Archway_31",
        "Outer": "PersistentLevel",
        "Class": "BlueprintGeneratedClass'FortniteGame/Content/Building/ActorBlueprints/Wall/Boardwalk_Archway.Boardwalk_Archway_C'",
        "Template": {
            "ObjectName": "Boardwalk_Archway_C'Default__Boardwalk_Archway_C'",
            "ObjectPath": "FortniteGame/Content/Building/ActorBlueprints/Wall/Boardwalk_Archway.1"
        },
        "Properties": {
            "StaticMeshComponent": {
                "ObjectName": "StaticMeshComponent'Athena_REM_1x1_Shack_a:PersistentLevel.Boardwalk_Archway_31.StaticMeshComponent0'",
                "ObjectPath": "FortniteGame/Content/Athena/Maps/Buildings/1x1/Athena_REM_1x1_Shack_a.25"
            },
            "MyGuid": "F86705C1-4F497BBD-4DF85999-D56C955A",
            "DataVersion": 1,
            "CullDistance": 0.0,
            "RootComponent": {
                "ObjectName": "StaticMeshComponent'Athena_REM_1x1_Shack_a:PersistentLevel.Boardwalk_Archway_31.StaticMeshComponent0'",
                "ObjectPath": "FortniteGame/Content/Athena/Maps/Buildings/1x1/Athena_REM_1x1_Shack_a.25"
            }
        }
    },
    {
        "Type": "Boardwalk_Archway_C",
        "Name": "Boardwalk_Archway_37",
        "Outer": "PersistentLevel",
        "Class": "BlueprintGeneratedClass'FortniteGame/Content/Building/ActorBlueprints/Wall/Boardwalk_Archway.Boardwalk_Archway_C'",
        "Template": {
            "ObjectName": "Boardwalk_Archway_C'Default__Boardwalk_Archway_C'",
            "ObjectPath": "FortniteGame/Content/Building/ActorBlueprints/Wall/Boardwalk_Archway.1"
        },
        "Properties": {
            "StaticMeshComponent": {
                "ObjectName": "StaticMeshComponent'Athena_REM_1x1_Shack_a:PersistentLevel.Boardwalk_Archway_37.StaticMeshComponent0'",
                "ObjectPath": "FortniteGame/Content/Athena/Maps/Buildings/1x1/Athena_REM_1x1_Shack_a.26"
            },
            "MyGuid": "253B6DA1-4FA12941-C105BBA2-FA558F3C",
            "DataVersion": 1,
            "CullDistance": 0.0,
            "RootComponent": {
                "ObjectName": "StaticMeshComponent'Athena_REM_1x1_Shack_a:PersistentLevel.Boardwalk_Archway_37.StaticMeshComponent0'",
                "ObjectPath": "FortniteGame/Content/Athena/Maps/Buildings/1x1/Athena_REM_1x1_Shack_a.26"
            }
        }
    },
    {
        "Type": "Boardwalk_Floor_C",
        "Name": "Boardwalk_Floor_16",
        "Outer": "PersistentLevel",
        "Class": "BlueprintGeneratedClass'FortniteGame/Content/Building/ActorBlueprints/Floor/Boardwalk_Floor.Boardwalk_Floor_C'",
        "Template": {
            "ObjectName": "Boardwalk_Floor_C'Default__Boardwalk_Floor_C'",
            "ObjectPath": "FortniteGame/Content/Building/ActorBlueprints/Floor/Boardwalk_Floor.1"
        },
        "Properties": {
            "StaticMeshComponent": {
                "ObjectName": "StaticMeshComponent'Athena_REM_1x1_Shack_a:PersistentLevel.Boardwalk_Floor_16.StaticMeshComponent0'",
                "ObjectPath": "FortniteGame/Content/Athena/Maps/Buildings/1x1/Athena_REM_1x1_Shack_a.27"
            },
            "MyGuid": "310A81A6-4CD6065C-8F1BCE80-C5376532",
            "DataVersion": 1,
            "CullDistance": 0.0,
            "RootComponent": {
                "ObjectName": "StaticMeshComponent'Athena_REM_1x1_Shack_a:PersistentLevel.Boardwalk_Floor_16.StaticMeshComponent0'",
                "ObjectPath": "FortniteGame/Content/Athena/Maps/Buildings/1x1/Athena_REM_1x1_Shack_a.27"
            }
        }
    },
    {
        "Type": "BoxComponent",
        "Name": "BoxComponent0",
        "Outer": "LevelBounds_0",
        "Class": "UScriptClass'BoxComponent'",
        "Properties": {
            "BodyInstance": {
                "MaxAngularVelocity": 3599.9998
            },
            "RelativeLocation": {
                "X": 0.0,
                "Y": -4.5776367e-05,
                "Z": 96.00003
            },
            "RelativeScale3D": {
                "X": 647.6443,
                "Y": 643.79565,
                "Z": 960.00006
            }
        }
    },
    {
        "Type": "Chair_Kitchen02_C",
        "Name": "Prop_WildWest_SimpleChair_02_2",
        "Outer": "PersistentLevel",
        "Class": "BlueprintGeneratedClass'FortniteGame/Content/Building/ActorBlueprints/Prop/Chair_Kitchen02.Chair_Kitchen02_C'",
        "Template": {
            "ObjectName": "Chair_Kitchen02_C'Default__Chair_Kitchen02_C'",
            "ObjectPath": "FortniteGame/Content/Building/ActorBlueprints/Prop/Chair_Kitchen02.1"
        },
        "Properties": {
            "StaticMeshComponent": {
                "ObjectName": "StaticMeshComponent'Athena_REM_1x1_Shack_a:PersistentLevel.Prop_WildWest_SimpleChair_02_2.StaticMeshComponent0'",
                "ObjectPath": "FortniteGame/Content/Athena/Maps/Buildings/1x1/Athena_REM_1x1_Shack_a.33"
            },
            "MyGuid": "7E49F6F1-43D4618F-68221D92-834E70B0",
            "DataVersion": 1,
            "CullDistance": 5222.478,
            "RootComponent": {
                "ObjectName": "StaticMeshComponent'Athena_REM_1x1_Shack_a:PersistentLevel.Prop_WildWest_SimpleChair_02_2.StaticMeshComponent0'",
                "ObjectPath": "FortniteGame/Content/Athena/Maps/Buildings/1x1/Athena_REM_1x1_Shack_a.33"
            }
        }
    },
    {
        "Type": "Farm_Roof1_Peak_C",
        "Name": "Farm_Roof1_Peak_5",
        "Outer": "PersistentLevel",
        "Class": "BlueprintGeneratedClass'FortniteGame/Content/Building/ActorBlueprints/Roof/Farm_Roof1_Peak.Farm_Roof1_Peak_C'",
        "Template": {
            "ObjectName": "Farm_Roof1_Peak_C'Default__Farm_Roof1_Peak_C'",
            "ObjectPath": "FortniteGame/Content/Building/ActorBlueprints/Roof/Farm_Roof1_Peak.1"
        },
        "Properties": {
            "StaticMeshComponent": {
                "ObjectName": "StaticMeshComponent'Athena_REM_1x1_Shack_a:PersistentLevel.Farm_Roof1_Peak_5.StaticMeshComponent0'",
                "ObjectPath": "FortniteGame/Content/Athena/Maps/Buildings/1x1/Athena_REM_1x1_Shack_a.28"
            },
            "MyGuid": "C38F708E-421B8EAF-50D3869C-D86C20AA",
            "DataVersion": 1,
            "CullDistance": 0.0,
            "RootComponent": {
                "ObjectName": "StaticMeshComponent'Athena_REM_1x1_Shack_a:PersistentLevel.Farm_Roof1_Peak_5.StaticMeshComponent0'",
                "ObjectPath": "FortniteGame/Content/Athena/Maps/Buildings/1x1/Athena_REM_1x1_Shack_a.28"
            }
        }
    },
    {
        "Type": "FortWorldSettings",
        "Name": "FortWorldSettings",
        "Outer": "PersistentLevel",
        "Class": "UScriptClass'FortWorldSettings'",
        "Properties": {
            "WorldCells": [
                2147483647,
                1
            ],
            "WorldCellsOrigin": {
                "X": 512.0,
                "Y": 512.0,
                "Z": 0.0
            },
            "MinCullObjectSize": 64.0,
            "MinCullDistance": 2800.0,
            "MaxCullObjectSize": 1000.0,
            "MaxCullDistance": 40000.0,
            "bEnableNavigationSystem": false,
            "NavigationSystemConfig": {
                "ObjectName": "NavigationSystemConfig'Athena_REM_1x1_Shack_a:PersistentLevel.FortWorldSettings.NavigationSystemConfig_0'",
                "ObjectPath": "FortniteGame/Content/Athena/Maps/Buildings/1x1/Athena_REM_1x1_Shack_a.16"
            }
        }
    },
    {
        "Type": "Kitchen_Shelf_C",
        "Name": "Kitchen_Shelf_2",
        "Outer": "PersistentLevel",
        "Class": "BlueprintGeneratedClass'FortniteGame/Content/Building/ActorBlueprints/Deco/Kitchen_Shelf.Kitchen_Shelf_C'",
        "Template": {
            "ObjectName": "Kitchen_Shelf_C'Default__Kitchen_Shelf_C'",
            "ObjectPath": "FortniteGame/Content/Building/ActorBlueprints/Deco/Kitchen_Shelf.1"
        },
        "Properties": {
            "StaticMeshComponent": {
                "ObjectName": "StaticMeshComponent'Athena_REM_1x1_Shack_a:PersistentLevel.Kitchen_Shelf_2.StaticMeshComponent0'",
                "ObjectPath": "FortniteGame/Content/Athena/Maps/Buildings/1x1/Athena_REM_1x1_Shack_a.30"
            },
            "ParentActorToAttachTo": {
                "ObjectName": "SM_Farm_Wall_1_C'Athena_REM_1x1_Shack_a:PersistentLevel.SM_Farm_Wall_14'",
                "ObjectPath": "FortniteGame/Content/Athena/Maps/Buildings/1x1/Athena_REM_1x1_Shack_a.20"
            },
            "MyGuid": "385C0CD4-44F70C06-ED1B138D-0AA0E2C1",
            "DataVersion": 1,
            "CullDistance": 2800.0,
            "RootComponent": {
                "ObjectName": "StaticMeshComponent'Athena_REM_1x1_Shack_a:PersistentLevel.Kitchen_Shelf_2.StaticMeshComponent0'",
                "ObjectPath": "FortniteGame/Content/Athena/Maps/Buildings/1x1/Athena_REM_1x1_Shack_a.30"
            }
        }
    },
    {
        "Type": "Level",
        "Name": "PersistentLevel",
        "Outer": "Athena_REM_1x1_Shack_a",
        "Class": "UScriptClass'Level'",
        "Properties": {
            "Model": {
                "ObjectName": "Model'Athena_REM_1x1_Shack_a:PersistentLevel.Model_0'",
                "ObjectPath": "FortniteGame/Content/Athena/Maps/Buildings/1x1/Athena_REM_1x1_Shack_a.15"
            },
            "LevelBuildDataId": "69ADE370-47F50189-D08FCA81-69EF4AE7",
            "WorldSettings": {
                "ObjectName": "FortWorldSettings'Athena_REM_1x1_Shack_a:PersistentLevel.FortWorldSettings'",
                "ObjectPath": "FortniteGame/Content/Athena/Maps/Buildings/1x1/Athena_REM_1x1_Shack_a.10"
            }
        },
        "Actors": [
            {
                "ObjectName": "FortWorldSettings'Athena_REM_1x1_Shack_a:PersistentLevel.FortWorldSettings'",
                "ObjectPath": "FortniteGame/Content/Athena/Maps/Buildings/1x1/Athena_REM_1x1_Shack_a.10"
            },
            null,
            {
                "ObjectName": "LevelBounds'Athena_REM_1x1_Shack_a:PersistentLevel.LevelBounds_0'",
                "ObjectPath": "FortniteGame/Content/Athena/Maps/Buildings/1x1/Athena_REM_1x1_Shack_a.13"
            },
            {
                "ObjectName": "LODActor'Athena_REM_1x1_Shack_a:PersistentLevel.LODActor_1'",
                "ObjectPath": "FortniteGame/Content/Athena/Maps/Buildings/1x1/Athena_REM_1x1_Shack_a.14"
            },
            {
                "ObjectName": "Boardwalk_Archway_C'Athena_REM_1x1_Shack_a:PersistentLevel.Boardwalk_Archway_28'",
                "ObjectPath": "FortniteGame/Content/Athena/Maps/Buildings/1x1/Athena_REM_1x1_Shack_a.2"
            },
            {
                "ObjectName": "SM_Farm_Doorway_1_C'Athena_REM_1x1_Shack_a:PersistentLevel.SM_Farm_Wall_52'",
                "ObjectPath": "FortniteGame/Content/Athena/Maps/Buildings/1x1/Athena_REM_1x1_Shack_a.17"
            },
            {
                "ObjectName": "Farm_Roof1_Peak_C'Athena_REM_1x1_Shack_a:PersistentLevel.Farm_Roof1_Peak_5'",
                "ObjectPath": "FortniteGame/Content/Athena/Maps/Buildings/1x1/Athena_REM_1x1_Shack_a.9"
            },
            {
                "ObjectName": "SM_Farm_Roof1_PeakCap_C'Athena_REM_1x1_Shack_a:PersistentLevel.SM_Farm_Roof1_PeakCap_7'",
                "ObjectPath": "FortniteGame/Content/Athena/Maps/Buildings/1x1/Athena_REM_1x1_Shack_a.18"
            },
            {
                "ObjectName": "SM_Farm_Roof1_PeakCap_C'Athena_REM_1x1_Shack_a:PersistentLevel.SM_Farm_Roof1_PeakCap_8'",
                "ObjectPath": "FortniteGame/Content/Athena/Maps/Buildings/1x1/Athena_REM_1x1_Shack_a.19"
            },
            {
                "ObjectName": "SM_Farm_Window_1_C'Athena_REM_1x1_Shack_a:PersistentLevel.SM_Farm_Wall_12'",
                "ObjectPath": "FortniteGame/Content/Athena/Maps/Buildings/1x1/Athena_REM_1x1_Shack_a.21"
            },
            {
                "ObjectName": "SM_Farm_Window_1_C'Athena_REM_1x1_Shack_a:PersistentLevel.SM_Farm_Wall_13'",
                "ObjectPath": "FortniteGame/Content/Athena/Maps/Buildings/1x1/Athena_REM_1x1_Shack_a.22"
            },
            {
                "ObjectName": "SM_Farm_Wall_1_C'Athena_REM_1x1_Shack_a:PersistentLevel.SM_Farm_Wall_14'",
                "ObjectPath": "FortniteGame/Content/Athena/Maps/Buildings/1x1/Athena_REM_1x1_Shack_a.20"
            },
            {
                "ObjectName": "Boardwalk_Archway_C'Athena_REM_1x1_Shack_a:PersistentLevel.Boardwalk_Archway_29'",
                "ObjectPath": "FortniteGame/Content/Athena/Maps/Buildings/1x1/Athena_REM_1x1_Shack_a.3"
            },
            {
                "ObjectName": "Boardwalk_Archway_C'Athena_REM_1x1_Shack_a:PersistentLevel.Boardwalk_Archway_31'",
                "ObjectPath": "FortniteGame/Content/Athena/Maps/Buildings/1x1/Athena_REM_1x1_Shack_a.4"
            },
            {
                "ObjectName": "Boardwalk_Archway_C'Athena_REM_1x1_Shack_a:PersistentLevel.Boardwalk_Archway_37'",
                "ObjectPath": "FortniteGame/Content/Athena/Maps/Buildings/1x1/Athena_REM_1x1_Shack_a.5"
            },
            {
                "ObjectName": "Boardwalk_Floor_C'Athena_REM_1x1_Shack_a:PersistentLevel.Boardwalk_Floor_16'",
                "ObjectPath": "FortniteGame/Content/Athena/Maps/Buildings/1x1/Athena_REM_1x1_Shack_a.6"
            },
            {
                "ObjectName": "Kitchen_Shelf_C'Athena_REM_1x1_Shack_a:PersistentLevel.Kitchen_Shelf_2'",
                "ObjectPath": "FortniteGame/Content/Athena/Maps/Buildings/1x1/Athena_REM_1x1_Shack_a.11"
            },
            {
                "ObjectName": "Chair_Kitchen02_C'Athena_REM_1x1_Shack_a:PersistentLevel.Prop_WildWest_SimpleChair_02_2'",
                "ObjectPath": "FortniteGame/Content/Athena/Maps/Buildings/1x1/Athena_REM_1x1_Shack_a.8"
            },
            {
                "ObjectName": "Tiered_Athena_FloorLoot_01_C'Athena_REM_1x1_Shack_a:PersistentLevel.Tiered_Athena_FloorLoot_01_2'",
                "ObjectPath": "FortniteGame/Content/Athena/Maps/Buildings/1x1/Athena_REM_1x1_Shack_a.41"
            },
            {
                "ObjectName": "Athena_Prop_Hobopile_A_C'Athena_REM_1x1_Shack_a:PersistentLevel.Hobopile_A_5'",
                "ObjectPath": "FortniteGame/Content/Athena/Maps/Buildings/1x1/Athena_REM_1x1_Shack_a.0"
            },
            {
                "ObjectName": "Athena_Prop_Storage_Crate01a_side_C'Athena_REM_1x1_Shack_a:PersistentLevel.LCD_Crate01_8'",
                "ObjectPath": "FortniteGame/Content/Athena/Maps/Buildings/1x1/Athena_REM_1x1_Shack_a.1"
            },
            null,
            null
        ],
        "URL": {
            "Protocol": "unreal",
            "Host": "",
            "Port": 7777,
            "Valid": true,
            "Map": "/Game/Maps/Frontend",
            "Op": [],
            "Portal": ""
        },
        "Model": {
            "ObjectName": "Model'Athena_REM_1x1_Shack_a:PersistentLevel.Model_0'",
            "ObjectPath": "FortniteGame/Content/Athena/Maps/Buildings/1x1/Athena_REM_1x1_Shack_a.15"
        },
        "ModelComponents": [],
        "LevelScriptActor": null,
        "NavListStart": null,
        "NavListEnd": null,
        "PrecomputedVisibilityHandler": {
            "PrecomputedVisibilityCellBucketOriginXY": {
                "X": 0.0,
                "Y": 0.0
            },
            "PrecomputedVisibilityCellSizeXY": 0.0,
            "PrecomputedVisibilityCellSizeZ": 0.0,
            "PrecomputedVisibilityCellBucketSizeXY": 0,
            "PrecomputedVisibilityNumCellBuckets": 0,
            "PrecomputedVisibilityCellBuckets": []
        },
        "PrecomputedVolumeDistanceField": {
            "VolumeMaxDistance": 0.0,
            "VolumeBox": {
                "Min": {
                    "X": 0.0,
                    "Y": 0.0,
                    "Z": 0.0
                },
                "Max": {
                    "X": 0.0,
                    "Y": 0.0,
                    "Z": 0.0
                },
                "IsValid": 0
            },
            "VolumeSizeX": 0,
            "VolumeSizeY": 0,
            "VolumeSizeZ": 0,
            "Data": []
        }
    },
    {
        "Type": "LevelBounds",
        "Name": "LevelBounds_0",
        "Outer": "PersistentLevel",
        "Class": "UScriptClass'LevelBounds'",
        "Properties": {
            "RootComponent": {
                "ObjectName": "BoxComponent'Athena_REM_1x1_Shack_a:PersistentLevel.LevelBounds_0.BoxComponent0'",
                "ObjectPath": "FortniteGame/Content/Athena/Maps/Buildings/1x1/Athena_REM_1x1_Shack_a.7"
            }
        }
    },
    {
        "Type": "LODActor",
        "Name": "LODActor_1",
        "Outer": "PersistentLevel",
        "Class": "UScriptClass'LODActor'",
        "Properties": {
            "StaticMeshComponent": {
                "ObjectName": "StaticMeshComponent'Athena_REM_1x1_Shack_a:PersistentLevel.LODActor_1.StaticMeshComponent0'",
                "ObjectPath": "FortniteGame/Content/Athena/Maps/Buildings/1x1/Athena_REM_1x1_Shack_a.32"
            },
            "Proxy": {
                "ObjectName": "HLODProxy'Athena_REM_1x1_Shack_a_0_HLOD'",
                "ObjectPath": "FortniteGame/Content/Athena/Maps/Buildings/1x1/HLOD/Athena_REM_1x1_Shack_a_0_HLOD.1"
            },
            "Key": "76927B120C6645ACB9200E7FB8896AC3_C760E7BB4265F9576C5811B15C384892_C765880A_1B864DD1_CEE1D55E_ProxyLODMeshReduction",
            "LODDrawDistance": 21282.025,
            "SubActors": [
                {
                    "ObjectName": "Boardwalk_Archway_C'Athena_REM_1x1_Shack_a:PersistentLevel.Boardwalk_Archway_28'",
                    "ObjectPath": "FortniteGame/Content/Athena/Maps/Buildings/1x1/Athena_REM_1x1_Shack_a.2"
                },
                {
                    "ObjectName": "SM_Farm_Doorway_1_C'Athena_REM_1x1_Shack_a:PersistentLevel.SM_Farm_Wall_52'",
                    "ObjectPath": "FortniteGame/Content/Athena/Maps/Buildings/1x1/Athena_REM_1x1_Shack_a.17"
                },
                {
                    "ObjectName": "Farm_Roof1_Peak_C'Athena_REM_1x1_Shack_a:PersistentLevel.Farm_Roof1_Peak_5'",
                    "ObjectPath": "FortniteGame/Content/Athena/Maps/Buildings/1x1/Athena_REM_1x1_Shack_a.9"
                },
                {
                    "ObjectName": "SM_Farm_Roof1_PeakCap_C'Athena_REM_1x1_Shack_a:PersistentLevel.SM_Farm_Roof1_PeakCap_7'",
                    "ObjectPath": "FortniteGame/Content/Athena/Maps/Buildings/1x1/Athena_REM_1x1_Shack_a.18"
                },
                {
                    "ObjectName": "SM_Farm_Roof1_PeakCap_C'Athena_REM_1x1_Shack_a:PersistentLevel.SM_Farm_Roof1_PeakCap_8'",
                    "ObjectPath": "FortniteGame/Content/Athena/Maps/Buildings/1x1/Athena_REM_1x1_Shack_a.19"
                },
                {
                    "ObjectName": "SM_Farm_Window_1_C'Athena_REM_1x1_Shack_a:PersistentLevel.SM_Farm_Wall_12'",
                    "ObjectPath": "FortniteGame/Content/Athena/Maps/Buildings/1x1/Athena_REM_1x1_Shack_a.21"
                },
                {
                    "ObjectName": "SM_Farm_Window_1_C'Athena_REM_1x1_Shack_a:PersistentLevel.SM_Farm_Wall_13'",
                    "ObjectPath": "FortniteGame/Content/Athena/Maps/Buildings/1x1/Athena_REM_1x1_Shack_a.22"
                },
                {
                    "ObjectName": "SM_Farm_Wall_1_C'Athena_REM_1x1_Shack_a:PersistentLevel.SM_Farm_Wall_14'",
                    "ObjectPath": "FortniteGame/Content/Athena/Maps/Buildings/1x1/Athena_REM_1x1_Shack_a.20"
                },
                {
                    "ObjectName": "Boardwalk_Archway_C'Athena_REM_1x1_Shack_a:PersistentLevel.Boardwalk_Archway_29'",
                    "ObjectPath": "FortniteGame/Content/Athena/Maps/Buildings/1x1/Athena_REM_1x1_Shack_a.3"
                },
                {
                    "ObjectName": "Boardwalk_Archway_C'Athena_REM_1x1_Shack_a:PersistentLevel.Boardwalk_Archway_31'",
                    "ObjectPath": "FortniteGame/Content/Athena/Maps/Buildings/1x1/Athena_REM_1x1_Shack_a.4"
                },
                {
                    "ObjectName": "Boardwalk_Archway_C'Athena_REM_1x1_Shack_a:PersistentLevel.Boardwalk_Archway_37'",
                    "ObjectPath": "FortniteGame/Content/Athena/Maps/Buildings/1x1/Athena_REM_1x1_Shack_a.5"
                },
                {
                    "ObjectName": "Boardwalk_Floor_C'Athena_REM_1x1_Shack_a:PersistentLevel.Boardwalk_Floor_16'",
                    "ObjectPath": "FortniteGame/Content/Athena/Maps/Buildings/1x1/Athena_REM_1x1_Shack_a.6"
                }
            ],
            "LODLevel": 1,
            "RootComponent": {
                "ObjectName": "StaticMeshComponent'Athena_REM_1x1_Shack_a:PersistentLevel.LODActor_1.StaticMeshComponent0'",
                "ObjectPath": "FortniteGame/Content/Athena/Maps/Buildings/1x1/Athena_REM_1x1_Shack_a.32"
            }
        }
    },
    {
        "Type": "Model",
        "Name": "Model_0",
        "Outer": "PersistentLevel",
        "Class": "UScriptClass'Model'",
        "Bounds": {
            "Origin": {
                "X": 0.0,
                "Y": 0.0,
                "Z": 0.0
            },
            "BoxExtent": {
                "X": 0.0,
                "Y": 0.0,
                "Z": 0.0
            },
            "SphereRadius": 0.0
        },
        "Vectors": [],
        "Points": [],
        "Nodes": [],
        "Surfs": [],
        "NumSharedSides": 4,
        "VertexBuffer": {
            "Vertices": [
                {
                    "Position": {
                        "X": 0.0,
                        "Y": 134000910.0,
                        "Z": 2293989000.0
                    },
                    "TangentX": {
                        "X": 2.2371407e-36,
                        "Y": -3.4053265e-22,
                        "Z": 0.0
                    },
                    "TangentZ": {
                        "X": 1.35e-43,
                        "Y": 0.0,
                        "Z": 1.72e-43,
                        "W": 0.0
                    },
                    "TexCoord": {
                        "X": 1.7e-44,
                        "Y": 0.0
                    },
                    "ShadowTexCoord": {
                        "X": 1.67e-43,
                        "Y": 0.0
                    }
                },
                {
                    "Position": {
                        "X": 0.0,
                        "Y": 0.0,
                        "Z": 0.0
                    },
                    "TangentX": {
                        "X": 0.0,
                        "Y": 6.816e-42,
                        "Z": 0.0
                    },
                    "TangentZ": {
                        "X": 0.0,
                        "Y": 3.5156e-41,
                        "Z": 0.0,
                        "W": 0.0
                    },
                    "TexCoord": {
                        "X": 4.4842e-41,
                        "Y": 0.0
                    },
                    "ShadowTexCoord": {
                        "X": 3.5515e-41,
                        "Y": 0.0
                    }
                },
                {
                    "Position": {
                        "X": 1.435e-42,
                        "Y": 0.0,
                        "Z": "NaN"
                    },
                    "TangentX": {
                        "X": 1.1571271e-38,
                        "Y": 0.0,
                        "Z": 9.091714e-39
                    },
                    "TangentZ": {
                        "X": 0.0,
                        "Y": 3.67342e-40,
                        "Z": 9.1835e-41,
                        "W": -9.9035203e+27
                    },
                    "TexCoord": {
                        "X": 1.6615349e+35,
                        "Y": 0.0
                    },
                    "ShadowTexCoord": {
                        "X": 2.3611832e+21,
                        "Y": 0.0
                    }
                },
                {
                    "Position": {
                        "X": 1.5046328e-36,
                        "Y": 0.0,
                        "Z": 0.0
                    },
                    "TangentX": {
                        "X": 5.6e-44,
                        "Y": 3.6e-44,
                        "Z": 0.0
                    },
                    "TangentZ": {
                        "X": 1.39e-43,
                        "Y": 0.0,
                        "Z": 6e-45,
                        "W": 0.0
                    },
                    "TexCoord": {
                        "X": "NaN",
                        "Y": 3.4078e-41
                    },
                    "ShadowTexCoord": {
                        "X": 0.0,
                        "Y": 4.4124e-41
                    }
                },
                {
                    "Position": {
                        "X": 0.0,
                        "Y": 5.74e-42,
                        "Z": 0.0
                    },
                    "TangentX": {
                        "X": 2.4753e-41,
                        "Y": 0.0,
                        "Z": 0.0
                    },
                    "TangentZ": {
                        "X": 0.0,
                        "Y": 0.0,
                        "Z": 0.0,
                        "W": 9.0513065e-37
                    },
                    "TexCoord": {
                        "X": 3416827600000.0,
                        "Y": -9.931978e+25
                    },
                    "ShadowTexCoord": {
                        "X": -6.345212e+37,
                        "Y": 4.050526e-39
                    }
                },
                {
                    "Position": {
                        "X": 0.0,
                        "Y": 6.612156e-39,
                        "Z": 0.0
                    },
                    "TangentX": {
                        "X": 3.67342e-40,
                        "Y": 0.0,
                        "Z": 2.3509887e-38
                    },
                    "TangentZ": {
                        "X": 4.5474735e-13,
                        "Y": 0.0,
                        "Z": 128.0,
                        "W": 0.0
                    },
                    "TexCoord": {
                        "X": 1.5046328e-36,
                        "Y": 0.0
                    },
                    "ShadowTexCoord": {
                        "X": 0.0,
                        "Y": 0.0
                    }
                },
                {
                    "Position": {
                        "X": 1.53e-43,
                        "Y": 0.0,
                        "Z": 1.39e-43
                    },
                    "TangentX": {
                        "X": 0.0,
                        "Y": 6e-45,
                        "Z": 0.0
                    },
                    "TangentZ": {
                        "X": 1.4349e-41,
                        "Y": 3.5156e-41,
                        "Z": 0.0,
                        "W": 0.0
                    },
                    "TexCoord": {
                        "X": 4.4842e-41,
                        "Y": 0.0
                    },
                    "ShadowTexCoord": {
                        "X": 3.5515e-41,
                        "Y": 0.0
                    }
                },
                {
                    "Position": {
                        "X": 1.435e-42,
                        "Y": 0.0,
                        "Z": "NaN"
                    },
                    "TangentX": {
                        "X": 1.1571271e-38,
                        "Y": 0.0,
                        "Z": 9.091714e-39
                    },
                    "TangentZ": {
                        "X": 0.0,
                        "Y": 3.67342e-40,
                        "Z": 9.1835e-41,
                        "W": -9.9035203e+27
                    },
                    "TexCoord": {
                        "X": 1.6615349e+35,
                        "Y": 0.0
                    },
                    "ShadowTexCoord": {
                        "X": 2.3611832e+21,
                        "Y": 0.0
                    }
                },
                {
                    "Position": {
                        "X": 1.5046328e-36,
                        "Y": 0.0,
                        "Z": 0.0
                    },
                    "TangentX": {
                        "X": 4.9e-44,
                        "Y": 3.6e-44,
                        "Z": 0.0
                    },
                    "TangentZ": {
                        "X": 1.39e-43,
                        "Y": 0.0,
                        "Z": 6e-45,
                        "W": 0.0
                    },
                    "TexCoord": {
                        "X": "NaN",
                        "Y": 3.4078e-41
                    },
                    "ShadowTexCoord": {
                        "X": 0.0,
                        "Y": 4.4124e-41
                    }
                },
                {
                    "Position": {
                        "X": 0.0,
                        "Y": 5.74e-42,
                        "Z": 0.0
                    },
                    "TangentX": {
                        "X": 2.4753e-41,
                        "Y": 0.0,
                        "Z": 0.0
                    },
                    "TangentZ": {
                        "X": 0.0,
                        "Y": 0.0,
                        "Z": 0.0,
                        "W": 7.858313e+21
                    },
                    "TexCoord": {
                        "X": 2.795611e-09,
                        "Y": 3.3454333e-36
                    },
                    "ShadowTexCoord": {
                        "X": -1.3441062e-13,
                        "Y": 4.068851e-39
                    }
                },
                {
                    "Position": {
                        "X": 0.0,
                        "Y": 6.612156e-39,
                        "Z": 0.0
                    },
                    "TangentX": {
                        "X": 3.67342e-40,
                        "Y": 0.0,
                        "Z": 2.3509887e-38
                    },
                    "TangentZ": {
                        "X": 4.5474735e-13,
                        "Y": 0.0,
                        "Z": 128.0,
                        "W": 0.0
                    },
                    "TexCoord": {
                        "X": 1.5046328e-36,
                        "Y": 0.0
                    },
                    "ShadowTexCoord": {
                        "X": 0.0,
                        "Y": 0.0
                    }
                },
                {
                    "Position": {
                        "X": 1.53e-43,
                        "Y": 0.0,
                        "Z": 1.39e-43
                    },
                    "TangentX": {
                        "X": 0.0,
                        "Y": 6e-45,
                        "Z": 0.0
                    },
                    "TangentZ": {
                        "X": 1.2556e-41,
                        "Y": 3.5156e-41,
                        "Z": 0.0,
                        "W": 0.0
                    },
                    "TexCoord": {
                        "X": 4.4842e-41,
                        "Y": 0.0
                    },
                    "ShadowTexCoord": {
                        "X": 3.5515e-41,
                        "Y": 0.0
                    }
                },
                {
                    "Position": {
                        "X": 1.435e-42,
                        "Y": 0.0,
                        "Z": "NaN"
                    },
                    "TangentX": {
                        "X": 1.1571271e-38,
                        "Y": 0.0,
                        "Z": 9.091714e-39
                    },
                    "TangentZ": {
                        "X": 0.0,
                        "Y": 3.67342e-40,
                        "Z": 9.1835e-41,
                        "W": -9.9035203e+27
                    },
                    "TexCoord": {
                        "X": 1.6615349e+35,
                        "Y": 0.0
                    },
                    "ShadowTexCoord": {
                        "X": 2.3611832e+21,
                        "Y": 0.0
                    }
                },
                {
                    "Position": {
                        "X": 1.5046328e-36,
                        "Y": 0.0,
                        "Z": 0.0
                    },
                    "TangentX": {
                        "X": 5e-44,
                        "Y": 3.6e-44,
                        "Z": 0.0
                    },
                    "TangentZ": {
                        "X": 1.39e-43,
                        "Y": 0.0,
                        "Z": 6e-45,
                        "W": 0.0
                    },
                    "TexCoord": {
                        "X": "NaN",
                        "Y": 3.4078e-41
                    },
                    "ShadowTexCoord": {
                        "X": 0.0,
                        "Y": 4.4124e-41
                    }
                },
                {
                    "Position": {
                        "X": 0.0,
                        "Y": 5.74e-42,
                        "Z": 0.0
                    },
                    "TangentX": {
                        "X": 2.4753e-41,
                        "Y": 0.0,
                        "Z": 0.0
                    },
                    "TangentZ": {
                        "X": 0.0,
                        "Y": 0.0,
                        "Z": 0.0,
                        "W": 3.1086245e-14
                    },
                    "TexCoord": {
                        "X": -1003591500000000.0,
                        "Y": 1.4288169e+24
                    },
                    "ShadowTexCoord": {
                        "X": 0.04816878,
                        "Y": 4.085085e-39
                    }
                },
                {
                    "Position": {
                        "X": 0.0,
                        "Y": 6.612156e-39,
                        "Z": 0.0
                    },
                    "TangentX": {
                        "X": 3.67342e-40,
                        "Y": 0.0,
                        "Z": 2.3509887e-38
                    },
                    "TangentZ": {
                        "X": 4.5474735e-13,
                        "Y": 0.0,
                        "Z": 128.0,
                        "W": 0.0
                    },
                    "TexCoord": {
                        "X": 1.5046328e-36,
                        "Y": 0.0
                    },
                    "ShadowTexCoord": {
                        "X": 0.0,
                        "Y": 0.0
                    }
                },
                {
                    "Position": {
                        "X": 1.53e-43,
                        "Y": 0.0,
                        "Z": 1.39e-43
                    },
                    "TangentX": {
                        "X": 0.0,
                        "Y": 6e-45,
                        "Z": 0.0
                    },
                    "TangentZ": {
                        "X": 1.2914e-41,
                        "Y": 3.5156e-41,
                        "Z": 0.0,
                        "W": 0.0
                    },
                    "TexCoord": {
                        "X": 4.4842e-41,
                        "Y": 0.0
                    },
                    "ShadowTexCoord": {
                        "X": 3.5515e-41,
                        "Y": 0.0
                    }
                },
                {
                    "Position": {
                        "X": 1.435e-42,
                        "Y": 0.0,
                        "Z": "NaN"
                    },
                    "TangentX": {
                        "X": 1.1571271e-38,
                        "Y": 0.0,
                        "Z": 9.091714e-39
                    },
                    "TangentZ": {
                        "X": 0.0,
                        "Y": 3.67342e-40,
                        "Z": 9.1835e-41,
                        "W": -9.9035203e+27
                    },
                    "TexCoord": {
                        "X": 1.6615349e+35,
                        "Y": 0.0
                    },
                    "ShadowTexCoord": {
                        "X": 2.3611832e+21,
                        "Y": 0.0
                    }
                },
                {
                    "Position": {
                        "X": 1.5046328e-36,
                        "Y": 0.0,
                        "Z": 0.0
                    },
                    "TangentX": {
                        "X": 5.5e-44,
                        "Y": 3.6e-44,
                        "Z": 0.0
                    },
                    "TangentZ": {
                        "X": 1.39e-43,
                        "Y": 0.0,
                        "Z": 6e-45,
                        "W": 0.0
                    },
                    "TexCoord": {
                        "X": "NaN",
                        "Y": 3.4078e-41
                    },
                    "ShadowTexCoord": {
                        "X": 0.0,
                        "Y": 4.4124e-41
                    }
                },
                {
                    "Position": {
                        "X": 0.0,
                        "Y": 5.74e-42,
                        "Z": 0.0
                    },
                    "TangentX": {
                        "X": 2.4753e-41,
                        "Y": 0.0,
                        "Z": 0.0
                    },
                    "TangentZ": {
                        "X": 0.0,
                        "Y": 0.0,
                        "Z": 0.0,
                        "W": 0.16601562
                    },
                    "TexCoord": {
                        "X": 4.08712e-22,
                        "Y": -2.7303986e+31
                    },
                    "ShadowTexCoord": {
                        "X": 1.4428772e-24,
                        "Y": 4.108348e-39
                    }
                },
                {
                    "Position": {
                        "X": 0.0,
                        "Y": 6.612156e-39,
                        "Z": 0.0
                    },
                    "TangentX": {
                        "X": 3.67342e-40,
                        "Y": 0.0,
                        "Z": 2.3509887e-38
                    },
                    "TangentZ": {
                        "X": 4.5474735e-13,
                        "Y": 0.0,
                        "Z": 128.0,
                        "W": 0.0
                    },
                    "TexCoord": {
                        "X": 1.5046328e-36,
                        "Y": 0.0
                    },
                    "ShadowTexCoord": {
                        "X": 0.0,
                        "Y": 0.0
                    }
                },
                {
                    "Position": {
                        "X": 1.53e-43,
                        "Y": 0.0,
                        "Z": 1.39e-43
                    },
                    "TangentX": {
                        "X": 0.0,
                        "Y": 6e-45,
                        "Z": 0.0
                    },
                    "TangentZ": {
                        "X": 1.399e-41,
                        "Y": 3.5156e-41,
                        "Z": 0.0,
                        "W": 0.0
                    },
                    "TexCoord": {
                        "X": 4.4842e-41,
                        "Y": 0.0
                    },
                    "ShadowTexCoord": {
                        "X": 3.5515e-41,
                        "Y": 0.0
                    }
                },
                {
                    "Position": {
                        "X": 1.435e-42,
                        "Y": 0.0,
                        "Z": "NaN"
                    },
                    "TangentX": {
                        "X": 1.1571271e-38,
                        "Y": 0.0,
                        "Z": 9.091714e-39
                    },
                    "TangentZ": {
                        "X": 0.0,
                        "Y": 3.67342e-40,
                        "Z": 9.1835e-41,
                        "W": -9.9035203e+27
                    },
                    "TexCoord": {
                        "X": 1.6615349e+35,
                        "Y": 0.0
                    },
                    "ShadowTexCoord": {
                        "X": 2.3611832e+21,
                        "Y": 0.0
                    }
                },
                {
                    "Position": {
                        "X": 1.5046328e-36,
                        "Y": 0.0,
                        "Z": 0.0
                    },
                    "TangentX": {
                        "X": 5.2e-44,
                        "Y": 3.6e-44,
                        "Z": 0.0
                    },
                    "TangentZ": {
                        "X": 1.39e-43,
                        "Y": 0.0,
                        "Z": 6e-45,
                        "W": 0.0
                    },
                    "TexCoord": {
                        "X": "NaN",
                        "Y": 3.4078e-41
                    },
                    "ShadowTexCoord": {
                        "X": 0.0,
                        "Y": 4.4124e-41
                    }
                },
                {
                    "Position": {
                        "X": 0.0,
                        "Y": 5.74e-42,
                        "Z": 0.0
                    },
                    "TangentX": {
                        "X": 2.4753e-41,
                        "Y": 0.0,
                        "Z": 0.0
                    },
                    "TangentZ": {
                        "X": 0.0,
                        "Y": 0.0,
                        "Z": 0.0,
                        "W": -2.576059e+18
                    },
                    "TexCoord": {
                        "X": 4.9299435e-18,
                        "Y": 9.103514e-34
                    },
                    "ShadowTexCoord": {
                        "X": -4.287658e-17,
                        "Y": 4.05435e-39
                    }
                },
                {
                    "Position": {
                        "X": 0.0,
                        "Y": 6.612156e-39,
                        "Z": 0.0
                    },
                    "TangentX": {
                        "X": 3.67342e-40,
                        "Y": 0.0,
                        "Z": 2.3509887e-38
                    },
                    "TangentZ": {
                        "X": 4.5474735e-13,
                        "Y": 0.0,
                        "Z": 128.0,
                        "W": 0.0
                    },
                    "TexCoord": {
                        "X": 1.5046328e-36,
                        "Y": 0.0
                    },
                    "ShadowTexCoord": {
                        "X": 0.0,
                        "Y": 0.0
                    }
                },
                {
                    "Position": {
                        "X": 1.53e-43,
                        "Y": 0.0,
                        "Z": 1.39e-43
                    },
                    "TangentX": {
                        "X": 0.0,
                        "Y": 6e-45,
                        "Z": 0.0
                    },
                    "TangentZ": {
                        "X": 1.3273e-41,
                        "Y": 3.5156e-41,
                        "Z": 0.0,
                        "W": 0.0
                    },
                    "TexCoord": {
                        "X": 4.4842e-41,
                        "Y": 0.0
                    },
                    "ShadowTexCoord": {
                        "X": 3.5515e-41,
                        "Y": 0.0
                    }
                },
                {
                    "Position": {
                        "X": 1.435e-42,
                        "Y": 0.0,
                        "Z": "NaN"
                    },
                    "TangentX": {
                        "X": 1.1571271e-38,
                        "Y": 0.0,
                        "Z": 9.091714e-39
                    },
                    "TangentZ": {
                        "X": 0.0,
                        "Y": 3.67342e-40,
                        "Z": 9.1835e-41,
                        "W": -9.9035203e+27
                    },
                    "TexCoord": {
                        "X": 1.6615349e+35,
                        "Y": 0.0
                    },
                    "ShadowTexCoord": {
                        "X": 2.3611832e+21,
                        "Y": 0.0
                    }
                },
                {
                    "Position": {
                        "X": 1.5046328e-36,
                        "Y": 0.0,
                        "Z": 0.0
                    },
                    "TangentX": {
                        "X": 5.3e-44,
                        "Y": 3.6e-44,
                        "Z": 0.0
                    },
                    "TangentZ": {
                        "X": 1.39e-43,
                        "Y": 0.0,
                        "Z": 6e-45,
                        "W": 0.0
                    },
                    "TexCoord": {
                        "X": "NaN",
                        "Y": 3.4078e-41
                    },
                    "ShadowTexCoord": {
                        "X": 0.0,
                        "Y": 4.4124e-41
                    }
                },
                {
                    "Position": {
                        "X": 0.0,
                        "Y": 5.74e-42,
                        "Z": 0.0
                    },
                    "TangentX": {
                        "X": 2.4753e-41,
                        "Y": 0.0,
                        "Z": 0.0
                    },
                    "TangentZ": {
                        "X": 0.0,
                        "Y": 0.0,
                        "Z": 0.0,
                        "W": 1.2468325e-17
                    },
                    "TexCoord": {
                        "X": -1.0987333e+28,
                        "Y": -271153730.0
                    },
                    "ShadowTexCoord": {
                        "X": 5.680647e-19,
                        "Y": 4.09092e-39
                    }
                },
                {
                    "Position": {
                        "X": 0.0,
                        "Y": 6.612156e-39,
                        "Z": 0.0
                    },
                    "TangentX": {
                        "X": 3.67342e-40,
                        "Y": 0.0,
                        "Z": 2.3509887e-38
                    },
                    "TangentZ": {
                        "X": 4.5474735e-13,
                        "Y": 0.0,
                        "Z": 128.0,
                        "W": 0.0
                    },
                    "TexCoord": {
                        "X": 1.5046328e-36,
                        "Y": 0.0
                    },
                    "ShadowTexCoord": {
                        "X": 0.0,
                        "Y": 0.0
                    }
                },
                {
                    "Position": {
                        "X": 1.53e-43,
                        "Y": 0.0,
                        "Z": 1.39e-43
                    },
                    "TangentX": {
                        "X": 0.0,
                        "Y": 6e-45,
                        "Z": 0.0
                    },
                    "TangentZ": {
                        "X": 1.3632e-41,
                        "Y": 3.5156e-41,
                        "Z": 0.0,
                        "W": 0.0
                    },
                    "TexCoord": {
                        "X": 3.5873e-41,
                        "Y": 0.0
                    },
                    "ShadowTexCoord": {
                        "X": 7.533e-42,
                        "Y": 0.0
                    }
                },
                {
                    "Position": {
                        "X": 2.87e-42,
                        "Y": 0.0,
                        "Z": 3.5515e-41
                    },
                    "TangentX": {
                        "X": 0.0,
                        "Y": 9.1835e-41,
                        "Z": 0.0
                    },
                    "TangentZ": {
                        "X": 7.622346e-39,
                        "Y": 0.0,
                        "Z": 9.091714e-39,
                        "W": 0.0
                    },
                    "TexCoord": {
                        "X": 3.67342e-40,
                        "Y": 0.0
                    },
                    "ShadowTexCoord": {
                        "X": 4.3368087e-19,
                        "Y": 3.8685626e+25
                    }
                },
                {
                    "Position": {
                        "X": 0.0,
                        "Y": 6.64614e+35,
                        "Z": 0.0
                    },
                    "TangentX": {
                        "X": 9.8607613e-32,
                        "Y": 0.0,
                        "Z": -0.0
                    },
                    "TangentZ": {
                        "X": 0.0,
                        "Y": 0.0,
                        "Z": 0.0,
                        "W": 0.0
                    },
                    "TexCoord": {
                        "X": 0.0,
                        "Y": 0.0
                    },
                    "ShadowTexCoord": {
                        "X": -256.0,
                        "Y": 0.0
                    }
                },
                {
                    "Position": {
                        "X": -384.0,
                        "Y": 1.5e-43,
                        "Z": 0.0
                    },
                    "TangentX": {
                        "X": 1.72e-43,
                        "Y": 0.0,
                        "Z": 1.7e-44
                    },
                    "TangentZ": {
                        "X": 0.0,
                        "Y": 1.54e-43,
                        "Z": 0.0,
                        "W": 0.0
                    },
                    "TexCoord": {
                        "X": 0.0,
                        "Y": 0.0
                    },
                    "ShadowTexCoord": {
                        "X": 0.0,
                        "Y": 0.0
                    }
                },
                {
                    "Position": {
                        "X": -1.1920747e-07,
                        "Y": 9.2e-44,
                        "Z": 3.5156e-41
                    },
                    "TangentX": {
                        "X": 0.0,
                        "Y": 0.0,
                        "Z": 0.0
                    },
                    "TangentZ": {
                        "X": 3.5873e-41,
                        "Y": 0.0,
                        "Z": 7.533e-42,
                        "W": 0.0
                    },
                    "TexCoord": {
                        "X": 2.87e-42,
                        "Y": 0.0
                    },
                    "ShadowTexCoord": {
                        "X": 3.5515e-41,
                        "Y": 0.0
                    }
                }
            ]
        },
        "LightingGuid": "00010000-00000000-00530000-00000000",
        "LightmassSettings": null
    },
    {
        "Type": "NavigationSystemConfig",
        "Name": "NavigationSystemConfig_0",
        "Outer": "FortWorldSettings",
        "Class": "UScriptClass'NavigationSystemConfig'",
        "Properties": {
            "NavigationSystemClass": {
                "AssetPathName": "/Script/FortniteGame.FortNavSystem",
                "SubPathString": ""
            }
        }
    },
    {
        "Type": "SM_Farm_Doorway_1_C",
        "Name": "SM_Farm_Wall_52",
        "Outer": "PersistentLevel",
        "Class": "BlueprintGeneratedClass'FortniteGame/Content/Building/ActorBlueprints/Wall/SM_Farm_Doorway_1.SM_Farm_Doorway_1_C'",
        "Template": {
            "ObjectName": "SM_Farm_Doorway_1_C'Default__SM_Farm_Doorway_1_C'",
            "ObjectPath": "FortniteGame/Content/Building/ActorBlueprints/Wall/SM_Farm_Doorway_1.1"
        },
        "Properties": {
            "StaticMeshComponent": {
                "ObjectName": "StaticMeshComponent'Athena_REM_1x1_Shack_a:PersistentLevel.SM_Farm_Wall_52.StaticMeshComponent0'",
                "ObjectPath": "FortniteGame/Content/Athena/Maps/Buildings/1x1/Athena_REM_1x1_Shack_a.39"
            },
            "BaseMaterial": {
                "ObjectName": "MaterialInstanceConstant'M_Fort_Farm_Barn_1'",
                "ObjectPath": "FortniteGame/Content/Environments/Sets/Barn/Materials/M_Fort_Farm_Barn_1.0"
            },
            "MyGuid": "E2B3039A-4F905446-F1BCEAA4-1B38FE3E",
            "DataVersion": 1,
            "CullDistance": 0.0,
            "RootComponent": {
                "ObjectName": "StaticMeshComponent'Athena_REM_1x1_Shack_a:PersistentLevel.SM_Farm_Wall_52.StaticMeshComponent0'",
                "ObjectPath": "FortniteGame/Content/Athena/Maps/Buildings/1x1/Athena_REM_1x1_Shack_a.39"
            },
            "TextureData01": {
                "ObjectName": "BuildingTextureData'MI_Farm_Wood_2'",
                "ObjectPath": "FortniteGame/Content/Building/TextureData/WallOuter/Diffuses/MI_Farm_Wood_2.0"
            },
            "TextureData02": {
                "ObjectName": "BuildingTextureData'MI_Farm_Wood_2'",
                "ObjectPath": "FortniteGame/Content/Building/TextureData/WallOuter/Diffuses/MI_Farm_Wood_2.0"
            }
        }
    },
    {
        "Type": "SM_Farm_Roof1_PeakCap_C",
        "Name": "SM_Farm_Roof1_PeakCap_7",
        "Outer": "PersistentLevel",
        "Class": "BlueprintGeneratedClass'FortniteGame/Content/Building/ActorBlueprints/Wall/SM_Farm_Roof1_PeakCap.SM_Farm_Roof1_PeakCap_C'",
        "Template": {
            "ObjectName": "SM_Farm_Roof1_PeakCap_C'Default__SM_Farm_Roof1_PeakCap_C'",
            "ObjectPath": "FortniteGame/Content/Building/ActorBlueprints/Wall/SM_Farm_Roof1_PeakCap.1"
        },
        "Properties": {
            "StaticMeshComponent": {
                "ObjectName": "StaticMeshComponent'Athena_REM_1x1_Shack_a:PersistentLevel.SM_Farm_Roof1_PeakCap_7.StaticMeshComponent0'",
                "ObjectPath": "FortniteGame/Content/Athena/Maps/Buildings/1x1/Athena_REM_1x1_Shack_a.34"
            },
            "BaseMaterial": {
                "ObjectName": "MaterialInstanceConstant'M_Fort_Farm_Barn_1'",
                "ObjectPath": "FortniteGame/Content/Environments/Sets/Barn/Materials/M_Fort_Farm_Barn_1.0"
            },
            "MyGuid": "1CE963D5-4C8B3140-5539048E-4E4DAA17",
            "DataVersion": 1,
            "CullDistance": 0.0,
            "RootComponent": {
                "ObjectName": "StaticMeshComponent'Athena_REM_1x1_Shack_a:PersistentLevel.SM_Farm_Roof1_PeakCap_7.StaticMeshComponent0'",
                "ObjectPath": "FortniteGame/Content/Athena/Maps/Buildings/1x1/Athena_REM_1x1_Shack_a.34"
            },
            "TextureData01": {
                "ObjectName": "BuildingTextureData'MI_Farm_Wood_2'",
                "ObjectPath": "FortniteGame/Content/Building/TextureData/WallOuter/Diffuses/MI_Farm_Wood_2.0"
            },
            "TextureData02": {
                "ObjectName": "BuildingTextureData'MI_Farm_Wood_2'",
                "ObjectPath": "FortniteGame/Content/Building/TextureData/WallOuter/Diffuses/MI_Farm_Wood_2.0"
            }
        }
    },
    {
        "Type": "SM_Farm_Roof1_PeakCap_C",
        "Name": "SM_Farm_Roof1_PeakCap_8",
        "Outer": "PersistentLevel",
        "Class": "BlueprintGeneratedClass'FortniteGame/Content/Building/ActorBlueprints/Wall/SM_Farm_Roof1_PeakCap.SM_Farm_Roof1_PeakCap_C'",
        "Template": {
            "ObjectName": "SM_Farm_Roof1_PeakCap_C'Default__SM_Farm_Roof1_PeakCap_C'",
            "ObjectPath": "FortniteGame/Content/Building/ActorBlueprints/Wall/SM_Farm_Roof1_PeakCap.1"
        },
        "Properties": {
            "StaticMeshComponent": {
                "ObjectName": "StaticMeshComponent'Athena_REM_1x1_Shack_a:PersistentLevel.SM_Farm_Roof1_PeakCap_8.StaticMeshComponent0'",
                "ObjectPath": "FortniteGame/Content/Athena/Maps/Buildings/1x1/Athena_REM_1x1_Shack_a.35"
            },
            "BaseMaterial": {
                "ObjectName": "MaterialInstanceConstant'M_Fort_Farm_Barn_1'",
                "ObjectPath": "FortniteGame/Content/Environments/Sets/Barn/Materials/M_Fort_Farm_Barn_1.0"
            },
            "MyGuid": "30B7290C-4829D864-4CA06797-7B8E3D45",
            "DataVersion": 1,
            "CullDistance": 0.0,
            "RootComponent": {
                "ObjectName": "StaticMeshComponent'Athena_REM_1x1_Shack_a:PersistentLevel.SM_Farm_Roof1_PeakCap_8.StaticMeshComponent0'",
                "ObjectPath": "FortniteGame/Content/Athena/Maps/Buildings/1x1/Athena_REM_1x1_Shack_a.35"
            },
            "TextureData01": {
                "ObjectName": "BuildingTextureData'MI_Farm_Wood_2'",
                "ObjectPath": "FortniteGame/Content/Building/TextureData/WallOuter/Diffuses/MI_Farm_Wood_2.0"
            },
            "TextureData02": {
                "ObjectName": "BuildingTextureData'MI_Farm_Wood_2'",
                "ObjectPath": "FortniteGame/Content/Building/TextureData/WallOuter/Diffuses/MI_Farm_Wood_2.0"
            }
        }
    },
    {
        "Type": "SM_Farm_Wall_1_C",
        "Name": "SM_Farm_Wall_14",
        "Outer": "PersistentLevel",
        "Class": "BlueprintGeneratedClass'FortniteGame/Content/Building/ActorBlueprints/Wall/SM_Farm_Wall_1.SM_Farm_Wall_1_C'",
        "Template": {
            "ObjectName": "SM_Farm_Wall_1_C'Default__SM_Farm_Wall_1_C'",
            "ObjectPath": "FortniteGame/Content/Building/ActorBlueprints/Wall/SM_Farm_Wall_1.1"
        },
        "Properties": {
            "StaticMeshComponent": {
                "ObjectName": "StaticMeshComponent'Athena_REM_1x1_Shack_a:PersistentLevel.SM_Farm_Wall_14.StaticMeshComponent0'",
                "ObjectPath": "FortniteGame/Content/Athena/Maps/Buildings/1x1/Athena_REM_1x1_Shack_a.38"
            },
            "BaseMaterial": {
                "ObjectName": "MaterialInstanceConstant'M_Fort_Farm_Barn_1'",
                "ObjectPath": "FortniteGame/Content/Environments/Sets/Barn/Materials/M_Fort_Farm_Barn_1.0"
            },
            "MyGuid": "0D1E3E2A-4FF81BF7-4641F3AC-BC6717DF",
            "DataVersion": 1,
            "CullDistance": 0.0,
            "RootComponent": {
                "ObjectName": "StaticMeshComponent'Athena_REM_1x1_Shack_a:PersistentLevel.SM_Farm_Wall_14.StaticMeshComponent0'",
                "ObjectPath": "FortniteGame/Content/Athena/Maps/Buildings/1x1/Athena_REM_1x1_Shack_a.38"
            },
            "TextureData01": {
                "ObjectName": "BuildingTextureData'MI_Farm_Wood_2'",
                "ObjectPath": "FortniteGame/Content/Building/TextureData/WallOuter/Diffuses/MI_Farm_Wood_2.0"
            },
            "TextureData02": {
                "ObjectName": "BuildingTextureData'MI_Farm_Wood_2'",
                "ObjectPath": "FortniteGame/Content/Building/TextureData/WallOuter/Diffuses/MI_Farm_Wood_2.0"
            }
        }
    },
    {
        "Type": "SM_Farm_Window_1_C",
        "Name": "SM_Farm_Wall_12",
        "Outer": "PersistentLevel",
        "Class": "BlueprintGeneratedClass'FortniteGame/Content/Building/ActorBlueprints/Wall/SM_Farm_Window_1.SM_Farm_Window_1_C'",
        "Template": {
            "ObjectName": "SM_Farm_Window_1_C'Default__SM_Farm_Window_1_C'",
            "ObjectPath": "FortniteGame/Content/Building/ActorBlueprints/Wall/SM_Farm_Window_1.1"
        },
        "Properties": {
            "StaticMeshComponent": {
                "ObjectName": "StaticMeshComponent'Athena_REM_1x1_Shack_a:PersistentLevel.SM_Farm_Wall_12.StaticMeshComponent0'",
                "ObjectPath": "FortniteGame/Content/Athena/Maps/Buildings/1x1/Athena_REM_1x1_Shack_a.36"
            },
            "BaseMaterial": {
                "ObjectName": "MaterialInstanceConstant'M_Fort_Farm_Barn_1'",
                "ObjectPath": "FortniteGame/Content/Environments/Sets/Barn/Materials/M_Fort_Farm_Barn_1.0"
            },
            "MyGuid": "E200DE0F-421122B5-BBBB0897-25E1A445",
            "DataVersion": 1,
            "CullDistance": 0.0,
            "RootComponent": {
                "ObjectName": "StaticMeshComponent'Athena_REM_1x1_Shack_a:PersistentLevel.SM_Farm_Wall_12.StaticMeshComponent0'",
                "ObjectPath": "FortniteGame/Content/Athena/Maps/Buildings/1x1/Athena_REM_1x1_Shack_a.36"
            },
            "TextureData01": {
                "ObjectName": "BuildingTextureData'MI_Farm_Wood_2'",
                "ObjectPath": "FortniteGame/Content/Building/TextureData/WallOuter/Diffuses/MI_Farm_Wood_2.0"
            },
            "TextureData02": {
                "ObjectName": "BuildingTextureData'MI_Farm_Wood_2'",
                "ObjectPath": "FortniteGame/Content/Building/TextureData/WallOuter/Diffuses/MI_Farm_Wood_2.0"
            }
        }
    },
    {
        "Type": "SM_Farm_Window_1_C",
        "Name": "SM_Farm_Wall_13",
        "Outer": "PersistentLevel",
        "Class": "BlueprintGeneratedClass'FortniteGame/Content/Building/ActorBlueprints/Wall/SM_Farm_Window_1.SM_Farm_Window_1_C'",
        "Template": {
            "ObjectName": "SM_Farm_Window_1_C'Default__SM_Farm_Window_1_C'",
            "ObjectPath": "FortniteGame/Content/Building/ActorBlueprints/Wall/SM_Farm_Window_1.1"
        },
        "Properties": {
            "StaticMeshComponent": {
                "ObjectName": "StaticMeshComponent'Athena_REM_1x1_Shack_a:PersistentLevel.SM_Farm_Wall_13.StaticMeshComponent0'",
                "ObjectPath": "FortniteGame/Content/Athena/Maps/Buildings/1x1/Athena_REM_1x1_Shack_a.37"
            },
            "BaseMaterial": {
                "ObjectName": "MaterialInstanceConstant'M_Fort_Farm_Barn_1'",
                "ObjectPath": "FortniteGame/Content/Environments/Sets/Barn/Materials/M_Fort_Farm_Barn_1.0"
            },
            "MyGuid": "02092366-4BD2EE0E-A9C1CD81-8BD22127",
            "DataVersion": 1,
            "CullDistance": 0.0,
            "RootComponent": {
                "ObjectName": "StaticMeshComponent'Athena_REM_1x1_Shack_a:PersistentLevel.SM_Farm_Wall_13.StaticMeshComponent0'",
                "ObjectPath": "FortniteGame/Content/Athena/Maps/Buildings/1x1/Athena_REM_1x1_Shack_a.37"
            },
            "TextureData01": {
                "ObjectName": "BuildingTextureData'MI_Farm_Wood_2'",
                "ObjectPath": "FortniteGame/Content/Building/TextureData/WallOuter/Diffuses/MI_Farm_Wood_2.0"
            },
            "TextureData02": {
                "ObjectName": "BuildingTextureData'MI_Farm_Wood_2'",
                "ObjectPath": "FortniteGame/Content/Building/TextureData/WallOuter/Diffuses/MI_Farm_Wood_2.0"
            }
        }
    },
    {
        "Type": "StaticMeshComponent",
        "Name": "StaticMeshComponent0",
        "Outer": "Boardwalk_Archway_28",
        "Class": "UScriptClass'StaticMeshComponent'",
        "Template": {
            "ObjectName": "StaticMeshComponent'Default__Boardwalk_Archway_C:StaticMeshComponent0'",
            "ObjectPath": "FortniteGame/Content/Building/ActorBlueprints/Wall/Boardwalk_Archway.4"
        },
        "Properties": {
            "OverrideMaterials": [
                null
            ],
            "LODParentPrimitive": {
                "ObjectName": "StaticMeshComponent'Athena_REM_1x1_Shack_a:PersistentLevel.LODActor_1.StaticMeshComponent0'",
                "ObjectPath": "FortniteGame/Content/Athena/Maps/Buildings/1x1/Athena_REM_1x1_Shack_a.32"
            },
            "RelativeLocation": {
                "X": -256.0,
                "Y": 0.0,
                "Z": -384.0
            },
            "RelativeRotation": {
                "Pitch": 0.0,
                "Yaw": 89.99999,
                "Roll": 0.0
            }
        }
    },
    {
        "Type": "StaticMeshComponent",
        "Name": "StaticMeshComponent0",
        "Outer": "Boardwalk_Archway_29",
        "Class": "UScriptClass'StaticMeshComponent'",
        "Template": {
            "ObjectName": "StaticMeshComponent'Default__Boardwalk_Archway_C:StaticMeshComponent0'",
            "ObjectPath": "FortniteGame/Content/Building/ActorBlueprints/Wall/Boardwalk_Archway.4"
        },
        "Properties": {
            "OverrideMaterials": [
                null
            ],
            "LODParentPrimitive": {
                "ObjectName": "StaticMeshComponent'Athena_REM_1x1_Shack_a:PersistentLevel.LODActor_1.StaticMeshComponent0'",
                "ObjectPath": "FortniteGame/Content/Athena/Maps/Buildings/1x1/Athena_REM_1x1_Shack_a.32"
            },
            "RelativeLocation": {
                "X": 0.0,
                "Y": -256.0,
                "Z": -384.0
            },
            "RelativeRotation": {
                "Pitch": 0.0,
                "Yaw": -179.99998,
                "Roll": 0.0
            }
        }
    },
    {
        "Type": "StaticMeshComponent",
        "Name": "StaticMeshComponent0",
        "Outer": "Boardwalk_Archway_31",
        "Class": "UScriptClass'StaticMeshComponent'",
        "Template": {
            "ObjectName": "StaticMeshComponent'Default__Boardwalk_Archway_C:StaticMeshComponent0'",
            "ObjectPath": "FortniteGame/Content/Building/ActorBlueprints/Wall/Boardwalk_Archway.4"
        },
        "Properties": {
            "OverrideMaterials": [
                null
            ],
            "LODParentPrimitive": {
                "ObjectName": "StaticMeshComponent'Athena_REM_1x1_Shack_a:PersistentLevel.LODActor_1.StaticMeshComponent0'",
                "ObjectPath": "FortniteGame/Content/Athena/Maps/Buildings/1x1/Athena_REM_1x1_Shack_a.32"
            },
            "RelativeLocation": {
                "X": 256.0,
                "Y": 0.0,
                "Z": -384.0
            },
            "RelativeRotation": {
                "Pitch": 0.0,
                "Yaw": 89.99999,
                "Roll": 0.0
            }
        }
    },
    {
        "Type": "StaticMeshComponent",
        "Name": "StaticMeshComponent0",
        "Outer": "Boardwalk_Archway_37",
        "Class": "UScriptClass'StaticMeshComponent'",
        "Template": {
            "ObjectName": "StaticMeshComponent'Default__Boardwalk_Archway_C:StaticMeshComponent0'",
            "ObjectPath": "FortniteGame/Content/Building/ActorBlueprints/Wall/Boardwalk_Archway.4"
        },
        "Properties": {
            "OverrideMaterials": [
                null
            ],
            "LODParentPrimitive": {
                "ObjectName": "StaticMeshComponent'Athena_REM_1x1_Shack_a:PersistentLevel.LODActor_1.StaticMeshComponent0'",
                "ObjectPath": "FortniteGame/Content/Athena/Maps/Buildings/1x1/Athena_REM_1x1_Shack_a.32"
            },
            "RelativeLocation": {
                "X": 0.0,
                "Y": 256.0,
                "Z": -384.0
            },
            "RelativeRotation": {
                "Pitch": 0.0,
                "Yaw": -179.99998,
                "Roll": 0.0
            }
        }
    },
    {
        "Type": "StaticMeshComponent",
        "Name": "StaticMeshComponent0",
        "Outer": "Boardwalk_Floor_16",
        "Class": "UScriptClass'StaticMeshComponent'",
        "Template": {
            "ObjectName": "StaticMeshComponent'Default__Boardwalk_Floor_C:StaticMeshComponent0'",
            "ObjectPath": "FortniteGame/Content/Building/ActorBlueprints/Floor/Boardwalk_Floor.4"
        },
        "Properties": {
            "OverrideMaterials": [
                null
            ],
            "LODParentPrimitive": {
                "ObjectName": "StaticMeshComponent'Athena_REM_1x1_Shack_a:PersistentLevel.LODActor_1.StaticMeshComponent0'",
                "ObjectPath": "FortniteGame/Content/Athena/Maps/Buildings/1x1/Athena_REM_1x1_Shack_a.32"
            },
            "RelativeLocation": {
                "X": -256.0,
                "Y": 0.00039672852,
                "Z": 0.0
            },
            "RelativeRotation": {
                "Pitch": 0.0,
                "Yaw": -90.00009,
                "Roll": 0.0
            }
        }
    },
    {
        "Type": "StaticMeshComponent",
        "Name": "StaticMeshComponent0",
        "Outer": "Farm_Roof1_Peak_5",
        "Class": "UScriptClass'StaticMeshComponent'",
        "Template": {
            "ObjectName": "StaticMeshComponent'Default__Farm_Roof1_Peak_C:StaticMeshComponent0'",
            "ObjectPath": "FortniteGame/Content/Building/ActorBlueprints/Roof/Farm_Roof1_Peak.4"
        },
        "Properties": {
            "OverrideMaterials": [
                null
            ],
            "LODParentPrimitive": {
                "ObjectName": "StaticMeshComponent'Athena_REM_1x1_Shack_a:PersistentLevel.LODActor_1.StaticMeshComponent0'",
                "ObjectPath": "FortniteGame/Content/Athena/Maps/Buildings/1x1/Athena_REM_1x1_Shack_a.32"
            },
            "RelativeLocation": {
                "X": -255.99998,
                "Y": -4.5776367e-05,
                "Z": 384.0
            },
            "RelativeRotation": {
                "Pitch": 0.0,
                "Yaw": -90.0,
                "Roll": 0.0
            }
        }
    },
    {
        "Type": "StaticMeshComponent",
        "Name": "StaticMeshComponent0",
        "Outer": "Hobopile_A_5",
        "Class": "UScriptClass'StaticMeshComponent'",
        "Template": {
            "ObjectName": "StaticMeshComponent'Default__Athena_Prop_Hobopile_A_C:StaticMeshComponent0'",
            "ObjectPath": "FortniteGame/Content/Athena/BuildingActors/Props/Building/ActorBlueprints/Containers/Athena_Prop_Hobopile_A.5"
        },
        "Properties": {
            "OverrideMaterials": [
                null
            ],
            "RelativeLocation": {
                "X": 72.00012,
                "Y": 47.999313,
                "Z": 8.0
            },
            "RelativeRotation": {
                "Pitch": 0.0,
                "Yaw": 156.80899,
                "Roll": 0.0
            }
        }
    },
    {
        "Type": "StaticMeshComponent",
        "Name": "StaticMeshComponent0",
        "Outer": "Kitchen_Shelf_2",
        "Class": "UScriptClass'StaticMeshComponent'",
        "Template": {
            "ObjectName": "StaticMeshComponent'Default__Kitchen_Shelf_C:StaticMeshComponent0'",
            "ObjectPath": "FortniteGame/Content/Building/ActorBlueprints/Deco/Kitchen_Shelf.4"
        },
        "Properties": {
            "OverrideMaterials": [
                null
            ],
            "CachedMaxDrawDistance": 2800.0,
            "RelativeLocation": {
                "X": 152.00058,
                "Y": 239.99928,
                "Z": 160.0
            },
            "RelativeRotation": {
                "Pitch": -3.0517578e-05,
                "Yaw": -179.99971,
                "Roll": 8.578155e-12
            }
        }
    },
    {
        "Type": "StaticMeshComponent",
        "Name": "StaticMeshComponent0",
        "Outer": "LCD_Crate01_8",
        "Class": "UScriptClass'StaticMeshComponent'",
        "Template": {
            "ObjectName": "StaticMeshComponent'Default__Athena_Prop_Storage_Crate01a_side_C:StaticMeshComponent0'",
            "ObjectPath": "FortniteGame/Content/Athena/BuildingActors/Props/Building/ActorBlueprints/Containers/Athena_Prop_Storage_Crate01a_side.5"
        },
        "Properties": {
            "OverrideMaterials": [
                null
            ],
            "RelativeLocation": {
                "X": 5.000046,
                "Y": -176.00018,
                "Z": 8.0
            },
            "RelativeRotation": {
                "Pitch": 0.0,
                "Yaw": -95.62463,
                "Roll": 0.0
            }
        }
    },
    {
        "Type": "StaticMeshComponent",
        "Name": "StaticMeshComponent0",
        "Outer": "LODActor_1",
        "Class": "UScriptClass'StaticMeshComponent'",
        "Properties": {
            "StaticMesh": {
                "ObjectName": "StaticMesh'SM_Athena_REM_1x1_Shack_a_0_Boardwalk_Archway_28'",
                "ObjectPath": "FortniteGame/Content/Athena/Maps/Buildings/1x1/HLOD/Athena_REM_1x1_Shack_a_0_HLOD.4"
            },
            "MinDrawDistance": 35000.0,
            "CastShadow": true,
            "bCastStaticShadow": true
        }
    },
    {
        "Type": "StaticMeshComponent",
        "Name": "StaticMeshComponent0",
        "Outer": "Prop_WildWest_SimpleChair_02_2",
        "Class": "UScriptClass'StaticMeshComponent'",
        "Template": {
            "ObjectName": "StaticMeshComponent'Default__Chair_Kitchen02_C:StaticMeshComponent0'",
            "ObjectPath": "FortniteGame/Content/Building/ActorBlueprints/Prop/Chair_Kitchen02.4"
        },
        "Properties": {
            "OverrideMaterials": [
                null
            ],
            "RelativeLocation": {
                "X": 184.00034,
                "Y": 171.9991,
                "Z": 8.0
            },
            "RelativeRotation": {
                "Pitch": 0.0,
                "Yaw": -123.75003,
                "Roll": 0.0
            }
        }
    },
    {
        "Type": "StaticMeshComponent",
        "Name": "StaticMeshComponent0",
        "Outer": "SM_Farm_Roof1_PeakCap_7",
        "Class": "UScriptClass'StaticMeshComponent'",
        "Template": {
            "ObjectName": "StaticMeshComponent'Default__SM_Farm_Roof1_PeakCap_C:StaticMeshComponent0'",
            "ObjectPath": "FortniteGame/Content/Building/ActorBlueprints/Wall/SM_Farm_Roof1_PeakCap.4"
        },
        "Properties": {
            "OverrideMaterials": [
                null
            ],
            "LODParentPrimitive": {
                "ObjectName": "StaticMeshComponent'Athena_REM_1x1_Shack_a:PersistentLevel.LODActor_1.StaticMeshComponent0'",
                "ObjectPath": "FortniteGame/Content/Athena/Maps/Buildings/1x1/Athena_REM_1x1_Shack_a.32"
            },
            "RelativeLocation": {
                "X": 0.0,
                "Y": -256.0,
                "Z": 384.0
            },
            "RelativeRotation": {
                "Pitch": 0.0,
                "Yaw": -179.99998,
                "Roll": 0.0
            },
            "TextureData01": {
                "ObjectName": "BuildingTextureData'MI_Farm_Wood_2'",
                "ObjectPath": "FortniteGame/Content/Building/TextureData/WallOuter/Diffuses/MI_Farm_Wood_2.0"
            },
            "TextureData02": {
                "ObjectName": "BuildingTextureData'MI_Farm_Wood_2'",
                "ObjectPath": "FortniteGame/Content/Building/TextureData/WallOuter/Diffuses/MI_Farm_Wood_2.0"
            }
        }
    },
    {
        "Type": "StaticMeshComponent",
        "Name": "StaticMeshComponent0",
        "Outer": "SM_Farm_Roof1_PeakCap_8",
        "Class": "UScriptClass'StaticMeshComponent'",
        "Template": {
            "ObjectName": "StaticMeshComponent'Default__SM_Farm_Roof1_PeakCap_C:StaticMeshComponent0'",
            "ObjectPath": "FortniteGame/Content/Building/ActorBlueprints/Wall/SM_Farm_Roof1_PeakCap.4"
        },
        "Properties": {
            "OverrideMaterials": [
                null
            ],
            "LODParentPrimitive": {
                "ObjectName": "StaticMeshComponent'Athena_REM_1x1_Shack_a:PersistentLevel.LODActor_1.StaticMeshComponent0'",
                "ObjectPath": "FortniteGame/Content/Athena/Maps/Buildings/1x1/Athena_REM_1x1_Shack_a.32"
            },
            "RelativeLocation": {
                "X": 0.0,
                "Y": 256.0,
                "Z": 384.0
            },
            "TextureData01": {
                "ObjectName": "BuildingTextureData'MI_Farm_Wood_2'",
                "ObjectPath": "FortniteGame/Content/Building/TextureData/WallOuter/Diffuses/MI_Farm_Wood_2.0"
            },
            "TextureData02": {
                "ObjectName": "BuildingTextureData'MI_Farm_Wood_2'",
                "ObjectPath": "FortniteGame/Content/Building/TextureData/WallOuter/Diffuses/MI_Farm_Wood_2.0"
            }
        }
    },
    {
        "Type": "StaticMeshComponent",
        "Name": "StaticMeshComponent0",
        "Outer": "SM_Farm_Wall_12",
        "Class": "UScriptClass'StaticMeshComponent'",
        "Template": {
            "ObjectName": "StaticMeshComponent'Default__SM_Farm_Window_1_C:StaticMeshComponent0'",
            "ObjectPath": "FortniteGame/Content/Building/ActorBlueprints/Wall/SM_Farm_Window_1.4"
        },
        "Properties": {
            "OverrideMaterials": [
                null
            ],
            "LODParentPrimitive": {
                "ObjectName": "StaticMeshComponent'Athena_REM_1x1_Shack_a:PersistentLevel.LODActor_1.StaticMeshComponent0'",
                "ObjectPath": "FortniteGame/Content/Athena/Maps/Buildings/1x1/Athena_REM_1x1_Shack_a.32"
            },
            "RelativeLocation": {
                "X": -256.0,
                "Y": 0.0,
                "Z": 0.0
            },
            "RelativeRotation": {
                "Pitch": 0.0,
                "Yaw": 89.99999,
                "Roll": 0.0
            },
            "TextureData01": {
                "ObjectName": "BuildingTextureData'MI_Farm_Wood_2'",
                "ObjectPath": "FortniteGame/Content/Building/TextureData/WallOuter/Diffuses/MI_Farm_Wood_2.0"
            },
            "TextureData02": {
                "ObjectName": "BuildingTextureData'MI_Farm_Wood_2'",
                "ObjectPath": "FortniteGame/Content/Building/TextureData/WallOuter/Diffuses/MI_Farm_Wood_2.0"
            }
        }
    },
    {
        "Type": "StaticMeshComponent",
        "Name": "StaticMeshComponent0",
        "Outer": "SM_Farm_Wall_13",
        "Class": "UScriptClass'StaticMeshComponent'",
        "Template": {
            "ObjectName": "StaticMeshComponent'Default__SM_Farm_Window_1_C:StaticMeshComponent0'",
            "ObjectPath": "FortniteGame/Content/Building/ActorBlueprints/Wall/SM_Farm_Window_1.4"
        },
        "Properties": {
            "OverrideMaterials": [
                null
            ],
            "LODParentPrimitive": {
                "ObjectName": "StaticMeshComponent'Athena_REM_1x1_Shack_a:PersistentLevel.LODActor_1.StaticMeshComponent0'",
                "ObjectPath": "FortniteGame/Content/Athena/Maps/Buildings/1x1/Athena_REM_1x1_Shack_a.32"
            },
            "RelativeLocation": {
                "X": 256.0,
                "Y": 0.0,
                "Z": 0.0
            },
            "RelativeRotation": {
                "Pitch": 0.0,
                "Yaw": -89.99997,
                "Roll": 0.0
            },
            "TextureData01": {
                "ObjectName": "BuildingTextureData'MI_Farm_Wood_2'",
                "ObjectPath": "FortniteGame/Content/Building/TextureData/WallOuter/Diffuses/MI_Farm_Wood_2.0"
            },
            "TextureData02": {
                "ObjectName": "BuildingTextureData'MI_Farm_Wood_2'",
                "ObjectPath": "FortniteGame/Content/Building/TextureData/WallOuter/Diffuses/MI_Farm_Wood_2.0"
            }
        }
    },
    {
        "Type": "StaticMeshComponent",
        "Name": "StaticMeshComponent0",
        "Outer": "SM_Farm_Wall_14",
        "Class": "UScriptClass'StaticMeshComponent'",
        "Template": {
            "ObjectName": "StaticMeshComponent'Default__SM_Farm_Wall_1_C:StaticMeshComponent0'",
            "ObjectPath": "FortniteGame/Content/Building/ActorBlueprints/Wall/SM_Farm_Wall_1.4"
        },
        "Properties": {
            "OverrideMaterials": [
                null
            ],
            "LODParentPrimitive": {
                "ObjectName": "StaticMeshComponent'Athena_REM_1x1_Shack_a:PersistentLevel.LODActor_1.StaticMeshComponent0'",
                "ObjectPath": "FortniteGame/Content/Athena/Maps/Buildings/1x1/Athena_REM_1x1_Shack_a.32"
            },
            "RelativeLocation": {
                "X": 0.0,
                "Y": 256.0,
                "Z": 0.0
            },
            "TextureData01": {
                "ObjectName": "BuildingTextureData'MI_Farm_Wood_2'",
                "ObjectPath": "FortniteGame/Content/Building/TextureData/WallOuter/Diffuses/MI_Farm_Wood_2.0"
            },
            "TextureData02": {
                "ObjectName": "BuildingTextureData'MI_Farm_Wood_2'",
                "ObjectPath": "FortniteGame/Content/Building/TextureData/WallOuter/Diffuses/MI_Farm_Wood_2.0"
            }
        }
    },
    {
        "Type": "StaticMeshComponent",
        "Name": "StaticMeshComponent0",
        "Outer": "SM_Farm_Wall_52",
        "Class": "UScriptClass'StaticMeshComponent'",
        "Template": {
            "ObjectName": "StaticMeshComponent'Default__SM_Farm_Doorway_1_C:StaticMeshComponent0'",
            "ObjectPath": "FortniteGame/Content/Building/ActorBlueprints/Wall/SM_Farm_Doorway_1.4"
        },
        "Properties": {
            "OverrideMaterials": [
                null
            ],
            "LODParentPrimitive": {
                "ObjectName": "StaticMeshComponent'Athena_REM_1x1_Shack_a:PersistentLevel.LODActor_1.StaticMeshComponent0'",
                "ObjectPath": "FortniteGame/Content/Athena/Maps/Buildings/1x1/Athena_REM_1x1_Shack_a.32"
            },
            "RelativeLocation": {
                "X": 0.0,
                "Y": -256.0,
                "Z": 0.0
            },
            "RelativeRotation": {
                "Pitch": 0.0,
                "Yaw": -179.9999,
                "Roll": 0.0
            },
            "TextureData01": {
                "ObjectName": "BuildingTextureData'MI_Farm_Wood_2'",
                "ObjectPath": "FortniteGame/Content/Building/TextureData/WallOuter/Diffuses/MI_Farm_Wood_2.0"
            },
            "TextureData02": {
                "ObjectName": "BuildingTextureData'MI_Farm_Wood_2'",
                "ObjectPath": "FortniteGame/Content/Building/TextureData/WallOuter/Diffuses/MI_Farm_Wood_2.0"
            }
        }
    },
    {
        "Type": "StaticMeshComponent",
        "Name": "StaticMeshComponent0",
        "Outer": "Tiered_Athena_FloorLoot_01_2",
        "Class": "UScriptClass'StaticMeshComponent'",
        "Template": {
            "ObjectName": "StaticMeshComponent'Default__Tiered_Athena_FloorLoot_01_C:StaticMeshComponent0'",
            "ObjectPath": "FortniteGame/Content/Athena/Environments/Blueprints/Tiered_Athena_FloorLoot_01.5"
        },
        "Properties": {
            "OverrideMaterials": [
                null
            ],
            "CachedMaxDrawDistance": 10643.375,
            "RelativeLocation": {
                "X": -57.0,
                "Y": 61.0,
                "Z": 30.304077
            }
        }
    },
    {
        "Type": "Tiered_Athena_FloorLoot_01_C",
        "Name": "Tiered_Athena_FloorLoot_01_2",
        "Outer": "PersistentLevel",
        "Class": "BlueprintGeneratedClass'FortniteGame/Content/Athena/Environments/Blueprints/Tiered_Athena_FloorLoot_01.Tiered_Athena_FloorLoot_01_C'",
        "Template": {
            "ObjectName": "Tiered_Athena_FloorLoot_01_C'Default__Tiered_Athena_FloorLoot_01_C'",
            "ObjectPath": "FortniteGame/Content/Athena/Environments/Blueprints/Tiered_Athena_FloorLoot_01.1"
        },
        "Properties": {
            "StaticMeshComponent": {
                "ObjectName": "StaticMeshComponent'Athena_REM_1x1_Shack_a:PersistentLevel.Tiered_Athena_FloorLoot_01_2.StaticMeshComponent0'",
                "ObjectPath": "FortniteGame/Content/Athena/Maps/Buildings/1x1/Athena_REM_1x1_Shack_a.40"
            },
            "MyGuid": "EF7671C8-48500FD5-413134AC-00F30F57",
            "DataVersion": 1,
            "CullDistance": 10643.375,
            "RootComponent": {
                "ObjectName": "StaticMeshComponent'Athena_REM_1x1_Shack_a:PersistentLevel.Tiered_Athena_FloorLoot_01_2.StaticMeshComponent0'",
                "ObjectPath": "FortniteGame/Content/Athena/Maps/Buildings/1x1/Athena_REM_1x1_Shack_a.40"
            }
        }
    },
    {
        "Type": "World",
        "Name": "Athena_REM_1x1_Shack_a",
        "Class": "UScriptClass'World'",
        "Properties": {
            "DefaultPhysicsVolume": null
        },
        "PersistentLevel": {
            "ObjectName": "Level'Athena_REM_1x1_Shack_a:PersistentLevel'",
            "ObjectPath": "FortniteGame/Content/Athena/Maps/Buildings/1x1/Athena_REM_1x1_Shack_a.12"
        },
        "ExtraReferencedObjects": [],
        "StreamingLevels": []
    }
]