[
  {
    "Type": "ObjectProperty",
    "Name": "P_TransylvaniaFireplace",
    "Outer": "BrickSimple_Chimney_B_Fireplace_C",
    "Class": "UScriptClass'ObjectProperty'",
    "PropertyFlags": "BlueprintVisible | InstancedReference | NonTransactional",
    "PropertyClass": {
      "ObjectName": "Class'ParticleSystemComponent'",
      "ObjectPath": "/Script/Engine"
    }
  },
  {
    "Type": "BlueprintGeneratedClass",
    "Name": "BrickSimple_Chimney_B_Fireplace_C",
    "Class": "UScriptClass'BlueprintGeneratedClass'",
    "Super": {
      "ObjectName": "BlueprintGeneratedClass'Parent_BuildingPropWall_C'",
      "ObjectPath": "FortniteGame/Content/Building/ActorBlueprints/Wall/Parent_BuildingPropWall.0"
    },
    "Properties": {
      "SimpleConstructionScript": {
        "ObjectName": "SimpleConstructionScript'BrickSimple_Chimney_B_Fireplace_C:SimpleConstructionScript_184'",
        "ObjectPath": "FortniteGame/Content/Athena/Apollo/Environments/BuildingActors/WeepingWoods/BrickSimple_Chimney_B_Fireplace.17"
      }
    },
    "SuperStruct": {
      "ObjectName": "BlueprintGeneratedClass'Parent_BuildingPropWall_C'",
      "ObjectPath": "FortniteGame/Content/Building/ActorBlueprints/Wall/Parent_BuildingPropWall.0"
    },
    "Children": [
      {
        "ObjectName": "ObjectProperty'BrickSimple_Chimney_B_Fireplace_C:P_TransylvaniaFireplace'",
        "ObjectPath": "FortniteGame/Content/Athena/Apollo/Environments/BuildingActors/WeepingWoods/BrickSimple_Chimney_B_Fireplace.0"
      },
      {
        "ObjectName": "ObjectProperty'BrickSimple_Chimney_B_Fireplace_C:PointLight'",
        "ObjectPath": "FortniteGame/Content/Athena/Apollo/Environments/BuildingActors/WeepingWoods/BrickSimple_Chimney_B_Fireplace.6"
      },
      {
        "ObjectName": "ObjectProperty'BrickSimple_Chimney_B_Fireplace_C:Audio'",
        "ObjectPath": "FortniteGame/Content/Athena/Apollo/Environments/BuildingActors/WeepingWoods/BrickSimple_Chimney_B_Fireplace.4"
      },
      {
        "ObjectName": "ObjectProperty'BrickSimple_Chimney_B_Fireplace_C:BloomPlane'",
        "ObjectPath": "FortniteGame/Content/Athena/Apollo/Environments/BuildingActors/WeepingWoods/BrickSimple_Chimney_B_Fireplace.5"
      },
      {
        "ObjectName": "ObjectProperty'BrickSimple_Chimney_B_Fireplace_C:SpotLight'",
        "ObjectPath": "FortniteGame/Content/Athena/Apollo/Environments/BuildingActors/WeepingWoods/BrickSimple_Chimney_B_Fireplace.7"
      }
    ]
  },
  {
    "Type": "BrickSimple_Chimney_B_Fireplace_C",
    "Name": "Default__BrickSimple_Chimney_B_Fireplace_C",
    "Class": "BlueprintGeneratedClass'FortniteGame/Content/Athena/Apollo/Environments/BuildingActors/WeepingWoods/BrickSimple_Chimney_B_Fireplace.BrickSimple_Chimney_B_Fireplace_C'",
    "Template": {
      "ObjectName": "Parent_BuildingPropWall_C'Default__Parent_BuildingPropWall_C'",
      "ObjectPath": "FortniteGame/Content/Building/ActorBlueprints/Wall/Parent_BuildingPropWall.1"
    },
    "Properties": {
      "StaticMesh": {
        "ObjectName": "StaticMesh'SM_FORT_Brick_Simple_Chimney03_Fireplace'",
        "ObjectPath": "FortniteGame/Content/Environments/Apollo/Sets/WeepingWoods/Mesh/SM_FORT_Brick_Simple_Chimney03_Fireplace.1"
      },
      "ResourceType": "EFortResourceType::Stone",
      "StaticMeshComponent": {
        "ObjectName": "StaticMeshComponent'Default__BrickSimple_Chimney_B_Fireplace_C:StaticMeshComponent0'",
        "ObjectPath": "FortniteGame/Content/Athena/Apollo/Environments/BuildingActors/WeepingWoods/BrickSimple_Chimney_B_Fireplace.20"
      },
      "BuildingResourceAmountOverride": {
        "RowName": "LDBuildingNormal"
      },
      "DeathParticles": {
        "ObjectName": "ParticleSystem'P_General_Deco_Destruction_Large_Stone'",
        "ObjectPath": "FortniteGame/Content/Effects/Fort_Effects/World/Destruction/Base_Effects/P_General_Deco_Destruction_Large_Stone.149"
      },
      "DeathParticleSocketName": "DeathParticle",
      "BuildingAttachmentSlot": "SLOT_Floor",
      "BuildingAttachmentType": "ATTACH_Floor",
      "CurrentBuildingLevel": 1,
      "AttributeInitKeys": {
        "AttributeInitCategory": "BuildingStone",
        "AttributeInitSubCategory": "2"
      },
      "AttributeInitKeys": {
        "AttributeInitCategory": "BuildingStone",
        "AttributeInitSubCategory": "2"
      },
      "bDestroyOnPlayerBuildingPlacement": true,
      "RootComponent": {
        "ObjectName": "StaticMeshComponent'Default__BrickSimple_Chimney_B_Fireplace_C:StaticMeshComponent0'",
        "ObjectPath": "FortniteGame/Content/Athena/Apollo/Environments/BuildingActors/WeepingWoods/BrickSimple_Chimney_B_Fireplace.20"
      }
    }
  },
  {
    "Type": "AudioComponent",
    "Name": "Audio_GEN_VARIABLE",
    "Outer": "BrickSimple_Chimney_B_Fireplace_C",
    "Class": "UScriptClass'AudioComponent'",
    "Properties": {
      "Sound": {
        "ObjectName": "SoundCue'Fireplace_Loop_Cue'",
        "ObjectPath": "FortniteGame/Content/Sounds/Trans_AmbientLoops/Fire/Fireplace_Loop_Cue.0"
      },
      "AttenuationOverrides": {
        "bAttenuateWithLPF": true,
        "OmniRadius": 100.0,
        "LPFRadiusMin": 400.0,
        "LPFRadiusMax": 800.0,
        "DistanceAlgorithm": "EAttenuationDistanceModel::Logarithmic",
        "AttenuationShape": "EAttenuationShape::Cone",
        "AttenuationShapeExtents": {
          "X": 300.0,
          "Y": 30.0,
          "Z": 90.0
        },
        "FalloffDistance": 800.0
      }
    }
  },
  {
    "Type": "ObjectProperty",
    "Name": "Audio",
    "Outer": "BrickSimple_Chimney_B_Fireplace_C",
    "Class": "UScriptClass'ObjectProperty'",
    "PropertyFlags": "BlueprintVisible | InstancedReference | NonTransactional",
    "PropertyClass": {
      "ObjectName": "Class'AudioComponent'",
      "ObjectPath": "/Script/Engine"
    }
  },
  {
    "Type": "ObjectProperty",
    "Name": "BloomPlane",
    "Outer": "BrickSimple_Chimney_B_Fireplace_C",
    "Class": "UScriptClass'ObjectProperty'",
    "PropertyFlags": "BlueprintVisible | InstancedReference | NonTransactional",
    "PropertyClass": {
      "ObjectName": "Class'StaticMeshComponent'",
      "ObjectPath": "/Script/Engine"
    }
  },
  {
    "Type": "ObjectProperty",
    "Name": "PointLight",
    "Outer": "BrickSimple_Chimney_B_Fireplace_C",
    "Class": "UScriptClass'ObjectProperty'",
    "PropertyFlags": "BlueprintVisible | InstancedReference | NonTransactional",
    "PropertyClass": {
      "ObjectName": "Class'PointLightComponent'",
      "ObjectPath": "/Script/Engine"
    }
  },
  {
    "Type": "ObjectProperty",
    "Name": "SpotLight",
    "Outer": "BrickSimple_Chimney_B_Fireplace_C",
    "Class": "UScriptClass'ObjectProperty'",
    "PropertyFlags": "BlueprintVisible | InstancedReference | NonTransactional",
    "PropertyClass": {
      "ObjectName": "Class'SpotLightComponent'",
      "ObjectPath": "/Script/Engine"
    }
  },
  {
    "Type": "ParticleSystemComponent",
    "Name": "P_TransylvaniaFireplace_GEN_VARIABLE",
    "Outer": "BrickSimple_Chimney_B_Fireplace_C",
    "Class": "UScriptClass'ParticleSystemComponent'",
    "Properties": {
      "Template": {
        "ObjectName": "ParticleSystem'P_Apollo_Fireplace_Fire'",
        "ObjectPath": "FortniteGame/Content/Athena/Effects/Particles/Environments/Apollo/P_Apollo_Fireplace_Fire.143"
      },
      "RelativeLocation": {
        "X": 1.6899066,
        "Y": 83.05414,
        "Z": 48.92103
      },
      "RelativeScale3D": {
        "X": 1.3606715,
        "Y": 1.3606715,
        "Z": 1.3606715
      },
      "PrimaryComponentTick": {
        "bStartWithTickEnabled": false
      }
    }
  },
  {
    "Type": "PointLightComponent",
    "Name": "PointLight_GEN_VARIABLE",
    "Outer": "BrickSimple_Chimney_B_Fireplace_C",
    "Class": "UScriptClass'PointLightComponent'",
    "Properties": {
      "bUseInverseSquaredFalloff": false,
      "LightFalloffExponent": 3.0,
      "AttenuationRadius": 130.0,
      "Intensity": 50.0,
      "LightColor": {
        "B": 174,
        "G": 211,
        "R": 255,
        "A": 255,
        "Hex": "FFD3AE"
      },
      "CastShadows": false,
      "RelativeLocation": {
        "X": 2.3720088,
        "Y": 76.47781,
        "Z": 114.950134
      },
      "RelativeRotation": {
        "Pitch": 90.0,
        "Yaw": 178.31238,
        "Roll": 178.31244
      },
      "DetailMode": "DM_Medium"
    }
  },
  {
    "Type": "SceneComponent",
    "Name": "SceneComponent_555",
    "Outer": "BrickSimple_Chimney_B_Fireplace_C",
    "Class": "UScriptClass'SceneComponent'"
  },
  {
    "Type": "SCS_Node",
    "Name": "SCS_Node_1",
    "Outer": "SimpleConstructionScript_184",
    "Class": "UScriptClass'SCS_Node'",
    "Properties": {
      "ComponentClass": {
        "ObjectName": "Class'SpotLightComponent'",
        "ObjectPath": "/Script/Engine"
      },
      "ComponentTemplate": {
        "ObjectName": "SpotLightComponent'BrickSimple_Chimney_B_Fireplace_C:SpotLight_GEN_VARIABLE'",
        "ObjectPath": "FortniteGame/Content/Athena/Apollo/Environments/BuildingActors/WeepingWoods/BrickSimple_Chimney_B_Fireplace.18"
      },
      "ParentComponentOrVariableName": "StaticMeshComponent0",
      "bIsParentComponentNative": true,
      "ChildNodes": [
        {
          "ObjectName": "SCS_Node'BrickSimple_Chimney_B_Fireplace_C:SimpleConstructionScript_184.SCS_Node_2'",
          "ObjectPath": "FortniteGame/Content/Athena/Apollo/Environments/BuildingActors/WeepingWoods/BrickSimple_Chimney_B_Fireplace.12"
        },
        {
          "ObjectName": "SCS_Node'BrickSimple_Chimney_B_Fireplace_C:SimpleConstructionScript_184.SCS_Node_3'",
          "ObjectPath": "FortniteGame/Content/Athena/Apollo/Environments/BuildingActors/WeepingWoods/BrickSimple_Chimney_B_Fireplace.13"
        }
      ],
      "VariableGuid": "597EF07C-41D4885E-63963F9C-B1172214",
      "InternalVariableName": "SpotLight"
    }
  },
  {
    "Type": "SCS_Node",
    "Name": "SCS_Node_2",
    "Outer": "SimpleConstructionScript_184",
    "Class": "UScriptClass'SCS_Node'",
    "Properties": {
      "ComponentClass": {
        "ObjectName": "Class'StaticMeshComponent'",
        "ObjectPath": "/Script/Engine"
      },
      "ComponentTemplate": {
        "ObjectName": "StaticMeshComponent'BrickSimple_Chimney_B_Fireplace_C:BloomPlane_GEN_VARIABLE'",
        "ObjectPath": "FortniteGame/Content/Athena/Apollo/Environments/BuildingActors/WeepingWoods/BrickSimple_Chimney_B_Fireplace.19"
      },
      "VariableGuid": "4008DCFD-4479E4EE-A2D1F39A-2EA7E4AC",
      "InternalVariableName": "BloomPlane"
    }
  },
  {
    "Type": "SCS_Node",
    "Name": "SCS_Node_3",
    "Outer": "SimpleConstructionScript_184",
    "Class": "UScriptClass'SCS_Node'",
    "Properties": {
      "ComponentClass": {
        "ObjectName": "Class'AudioComponent'",
        "ObjectPath": "/Script/Engine"
      },
      "ComponentTemplate": {
        "ObjectName": "AudioComponent'BrickSimple_Chimney_B_Fireplace_C:Audio_GEN_VARIABLE'",
        "ObjectPath": "FortniteGame/Content/Athena/Apollo/Environments/BuildingActors/WeepingWoods/BrickSimple_Chimney_B_Fireplace.3"
      },
      "VariableGuid": "9A9F1C0A-4265D324-EA55B195-D9B6C2EF",
      "InternalVariableName": "Audio"
    }
  },
  {
    "Type": "SCS_Node",
    "Name": "SCS_Node_4",
    "Outer": "SimpleConstructionScript_184",
    "Class": "UScriptClass'SCS_Node'",
    "Properties": {
      "ComponentClass": {
        "ObjectName": "Class'PointLightComponent'",
        "ObjectPath": "/Script/Engine"
      },
      "ComponentTemplate": {
        "ObjectName": "PointLightComponent'BrickSimple_Chimney_B_Fireplace_C:PointLight_GEN_VARIABLE'",
        "ObjectPath": "FortniteGame/Content/Athena/Apollo/Environments/BuildingActors/WeepingWoods/BrickSimple_Chimney_B_Fireplace.9"
      },
      "ParentComponentOrVariableName": "StaticMeshComponent0",
      "bIsParentComponentNative": true,
      "VariableGuid": "10C6559C-41978FDB-6552FFB1-BC1844A9",
      "InternalVariableName": "PointLight"
    }
  },
  {
    "Type": "SCS_Node",
    "Name": "SCS_Node_5",
    "Outer": "SimpleConstructionScript_184",
    "Class": "UScriptClass'SCS_Node'",
    "Properties": {
      "ComponentClass": {
        "ObjectName": "Class'ParticleSystemComponent'",
        "ObjectPath": "/Script/Engine"
      },
      "ComponentTemplate": {
        "ObjectName": "ParticleSystemComponent'BrickSimple_Chimney_B_Fireplace_C:P_TransylvaniaFireplace_GEN_VARIABLE'",
        "ObjectPath": "FortniteGame/Content/Athena/Apollo/Environments/BuildingActors/WeepingWoods/BrickSimple_Chimney_B_Fireplace.8"
      },
      "ParentComponentOrVariableName": "StaticMeshComponent0",
      "bIsParentComponentNative": true,
      "VariableGuid": "69DDEF87-4F0EABB0-3AD0C1B6-4AB2CCEA",
      "InternalVariableName": "P_TransylvaniaFireplace"
    }
  },
  {
    "Type": "SCS_Node",
    "Name": "SCS_Node_559",
    "Outer": "SimpleConstructionScript_184",
    "Class": "UScriptClass'SCS_Node'",
    "Properties": {
      "ComponentClass": {
        "ObjectName": "Class'SceneComponent'",
        "ObjectPath": "/Script/Engine"
      },
      "ComponentTemplate": {
        "ObjectName": "SceneComponent'BrickSimple_Chimney_B_Fireplace_C:SceneComponent_555'",
        "ObjectPath": "FortniteGame/Content/Athena/Apollo/Environments/BuildingActors/WeepingWoods/BrickSimple_Chimney_B_Fireplace.10"
      },
      "VariableGuid": "56BC9799-C494E6E6-321D4295-7D5EB316",
      "InternalVariableName": "DefaultSceneRoot"
    }
  },
  {
    "Type": "SimpleConstructionScript",
    "Name": "SimpleConstructionScript_184",
    "Outer": "BrickSimple_Chimney_B_Fireplace_C",
    "Class": "UScriptClass'SimpleConstructionScript'",
    "Properties": {
      "RootNodes": [
        {
          "ObjectName": "SCS_Node'BrickSimple_Chimney_B_Fireplace_C:SimpleConstructionScript_184.SCS_Node_1'",
          "ObjectPath": "FortniteGame/Content/Athena/Apollo/Environments/BuildingActors/WeepingWoods/BrickSimple_Chimney_B_Fireplace.11"
        },
        {
          "ObjectName": "SCS_Node'BrickSimple_Chimney_B_Fireplace_C:SimpleConstructionScript_184.SCS_Node_4'",
          "ObjectPath": "FortniteGame/Content/Athena/Apollo/Environments/BuildingActors/WeepingWoods/BrickSimple_Chimney_B_Fireplace.14"
        },
        {
          "ObjectName": "SCS_Node'BrickSimple_Chimney_B_Fireplace_C:SimpleConstructionScript_184.SCS_Node_5'",
          "ObjectPath": "FortniteGame/Content/Athena/Apollo/Environments/BuildingActors/WeepingWoods/BrickSimple_Chimney_B_Fireplace.15"
        }
      ],
      "AllNodes": [
        {
          "ObjectName": "SCS_Node'BrickSimple_Chimney_B_Fireplace_C:SimpleConstructionScript_184.SCS_Node_1'",
          "ObjectPath": "FortniteGame/Content/Athena/Apollo/Environments/BuildingActors/WeepingWoods/BrickSimple_Chimney_B_Fireplace.11"
        },
        {
          "ObjectName": "SCS_Node'BrickSimple_Chimney_B_Fireplace_C:SimpleConstructionScript_184.SCS_Node_2'",
          "ObjectPath": "FortniteGame/Content/Athena/Apollo/Environments/BuildingActors/WeepingWoods/BrickSimple_Chimney_B_Fireplace.12"
        },
        {
          "ObjectName": "SCS_Node'BrickSimple_Chimney_B_Fireplace_C:SimpleConstructionScript_184.SCS_Node_3'",
          "ObjectPath": "FortniteGame/Content/Athena/Apollo/Environments/BuildingActors/WeepingWoods/BrickSimple_Chimney_B_Fireplace.13"
        },
        {
          "ObjectName": "SCS_Node'BrickSimple_Chimney_B_Fireplace_C:SimpleConstructionScript_184.SCS_Node_4'",
          "ObjectPath": "FortniteGame/Content/Athena/Apollo/Environments/BuildingActors/WeepingWoods/BrickSimple_Chimney_B_Fireplace.14"
        },
        {
          "ObjectName": "SCS_Node'BrickSimple_Chimney_B_Fireplace_C:SimpleConstructionScript_184.SCS_Node_5'",
          "ObjectPath": "FortniteGame/Content/Athena/Apollo/Environments/BuildingActors/WeepingWoods/BrickSimple_Chimney_B_Fireplace.15"
        }
      ],
      "DefaultSceneRootNode": {
        "ObjectName": "SCS_Node'BrickSimple_Chimney_B_Fireplace_C:SimpleConstructionScript_184.SCS_Node_559'",
        "ObjectPath": "FortniteGame/Content/Athena/Apollo/Environments/BuildingActors/WeepingWoods/BrickSimple_Chimney_B_Fireplace.16"
      }
    }
  },
  {
    "Type": "SpotLightComponent",
    "Name": "SpotLight_GEN_VARIABLE",
    "Outer": "BrickSimple_Chimney_B_Fireplace_C",
    "Class": "UScriptClass'SpotLightComponent'",
    "Properties": {
      "InnerConeAngle": 39.0,
      "OuterConeAngle": 70.08572,
      "bUseInverseSquaredFalloff": false,
      "LightFalloffExponent": 2.0,
      "AttenuationRadius": 400.0,
      "SpecularScale": 0.2,
      "Intensity": 10.0,
      "LightColor": {
        "B": 67,
        "G": 153,
        "R": 255,
        "A": 255,
        "Hex": "FF9943"
      },
      "RelativeLocation": {
        "X": -0.004463595,
        "Y": 97.66032,
        "Z": 88.70529
      },
      "RelativeRotation": {
        "Pitch": 0.0,
        "Yaw": 90.00028,
        "Roll": 0.0
      }
    }
  },
  {
    "Type": "StaticMeshComponent",
    "Name": "BloomPlane_GEN_VARIABLE",
    "Outer": "BrickSimple_Chimney_B_Fireplace_C",
    "Class": "UScriptClass'StaticMeshComponent'",
    "Properties": {
      "StaticMesh": {
        "ObjectName": "StaticMesh'SM_TRV_CandleBloom'",
        "ObjectPath": "FortniteGame/Content/Packages/Fortress_Transylvania/Test_Assets/Meshes/SM_TRV_CandleBloom.1"
      },
      "bGenerateOverlapEvents": false,
      "CanCharacterStepUpOn": "ECB_No",
      "BodyInstance": {
        "ObjectType": "ECC_WorldStatic",
        "CollisionEnabled": "ECollisionEnabled::NoCollision",
        "CollisionProfileName": "NoCollision",
        "CollisionResponses": {
          "ResponseArray": [
            {
              "Channel": "Visibility",
              "Response": "ECR_Ignore"
            },
            {
              "Channel": "Camera",
              "Response": "ECR_Ignore"
            }
          ]
        }
      },
      "RelativeLocation": {
        "X": 50.588413,
        "Y": -8.479044,
        "Z": 29.43208
      },
      "RelativeScale3D": {
        "X": 3.7537336,
        "Y": 3.2537336,
        "Z": 3.7537336
      },
      "DetailMode": "DM_High"
    }
  },
  {
    "Type": "StaticMeshComponent",
    "Name": "StaticMeshComponent0",
    "Outer": "Default__BrickSimple_Chimney_B_Fireplace_C",
    "Class": "UScriptClass'StaticMeshComponent'",
    "Template": {
      "ObjectName": "StaticMeshComponent'Default__Parent_BuildingPropWall_C:StaticMeshComponent0'",
      "ObjectPath": "FortniteGame/Content/Building/ActorBlueprints/Wall/Parent_BuildingPropWall.5"
    },
    "Properties": {
      "StaticMesh": {
        "ObjectName": "StaticMesh'SM_FORT_Brick_Simple_Chimney03_Fireplace'",
        "ObjectPath": "FortniteGame/Content/Environments/Apollo/Sets/WeepingWoods/Mesh/SM_FORT_Brick_Simple_Chimney03_Fireplace.1"
      },
      "CanCharacterStepUpOn": "ECB_Yes",
      "BodyInstance": {
        "bAutoWeld": false
      }
    }
  }
]