[
  {
    "Type": "BlueprintGeneratedClass",
    "Name": "BrickSimple_Chimney_B_C",
    "Class": "UScriptClass'BlueprintGeneratedClass'",
    "Super": {
      "ObjectName": "BlueprintGeneratedClass'Parent_BuildingPropWall_C'",
      "ObjectPath": "FortniteGame/Content/Building/ActorBlueprints/Wall/Parent_BuildingPropWall.0"
    },
    "Properties": {
      "SimpleConstructionScript": {
        "ObjectName": "SimpleConstructionScript'BrickSimple_Chimney_B_C:SimpleConstructionScript_184'",
        "ObjectPath": "FortniteGame/Content/Athena/Apollo/Environments/BuildingActors/WeepingWoods/BrickSimple_Chimney_B.4"
      }
    },
    "SuperStruct": {
      "ObjectName": "BlueprintGeneratedClass'Parent_BuildingPropWall_C'",
      "ObjectPath": "FortniteGame/Content/Building/ActorBlueprints/Wall/Parent_BuildingPropWall.0"
    }
  },
  {
    "Type": "BrickSimple_Chimney_B_C",
    "Name": "Default__BrickSimple_Chimney_B_C",
    "Class": "BlueprintGeneratedClass'FortniteGame/Content/Athena/Apollo/Environments/BuildingActors/WeepingWoods/BrickSimple_Chimney_B.BrickSimple_Chimney_B_C'",
    "Template": {
      "ObjectName": "Parent_BuildingPropWall_C'Default__Parent_BuildingPropWall_C'",
      "ObjectPath": "FortniteGame/Content/Building/ActorBlueprints/Wall/Parent_BuildingPropWall.1"
    },
    "Properties": {
      "StaticMesh": {
        "ObjectName": "StaticMesh'SM_FORT_Brick_Simple_Chimney03'",
        "ObjectPath": "FortniteGame/Content/Environments/Apollo/Sets/WeepingWoods/Mesh/SM_FORT_Brick_Simple_Chimney03.1"
      },
      "ResourceType": "EFortResourceType::Stone",
      "StaticMeshComponent": {
        "ObjectName": "StaticMeshComponent'Default__BrickSimple_Chimney_B_C:StaticMeshComponent0'",
        "ObjectPath": "FortniteGame/Content/Athena/Apollo/Environments/BuildingActors/WeepingWoods/BrickSimple_Chimney_B.5"
      },
      "BuildingResourceAmountOverride": {
        "RowName": "LDBuildingNormal"
      },
      "DeathParticles": {
        "ObjectName": "ParticleSystem'P_General_Deco_Destruction_Large_Stone'",
        "ObjectPath": "FortniteGame/Content/Effects/Fort_Effects/World/Destruction/Base_Effects/P_General_Deco_Destruction_Large_Stone.149"
      },
      "DeathParticleSocketName": "DeathParticle",
      "BuildingAttachmentSlot": "SLOT_Floor",
      "BuildingAttachmentType": "ATTACH_Floor",
      "CurrentBuildingLevel": 1,
      "AttributeInitKeys": {
        "AttributeInitCategory": "BuildingStone",
        "AttributeInitSubCategory": "2"
      },
      "AttributeInitKeys": {
        "AttributeInitCategory": "BuildingStone",
        "AttributeInitSubCategory": "2"
      },
      "bDestroyOnPlayerBuildingPlacement": true,
      "RootComponent": {
        "ObjectName": "StaticMeshComponent'Default__BrickSimple_Chimney_B_C:StaticMeshComponent0'",
        "ObjectPath": "FortniteGame/Content/Athena/Apollo/Environments/BuildingActors/WeepingWoods/BrickSimple_Chimney_B.5"
      }
    }
  },
  {
    "Type": "SceneComponent",
    "Name": "SceneComponent_555",
    "Outer": "BrickSimple_Chimney_B_C",
    "Class": "UScriptClass'SceneComponent'"
  },
  {
    "Type": "SCS_Node",
    "Name": "SCS_Node_559",
    "Outer": "SimpleConstructionScript_184",
    "Class": "UScriptClass'SCS_Node'",
    "Properties": {
      "ComponentClass": {
        "ObjectName": "Class'SceneComponent'",
        "ObjectPath": "/Script/Engine"
      },
      "ComponentTemplate": {
        "ObjectName": "SceneComponent'BrickSimple_Chimney_B_C:SceneComponent_555'",
        "ObjectPath": "FortniteGame/Content/Athena/Apollo/Environments/BuildingActors/WeepingWoods/BrickSimple_Chimney_B.2"
      },
      "VariableGuid": "56BC9799-C494E6E6-321D4295-7D5EB316",
      "InternalVariableName": "DefaultSceneRoot"
    }
  },
  {
    "Type": "SimpleConstructionScript",
    "Name": "SimpleConstructionScript_184",
    "Outer": "BrickSimple_Chimney_B_C",
    "Class": "UScriptClass'SimpleConstructionScript'",
    "Properties": {
      "DefaultSceneRootNode": {
        "ObjectName": "SCS_Node'BrickSimple_Chimney_B_C:SimpleConstructionScript_184.SCS_Node_559'",
        "ObjectPath": "FortniteGame/Content/Athena/Apollo/Environments/BuildingActors/WeepingWoods/BrickSimple_Chimney_B.3"
      }
    }
  },
  {
    "Type": "StaticMeshComponent",
    "Name": "StaticMeshComponent0",
    "Outer": "Default__BrickSimple_Chimney_B_C",
    "Class": "UScriptClass'StaticMeshComponent'",
    "Template": {
      "ObjectName": "StaticMeshComponent'Default__Parent_BuildingPropWall_C:StaticMeshComponent0'",
      "ObjectPath": "FortniteGame/Content/Building/ActorBlueprints/Wall/Parent_BuildingPropWall.5"
    },
    "Properties": {
      "StaticMesh": {
        "ObjectName": "StaticMesh'SM_FORT_Brick_Simple_Chimney03'",
        "ObjectPath": "FortniteGame/Content/Environments/Apollo/Sets/WeepingWoods/Mesh/SM_FORT_Brick_Simple_Chimney03.1"
      },
      "CanCharacterStepUpOn": "ECB_Yes",
      "BodyInstance": {
        "bAutoWeld": false
      }
    }
  }
]